2026-06-29 20:47:27 [WARNING] MÓDULO CAMARAS: Gravação iniciada por movimento na Câmara_01.
2026-06-29 20:48:55 [CRITICAL] MÓDULO CAMARAS: Perda de sinal de vídeo na Câmara_04.
2026-06-29 20:50:01 [WARNING] MÓDULO SENSORES: Temperatura da Sala de Servidores acima do normal.
2026-06-29 20:51:26 [INFO] MÓDULO CAMARAS: Perda de sinal de vídeo na Câmara_04.
2026-06-29 20:52:06 [CRITICAL] MÓDULO CAMARAS: Perda de sinal de vídeo na Câmara_04.
2026-06-29 20:52:37 [INFO] MÓDULO BASE_DADOS: Cópia de segurança (Backup) concluída pelo utilizador 'nuno_gomes'.
2026-06-29 20:53:57 [WARNING] MÓDULO SENSORES: Porta Principal aberta.
2026-06-29 20:55:19 [INFO] MÓDULO AUTENTICACAO: Falha na palavra-passe pelo utilizador 'admin'.
2026-06-29 20:56:12 [INFO] MÓDULO AUTENTICACAO: Tentativa de brute-force bloqueada pelo utilizador 'nuno_gomes'.
2026-06-29 20:56:57 [WARNING] MÓDULO CAMARAS: Falha de armazenamento no DVR_02.
2026-06-29 20:57:57 [ERROR] MÓDULO SENSORES: Movimento detetado no Corredor B.
2026-06-29 20:59:09 [CRITICAL] MÓDULO SENSORES: Movimento detetado no Corredor B.
2026-06-29 21:00:17 [CRITICAL] MÓDULO SENSORES: Porta Principal aberta.
2026-06-29 21:01:08 [INFO] MÓDULO SENSORES: Sensor de fumos ativo.
2026-06-29 21:02:09 [ERROR] MÓDULO SENSORES: Movimento detetado no Corredor B.
2026-06-29 21:03:19 [INFO] MÓDULO BASE_DADOS: Query executada com sucesso pelo utilizador 'ana_silva'.
2026-06-29 21:04:02 [INFO] MÓDULO BASE_DADOS: Timeout na ligação pelo utilizador 'convidado_01'.
2026-06-29 21:04:37 [CRITICAL] MÓDULO AUTENTICACAO: Login efetuado com sucesso pelo utilizador 'convidado_01'.
2026-06-29 21:06:05 [INFO] MÓDULO BASE_DADOS: Erro de integridade referencial pelo utilizador 'mauri'.
2026-06-29 21:06:35 [ERROR] MÓDULO AUTENTICACAO: Sessão expirada pelo utilizador 'admin'.
2026-06-29 21:07:47 [INFO] MÓDULO CAMARAS: Gravação iniciada por movimento na Câmara_01.
2026-06-29 21:08:30 [CRITICAL] MÓDULO CAMARAS: Perda de sinal de vídeo na Câmara_04.
2026-06-29 21:09:23 [INFO] MÓDULO AUTENTICACAO: Sessão expirada pelo utilizador 'gestor_seguranca'.
2026-06-29 21:09:53 [CRITICAL] MÓDULO SENSORES: Movimento detetado no Corredor B.
2026-06-29 21:11:01 [CRITICAL] MÓDULO AUTENTICACAO: Falha na palavra-passe pelo utilizador 'mauri'.
2026-06-29 21:12:25 [INFO] MÓDULO CAMARAS: Gravação iniciada por movimento na Câmara_01.
2026-06-29 21:13:40 [ERROR] MÓDULO CAMARAS: Perda de sinal de vídeo na Câmara_04.
2026-06-29 21:15:02 [ERROR] MÓDULO BASE_DADOS: Query executada com sucesso pelo utilizador 'api_gateway'.
2026-06-29 21:16:10 [INFO] MÓDULO SENSORES: Movimento detetado no Corredor B.
2026-06-29 21:17:22 [INFO] MÓDULO BASE_DADOS: Erro de integridade referencial pelo utilizador 'nuno_gomes'.
2026-06-29 21:18:22 [INFO] MÓDULO BASE_DADOS: Cópia de segurança (Backup) concluída pelo utilizador 'convidado_01'.
2026-06-29 21:19:01 [ERROR] MÓDULO CAMARAS: Falha de armazenamento no DVR_02.
2026-06-29 21:20:04 [INFO] MÓDULO CAMARAS: Falha de armazenamento no DVR_02.
2026-06-29 21:21:09 [CRITICAL] MÓDULO CAMARAS: Gravação iniciada por movimento na Câmara_01.
2026-06-29 21:21:43 [INFO] MÓDULO AUTENTICACAO: Tentativa de brute-force bloqueada pelo utilizador 'ana_silva'.
2026-06-29 21:22:29 [INFO] MÓDULO AUTENTICACAO: Falha na palavra-passe pelo utilizador 'gestor_seguranca'.
2026-06-29 21:23:48 [WARNING] MÓDULO AUTENTICACAO: Tentativa de brute-force bloqueada pelo utilizador 'gestor_seguranca'.
2026-06-29 21:24:24 [INFO] MÓDULO BASE_DADOS: Cópia de segurança (Backup) concluída pelo utilizador 'nuno_gomes'.
2026-06-29 21:25:20 [ERROR] MÓDULO CAMARAS: Gravação iniciada por movimento na Câmara_01.
2026-06-29 21:25:52 [INFO] MÓDULO BASE_DADOS: Erro de integridade referencial pelo utilizador 'mauri'.
2026-06-29 21:27:18 [INFO] MÓDULO SENSORES: Sensor de fumos ativo.
2026-06-29 21:27:54 [WARNING] MÓDULO AUTENTICACAO: Falha na palavra-passe pelo utilizador 'admin'.
2026-06-29 21:28:28 [INFO] MÓDULO BASE_DADOS: Query executada com sucesso pelo utilizador 'ana_silva'.
2026-06-29 21:29:47 [INFO] MÓDULO AUTENTICACAO: Tentativa de brute-force bloqueada pelo utilizador 'api_gateway'.
2026-06-29 21:30:56 [CRITICAL] MÓDULO BASE_DADOS: Erro de integridade referencial pelo utilizador 'api_gateway'.
2026-06-29 21:31:39 [ERROR] MÓDULO CAMARAS: Falha de armazenamento no DVR_02.
2026-06-29 21:32:58 [CRITICAL] MÓDULO SENSORES: Movimento detetado no Corredor B.
2026-06-29 21:33:31 [CRITICAL] MÓDULO BASE_DADOS: Erro de integridade referencial pelo utilizador 'ana_silva'.
2026-06-29 21:34:06 [CRITICAL] MÓDULO BASE_DADOS: Query executada com sucesso pelo utilizador 'gestor_seguranca'.
2026-06-29 21:35:11 [WARNING] MÓDULO CAMARAS: Perda de sinal de vídeo na Câmara_04.
2026-06-29 21:36:23 [CRITICAL] MÓDULO BASE_DADOS: Erro de integridade referencial pelo utilizador 'ana_silva'.
2026-06-29 21:37:10 [INFO] MÓDULO SENSORES: Sensor de fumos ativo.
2026-06-29 21:38:39 [INFO] MÓDULO SENSORES: Porta Principal aberta.
2026-06-29 21:39:53 [INFO] MÓDULO AUTENTICACAO: Tentativa de brute-force bloqueada pelo utilizador 'gestor_seguranca'.
2026-06-29 21:40:54 [INFO] MÓDULO CAMARAS: Gravação iniciada por movimento na Câmara_01.
2026-06-29 21:42:01 [CRITICAL] MÓDULO AUTENTICACAO: Login efetuado com sucesso pelo utilizador 'api_gateway'.
2026-06-29 21:43:13 [ERROR] MÓDULO AUTENTICACAO: Sessão expirada pelo utilizador 'convidado_01'.
2026-06-29 21:44:40 [INFO] MÓDULO CAMARAS: Perda de sinal de vídeo na Câmara_04.
2026-06-29 21:45:34 [INFO] MÓDULO BASE_DADOS: Erro de integridade referencial pelo utilizador 'ana_silva'.
2026-06-29 21:46:19 [CRITICAL] MÓDULO SENSORES: Temperatura da Sala de Servidores acima do normal.
2026-06-29 21:47:09 [ERROR] MÓDULO CAMARAS: Gravação iniciada por movimento na Câmara_01.
2026-06-29 21:48:26 [INFO] MÓDULO SENSORES: Porta Principal aberta.
2026-06-29 21:49:09 [INFO] MÓDULO AUTENTICACAO: Tentativa de brute-force bloqueada pelo utilizador 'mauri'.
2026-06-29 21:49:52 [INFO] MÓDULO AUTENTICACAO: Tentativa de brute-force bloqueada pelo utilizador 'api_gateway'.
2026-06-29 21:51:08 [INFO] MÓDULO CAMARAS: Perda de sinal de vídeo na Câmara_04.
2026-06-29 21:51:44 [ERROR] MÓDULO CAMARAS: Gravação iniciada por movimento na Câmara_01.
2026-06-29 21:52:42 [INFO] MÓDULO SENSORES: Porta Principal aberta.
2026-06-29 21:53:31 [WARNING] MÓDULO BASE_DADOS: Cópia de segurança (Backup) concluída pelo utilizador 'mauri'.
2026-06-29 21:54:08 [WARNING] MÓDULO SENSORES: Porta Principal aberta.
2026-06-29 21:55:06 [CRITICAL] MÓDULO SENSORES: Sensor de fumos ativo.
2026-06-29 21:56:31 [INFO] MÓDULO AUTENTICACAO: Sessão expirada pelo utilizador 'mauri'.
2026-06-29 21:57:57 [WARNING] MÓDULO SENSORES: Movimento detetado no Corredor B.
2026-06-29 21:59:20 [WARNING] MÓDULO SENSORES: Sensor de fumos ativo.
2026-06-29 22:00:05 [INFO] MÓDULO SENSORES: Temperatura da Sala de Servidores acima do normal.
2026-06-29 22:01:14 [INFO] MÓDULO CAMARAS: Perda de sinal de vídeo na Câmara_04.
2026-06-29 22:01:52 [CRITICAL] MÓDULO AUTENTICACAO: Sessão expirada pelo utilizador 'mauri'.
2026-06-29 22:02:30 [WARNING] MÓDULO AUTENTICACAO: Tentativa de brute-force bloqueada pelo utilizador 'api_gateway'.
2026-06-29 22:03:47 [INFO] MÓDULO SENSORES: Porta Principal aberta.
2026-06-29 22:04:37 [ERROR] MÓDULO CAMARAS: Gravação iniciada por movimento na Câmara_01.
2026-06-29 22:05:31 [INFO] MÓDULO CAMARAS: Perda de sinal de vídeo na Câmara_04.
2026-06-29 22:06:52 [ERROR] MÓDULO BASE_DADOS: Cópia de segurança (Backup) concluída pelo utilizador 'nuno_gomes'.
2026-06-29 22:07:56 [CRITICAL] MÓDULO CAMARAS: Perda de sinal de vídeo na Câmara_04.
2026-06-29 22:09:19 [WARNING] MÓDULO BASE_DADOS: Erro de integridade referencial pelo utilizador 'nuno_gomes'.
2026-06-29 22:10:19 [ERROR] MÓDULO SENSORES: Sensor de fumos ativo.
2026-06-29 22:10:59 [INFO] MÓDULO CAMARAS: Gravação iniciada por movimento na Câmara_01.
2026-06-29 22:12:21 [INFO] MÓDULO AUTENTICACAO: Falha na palavra-passe pelo utilizador 'mauri'.
2026-06-29 22:12:52 [WARNING] MÓDULO AUTENTICACAO: Falha na palavra-passe pelo utilizador 'gestor_seguranca'.
2026-06-29 22:13:39 [INFO] MÓDULO BASE_DADOS: Query executada com sucesso pelo utilizador 'admin'.
2026-06-29 22:15:09 [CRITICAL] MÓDULO SENSORES: Sensor de fumos ativo.
2026-06-29 22:16:39 [INFO] MÓDULO SENSORES: Porta Principal aberta.
2026-06-29 22:17:49 [CRITICAL] MÓDULO CAMARAS: Gravação iniciada por movimento na Câmara_01.
2026-06-29 22:18:21 [INFO] MÓDULO AUTENTICACAO: Sessão expirada pelo utilizador 'mauri'.
2026-06-29 22:19:23 [ERROR] MÓDULO BASE_DADOS: Erro de integridade referencial pelo utilizador 'api_gateway'.
2026-06-29 22:19:55 [CRITICAL] MÓDULO CAMARAS: Falha de armazenamento no DVR_02.
2026-06-29 22:20:33 [ERROR] MÓDULO BASE_DADOS: Erro de integridade referencial pelo utilizador 'convidado_01'.
2026-06-29 22:21:13 [ERROR] MÓDULO BASE_DADOS: Timeout na ligação pelo utilizador 'mauri'.
2026-06-29 22:21:53 [INFO] MÓDULO SENSORES: Porta Principal aberta.
2026-06-29 22:23:05 [WARNING] MÓDULO CAMARAS: Perda de sinal de vídeo na Câmara_04.
2026-06-29 22:24:26 [CRITICAL] MÓDULO CAMARAS: Perda de sinal de vídeo na Câmara_04.
2026-06-29 22:25:33 [INFO] MÓDULO BASE_DADOS: Cópia de segurança (Backup) concluída pelo utilizador 'mauri'.
2026-06-29 22:26:05 [INFO] MÓDULO BASE_DADOS: Erro de integridade referencial pelo utilizador 'admin'.
2026-06-29 22:27:08 [WARNING] MÓDULO AUTENTICACAO: Tentativa de brute-force bloqueada pelo utilizador 'mauri'.
2026-06-29 22:27:53 [INFO] MÓDULO SENSORES: Porta Principal aberta.
2026-06-29 22:28:26 [WARNING] MÓDULO CAMARAS: Perda de sinal de vídeo na Câmara_04.
2026-06-29 22:29:20 [WARNING] MÓDULO AUTENTICACAO: Falha na palavra-passe pelo utilizador 'api_gateway'.
2026-06-29 22:30:47 [INFO] MÓDULO CAMARAS: Perda de sinal de vídeo na Câmara_04.
2026-06-29 22:32:02 [ERROR] MÓDULO AUTENTICACAO: Login efetuado com sucesso pelo utilizador 'mauri'.
2026-06-29 22:33:25 [WARNING] MÓDULO CAMARAS: Perda de sinal de vídeo na Câmara_04.
2026-06-29 22:34:54 [INFO] MÓDULO SENSORES: Movimento detetado no Corredor B.
2026-06-29 22:36:06 [ERROR] MÓDULO AUTENTICACAO: Sessão expirada pelo utilizador 'mauri'.
2026-06-29 22:36:38 [CRITICAL] MÓDULO SENSORES: Movimento detetado no Corredor B.
2026-06-29 22:37:17 [INFO] MÓDULO BASE_DADOS: Cópia de segurança (Backup) concluída pelo utilizador 'ana_silva'.
2026-06-29 22:38:38 [CRITICAL] MÓDULO AUTENTICACAO: Sessão expirada pelo utilizador 'mauri'.
2026-06-29 22:39:27 [INFO] MÓDULO SENSORES: Temperatura da Sala de Servidores acima do normal.
2026-06-29 22:39:59 [CRITICAL] MÓDULO BASE_DADOS: Query executada com sucesso pelo utilizador 'admin'.
2026-06-29 22:40:59 [ERROR] MÓDULO CAMARAS: Perda de sinal de vídeo na Câmara_04.
2026-06-29 22:42:01 [WARNING] MÓDULO CAMARAS: Gravação iniciada por movimento na Câmara_01.
2026-06-29 22:42:59 [CRITICAL] MÓDULO BASE_DADOS: Query executada com sucesso pelo utilizador 'convidado_01'.
2026-06-29 22:43:36 [CRITICAL] MÓDULO SENSORES: Sensor de fumos ativo.
2026-06-29 22:44:21 [INFO] MÓDULO AUTENTICACAO: Tentativa de brute-force bloqueada pelo utilizador 'api_gateway'.
2026-06-29 22:45:20 [ERROR] MÓDULO SENSORES: Movimento detetado no Corredor B.
2026-06-29 22:45:50 [INFO] MÓDULO BASE_DADOS: Query executada com sucesso pelo utilizador 'admin'.
2026-06-29 22:46:22 [INFO] MÓDULO BASE_DADOS: Erro de integridade referencial pelo utilizador 'gestor_seguranca'.
2026-06-29 22:47:11 [ERROR] MÓDULO CAMARAS: Perda de sinal de vídeo na Câmara_04.
2026-06-29 22:48:00 [CRITICAL] MÓDULO AUTENTICACAO: Falha na palavra-passe pelo utilizador 'api_gateway'.
2026-06-29 22:49:04 [CRITICAL] MÓDULO AUTENTICACAO: Falha na palavra-passe pelo utilizador 'convidado_01'.
2026-06-29 22:50:18 [INFO] MÓDULO CAMARAS: Gravação iniciada por movimento na Câmara_01.
2026-06-29 22:51:09 [INFO] MÓDULO AUTENTICACAO: Tentativa de brute-force bloqueada pelo utilizador 'mauri'.
2026-06-29 22:52:33 [ERROR] MÓDULO CAMARAS: Gravação iniciada por movimento na Câmara_01.
2026-06-29 22:54:03 [INFO] MÓDULO CAMARAS: Falha de armazenamento no DVR_02.
2026-06-29 22:54:38 [WARNING] MÓDULO BASE_DADOS: Query executada com sucesso pelo utilizador 'mauri'.
2026-06-29 22:55:35 [WARNING] MÓDULO BASE_DADOS: Query executada com sucesso pelo utilizador 'gestor_seguranca'.
2026-06-29 22:56:34 [INFO] MÓDULO BASE_DADOS: Erro de integridade referencial pelo utilizador 'mauri'.
2026-06-29 22:57:11 [WARNING] MÓDULO CAMARAS: Gravação iniciada por movimento na Câmara_01.
2026-06-29 22:57:52 [INFO] MÓDULO SENSORES: Sensor de fumos ativo.
2026-06-29 22:58:37 [INFO] MÓDULO BASE_DADOS: Erro de integridade referencial pelo utilizador 'ana_silva'.
2026-06-29 22:59:38 [CRITICAL] MÓDULO BASE_DADOS: Erro de integridade referencial pelo utilizador 'convidado_01'.
2026-06-29 23:00:55 [ERROR] MÓDULO AUTENTICACAO: Login efetuado com sucesso pelo utilizador 'api_gateway'.
2026-06-29 23:01:32 [CRITICAL] MÓDULO SENSORES: Sensor de fumos ativo.
2026-06-29 23:02:25 [INFO] MÓDULO SENSORES: Sensor de fumos ativo.
2026-06-29 23:03:34 [INFO] MÓDULO AUTENTICACAO: Tentativa de brute-force bloqueada pelo utilizador 'mauri'.
2026-06-29 23:04:20 [WARNING] MÓDULO BASE_DADOS: Query executada com sucesso pelo utilizador 'api_gateway'.
2026-06-29 23:05:43 [INFO] MÓDULO BASE_DADOS: Erro de integridade referencial pelo utilizador 'mauri'.
2026-06-29 23:06:32 [INFO] MÓDULO AUTENTICACAO: Login efetuado com sucesso pelo utilizador 'admin'.
2026-06-29 23:07:59 [INFO] MÓDULO CAMARAS: Falha de armazenamento no DVR_02.
2026-06-29 23:08:32 [INFO] MÓDULO CAMARAS: Perda de sinal de vídeo na Câmara_04.
2026-06-29 23:09:25 [INFO] MÓDULO BASE_DADOS: Timeout na ligação pelo utilizador 'admin'.
2026-06-29 23:10:08 [INFO] MÓDULO CAMARAS: Perda de sinal de vídeo na Câmara_04.
2026-06-29 23:11:23 [CRITICAL] MÓDULO AUTENTICACAO: Login efetuado com sucesso pelo utilizador 'gestor_seguranca'.
2026-06-29 23:12:32 [CRITICAL] MÓDULO BASE_DADOS: Timeout na ligação pelo utilizador 'api_gateway'.
2026-06-29 23:13:09 [CRITICAL] MÓDULO AUTENTICACAO: Login efetuado com sucesso pelo utilizador 'admin'.
2026-06-29 23:14:13 [INFO] MÓDULO SENSORES: Sensor de fumos ativo.
2026-06-29 23:14:43 [CRITICAL] MÓDULO CAMARAS: Falha de armazenamento no DVR_02.
2026-06-29 23:15:26 [CRITICAL] MÓDULO AUTENTICACAO: Tentativa de brute-force bloqueada pelo utilizador 'mauri'.
2026-06-29 23:16:30 [CRITICAL] MÓDULO AUTENTICACAO: Sessão expirada pelo utilizador 'gestor_seguranca'.
2026-06-29 23:17:28 [ERROR] MÓDULO AUTENTICACAO: Tentativa de brute-force bloqueada pelo utilizador 'mauri'.
2026-06-29 23:18:35 [ERROR] MÓDULO AUTENTICACAO: Login efetuado com sucesso pelo utilizador 'nuno_gomes'.
2026-06-29 23:19:47 [WARNING] MÓDULO BASE_DADOS: Erro de integridade referencial pelo utilizador 'gestor_seguranca'.
2026-06-29 23:20:37 [WARNING] MÓDULO SENSORES: Porta Principal aberta.
2026-06-29 23:21:26 [CRITICAL] MÓDULO SENSORES: Temperatura da Sala de Servidores acima do normal.
2026-06-29 23:22:19 [CRITICAL] MÓDULO CAMARAS: Perda de sinal de vídeo na Câmara_04.
2026-06-29 23:23:16 [CRITICAL] MÓDULO SENSORES: Porta Principal aberta.
2026-06-29 23:24:45 [WARNING] MÓDULO SENSORES: Temperatura da Sala de Servidores acima do normal.
2026-06-29 23:25:54 [INFO] MÓDULO CAMARAS: Gravação iniciada por movimento na Câmara_01.
2026-06-29 23:26:40 [CRITICAL] MÓDULO AUTENTICACAO: Login efetuado com sucesso pelo utilizador 'mauri'.
2026-06-29 23:27:15 [INFO] MÓDULO BASE_DADOS: Query executada com sucesso pelo utilizador 'convidado_01'.
2026-06-29 23:28:27 [WARNING] MÓDULO BASE_DADOS: Erro de integridade referencial pelo utilizador 'convidado_01'.
2026-06-29 23:29:54 [WARNING] MÓDULO BASE_DADOS: Timeout na ligação pelo utilizador 'convidado_01'.
2026-06-29 23:31:11 [ERROR] MÓDULO CAMARAS: Falha de armazenamento no DVR_02.
2026-06-29 23:31:55 [CRITICAL] MÓDULO SENSORES: Porta Principal aberta.
2026-06-29 23:32:27 [ERROR] MÓDULO CAMARAS: Falha de armazenamento no DVR_02.
2026-06-29 23:33:42 [WARNING] MÓDULO CAMARAS: Gravação iniciada por movimento na Câmara_01.
2026-06-29 23:34:18 [ERROR] MÓDULO BASE_DADOS: Query executada com sucesso pelo utilizador 'gestor_seguranca'.
2026-06-29 23:35:27 [ERROR] MÓDULO CAMARAS: Perda de sinal de vídeo na Câmara_04.
2026-06-29 23:36:32 [CRITICAL] MÓDULO BASE_DADOS: Cópia de segurança (Backup) concluída pelo utilizador 'convidado_01'.
2026-06-29 23:37:49 [CRITICAL] MÓDULO CAMARAS: Gravação iniciada por movimento na Câmara_01.
2026-06-29 23:38:25 [ERROR] MÓDULO SENSORES: Sensor de fumos ativo.
2026-06-29 23:39:25 [CRITICAL] MÓDULO SENSORES: Porta Principal aberta.
2026-06-29 23:40:41 [INFO] MÓDULO BASE_DADOS: Timeout na ligação pelo utilizador 'convidado_01'.
2026-06-29 23:42:03 [INFO] MÓDULO AUTENTICACAO: Tentativa de brute-force bloqueada pelo utilizador 'mauri'.
2026-06-29 23:43:16 [ERROR] MÓDULO BASE_DADOS: Query executada com sucesso pelo utilizador 'ana_silva'.
2026-06-29 23:43:52 [WARNING] MÓDULO AUTENTICACAO: Sessão expirada pelo utilizador 'gestor_seguranca'.
2026-06-29 23:44:26 [WARNING] MÓDULO BASE_DADOS: Erro de integridade referencial pelo utilizador 'nuno_gomes'.
2026-06-29 23:45:20 [CRITICAL] MÓDULO CAMARAS: Gravação iniciada por movimento na Câmara_01.
2026-06-29 23:45:58 [ERROR] MÓDULO BASE_DADOS: Erro de integridade referencial pelo utilizador 'mauri'.
2026-06-29 23:46:49 [ERROR] MÓDULO AUTENTICACAO: Login efetuado com sucesso pelo utilizador 'nuno_gomes'.
2026-06-29 23:48:15 [CRITICAL] MÓDULO BASE_DADOS: Erro de integridade referencial pelo utilizador 'ana_silva'.
2026-06-29 23:49:00 [ERROR] MÓDULO AUTENTICACAO: Tentativa de brute-force bloqueada pelo utilizador 'api_gateway'.
2026-06-29 23:49:30 [WARNING] MÓDULO AUTENTICACAO: Tentativa de brute-force bloqueada pelo utilizador 'api_gateway'.
2026-06-29 23:50:04 [INFO] MÓDULO SENSORES: Movimento detetado no Corredor B.
2026-06-29 23:51:22 [WARNING] MÓDULO CAMARAS: Gravação iniciada por movimento na Câmara_01.
2026-06-29 23:52:16 [CRITICAL] MÓDULO BASE_DADOS: Erro de integridade referencial pelo utilizador 'nuno_gomes'.
2026-06-29 23:53:37 [INFO] MÓDULO SENSORES: Sensor de fumos ativo.
2026-06-29 23:54:34 [INFO] MÓDULO CAMARAS: Perda de sinal de vídeo na Câmara_04.
2026-06-29 23:55:41 [INFO] MÓDULO SENSORES: Porta Principal aberta.
2026-06-29 23:56:59 [CRITICAL] MÓDULO BASE_DADOS: Cópia de segurança (Backup) concluída pelo utilizador 'ana_silva'.
2026-06-29 23:58:01 [INFO] MÓDULO CAMARAS: Perda de sinal de vídeo na Câmara_04.
2026-06-29 23:58:46 [INFO] MÓDULO CAMARAS: Perda de sinal de vídeo na Câmara_04.
2026-06-29 23:59:24 [ERROR] MÓDULO AUTENTICACAO: Falha na palavra-passe pelo utilizador 'ana_silva'.
2026-06-29 23:59:58 [INFO] MÓDULO AUTENTICACAO: Login efetuado com sucesso pelo utilizador 'gestor_seguranca'.
2026-06-30 00:01:04 [INFO] MÓDULO CAMARAS: Perda de sinal de vídeo na Câmara_04.
2026-06-30 00:01:42 [INFO] MÓDULO AUTENTICACAO: Falha na palavra-passe pelo utilizador 'gestor_seguranca'.
2026-06-30 00:02:41 [INFO] MÓDULO SENSORES: Sensor de fumos ativo.
2026-06-30 00:03:34 [ERROR] MÓDULO CAMARAS: Gravação iniciada por movimento na Câmara_01.
2026-06-30 00:04:33 [WARNING] MÓDULO AUTENTICACAO: Falha na palavra-passe pelo utilizador 'convidado_01'.
2026-06-30 00:05:52 [INFO] MÓDULO SENSORES: Sensor de fumos ativo.
2026-06-30 00:06:50 [CRITICAL] MÓDULO BASE_DADOS: Erro de integridade referencial pelo utilizador 'api_gateway'.
2026-06-30 00:07:45 [CRITICAL] MÓDULO AUTENTICACAO: Falha na palavra-passe pelo utilizador 'mauri'.
2026-06-30 00:09:03 [WARNING] MÓDULO BASE_DADOS: Timeout na ligação pelo utilizador 'convidado_01'.
2026-06-30 00:10:28 [INFO] MÓDULO SENSORES: Temperatura da Sala de Servidores acima do normal.
2026-06-30 00:11:01 [INFO] MÓDULO CAMARAS: Gravação iniciada por movimento na Câmara_01.
2026-06-30 00:12:08 [ERROR] MÓDULO AUTENTICACAO: Falha na palavra-passe pelo utilizador 'api_gateway'.
2026-06-30 00:13:38 [INFO] MÓDULO BASE_DADOS: Erro de integridade referencial pelo utilizador 'ana_silva'.
2026-06-30 00:14:31 [INFO] MÓDULO BASE_DADOS: Erro de integridade referencial pelo utilizador 'admin'.
2026-06-30 00:15:07 [INFO] MÓDULO CAMARAS: Falha de armazenamento no DVR_02.
2026-06-30 00:16:32 [INFO] MÓDULO CAMARAS: Gravação iniciada por movimento na Câmara_01.
2026-06-30 00:17:22 [WARNING] MÓDULO AUTENTICACAO: Falha na palavra-passe pelo utilizador 'convidado_01'.
2026-06-30 00:18:27 [ERROR] MÓDULO AUTENTICACAO: Sessão expirada pelo utilizador 'ana_silva'.
2026-06-30 00:19:46 [INFO] MÓDULO BASE_DADOS: Timeout na ligação pelo utilizador 'gestor_seguranca'.
2026-06-30 00:20:50 [CRITICAL] MÓDULO AUTENTICACAO: Tentativa de brute-force bloqueada pelo utilizador 'convidado_01'.
2026-06-30 00:21:26 [INFO] MÓDULO SENSORES: Temperatura da Sala de Servidores acima do normal.
2026-06-30 00:22:41 [WARNING] MÓDULO AUTENTICACAO: Login efetuado com sucesso pelo utilizador 'gestor_seguranca'.
2026-06-30 00:24:01 [WARNING] MÓDULO CAMARAS: Falha de armazenamento no DVR_02.
2026-06-30 00:25:03 [WARNING] MÓDULO BASE_DADOS: Cópia de segurança (Backup) concluída pelo utilizador 'admin'.
2026-06-30 00:26:32 [INFO] MÓDULO AUTENTICACAO: Login efetuado com sucesso pelo utilizador 'mauri'.
2026-06-30 00:27:24 [ERROR] MÓDULO BASE_DADOS: Cópia de segurança (Backup) concluída pelo utilizador 'mauri'.
2026-06-30 00:28:52 [CRITICAL] MÓDULO SENSORES: Sensor de fumos ativo.
2026-06-30 00:29:49 [ERROR] MÓDULO CAMARAS: Falha de armazenamento no DVR_02.
2026-06-30 00:31:13 [INFO] MÓDULO BASE_DADOS: Query executada com sucesso pelo utilizador 'nuno_gomes'.
2026-06-30 00:32:06 [CRITICAL] MÓDULO SENSORES: Porta Principal aberta.
2026-06-30 00:33:03 [INFO] MÓDULO BASE_DADOS: Query executada com sucesso pelo utilizador 'convidado_01'.
2026-06-30 00:34:04 [INFO] MÓDULO SENSORES: Movimento detetado no Corredor B.
2026-06-30 00:35:04 [INFO] MÓDULO SENSORES: Sensor de fumos ativo.
2026-06-30 00:36:27 [WARNING] MÓDULO CAMARAS: Perda de sinal de vídeo na Câmara_04.
2026-06-30 00:36:57 [INFO] MÓDULO BASE_DADOS: Cópia de segurança (Backup) concluída pelo utilizador 'gestor_seguranca'.
2026-06-30 00:38:11 [INFO] MÓDULO AUTENTICACAO: Falha na palavra-passe pelo utilizador 'api_gateway'.
2026-06-30 00:39:25 [ERROR] MÓDULO AUTENTICACAO: Sessão expirada pelo utilizador 'ana_silva'.
2026-06-30 00:40:33 [CRITICAL] MÓDULO AUTENTICACAO: Sessão expirada pelo utilizador 'nuno_gomes'.
2026-06-30 00:41:40 [INFO] MÓDULO AUTENTICACAO: Falha na palavra-passe pelo utilizador 'mauri'.
2026-06-30 00:42:37 [INFO] MÓDULO BASE_DADOS: Cópia de segurança (Backup) concluída pelo utilizador 'ana_silva'.
2026-06-30 00:43:22 [ERROR] MÓDULO AUTENTICACAO: Login efetuado com sucesso pelo utilizador 'admin'.
2026-06-30 00:44:23 [ERROR] MÓDULO CAMARAS: Falha de armazenamento no DVR_02.
2026-06-30 00:45:04 [WARNING] MÓDULO SENSORES: Movimento detetado no Corredor B.
2026-06-30 00:45:45 [INFO] MÓDULO BASE_DADOS: Query executada com sucesso pelo utilizador 'api_gateway'.
2026-06-30 00:46:51 [CRITICAL] MÓDULO BASE_DADOS: Query executada com sucesso pelo utilizador 'admin'.
2026-06-30 00:48:14 [ERROR] MÓDULO BASE_DADOS: Timeout na ligação pelo utilizador 'ana_silva'.
2026-06-30 00:48:53 [WARNING] MÓDULO CAMARAS: Gravação iniciada por movimento na Câmara_01.
2026-06-30 00:50:06 [INFO] MÓDULO AUTENTICACAO: Login efetuado com sucesso pelo utilizador 'nuno_gomes'.
2026-06-30 00:51:25 [INFO] MÓDULO AUTENTICACAO: Falha na palavra-passe pelo utilizador 'api_gateway'.
2026-06-30 00:52:55 [ERROR] MÓDULO BASE_DADOS: Erro de integridade referencial pelo utilizador 'nuno_gomes'.
2026-06-30 00:53:40 [WARNING] MÓDULO SENSORES: Temperatura da Sala de Servidores acima do normal.
2026-06-30 00:54:53 [INFO] MÓDULO SENSORES: Movimento detetado no Corredor B.
2026-06-30 00:55:58 [INFO] MÓDULO AUTENTICACAO: Login efetuado com sucesso pelo utilizador 'nuno_gomes'.
2026-06-30 00:56:53 [ERROR] MÓDULO SENSORES: Movimento detetado no Corredor B.
2026-06-30 00:57:31 [INFO] MÓDULO CAMARAS: Falha de armazenamento no DVR_02.
2026-06-30 00:58:22 [WARNING] MÓDULO SENSORES: Temperatura da Sala de Servidores acima do normal.
2026-06-30 00:59:10 [INFO] MÓDULO SENSORES: Sensor de fumos ativo.
2026-06-30 01:00:20 [INFO] MÓDULO SENSORES: Porta Principal aberta.
2026-06-30 01:01:47 [INFO] MÓDULO SENSORES: Movimento detetado no Corredor B.
2026-06-30 01:02:17 [INFO] MÓDULO CAMARAS: Gravação iniciada por movimento na Câmara_01.
2026-06-30 01:03:43 [INFO] MÓDULO BASE_DADOS: Query executada com sucesso pelo utilizador 'ana_silva'.
2026-06-30 01:04:41 [CRITICAL] MÓDULO AUTENTICACAO: Sessão expirada pelo utilizador 'gestor_seguranca'.
2026-06-30 01:05:34 [INFO] MÓDULO AUTENTICACAO: Falha na palavra-passe pelo utilizador 'convidado_01'.
2026-06-30 01:06:41 [WARNING] MÓDULO BASE_DADOS: Cópia de segurança (Backup) concluída pelo utilizador 'gestor_seguranca'.
2026-06-30 01:07:57 [INFO] MÓDULO SENSORES: Porta Principal aberta.
2026-06-30 01:09:27 [WARNING] MÓDULO BASE_DADOS: Cópia de segurança (Backup) concluída pelo utilizador 'mauri'.
2026-06-30 01:10:43 [INFO] MÓDULO AUTENTICACAO: Sessão expirada pelo utilizador 'admin'.
2026-06-30 01:11:46 [WARNING] MÓDULO BASE_DADOS: Timeout na ligação pelo utilizador 'convidado_01'.
2026-06-30 01:12:43 [INFO] MÓDULO CAMARAS: Gravação iniciada por movimento na Câmara_01.
2026-06-30 01:13:28 [ERROR] MÓDULO AUTENTICACAO: Login efetuado com sucesso pelo utilizador 'api_gateway'.
2026-06-30 01:14:56 [CRITICAL] MÓDULO CAMARAS: Perda de sinal de vídeo na Câmara_04.
2026-06-30 01:15:42 [ERROR] MÓDULO SENSORES: Sensor de fumos ativo.
2026-06-30 01:16:49 [INFO] MÓDULO SENSORES: Temperatura da Sala de Servidores acima do normal.
2026-06-30 01:17:37 [ERROR] MÓDULO AUTENTICACAO: Tentativa de brute-force bloqueada pelo utilizador 'convidado_01'.
2026-06-30 01:18:29 [ERROR] MÓDULO AUTENTICACAO: Tentativa de brute-force bloqueada pelo utilizador 'gestor_seguranca'.
2026-06-30 01:19:04 [INFO] MÓDULO SENSORES: Movimento detetado no Corredor B.
2026-06-30 01:20:32 [INFO] MÓDULO AUTENTICACAO: Falha na palavra-passe pelo utilizador 'admin'.
2026-06-30 01:21:53 [WARNING] MÓDULO AUTENTICACAO: Sessão expirada pelo utilizador 'admin'.
2026-06-30 01:22:26 [INFO] MÓDULO BASE_DADOS: Cópia de segurança (Backup) concluída pelo utilizador 'convidado_01'.
2026-06-30 01:23:11 [CRITICAL] MÓDULO BASE_DADOS: Query executada com sucesso pelo utilizador 'nuno_gomes'.
2026-06-30 01:23:53 [INFO] MÓDULO SENSORES: Movimento detetado no Corredor B.
2026-06-30 01:24:55 [INFO] MÓDULO BASE_DADOS: Cópia de segurança (Backup) concluída pelo utilizador 'mauri'.
2026-06-30 01:25:50 [CRITICAL] MÓDULO CAMARAS: Falha de armazenamento no DVR_02.
2026-06-30 01:27:17 [ERROR] MÓDULO SENSORES: Porta Principal aberta.
2026-06-30 01:28:14 [INFO] MÓDULO CAMARAS: Gravação iniciada por movimento na Câmara_01.
2026-06-30 01:29:03 [INFO] MÓDULO SENSORES: Porta Principal aberta.
2026-06-30 01:30:18 [ERROR] MÓDULO CAMARAS: Falha de armazenamento no DVR_02.
2026-06-30 01:30:56 [ERROR] MÓDULO AUTENTICACAO: Falha na palavra-passe pelo utilizador 'gestor_seguranca'.
2026-06-30 01:31:38 [CRITICAL] MÓDULO AUTENTICACAO: Falha na palavra-passe pelo utilizador 'ana_silva'.
2026-06-30 01:32:55 [INFO] MÓDULO CAMARAS: Perda de sinal de vídeo na Câmara_04.
2026-06-30 01:34:07 [WARNING] MÓDULO SENSORES: Movimento detetado no Corredor B.
2026-06-30 01:34:42 [INFO] MÓDULO CAMARAS: Gravação iniciada por movimento na Câmara_01.
2026-06-30 01:35:21 [INFO] MÓDULO SENSORES: Temperatura da Sala de Servidores acima do normal.
2026-06-30 01:36:19 [INFO] MÓDULO CAMARAS: Falha de armazenamento no DVR_02.
2026-06-30 01:37:29 [INFO] MÓDULO AUTENTICACAO: Login efetuado com sucesso pelo utilizador 'gestor_seguranca'.
2026-06-30 01:38:17 [INFO] MÓDULO AUTENTICACAO: Falha na palavra-passe pelo utilizador 'nuno_gomes'.
2026-06-30 01:39:27 [INFO] MÓDULO CAMARAS: Perda de sinal de vídeo na Câmara_04.
2026-06-30 01:40:24 [INFO] MÓDULO AUTENTICACAO: Tentativa de brute-force bloqueada pelo utilizador 'gestor_seguranca'.
2026-06-30 01:41:09 [CRITICAL] MÓDULO SENSORES: Porta Principal aberta.
2026-06-30 01:42:08 [WARNING] MÓDULO CAMARAS: Falha de armazenamento no DVR_02.
2026-06-30 01:42:44 [INFO] MÓDULO AUTENTICACAO: Tentativa de brute-force bloqueada pelo utilizador 'admin'.
2026-06-30 01:43:24 [ERROR] MÓDULO BASE_DADOS: Cópia de segurança (Backup) concluída pelo utilizador 'gestor_seguranca'.
2026-06-30 01:44:02 [INFO] MÓDULO AUTENTICACAO: Sessão expirada pelo utilizador 'api_gateway'.
2026-06-30 01:45:02 [INFO] MÓDULO CAMARAS: Perda de sinal de vídeo na Câmara_04.
2026-06-30 01:45:56 [ERROR] MÓDULO AUTENTICACAO: Falha na palavra-passe pelo utilizador 'ana_silva'.
2026-06-30 01:46:53 [INFO] MÓDULO CAMARAS: Falha de armazenamento no DVR_02.
2026-06-30 01:47:24 [WARNING] MÓDULO CAMARAS: Perda de sinal de vídeo na Câmara_04.
2026-06-30 01:48:05 [ERROR] MÓDULO BASE_DADOS: Cópia de segurança (Backup) concluída pelo utilizador 'ana_silva'.
2026-06-30 01:49:04 [CRITICAL] MÓDULO CAMARAS: Gravação iniciada por movimento na Câmara_01.
2026-06-30 01:50:15 [WARNING] MÓDULO CAMARAS: Gravação iniciada por movimento na Câmara_01.
2026-06-30 01:50:53 [ERROR] MÓDULO CAMARAS: Gravação iniciada por movimento na Câmara_01.
2026-06-30 01:51:58 [INFO] MÓDULO CAMARAS: Perda de sinal de vídeo na Câmara_04.
2026-06-30 01:53:14 [INFO] MÓDULO SENSORES: Porta Principal aberta.
2026-06-30 01:54:06 [ERROR] MÓDULO SENSORES: Porta Principal aberta.
2026-06-30 01:55:20 [CRITICAL] MÓDULO BASE_DADOS: Erro de integridade referencial pelo utilizador 'mauri'.
2026-06-30 01:56:43 [ERROR] MÓDULO CAMARAS: Gravação iniciada por movimento na Câmara_01.
2026-06-30 01:58:06 [ERROR] MÓDULO AUTENTICACAO: Login efetuado com sucesso pelo utilizador 'convidado_01'.
2026-06-30 01:59:08 [CRITICAL] MÓDULO SENSORES: Temperatura da Sala de Servidores acima do normal.
2026-06-30 01:59:58 [INFO] MÓDULO CAMARAS: Gravação iniciada por movimento na Câmara_01.
2026-06-30 02:01:05 [INFO] MÓDULO SENSORES: Porta Principal aberta.
2026-06-30 02:01:56 [WARNING] MÓDULO BASE_DADOS: Timeout na ligação pelo utilizador 'convidado_01'.
2026-06-30 02:02:42 [WARNING] MÓDULO SENSORES: Sensor de fumos ativo.
2026-06-30 02:03:36 [INFO] MÓDULO AUTENTICACAO: Login efetuado com sucesso pelo utilizador 'convidado_01'.
2026-06-30 02:04:41 [ERROR] MÓDULO AUTENTICACAO: Login efetuado com sucesso pelo utilizador 'mauri'.
2026-06-30 02:06:05 [ERROR] MÓDULO SENSORES: Movimento detetado no Corredor B.
2026-06-30 02:06:37 [ERROR] MÓDULO BASE_DADOS: Timeout na ligação pelo utilizador 'convidado_01'.
2026-06-30 02:08:03 [INFO] MÓDULO CAMARAS: Gravação iniciada por movimento na Câmara_01.
2026-06-30 02:08:50 [WARNING] MÓDULO SENSORES: Movimento detetado no Corredor B.
2026-06-30 02:10:12 [INFO] MÓDULO BASE_DADOS: Query executada com sucesso pelo utilizador 'gestor_seguranca'.
2026-06-30 02:11:11 [WARNING] MÓDULO BASE_DADOS: Cópia de segurança (Backup) concluída pelo utilizador 'admin'.
2026-06-30 02:12:01 [CRITICAL] MÓDULO BASE_DADOS: Cópia de segurança (Backup) concluída pelo utilizador 'mauri'.
2026-06-30 02:13:16 [CRITICAL] MÓDULO SENSORES: Temperatura da Sala de Servidores acima do normal.
2026-06-30 02:14:02 [CRITICAL] MÓDULO CAMARAS: Falha de armazenamento no DVR_02.
2026-06-30 02:15:26 [INFO] MÓDULO BASE_DADOS: Erro de integridade referencial pelo utilizador 'convidado_01'.
2026-06-30 02:16:01 [ERROR] MÓDULO BASE_DADOS: Cópia de segurança (Backup) concluída pelo utilizador 'ana_silva'.
2026-06-30 02:16:34 [INFO] MÓDULO CAMARAS: Falha de armazenamento no DVR_02.
2026-06-30 02:17:08 [WARNING] MÓDULO CAMARAS: Gravação iniciada por movimento na Câmara_01.
2026-06-30 02:18:20 [INFO] MÓDULO BASE_DADOS: Cópia de segurança (Backup) concluída pelo utilizador 'convidado_01'.
2026-06-30 02:19:23 [ERROR] MÓDULO CAMARAS: Falha de armazenamento no DVR_02.
2026-06-30 02:20:00 [CRITICAL] MÓDULO SENSORES: Movimento detetado no Corredor B.
2026-06-30 02:20:36 [INFO] MÓDULO SENSORES: Sensor de fumos ativo.
2026-06-30 02:21:35 [WARNING] MÓDULO CAMARAS: Gravação iniciada por movimento na Câmara_01.
2026-06-30 02:22:46 [INFO] MÓDULO SENSORES: Porta Principal aberta.
2026-06-30 02:23:20 [ERROR] MÓDULO SENSORES: Movimento detetado no Corredor B.
2026-06-30 02:24:34 [INFO] MÓDULO CAMARAS: Perda de sinal de vídeo na Câmara_04.
2026-06-30 02:25:50 [CRITICAL] MÓDULO SENSORES: Temperatura da Sala de Servidores acima do normal.
2026-06-30 02:26:55 [ERROR] MÓDULO CAMARAS: Falha de armazenamento no DVR_02.
2026-06-30 02:27:40 [INFO] MÓDULO SENSORES: Temperatura da Sala de Servidores acima do normal.
2026-06-30 02:28:23 [ERROR] MÓDULO BASE_DADOS: Cópia de segurança (Backup) concluída pelo utilizador 'mauri'.
2026-06-30 02:29:33 [CRITICAL] MÓDULO SENSORES: Movimento detetado no Corredor B.
2026-06-30 02:30:30 [ERROR] MÓDULO AUTENTICACAO: Falha na palavra-passe pelo utilizador 'api_gateway'.
2026-06-30 02:31:05 [CRITICAL] MÓDULO CAMARAS: Gravação iniciada por movimento na Câmara_01.
2026-06-30 02:32:27 [ERROR] MÓDULO AUTENTICACAO: Falha na palavra-passe pelo utilizador 'nuno_gomes'.
2026-06-30 02:33:03 [CRITICAL] MÓDULO BASE_DADOS: Erro de integridade referencial pelo utilizador 'convidado_01'.
2026-06-30 02:33:57 [INFO] MÓDULO AUTENTICACAO: Falha na palavra-passe pelo utilizador 'admin'.
2026-06-30 02:34:46 [INFO] MÓDULO CAMARAS: Gravação iniciada por movimento na Câmara_01.
2026-06-30 02:35:59 [CRITICAL] MÓDULO CAMARAS: Falha de armazenamento no DVR_02.
2026-06-30 02:37:16 [WARNING] MÓDULO CAMARAS: Gravação iniciada por movimento na Câmara_01.
2026-06-30 02:37:57 [ERROR] MÓDULO SENSORES: Porta Principal aberta.
2026-06-30 02:38:37 [INFO] MÓDULO BASE_DADOS: Cópia de segurança (Backup) concluída pelo utilizador 'nuno_gomes'.
2026-06-30 02:39:49 [INFO] MÓDULO CAMARAS: Falha de armazenamento no DVR_02.
2026-06-30 02:40:25 [CRITICAL] MÓDULO AUTENTICACAO: Tentativa de brute-force bloqueada pelo utilizador 'gestor_seguranca'.
2026-06-30 02:41:00 [CRITICAL] MÓDULO SENSORES: Movimento detetado no Corredor B.
2026-06-30 02:41:38 [INFO] MÓDULO BASE_DADOS: Query executada com sucesso pelo utilizador 'api_gateway'.
2026-06-30 02:42:55 [ERROR] MÓDULO SENSORES: Temperatura da Sala de Servidores acima do normal.
2026-06-30 02:44:08 [CRITICAL] MÓDULO AUTENTICACAO: Falha na palavra-passe pelo utilizador 'api_gateway'.
2026-06-30 02:44:59 [ERROR] MÓDULO SENSORES: Sensor de fumos ativo.
2026-06-30 02:45:59 [WARNING] MÓDULO SENSORES: Temperatura da Sala de Servidores acima do normal.
2026-06-30 02:47:09 [INFO] MÓDULO SENSORES: Sensor de fumos ativo.
2026-06-30 02:48:37 [ERROR] MÓDULO BASE_DADOS: Query executada com sucesso pelo utilizador 'nuno_gomes'.
2026-06-30 02:49:17 [CRITICAL] MÓDULO AUTENTICACAO: Sessão expirada pelo utilizador 'mauri'.
2026-06-30 02:50:03 [WARNING] MÓDULO AUTENTICACAO: Sessão expirada pelo utilizador 'nuno_gomes'.
2026-06-30 02:51:18 [CRITICAL] MÓDULO AUTENTICACAO: Sessão expirada pelo utilizador 'ana_silva'.
2026-06-30 02:52:27 [CRITICAL] MÓDULO AUTENTICACAO: Falha na palavra-passe pelo utilizador 'convidado_01'.
2026-06-30 02:53:24 [WARNING] MÓDULO SENSORES: Porta Principal aberta.
2026-06-30 02:54:28 [CRITICAL] MÓDULO SENSORES: Sensor de fumos ativo.
2026-06-30 02:55:22 [CRITICAL] MÓDULO BASE_DADOS: Query executada com sucesso pelo utilizador 'gestor_seguranca'.
2026-06-30 02:56:50 [CRITICAL] MÓDULO BASE_DADOS: Timeout na ligação pelo utilizador 'gestor_seguranca'.
2026-06-30 02:58:01 [INFO] MÓDULO CAMARAS: Gravação iniciada por movimento na Câmara_01.
2026-06-30 02:59:01 [WARNING] MÓDULO AUTENTICACAO: Tentativa de brute-force bloqueada pelo utilizador 'ana_silva'.
2026-06-30 02:59:43 [ERROR] MÓDULO AUTENTICACAO: Falha na palavra-passe pelo utilizador 'admin'.
2026-06-30 03:00:15 [WARNING] MÓDULO BASE_DADOS: Cópia de segurança (Backup) concluída pelo utilizador 'convidado_01'.
2026-06-30 03:00:46 [ERROR] MÓDULO BASE_DADOS: Cópia de segurança (Backup) concluída pelo utilizador 'convidado_01'.
2026-06-30 03:02:04 [CRITICAL] MÓDULO SENSORES: Porta Principal aberta.
2026-06-30 03:03:11 [INFO] MÓDULO CAMARAS: Gravação iniciada por movimento na Câmara_01.
2026-06-30 03:03:53 [WARNING] MÓDULO CAMARAS: Perda de sinal de vídeo na Câmara_04.
2026-06-30 03:04:26 [ERROR] MÓDULO CAMARAS: Perda de sinal de vídeo na Câmara_04.
2026-06-30 03:05:23 [INFO] MÓDULO AUTENTICACAO: Falha na palavra-passe pelo utilizador 'gestor_seguranca'.
2026-06-30 03:05:56 [ERROR] MÓDULO BASE_DADOS: Erro de integridade referencial pelo utilizador 'convidado_01'.
2026-06-30 03:06:54 [CRITICAL] MÓDULO AUTENTICACAO: Login efetuado com sucesso pelo utilizador 'convidado_01'.
2026-06-30 03:07:24 [INFO] MÓDULO BASE_DADOS: Query executada com sucesso pelo utilizador 'convidado_01'.
2026-06-30 03:07:58 [WARNING] MÓDULO CAMARAS: Perda de sinal de vídeo na Câmara_04.
2026-06-30 03:09:15 [ERROR] MÓDULO AUTENTICACAO: Sessão expirada pelo utilizador 'convidado_01'.
2026-06-30 03:10:26 [WARNING] MÓDULO AUTENTICACAO: Login efetuado com sucesso pelo utilizador 'api_gateway'.
2026-06-30 03:11:50 [ERROR] MÓDULO SENSORES: Sensor de fumos ativo.
2026-06-30 03:12:39 [INFO] MÓDULO CAMARAS: Falha de armazenamento no DVR_02.
2026-06-30 03:13:40 [ERROR] MÓDULO BASE_DADOS: Query executada com sucesso pelo utilizador 'mauri'.
2026-06-30 03:14:50 [ERROR] MÓDULO BASE_DADOS: Timeout na ligação pelo utilizador 'convidado_01'.
2026-06-30 03:16:08 [INFO] MÓDULO BASE_DADOS: Cópia de segurança (Backup) concluída pelo utilizador 'convidado_01'.
2026-06-30 03:16:58 [INFO] MÓDULO CAMARAS: Perda de sinal de vídeo na Câmara_04.
2026-06-30 03:18:11 [INFO] MÓDULO SENSORES: Temperatura da Sala de Servidores acima do normal.
2026-06-30 03:19:20 [INFO] MÓDULO CAMARAS: Gravação iniciada por movimento na Câmara_01.
2026-06-30 03:20:44 [CRITICAL] MÓDULO CAMARAS: Gravação iniciada por movimento na Câmara_01.
2026-06-30 03:21:30 [WARNING] MÓDULO CAMARAS: Perda de sinal de vídeo na Câmara_04.
2026-06-30 03:22:07 [INFO] MÓDULO CAMARAS: Perda de sinal de vídeo na Câmara_04.
2026-06-30 03:23:13 [INFO] MÓDULO SENSORES: Movimento detetado no Corredor B.
2026-06-30 03:24:43 [CRITICAL] MÓDULO AUTENTICACAO: Tentativa de brute-force bloqueada pelo utilizador 'convidado_01'.
2026-06-30 03:25:32 [ERROR] MÓDULO AUTENTICACAO: Login efetuado com sucesso pelo utilizador 'api_gateway'.
2026-06-30 03:26:51 [WARNING] MÓDULO SENSORES: Sensor de fumos ativo.
2026-06-30 03:27:49 [ERROR] MÓDULO SENSORES: Sensor de fumos ativo.
2026-06-30 03:29:19 [WARNING] MÓDULO SENSORES: Porta Principal aberta.
2026-06-30 03:30:15 [WARNING] MÓDULO AUTENTICACAO: Sessão expirada pelo utilizador 'nuno_gomes'.
2026-06-30 03:30:56 [ERROR] MÓDULO BASE_DADOS: Erro de integridade referencial pelo utilizador 'mauri'.
2026-06-30 03:31:57 [INFO] MÓDULO SENSORES: Movimento detetado no Corredor B.
2026-06-30 03:33:16 [INFO] MÓDULO CAMARAS: Falha de armazenamento no DVR_02.
2026-06-30 03:34:00 [CRITICAL] MÓDULO CAMARAS: Perda de sinal de vídeo na Câmara_04.
2026-06-30 03:34:43 [ERROR] MÓDULO BASE_DADOS: Erro de integridade referencial pelo utilizador 'convidado_01'.
2026-06-30 03:35:22 [CRITICAL] MÓDULO CAMARAS: Gravação iniciada por movimento na Câmara_01.
2026-06-30 03:36:50 [INFO] MÓDULO BASE_DADOS: Query executada com sucesso pelo utilizador 'convidado_01'.
2026-06-30 03:38:00 [ERROR] MÓDULO SENSORES: Porta Principal aberta.
2026-06-30 03:38:56 [WARNING] MÓDULO AUTENTICACAO: Sessão expirada pelo utilizador 'api_gateway'.
2026-06-30 03:39:55 [CRITICAL] MÓDULO AUTENTICACAO: Falha na palavra-passe pelo utilizador 'gestor_seguranca'.
2026-06-30 03:40:26 [INFO] MÓDULO SENSORES: Movimento detetado no Corredor B.
2026-06-30 03:41:14 [INFO] MÓDULO SENSORES: Sensor de fumos ativo.
2026-06-30 03:41:55 [INFO] MÓDULO BASE_DADOS: Erro de integridade referencial pelo utilizador 'gestor_seguranca'.
2026-06-30 03:42:44 [INFO] MÓDULO BASE_DADOS: Timeout na ligação pelo utilizador 'admin'.
2026-06-30 03:43:26 [INFO] MÓDULO SENSORES: Movimento detetado no Corredor B.
2026-06-30 03:44:43 [INFO] MÓDULO SENSORES: Sensor de fumos ativo.
2026-06-30 03:46:06 [ERROR] MÓDULO BASE_DADOS: Erro de integridade referencial pelo utilizador 'admin'.
2026-06-30 03:47:05 [CRITICAL] MÓDULO SENSORES: Temperatura da Sala de Servidores acima do normal.
2026-06-30 03:48:27 [INFO] MÓDULO BASE_DADOS: Timeout na ligação pelo utilizador 'nuno_gomes'.
2026-06-30 03:49:47 [ERROR] MÓDULO AUTENTICACAO: Falha na palavra-passe pelo utilizador 'gestor_seguranca'.
2026-06-30 03:50:45 [WARNING] MÓDULO AUTENTICACAO: Login efetuado com sucesso pelo utilizador 'gestor_seguranca'.
2026-06-30 03:51:25 [INFO] MÓDULO CAMARAS: Falha de armazenamento no DVR_02.
2026-06-30 03:52:35 [ERROR] MÓDULO CAMARAS: Perda de sinal de vídeo na Câmara_04.
2026-06-30 03:54:02 [ERROR] MÓDULO BASE_DADOS: Cópia de segurança (Backup) concluída pelo utilizador 'admin'.
2026-06-30 03:54:58 [INFO] MÓDULO BASE_DADOS: Cópia de segurança (Backup) concluída pelo utilizador 'gestor_seguranca'.
2026-06-30 03:55:52 [WARNING] MÓDULO AUTENTICACAO: Login efetuado com sucesso pelo utilizador 'nuno_gomes'.
2026-06-30 03:56:47 [WARNING] MÓDULO AUTENTICACAO: Sessão expirada pelo utilizador 'ana_silva'.
2026-06-30 03:57:38 [ERROR] MÓDULO AUTENTICACAO: Tentativa de brute-force bloqueada pelo utilizador 'mauri'.
2026-06-30 03:58:35 [INFO] MÓDULO SENSORES: Movimento detetado no Corredor B.
2026-06-30 03:59:46 [INFO] MÓDULO BASE_DADOS: Query executada com sucesso pelo utilizador 'ana_silva'.
2026-06-30 04:00:54 [WARNING] MÓDULO BASE_DADOS: Erro de integridade referencial pelo utilizador 'convidado_01'.
2026-06-30 04:02:11 [INFO] MÓDULO AUTENTICACAO: Tentativa de brute-force bloqueada pelo utilizador 'nuno_gomes'.
2026-06-30 04:03:05 [INFO] MÓDULO AUTENTICACAO: Falha na palavra-passe pelo utilizador 'mauri'.
2026-06-30 04:04:02 [ERROR] MÓDULO SENSORES: Porta Principal aberta.
2026-06-30 04:05:05 [CRITICAL] MÓDULO SENSORES: Temperatura da Sala de Servidores acima do normal.
2026-06-30 04:06:28 [INFO] MÓDULO CAMARAS: Gravação iniciada por movimento na Câmara_01.
2026-06-30 04:07:13 [INFO] MÓDULO SENSORES: Movimento detetado no Corredor B.
2026-06-30 04:08:00 [WARNING] MÓDULO BASE_DADOS: Timeout na ligação pelo utilizador 'gestor_seguranca'.
2026-06-30 04:09:28 [CRITICAL] MÓDULO AUTENTICACAO: Sessão expirada pelo utilizador 'ana_silva'.
2026-06-30 04:10:31 [INFO] MÓDULO CAMARAS: Gravação iniciada por movimento na Câmara_01.
2026-06-30 04:11:51 [INFO] MÓDULO CAMARAS: Perda de sinal de vídeo na Câmara_04.
2026-06-30 04:12:53 [CRITICAL] MÓDULO SENSORES: Porta Principal aberta.
2026-06-30 04:13:35 [WARNING] MÓDULO SENSORES: Porta Principal aberta.
2026-06-30 04:14:06 [ERROR] MÓDULO AUTENTICACAO: Falha na palavra-passe pelo utilizador 'nuno_gomes'.
2026-06-30 04:15:12 [INFO] MÓDULO BASE_DADOS: Query executada com sucesso pelo utilizador 'api_gateway'.
2026-06-30 04:16:36 [CRITICAL] MÓDULO AUTENTICACAO: Falha na palavra-passe pelo utilizador 'mauri'.
2026-06-30 04:17:40 [INFO] MÓDULO BASE_DADOS: Erro de integridade referencial pelo utilizador 'nuno_gomes'.
2026-06-30 04:18:47 [INFO] MÓDULO CAMARAS: Falha de armazenamento no DVR_02.
2026-06-30 04:20:16 [INFO] MÓDULO AUTENTICACAO: Login efetuado com sucesso pelo utilizador 'convidado_01'.
2026-06-30 04:21:03 [CRITICAL] MÓDULO BASE_DADOS: Erro de integridade referencial pelo utilizador 'nuno_gomes'.
2026-06-30 04:22:19 [ERROR] MÓDULO SENSORES: Movimento detetado no Corredor B.
2026-06-30 04:23:26 [INFO] MÓDULO CAMARAS: Gravação iniciada por movimento na Câmara_01.
2026-06-30 04:24:45 [ERROR] MÓDULO BASE_DADOS: Cópia de segurança (Backup) concluída pelo utilizador 'admin'.
2026-06-30 04:25:23 [WARNING] MÓDULO CAMARAS: Falha de armazenamento no DVR_02.
2026-06-30 04:26:19 [INFO] MÓDULO BASE_DADOS: Erro de integridade referencial pelo utilizador 'gestor_seguranca'.
2026-06-30 04:27:40 [ERROR] MÓDULO SENSORES: Sensor de fumos ativo.
2026-06-30 04:28:37 [WARNING] MÓDULO CAMARAS: Falha de armazenamento no DVR_02.
2026-06-30 04:29:15 [INFO] MÓDULO SENSORES: Sensor de fumos ativo.
2026-06-30 04:30:27 [INFO] MÓDULO BASE_DADOS: Query executada com sucesso pelo utilizador 'gestor_seguranca'.
2026-06-30 04:31:22 [INFO] MÓDULO CAMARAS: Gravação iniciada por movimento na Câmara_01.
2026-06-30 04:32:50 [ERROR] MÓDULO BASE_DADOS: Erro de integridade referencial pelo utilizador 'api_gateway'.
2026-06-30 04:33:50 [INFO] MÓDULO CAMARAS: Perda de sinal de vídeo na Câmara_04.
2026-06-30 04:35:04 [ERROR] MÓDULO BASE_DADOS: Query executada com sucesso pelo utilizador 'nuno_gomes'.
2026-06-30 04:36:19 [CRITICAL] MÓDULO CAMARAS: Gravação iniciada por movimento na Câmara_01.
2026-06-30 04:37:00 [INFO] MÓDULO SENSORES: Temperatura da Sala de Servidores acima do normal.
2026-06-30 04:38:05 [INFO] MÓDULO CAMARAS: Perda de sinal de vídeo na Câmara_04.
2026-06-30 04:39:17 [ERROR] MÓDULO CAMARAS: Gravação iniciada por movimento na Câmara_01.
2026-06-30 04:40:42 [WARNING] MÓDULO BASE_DADOS: Timeout na ligação pelo utilizador 'gestor_seguranca'.
2026-06-30 04:42:10 [CRITICAL] MÓDULO AUTENTICACAO: Tentativa de brute-force bloqueada pelo utilizador 'ana_silva'.
2026-06-30 04:42:42 [INFO] MÓDULO SENSORES: Porta Principal aberta.
2026-06-30 04:43:44 [INFO] MÓDULO AUTENTICACAO: Tentativa de brute-force bloqueada pelo utilizador 'mauri'.
2026-06-30 04:44:29 [INFO] MÓDULO CAMARAS: Falha de armazenamento no DVR_02.
2026-06-30 04:45:28 [WARNING] MÓDULO SENSORES: Sensor de fumos ativo.
2026-06-30 04:46:40 [ERROR] MÓDULO CAMARAS: Gravação iniciada por movimento na Câmara_01.
2026-06-30 04:47:44 [INFO] MÓDULO AUTENTICACAO: Tentativa de brute-force bloqueada pelo utilizador 'api_gateway'.
2026-06-30 04:48:48 [INFO] MÓDULO SENSORES: Sensor de fumos ativo.
2026-06-30 04:49:39 [CRITICAL] MÓDULO BASE_DADOS: Cópia de segurança (Backup) concluída pelo utilizador 'ana_silva'.
2026-06-30 04:50:52 [INFO] MÓDULO AUTENTICACAO: Tentativa de brute-force bloqueada pelo utilizador 'ana_silva'.
2026-06-30 04:52:03 [ERROR] MÓDULO AUTENTICACAO: Sessão expirada pelo utilizador 'mauri'.
2026-06-30 04:52:36 [INFO] MÓDULO CAMARAS: Gravação iniciada por movimento na Câmara_01.
2026-06-30 04:54:05 [INFO] MÓDULO SENSORES: Porta Principal aberta.
2026-06-30 04:55:06 [ERROR] MÓDULO AUTENTICACAO: Sessão expirada pelo utilizador 'gestor_seguranca'.
2026-06-30 04:56:08 [WARNING] MÓDULO AUTENTICACAO: Login efetuado com sucesso pelo utilizador 'api_gateway'.
2026-06-30 04:57:11 [CRITICAL] MÓDULO SENSORES: Sensor de fumos ativo.
2026-06-30 04:58:39 [INFO] MÓDULO AUTENTICACAO: Tentativa de brute-force bloqueada pelo utilizador 'mauri'.
2026-06-30 04:59:26 [WARNING] MÓDULO SENSORES: Movimento detetado no Corredor B.
2026-06-30 05:00:12 [INFO] MÓDULO BASE_DADOS: Cópia de segurança (Backup) concluída pelo utilizador 'convidado_01'.
2026-06-30 05:01:18 [ERROR] MÓDULO AUTENTICACAO: Tentativa de brute-force bloqueada pelo utilizador 'admin'.
2026-06-30 05:02:29 [INFO] MÓDULO BASE_DADOS: Timeout na ligação pelo utilizador 'convidado_01'.
2026-06-30 05:03:48 [INFO] MÓDULO AUTENTICACAO: Falha na palavra-passe pelo utilizador 'mauri'.
2026-06-30 05:04:39 [ERROR] MÓDULO AUTENTICACAO: Sessão expirada pelo utilizador 'admin'.
2026-06-30 05:05:44 [CRITICAL] MÓDULO BASE_DADOS: Cópia de segurança (Backup) concluída pelo utilizador 'admin'.
2026-06-30 05:06:42 [ERROR] MÓDULO BASE_DADOS: Query executada com sucesso pelo utilizador 'gestor_seguranca'.
2026-06-30 05:07:59 [ERROR] MÓDULO AUTENTICACAO: Login efetuado com sucesso pelo utilizador 'gestor_seguranca'.
2026-06-30 05:08:43 [INFO] MÓDULO SENSORES: Movimento detetado no Corredor B.
2026-06-30 05:09:14 [ERROR] MÓDULO SENSORES: Sensor de fumos ativo.
2026-06-30 05:10:41 [CRITICAL] MÓDULO BASE_DADOS: Cópia de segurança (Backup) concluída pelo utilizador 'ana_silva'.
2026-06-30 05:11:20 [INFO] MÓDULO CAMARAS: Falha de armazenamento no DVR_02.
2026-06-30 05:12:34 [INFO] MÓDULO BASE_DADOS: Query executada com sucesso pelo utilizador 'gestor_seguranca'.
2026-06-30 05:13:38 [ERROR] MÓDULO SENSORES: Sensor de fumos ativo.
2026-06-30 05:14:08 [CRITICAL] MÓDULO CAMARAS: Perda de sinal de vídeo na Câmara_04.
2026-06-30 05:14:44 [CRITICAL] MÓDULO SENSORES: Temperatura da Sala de Servidores acima do normal.
2026-06-30 05:15:39 [WARNING] MÓDULO BASE_DADOS: Query executada com sucesso pelo utilizador 'mauri'.
2026-06-30 05:16:57 [ERROR] MÓDULO SENSORES: Temperatura da Sala de Servidores acima do normal.
2026-06-30 05:18:22 [WARNING] MÓDULO BASE_DADOS: Cópia de segurança (Backup) concluída pelo utilizador 'nuno_gomes'.
2026-06-30 05:19:30 [ERROR] MÓDULO AUTENTICACAO: Tentativa de brute-force bloqueada pelo utilizador 'nuno_gomes'.
2026-06-30 05:20:34 [WARNING] MÓDULO SENSORES: Temperatura da Sala de Servidores acima do normal.
2026-06-30 05:21:04 [INFO] MÓDULO SENSORES: Movimento detetado no Corredor B.
2026-06-30 05:22:10 [CRITICAL] MÓDULO CAMARAS: Gravação iniciada por movimento na Câmara_01.
2026-06-30 05:23:38 [INFO] MÓDULO CAMARAS: Falha de armazenamento no DVR_02.
2026-06-30 05:24:24 [ERROR] MÓDULO AUTENTICACAO: Tentativa de brute-force bloqueada pelo utilizador 'mauri'.
2026-06-30 05:25:02 [CRITICAL] MÓDULO BASE_DADOS: Erro de integridade referencial pelo utilizador 'mauri'.
2026-06-30 05:25:33 [CRITICAL] MÓDULO SENSORES: Sensor de fumos ativo.
2026-06-30 05:26:47 [CRITICAL] MÓDULO BASE_DADOS: Timeout na ligação pelo utilizador 'mauri'.
2026-06-30 05:28:11 [CRITICAL] MÓDULO BASE_DADOS: Erro de integridade referencial pelo utilizador 'nuno_gomes'.
2026-06-30 05:29:10 [ERROR] MÓDULO AUTENTICACAO: Falha na palavra-passe pelo utilizador 'nuno_gomes'.
2026-06-30 05:29:46 [CRITICAL] MÓDULO AUTENTICACAO: Falha na palavra-passe pelo utilizador 'ana_silva'.
2026-06-30 05:30:36 [INFO] MÓDULO SENSORES: Sensor de fumos ativo.
2026-06-30 05:31:24 [CRITICAL] MÓDULO SENSORES: Movimento detetado no Corredor B.
2026-06-30 05:32:26 [INFO] MÓDULO CAMARAS: Falha de armazenamento no DVR_02.
2026-06-30 05:33:56 [INFO] MÓDULO BASE_DADOS: Timeout na ligação pelo utilizador 'ana_silva'.
2026-06-30 05:35:26 [WARNING] MÓDULO SENSORES: Sensor de fumos ativo.
2026-06-30 05:36:46 [INFO] MÓDULO SENSORES: Temperatura da Sala de Servidores acima do normal.
2026-06-30 05:38:09 [WARNING] MÓDULO AUTENTICACAO: Sessão expirada pelo utilizador 'convidado_01'.
2026-06-30 05:39:23 [WARNING] MÓDULO BASE_DADOS: Query executada com sucesso pelo utilizador 'nuno_gomes'.
2026-06-30 05:40:47 [WARNING] MÓDULO SENSORES: Sensor de fumos ativo.
2026-06-30 05:42:06 [INFO] MÓDULO AUTENTICACAO: Tentativa de brute-force bloqueada pelo utilizador 'ana_silva'.
2026-06-30 05:43:30 [INFO] MÓDULO SENSORES: Sensor de fumos ativo.
2026-06-30 05:44:07 [WARNING] MÓDULO AUTENTICACAO: Falha na palavra-passe pelo utilizador 'gestor_seguranca'.
2026-06-30 05:45:30 [INFO] MÓDULO SENSORES: Sensor de fumos ativo.
2026-06-30 05:46:51 [CRITICAL] MÓDULO BASE_DADOS: Erro de integridade referencial pelo utilizador 'admin'.
2026-06-30 05:47:23 [CRITICAL] MÓDULO BASE_DADOS: Erro de integridade referencial pelo utilizador 'ana_silva'.
2026-06-30 05:47:53 [ERROR] MÓDULO SENSORES: Porta Principal aberta.
2026-06-30 05:49:14 [INFO] MÓDULO CAMARAS: Falha de armazenamento no DVR_02.
2026-06-30 05:50:41 [ERROR] MÓDULO AUTENTICACAO: Tentativa de brute-force bloqueada pelo utilizador 'mauri'.
2026-06-30 05:51:49 [WARNING] MÓDULO CAMARAS: Falha de armazenamento no DVR_02.
2026-06-30 05:53:10 [CRITICAL] MÓDULO AUTENTICACAO: Login efetuado com sucesso pelo utilizador 'nuno_gomes'.
2026-06-30 05:53:57 [CRITICAL] MÓDULO AUTENTICACAO: Tentativa de brute-force bloqueada pelo utilizador 'api_gateway'.
2026-06-30 05:54:36 [INFO] MÓDULO CAMARAS: Falha de armazenamento no DVR_02.
2026-06-30 05:55:23 [WARNING] MÓDULO SENSORES: Temperatura da Sala de Servidores acima do normal.
2026-06-30 05:56:30 [INFO] MÓDULO CAMARAS: Perda de sinal de vídeo na Câmara_04.
2026-06-30 05:57:05 [CRITICAL] MÓDULO SENSORES: Sensor de fumos ativo.
2026-06-30 05:58:09 [CRITICAL] MÓDULO AUTENTICACAO: Sessão expirada pelo utilizador 'ana_silva'.
2026-06-30 05:59:25 [WARNING] MÓDULO BASE_DADOS: Erro de integridade referencial pelo utilizador 'gestor_seguranca'.
2026-06-30 06:00:43 [INFO] MÓDULO SENSORES: Sensor de fumos ativo.
2026-06-30 06:01:32 [INFO] MÓDULO SENSORES: Sensor de fumos ativo.
2026-06-30 06:02:29 [INFO] MÓDULO SENSORES: Porta Principal aberta.
2026-06-30 06:03:10 [INFO] MÓDULO AUTENTICACAO: Sessão expirada pelo utilizador 'nuno_gomes'.
2026-06-30 06:04:09 [INFO] MÓDULO CAMARAS: Gravação iniciada por movimento na Câmara_01.
2026-06-30 06:05:15 [WARNING] MÓDULO AUTENTICACAO: Tentativa de brute-force bloqueada pelo utilizador 'convidado_01'.
2026-06-30 06:06:35 [WARNING] MÓDULO SENSORES: Porta Principal aberta.
2026-06-30 06:07:54 [CRITICAL] MÓDULO SENSORES: Temperatura da Sala de Servidores acima do normal.
2026-06-30 06:08:31 [CRITICAL] MÓDULO BASE_DADOS: Query executada com sucesso pelo utilizador 'gestor_seguranca'.
2026-06-30 06:09:13 [WARNING] MÓDULO CAMARAS: Gravação iniciada por movimento na Câmara_01.
2026-06-30 06:09:59 [INFO] MÓDULO SENSORES: Movimento detetado no Corredor B.
2026-06-30 06:10:35 [INFO] MÓDULO CAMARAS: Perda de sinal de vídeo na Câmara_04.
2026-06-30 06:11:45 [CRITICAL] MÓDULO AUTENTICACAO: Tentativa de brute-force bloqueada pelo utilizador 'gestor_seguranca'.
2026-06-30 06:12:46 [WARNING] MÓDULO AUTENTICACAO: Falha na palavra-passe pelo utilizador 'ana_silva'.
2026-06-30 06:13:39 [INFO] MÓDULO BASE_DADOS: Query executada com sucesso pelo utilizador 'gestor_seguranca'.
2026-06-30 06:14:43 [WARNING] MÓDULO CAMARAS: Perda de sinal de vídeo na Câmara_04.
2026-06-30 06:16:07 [WARNING] MÓDULO AUTENTICACAO: Login efetuado com sucesso pelo utilizador 'convidado_01'.
2026-06-30 06:17:01 [ERROR] MÓDULO CAMARAS: Gravação iniciada por movimento na Câmara_01.
2026-06-30 06:18:12 [ERROR] MÓDULO CAMARAS: Perda de sinal de vídeo na Câmara_04.
2026-06-30 06:19:30 [ERROR] MÓDULO SENSORES: Movimento detetado no Corredor B.
2026-06-30 06:20:37 [CRITICAL] MÓDULO CAMARAS: Falha de armazenamento no DVR_02.
2026-06-30 06:21:57 [CRITICAL] MÓDULO AUTENTICACAO: Tentativa de brute-force bloqueada pelo utilizador 'admin'.
2026-06-30 06:22:31 [CRITICAL] MÓDULO BASE_DADOS: Query executada com sucesso pelo utilizador 'admin'.
2026-06-30 06:23:46 [INFO] MÓDULO AUTENTICACAO: Tentativa de brute-force bloqueada pelo utilizador 'api_gateway'.
2026-06-30 06:25:13 [ERROR] MÓDULO CAMARAS: Gravação iniciada por movimento na Câmara_01.
2026-06-30 06:25:56 [ERROR] MÓDULO SENSORES: Temperatura da Sala de Servidores acima do normal.
2026-06-30 06:27:00 [WARNING] MÓDULO SENSORES: Porta Principal aberta.
2026-06-30 06:27:40 [ERROR] MÓDULO BASE_DADOS: Cópia de segurança (Backup) concluída pelo utilizador 'api_gateway'.
2026-06-30 06:28:16 [CRITICAL] MÓDULO AUTENTICACAO: Login efetuado com sucesso pelo utilizador 'mauri'.
2026-06-30 06:29:19 [ERROR] MÓDULO AUTENTICACAO: Tentativa de brute-force bloqueada pelo utilizador 'admin'.
2026-06-30 06:30:01 [CRITICAL] MÓDULO BASE_DADOS: Timeout na ligação pelo utilizador 'gestor_seguranca'.
2026-06-30 06:31:15 [INFO] MÓDULO CAMARAS: Falha de armazenamento no DVR_02.
2026-06-30 06:32:00 [INFO] MÓDULO CAMARAS: Falha de armazenamento no DVR_02.
2026-06-30 06:33:15 [ERROR] MÓDULO BASE_DADOS: Timeout na ligação pelo utilizador 'nuno_gomes'.
2026-06-30 06:34:19 [ERROR] MÓDULO BASE_DADOS: Timeout na ligação pelo utilizador 'ana_silva'.
2026-06-30 06:35:15 [CRITICAL] MÓDULO CAMARAS: Gravação iniciada por movimento na Câmara_01.
2026-06-30 06:36:19 [INFO] MÓDULO AUTENTICACAO: Tentativa de brute-force bloqueada pelo utilizador 'mauri'.
2026-06-30 06:37:03 [ERROR] MÓDULO CAMARAS: Falha de armazenamento no DVR_02.
2026-06-30 06:37:35 [ERROR] MÓDULO BASE_DADOS: Query executada com sucesso pelo utilizador 'ana_silva'.
2026-06-30 06:38:14 [INFO] MÓDULO CAMARAS: Gravação iniciada por movimento na Câmara_01.
2026-06-30 06:38:54 [WARNING] MÓDULO AUTENTICACAO: Login efetuado com sucesso pelo utilizador 'admin'.
2026-06-30 06:40:09 [INFO] MÓDULO CAMARAS: Perda de sinal de vídeo na Câmara_04.
2026-06-30 06:41:01 [INFO] MÓDULO SENSORES: Movimento detetado no Corredor B.
2026-06-30 06:41:40 [INFO] MÓDULO SENSORES: Movimento detetado no Corredor B.
2026-06-30 06:42:55 [INFO] MÓDULO AUTENTICACAO: Sessão expirada pelo utilizador 'mauri'.
2026-06-30 06:44:02 [INFO] MÓDULO CAMARAS: Gravação iniciada por movimento na Câmara_01.
2026-06-30 06:45:30 [ERROR] MÓDULO AUTENTICACAO: Tentativa de brute-force bloqueada pelo utilizador 'gestor_seguranca'.
2026-06-30 06:46:44 [ERROR] MÓDULO AUTENTICACAO: Sessão expirada pelo utilizador 'convidado_01'.
2026-06-30 06:48:10 [CRITICAL] MÓDULO CAMARAS: Gravação iniciada por movimento na Câmara_01.
2026-06-30 06:49:29 [CRITICAL] MÓDULO SENSORES: Porta Principal aberta.
2026-06-30 06:50:26 [ERROR] MÓDULO CAMARAS: Falha de armazenamento no DVR_02.
2026-06-30 06:51:43 [WARNING] MÓDULO BASE_DADOS: Timeout na ligação pelo utilizador 'nuno_gomes'.
2026-06-30 06:53:06 [ERROR] MÓDULO BASE_DADOS: Query executada com sucesso pelo utilizador 'convidado_01'.
2026-06-30 06:53:43 [CRITICAL] MÓDULO BASE_DADOS: Query executada com sucesso pelo utilizador 'convidado_01'.
2026-06-30 06:54:19 [WARNING] MÓDULO SENSORES: Movimento detetado no Corredor B.
2026-06-30 06:55:21 [CRITICAL] MÓDULO BASE_DADOS: Timeout na ligação pelo utilizador 'ana_silva'.
2026-06-30 06:56:40 [CRITICAL] MÓDULO BASE_DADOS: Timeout na ligação pelo utilizador 'mauri'.
2026-06-30 06:57:57 [WARNING] MÓDULO BASE_DADOS: Query executada com sucesso pelo utilizador 'convidado_01'.
2026-06-30 06:58:36 [ERROR] MÓDULO AUTENTICACAO: Tentativa de brute-force bloqueada pelo utilizador 'api_gateway'.
2026-06-30 06:59:33 [WARNING] MÓDULO SENSORES: Movimento detetado no Corredor B.
2026-06-30 07:00:43 [INFO] MÓDULO SENSORES: Movimento detetado no Corredor B.
2026-06-30 07:01:22 [ERROR] MÓDULO SENSORES: Temperatura da Sala de Servidores acima do normal.
2026-06-30 07:01:54 [ERROR] MÓDULO CAMARAS: Gravação iniciada por movimento na Câmara_01.
2026-06-30 07:03:20 [INFO] MÓDULO CAMARAS: Gravação iniciada por movimento na Câmara_01.
2026-06-30 07:04:22 [INFO] MÓDULO AUTENTICACAO: Sessão expirada pelo utilizador 'api_gateway'.
2026-06-30 07:05:23 [ERROR] MÓDULO CAMARAS: Perda de sinal de vídeo na Câmara_04.
2026-06-30 07:06:31 [INFO] MÓDULO BASE_DADOS: Erro de integridade referencial pelo utilizador 'admin'.
2026-06-30 07:07:14 [CRITICAL] MÓDULO SENSORES: Temperatura da Sala de Servidores acima do normal.
2026-06-30 07:08:12 [WARNING] MÓDULO AUTENTICACAO: Falha na palavra-passe pelo utilizador 'admin'.
2026-06-30 07:09:16 [CRITICAL] MÓDULO BASE_DADOS: Timeout na ligação pelo utilizador 'ana_silva'.
2026-06-30 07:09:50 [INFO] MÓDULO SENSORES: Sensor de fumos ativo.
2026-06-30 07:10:32 [ERROR] MÓDULO BASE_DADOS: Erro de integridade referencial pelo utilizador 'ana_silva'.
2026-06-30 07:11:28 [ERROR] MÓDULO BASE_DADOS: Query executada com sucesso pelo utilizador 'convidado_01'.
2026-06-30 07:12:25 [WARNING] MÓDULO SENSORES: Porta Principal aberta.
2026-06-30 07:13:39 [INFO] MÓDULO AUTENTICACAO: Falha na palavra-passe pelo utilizador 'mauri'.
2026-06-30 07:14:23 [CRITICAL] MÓDULO BASE_DADOS: Cópia de segurança (Backup) concluída pelo utilizador 'mauri'.
2026-06-30 07:14:57 [INFO] MÓDULO SENSORES: Porta Principal aberta.
2026-06-30 07:15:47 [INFO] MÓDULO BASE_DADOS: Cópia de segurança (Backup) concluída pelo utilizador 'mauri'.
2026-06-30 07:16:21 [CRITICAL] MÓDULO AUTENTICACAO: Tentativa de brute-force bloqueada pelo utilizador 'mauri'.
2026-06-30 07:17:25 [ERROR] MÓDULO CAMARAS: Falha de armazenamento no DVR_02.
2026-06-30 07:18:19 [ERROR] MÓDULO AUTENTICACAO: Tentativa de brute-force bloqueada pelo utilizador 'admin'.
2026-06-30 07:19:15 [CRITICAL] MÓDULO CAMARAS: Falha de armazenamento no DVR_02.
2026-06-30 07:19:58 [INFO] MÓDULO AUTENTICACAO: Falha na palavra-passe pelo utilizador 'nuno_gomes'.
2026-06-30 07:21:01 [INFO] MÓDULO SENSORES: Movimento detetado no Corredor B.
2026-06-30 07:22:11 [INFO] MÓDULO BASE_DADOS: Timeout na ligação pelo utilizador 'convidado_01'.
2026-06-30 07:22:57 [INFO] MÓDULO AUTENTICACAO: Falha na palavra-passe pelo utilizador 'mauri'.
2026-06-30 07:24:00 [CRITICAL] MÓDULO AUTENTICACAO: Tentativa de brute-force bloqueada pelo utilizador 'gestor_seguranca'.
2026-06-30 07:24:47 [INFO] MÓDULO AUTENTICACAO: Tentativa de brute-force bloqueada pelo utilizador 'admin'.
2026-06-30 07:25:49 [ERROR] MÓDULO CAMARAS: Perda de sinal de vídeo na Câmara_04.
2026-06-30 07:26:47 [INFO] MÓDULO SENSORES: Temperatura da Sala de Servidores acima do normal.
2026-06-30 07:27:54 [CRITICAL] MÓDULO BASE_DADOS: Erro de integridade referencial pelo utilizador 'convidado_01'.
2026-06-30 07:28:47 [WARNING] MÓDULO CAMARAS: Falha de armazenamento no DVR_02.
2026-06-30 07:29:59 [INFO] MÓDULO AUTENTICACAO: Tentativa de brute-force bloqueada pelo utilizador 'convidado_01'.
2026-06-30 07:31:21 [CRITICAL] MÓDULO CAMARAS: Falha de armazenamento no DVR_02.
2026-06-30 07:32:10 [ERROR] MÓDULO SENSORES: Movimento detetado no Corredor B.
2026-06-30 07:32:45 [INFO] MÓDULO AUTENTICACAO: Login efetuado com sucesso pelo utilizador 'mauri'.
2026-06-30 07:33:53 [INFO] MÓDULO AUTENTICACAO: Sessão expirada pelo utilizador 'mauri'.
2026-06-30 07:35:08 [INFO] MÓDULO SENSORES: Temperatura da Sala de Servidores acima do normal.
2026-06-30 07:36:00 [INFO] MÓDULO CAMARAS: Gravação iniciada por movimento na Câmara_01.
2026-06-30 07:37:07 [WARNING] MÓDULO AUTENTICACAO: Login efetuado com sucesso pelo utilizador 'ana_silva'.
2026-06-30 07:38:18 [INFO] MÓDULO BASE_DADOS: Timeout na ligação pelo utilizador 'nuno_gomes'.
2026-06-30 07:38:51 [CRITICAL] MÓDULO CAMARAS: Gravação iniciada por movimento na Câmara_01.
2026-06-30 07:39:31 [INFO] MÓDULO BASE_DADOS: Timeout na ligação pelo utilizador 'api_gateway'.
2026-06-30 07:40:33 [WARNING] MÓDULO CAMARAS: Gravação iniciada por movimento na Câmara_01.
2026-06-30 07:41:36 [WARNING] MÓDULO CAMARAS: Perda de sinal de vídeo na Câmara_04.
2026-06-30 07:42:38 [ERROR] MÓDULO CAMARAS: Perda de sinal de vídeo na Câmara_04.
2026-06-30 07:43:39 [CRITICAL] MÓDULO SENSORES: Temperatura da Sala de Servidores acima do normal.
2026-06-30 07:45:02 [INFO] MÓDULO CAMARAS: Perda de sinal de vídeo na Câmara_04.
2026-06-30 07:46:08 [INFO] MÓDULO AUTENTICACAO: Sessão expirada pelo utilizador 'nuno_gomes'.
2026-06-30 07:47:29 [ERROR] MÓDULO BASE_DADOS: Timeout na ligação pelo utilizador 'convidado_01'.
2026-06-30 07:48:11 [CRITICAL] MÓDULO CAMARAS: Gravação iniciada por movimento na Câmara_01.
2026-06-30 07:49:18 [ERROR] MÓDULO AUTENTICACAO: Sessão expirada pelo utilizador 'convidado_01'.
2026-06-30 07:50:24 [INFO] MÓDULO CAMARAS: Falha de armazenamento no DVR_02.
2026-06-30 07:51:52 [WARNING] MÓDULO BASE_DADOS: Cópia de segurança (Backup) concluída pelo utilizador 'admin'.
2026-06-30 07:52:28 [WARNING] MÓDULO SENSORES: Movimento detetado no Corredor B.
2026-06-30 07:53:07 [INFO] MÓDULO BASE_DADOS: Timeout na ligação pelo utilizador 'mauri'.
2026-06-30 07:53:59 [ERROR] MÓDULO SENSORES: Temperatura da Sala de Servidores acima do normal.
2026-06-30 07:55:13 [WARNING] MÓDULO BASE_DADOS: Timeout na ligação pelo utilizador 'mauri'.
2026-06-30 07:55:43 [INFO] MÓDULO SENSORES: Sensor de fumos ativo.
2026-06-30 07:56:43 [WARNING] MÓDULO AUTENTICACAO: Login efetuado com sucesso pelo utilizador 'mauri'.
2026-06-30 07:57:23 [INFO] MÓDULO CAMARAS: Gravação iniciada por movimento na Câmara_01.
2026-06-30 07:58:24 [ERROR] MÓDULO SENSORES: Temperatura da Sala de Servidores acima do normal.
2026-06-30 07:59:40 [WARNING] MÓDULO BASE_DADOS: Query executada com sucesso pelo utilizador 'convidado_01'.
2026-06-30 08:00:54 [CRITICAL] MÓDULO SENSORES: Sensor de fumos ativo.
2026-06-30 08:02:06 [WARNING] MÓDULO SENSORES: Porta Principal aberta.
2026-06-30 08:03:09 [INFO] MÓDULO SENSORES: Movimento detetado no Corredor B.
2026-06-30 08:03:43 [CRITICAL] MÓDULO AUTENTICACAO: Falha na palavra-passe pelo utilizador 'convidado_01'.
2026-06-30 08:04:20 [WARNING] MÓDULO AUTENTICACAO: Tentativa de brute-force bloqueada pelo utilizador 'convidado_01'.
2026-06-30 08:05:39 [INFO] MÓDULO AUTENTICACAO: Login efetuado com sucesso pelo utilizador 'gestor_seguranca'.
2026-06-30 08:06:25 [WARNING] MÓDULO CAMARAS: Perda de sinal de vídeo na Câmara_04.
2026-06-30 08:07:48 [ERROR] MÓDULO BASE_DADOS: Timeout na ligação pelo utilizador 'nuno_gomes'.
2026-06-30 08:09:15 [WARNING] MÓDULO CAMARAS: Perda de sinal de vídeo na Câmara_04.
2026-06-30 08:10:14 [WARNING] MÓDULO AUTENTICACAO: Tentativa de brute-force bloqueada pelo utilizador 'mauri'.
2026-06-30 08:11:00 [ERROR] MÓDULO BASE_DADOS: Query executada com sucesso pelo utilizador 'ana_silva'.
2026-06-30 08:11:46 [INFO] MÓDULO SENSORES: Temperatura da Sala de Servidores acima do normal.
2026-06-30 08:12:53 [WARNING] MÓDULO SENSORES: Sensor de fumos ativo.
2026-06-30 08:13:55 [CRITICAL] MÓDULO CAMARAS: Gravação iniciada por movimento na Câmara_01.
2026-06-30 08:14:37 [INFO] MÓDULO SENSORES: Temperatura da Sala de Servidores acima do normal.
2026-06-30 08:16:01 [INFO] MÓDULO CAMARAS: Gravação iniciada por movimento na Câmara_01.
2026-06-30 08:16:51 [CRITICAL] MÓDULO SENSORES: Porta Principal aberta.
2026-06-30 08:17:59 [WARNING] MÓDULO CAMARAS: Gravação iniciada por movimento na Câmara_01.
2026-06-30 08:18:31 [ERROR] MÓDULO SENSORES: Movimento detetado no Corredor B.
2026-06-30 08:19:37 [WARNING] MÓDULO AUTENTICACAO: Falha na palavra-passe pelo utilizador 'ana_silva'.
2026-06-30 08:20:20 [WARNING] MÓDULO CAMARAS: Falha de armazenamento no DVR_02.
2026-06-30 08:20:56 [CRITICAL] MÓDULO CAMARAS: Falha de armazenamento no DVR_02.
2026-06-30 08:22:03 [INFO] MÓDULO CAMARAS: Perda de sinal de vídeo na Câmara_04.
2026-06-30 08:23:20 [INFO] MÓDULO AUTENTICACAO: Tentativa de brute-force bloqueada pelo utilizador 'api_gateway'.
2026-06-30 08:24:49 [INFO] MÓDULO BASE_DADOS: Erro de integridade referencial pelo utilizador 'ana_silva'.
2026-06-30 08:26:17 [CRITICAL] MÓDULO AUTENTICACAO: Falha na palavra-passe pelo utilizador 'admin'.
2026-06-30 08:27:18 [ERROR] MÓDULO CAMARAS: Falha de armazenamento no DVR_02.
2026-06-30 08:27:57 [INFO] MÓDULO CAMARAS: Perda de sinal de vídeo na Câmara_04.
2026-06-30 08:29:09 [INFO] MÓDULO SENSORES: Movimento detetado no Corredor B.
2026-06-30 08:29:41 [CRITICAL] MÓDULO CAMARAS: Falha de armazenamento no DVR_02.
2026-06-30 08:30:30 [ERROR] MÓDULO SENSORES: Movimento detetado no Corredor B.
2026-06-30 08:31:07 [CRITICAL] MÓDULO BASE_DADOS: Query executada com sucesso pelo utilizador 'mauri'.
2026-06-30 08:31:54 [INFO] MÓDULO SENSORES: Sensor de fumos ativo.
2026-06-30 08:33:01 [WARNING] MÓDULO CAMARAS: Perda de sinal de vídeo na Câmara_04.
2026-06-30 08:34:14 [INFO] MÓDULO BASE_DADOS: Query executada com sucesso pelo utilizador 'ana_silva'.
2026-06-30 08:35:13 [ERROR] MÓDULO SENSORES: Sensor de fumos ativo.
2026-06-30 08:36:04 [WARNING] MÓDULO SENSORES: Sensor de fumos ativo.
2026-06-30 08:37:07 [WARNING] MÓDULO AUTENTICACAO: Tentativa de brute-force bloqueada pelo utilizador 'mauri'.
2026-06-30 08:38:21 [INFO] MÓDULO BASE_DADOS: Query executada com sucesso pelo utilizador 'api_gateway'.
2026-06-30 08:39:01 [INFO] MÓDULO SENSORES: Sensor de fumos ativo.
2026-06-30 08:39:35 [INFO] MÓDULO BASE_DADOS: Query executada com sucesso pelo utilizador 'convidado_01'.
2026-06-30 08:40:55 [ERROR] MÓDULO BASE_DADOS: Timeout na ligação pelo utilizador 'nuno_gomes'.
2026-06-30 08:41:27 [ERROR] MÓDULO CAMARAS: Falha de armazenamento no DVR_02.
2026-06-30 08:42:23 [INFO] MÓDULO BASE_DADOS: Timeout na ligação pelo utilizador 'nuno_gomes'.
2026-06-30 08:42:58 [CRITICAL] MÓDULO AUTENTICACAO: Login efetuado com sucesso pelo utilizador 'nuno_gomes'.
2026-06-30 08:44:24 [INFO] MÓDULO BASE_DADOS: Erro de integridade referencial pelo utilizador 'ana_silva'.
2026-06-30 08:45:09 [INFO] MÓDULO AUTENTICACAO: Login efetuado com sucesso pelo utilizador 'convidado_01'.
2026-06-30 08:46:19 [INFO] MÓDULO BASE_DADOS: Query executada com sucesso pelo utilizador 'nuno_gomes'.
2026-06-30 08:47:35 [CRITICAL] MÓDULO SENSORES: Porta Principal aberta.
2026-06-30 08:48:47 [INFO] MÓDULO SENSORES: Movimento detetado no Corredor B.
2026-06-30 08:50:02 [INFO] MÓDULO AUTENTICACAO: Sessão expirada pelo utilizador 'api_gateway'.
2026-06-30 08:50:38 [ERROR] MÓDULO AUTENTICACAO: Login efetuado com sucesso pelo utilizador 'mauri'.
2026-06-30 08:51:51 [CRITICAL] MÓDULO BASE_DADOS: Cópia de segurança (Backup) concluída pelo utilizador 'ana_silva'.
2026-06-30 08:52:48 [CRITICAL] MÓDULO AUTENTICACAO: Login efetuado com sucesso pelo utilizador 'gestor_seguranca'.
2026-06-30 08:54:01 [ERROR] MÓDULO BASE_DADOS: Query executada com sucesso pelo utilizador 'gestor_seguranca'.
2026-06-30 08:55:08 [CRITICAL] MÓDULO AUTENTICACAO: Sessão expirada pelo utilizador 'gestor_seguranca'.
2026-06-30 08:55:52 [INFO] MÓDULO BASE_DADOS: Timeout na ligação pelo utilizador 'mauri'.
2026-06-30 08:57:13 [ERROR] MÓDULO AUTENTICACAO: Login efetuado com sucesso pelo utilizador 'api_gateway'.
2026-06-30 08:57:43 [ERROR] MÓDULO CAMARAS: Perda de sinal de vídeo na Câmara_04.
2026-06-30 08:58:53 [WARNING] MÓDULO SENSORES: Movimento detetado no Corredor B.
2026-06-30 09:00:15 [ERROR] MÓDULO SENSORES: Sensor de fumos ativo.
2026-06-30 09:00:54 [INFO] MÓDULO AUTENTICACAO: Sessão expirada pelo utilizador 'admin'.
2026-06-30 09:02:04 [INFO] MÓDULO SENSORES: Movimento detetado no Corredor B.
2026-06-30 09:03:30 [INFO] MÓDULO AUTENTICACAO: Login efetuado com sucesso pelo utilizador 'nuno_gomes'.
2026-06-30 09:04:49 [CRITICAL] MÓDULO AUTENTICACAO: Login efetuado com sucesso pelo utilizador 'nuno_gomes'.
2026-06-30 09:06:06 [INFO] MÓDULO BASE_DADOS: Erro de integridade referencial pelo utilizador 'admin'.
2026-06-30 09:07:01 [INFO] MÓDULO AUTENTICACAO: Login efetuado com sucesso pelo utilizador 'gestor_seguranca'.
2026-06-30 09:07:42 [CRITICAL] MÓDULO CAMARAS: Perda de sinal de vídeo na Câmara_04.
2026-06-30 09:08:26 [CRITICAL] MÓDULO BASE_DADOS: Query executada com sucesso pelo utilizador 'convidado_01'.
2026-06-30 09:09:01 [WARNING] MÓDULO BASE_DADOS: Timeout na ligação pelo utilizador 'admin'.
2026-06-30 09:10:02 [ERROR] MÓDULO AUTENTICACAO: Login efetuado com sucesso pelo utilizador 'api_gateway'.
2026-06-30 09:11:03 [WARNING] MÓDULO AUTENTICACAO: Falha na palavra-passe pelo utilizador 'mauri'.
2026-06-30 09:12:08 [ERROR] MÓDULO CAMARAS: Perda de sinal de vídeo na Câmara_04.
2026-06-30 09:13:32 [WARNING] MÓDULO CAMARAS: Perda de sinal de vídeo na Câmara_04.
2026-06-30 09:14:41 [INFO] MÓDULO AUTENTICACAO: Login efetuado com sucesso pelo utilizador 'ana_silva'.
2026-06-30 09:15:34 [CRITICAL] MÓDULO BASE_DADOS: Timeout na ligação pelo utilizador 'admin'.
2026-06-30 09:16:34 [WARNING] MÓDULO BASE_DADOS: Erro de integridade referencial pelo utilizador 'ana_silva'.
2026-06-30 09:17:24 [INFO] MÓDULO CAMARAS: Falha de armazenamento no DVR_02.
2026-06-30 09:18:43 [INFO] MÓDULO AUTENTICACAO: Login efetuado com sucesso pelo utilizador 'mauri'.
2026-06-30 09:19:14 [INFO] MÓDULO AUTENTICACAO: Falha na palavra-passe pelo utilizador 'api_gateway'.
2026-06-30 09:19:44 [WARNING] MÓDULO AUTENTICACAO: Login efetuado com sucesso pelo utilizador 'gestor_seguranca'.
2026-06-30 09:21:08 [ERROR] MÓDULO AUTENTICACAO: Falha na palavra-passe pelo utilizador 'convidado_01'.
2026-06-30 09:21:54 [ERROR] MÓDULO AUTENTICACAO: Falha na palavra-passe pelo utilizador 'ana_silva'.
2026-06-30 09:22:44 [INFO] MÓDULO SENSORES: Sensor de fumos ativo.
2026-06-30 09:23:41 [INFO] MÓDULO CAMARAS: Falha de armazenamento no DVR_02.
2026-06-30 09:25:09 [WARNING] MÓDULO BASE_DADOS: Cópia de segurança (Backup) concluída pelo utilizador 'ana_silva'.
2026-06-30 09:26:24 [CRITICAL] MÓDULO CAMARAS: Falha de armazenamento no DVR_02.
2026-06-30 09:27:32 [CRITICAL] MÓDULO SENSORES: Temperatura da Sala de Servidores acima do normal.
2026-06-30 09:28:38 [INFO] MÓDULO CAMARAS: Falha de armazenamento no DVR_02.
2026-06-30 09:29:48 [INFO] MÓDULO CAMARAS: Gravação iniciada por movimento na Câmara_01.
2026-06-30 09:30:39 [INFO] MÓDULO CAMARAS: Gravação iniciada por movimento na Câmara_01.
2026-06-30 09:31:21 [WARNING] MÓDULO CAMARAS: Perda de sinal de vídeo na Câmara_04.
2026-06-30 09:32:42 [INFO] MÓDULO CAMARAS: Perda de sinal de vídeo na Câmara_04.
2026-06-30 09:33:51 [WARNING] MÓDULO CAMARAS: Perda de sinal de vídeo na Câmara_04.
2026-06-30 09:34:24 [ERROR] MÓDULO BASE_DADOS: Cópia de segurança (Backup) concluída pelo utilizador 'ana_silva'.
2026-06-30 09:35:21 [INFO] MÓDULO AUTENTICACAO: Tentativa de brute-force bloqueada pelo utilizador 'mauri'.
2026-06-30 09:36:11 [ERROR] MÓDULO AUTENTICACAO: Login efetuado com sucesso pelo utilizador 'api_gateway'.
2026-06-30 09:36:49 [INFO] MÓDULO SENSORES: Porta Principal aberta.
2026-06-30 09:38:04 [INFO] MÓDULO AUTENTICACAO: Sessão expirada pelo utilizador 'admin'.
2026-06-30 09:39:16 [INFO] MÓDULO SENSORES: Temperatura da Sala de Servidores acima do normal.
2026-06-30 09:40:27 [WARNING] MÓDULO SENSORES: Movimento detetado no Corredor B.
2026-06-30 09:41:44 [ERROR] MÓDULO CAMARAS: Gravação iniciada por movimento na Câmara_01.
2026-06-30 09:42:24 [WARNING] MÓDULO CAMARAS: Falha de armazenamento no DVR_02.
2026-06-30 09:43:34 [ERROR] MÓDULO AUTENTICACAO: Login efetuado com sucesso pelo utilizador 'convidado_01'.
2026-06-30 09:44:04 [INFO] MÓDULO SENSORES: Porta Principal aberta.
2026-06-30 09:45:06 [WARNING] MÓDULO SENSORES: Sensor de fumos ativo.
2026-06-30 09:45:52 [ERROR] MÓDULO SENSORES: Temperatura da Sala de Servidores acima do normal.
2026-06-30 09:46:22 [CRITICAL] MÓDULO SENSORES: Porta Principal aberta.
2026-06-30 09:47:41 [ERROR] MÓDULO AUTENTICACAO: Sessão expirada pelo utilizador 'gestor_seguranca'.
2026-06-30 09:48:58 [INFO] MÓDULO SENSORES: Sensor de fumos ativo.
2026-06-30 09:50:07 [INFO] MÓDULO BASE_DADOS: Cópia de segurança (Backup) concluída pelo utilizador 'api_gateway'.
2026-06-30 09:51:31 [INFO] MÓDULO SENSORES: Porta Principal aberta.
2026-06-30 09:52:15 [CRITICAL] MÓDULO CAMARAS: Gravação iniciada por movimento na Câmara_01.
2026-06-30 09:53:26 [INFO] MÓDULO BASE_DADOS: Cópia de segurança (Backup) concluída pelo utilizador 'mauri'.
2026-06-30 09:54:29 [WARNING] MÓDULO AUTENTICACAO: Tentativa de brute-force bloqueada pelo utilizador 'api_gateway'.
2026-06-30 09:55:41 [WARNING] MÓDULO AUTENTICACAO: Tentativa de brute-force bloqueada pelo utilizador 'mauri'.
2026-06-30 09:56:11 [INFO] MÓDULO SENSORES: Porta Principal aberta.
2026-06-30 09:56:52 [WARNING] MÓDULO AUTENTICACAO: Tentativa de brute-force bloqueada pelo utilizador 'mauri'.
2026-06-30 09:57:46 [CRITICAL] MÓDULO AUTENTICACAO: Login efetuado com sucesso pelo utilizador 'api_gateway'.
2026-06-30 09:58:20 [ERROR] MÓDULO SENSORES: Sensor de fumos ativo.
2026-06-30 09:58:58 [INFO] MÓDULO AUTENTICACAO: Login efetuado com sucesso pelo utilizador 'api_gateway'.
2026-06-30 09:59:51 [INFO] MÓDULO SENSORES: Sensor de fumos ativo.
2026-06-30 10:01:16 [WARNING] MÓDULO AUTENTICACAO: Falha na palavra-passe pelo utilizador 'gestor_seguranca'.
2026-06-30 10:01:56 [INFO] MÓDULO SENSORES: Sensor de fumos ativo.
2026-06-30 10:03:21 [WARNING] MÓDULO SENSORES: Porta Principal aberta.
2026-06-30 10:04:36 [CRITICAL] MÓDULO SENSORES: Movimento detetado no Corredor B.
2026-06-30 10:05:14 [INFO] MÓDULO CAMARAS: Falha de armazenamento no DVR_02.
2026-06-30 10:06:20 [INFO] MÓDULO CAMARAS: Gravação iniciada por movimento na Câmara_01.
2026-06-30 10:07:29 [INFO] MÓDULO BASE_DADOS: Timeout na ligação pelo utilizador 'gestor_seguranca'.
2026-06-30 10:08:35 [INFO] MÓDULO CAMARAS: Falha de armazenamento no DVR_02.
2026-06-30 10:09:38 [CRITICAL] MÓDULO BASE_DADOS: Cópia de segurança (Backup) concluída pelo utilizador 'api_gateway'.
2026-06-30 10:10:53 [ERROR] MÓDULO CAMARAS: Perda de sinal de vídeo na Câmara_04.
2026-06-30 10:11:50 [ERROR] MÓDULO SENSORES: Porta Principal aberta.
2026-06-30 10:12:41 [INFO] MÓDULO AUTENTICACAO: Tentativa de brute-force bloqueada pelo utilizador 'api_gateway'.
2026-06-30 10:13:27 [CRITICAL] MÓDULO SENSORES: Sensor de fumos ativo.
2026-06-30 10:14:18 [WARNING] MÓDULO CAMARAS: Gravação iniciada por movimento na Câmara_01.
2026-06-30 10:15:26 [ERROR] MÓDULO SENSORES: Temperatura da Sala de Servidores acima do normal.
2026-06-30 10:16:27 [ERROR] MÓDULO SENSORES: Sensor de fumos ativo.
2026-06-30 10:17:08 [WARNING] MÓDULO BASE_DADOS: Timeout na ligação pelo utilizador 'api_gateway'.
2026-06-30 10:18:03 [CRITICAL] MÓDULO SENSORES: Temperatura da Sala de Servidores acima do normal.
2026-06-30 10:18:34 [INFO] MÓDULO BASE_DADOS: Query executada com sucesso pelo utilizador 'admin'.
2026-06-30 10:20:04 [INFO] MÓDULO BASE_DADOS: Cópia de segurança (Backup) concluída pelo utilizador 'convidado_01'.
2026-06-30 10:20:39 [INFO] MÓDULO BASE_DADOS: Erro de integridade referencial pelo utilizador 'mauri'.
2026-06-30 10:21:50 [INFO] MÓDULO BASE_DADOS: Erro de integridade referencial pelo utilizador 'ana_silva'.
2026-06-30 10:23:14 [INFO] MÓDULO AUTENTICACAO: Tentativa de brute-force bloqueada pelo utilizador 'gestor_seguranca'.
2026-06-30 10:24:35 [CRITICAL] MÓDULO SENSORES: Porta Principal aberta.
2026-06-30 10:25:18 [ERROR] MÓDULO AUTENTICACAO: Falha na palavra-passe pelo utilizador 'ana_silva'.
2026-06-30 10:26:35 [INFO] MÓDULO SENSORES: Movimento detetado no Corredor B.
2026-06-30 10:27:33 [INFO] MÓDULO SENSORES: Movimento detetado no Corredor B.
2026-06-30 10:28:23 [WARNING] MÓDULO BASE_DADOS: Cópia de segurança (Backup) concluída pelo utilizador 'gestor_seguranca'.
2026-06-30 10:29:03 [WARNING] MÓDULO AUTENTICACAO: Falha na palavra-passe pelo utilizador 'convidado_01'.
2026-06-30 10:29:58 [INFO] MÓDULO SENSORES: Sensor de fumos ativo.
2026-06-30 10:30:36 [ERROR] MÓDULO CAMARAS: Falha de armazenamento no DVR_02.
2026-06-30 10:31:21 [INFO] MÓDULO CAMARAS: Perda de sinal de vídeo na Câmara_04.
2026-06-30 10:32:41 [ERROR] MÓDULO SENSORES: Movimento detetado no Corredor B.
2026-06-30 10:33:39 [INFO] MÓDULO BASE_DADOS: Query executada com sucesso pelo utilizador 'convidado_01'.
2026-06-30 10:34:13 [INFO] MÓDULO AUTENTICACAO: Falha na palavra-passe pelo utilizador 'nuno_gomes'.
2026-06-30 10:35:33 [ERROR] MÓDULO BASE_DADOS: Timeout na ligação pelo utilizador 'api_gateway'.
2026-06-30 10:36:33 [INFO] MÓDULO BASE_DADOS: Query executada com sucesso pelo utilizador 'nuno_gomes'.
2026-06-30 10:37:22 [INFO] MÓDULO BASE_DADOS: Timeout na ligação pelo utilizador 'gestor_seguranca'.
2026-06-30 10:38:49 [ERROR] MÓDULO SENSORES: Porta Principal aberta.
2026-06-30 10:39:40 [ERROR] MÓDULO CAMARAS: Falha de armazenamento no DVR_02.
2026-06-30 10:41:10 [INFO] MÓDULO CAMARAS: Perda de sinal de vídeo na Câmara_04.
2026-06-30 10:41:55 [ERROR] MÓDULO SENSORES: Sensor de fumos ativo.
2026-06-30 10:43:08 [WARNING] MÓDULO CAMARAS: Perda de sinal de vídeo na Câmara_04.
2026-06-30 10:43:39 [INFO] MÓDULO AUTENTICACAO: Tentativa de brute-force bloqueada pelo utilizador 'mauri'.
2026-06-30 10:44:26 [INFO] MÓDULO AUTENTICACAO: Tentativa de brute-force bloqueada pelo utilizador 'ana_silva'.
2026-06-30 10:45:52 [INFO] MÓDULO BASE_DADOS: Erro de integridade referencial pelo utilizador 'mauri'.
2026-06-30 10:46:58 [INFO] MÓDULO AUTENTICACAO: Login efetuado com sucesso pelo utilizador 'nuno_gomes'.
2026-06-30 10:48:08 [ERROR] MÓDULO AUTENTICACAO: Sessão expirada pelo utilizador 'api_gateway'.
2026-06-30 10:49:13 [INFO] MÓDULO BASE_DADOS: Query executada com sucesso pelo utilizador 'admin'.
2026-06-30 10:50:11 [INFO] MÓDULO CAMARAS: Falha de armazenamento no DVR_02.
2026-06-30 10:51:36 [CRITICAL] MÓDULO AUTENTICACAO: Sessão expirada pelo utilizador 'ana_silva'.
2026-06-30 10:52:40 [WARNING] MÓDULO AUTENTICACAO: Login efetuado com sucesso pelo utilizador 'nuno_gomes'.
2026-06-30 10:54:10 [WARNING] MÓDULO CAMARAS: Falha de armazenamento no DVR_02.
2026-06-30 10:55:33 [WARNING] MÓDULO SENSORES: Temperatura da Sala de Servidores acima do normal.
2026-06-30 10:56:52 [INFO] MÓDULO BASE_DADOS: Cópia de segurança (Backup) concluída pelo utilizador 'ana_silva'.
2026-06-30 10:57:24 [WARNING] MÓDULO BASE_DADOS: Cópia de segurança (Backup) concluída pelo utilizador 'admin'.
2026-06-30 10:58:10 [INFO] MÓDULO SENSORES: Porta Principal aberta.
2026-06-30 10:58:55 [INFO] MÓDULO SENSORES: Temperatura da Sala de Servidores acima do normal.
2026-06-30 11:00:11 [WARNING] MÓDULO AUTENTICACAO: Tentativa de brute-force bloqueada pelo utilizador 'convidado_01'.
2026-06-30 11:01:24 [CRITICAL] MÓDULO BASE_DADOS: Erro de integridade referencial pelo utilizador 'nuno_gomes'.
2026-06-30 11:02:02 [INFO] MÓDULO SENSORES: Sensor de fumos ativo.
2026-06-30 11:02:57 [INFO] MÓDULO SENSORES: Temperatura da Sala de Servidores acima do normal.
2026-06-30 11:03:49 [WARNING] MÓDULO CAMARAS: Falha de armazenamento no DVR_02.
2026-06-30 11:04:40 [WARNING] MÓDULO AUTENTICACAO: Sessão expirada pelo utilizador 'mauri'.
2026-06-30 11:05:14 [WARNING] MÓDULO SENSORES: Temperatura da Sala de Servidores acima do normal.
2026-06-30 11:06:16 [WARNING] MÓDULO AUTENTICACAO: Falha na palavra-passe pelo utilizador 'gestor_seguranca'.
2026-06-30 11:07:10 [WARNING] MÓDULO AUTENTICACAO: Tentativa de brute-force bloqueada pelo utilizador 'nuno_gomes'.
2026-06-30 11:08:33 [CRITICAL] MÓDULO CAMARAS: Falha de armazenamento no DVR_02.
2026-06-30 11:09:31 [CRITICAL] MÓDULO SENSORES: Porta Principal aberta.
2026-06-30 11:10:40 [CRITICAL] MÓDULO BASE_DADOS: Cópia de segurança (Backup) concluída pelo utilizador 'admin'.
2026-06-30 11:11:47 [CRITICAL] MÓDULO BASE_DADOS: Erro de integridade referencial pelo utilizador 'admin'.
2026-06-30 11:12:27 [INFO] MÓDULO BASE_DADOS: Cópia de segurança (Backup) concluída pelo utilizador 'ana_silva'.
2026-06-30 11:12:58 [INFO] MÓDULO CAMARAS: Gravação iniciada por movimento na Câmara_01.
2026-06-30 11:13:41 [ERROR] MÓDULO CAMARAS: Gravação iniciada por movimento na Câmara_01.
2026-06-30 11:14:53 [INFO] MÓDULO CAMARAS: Falha de armazenamento no DVR_02.
2026-06-30 11:15:23 [INFO] MÓDULO AUTENTICACAO: Falha na palavra-passe pelo utilizador 'admin'.
2026-06-30 11:16:15 [INFO] MÓDULO BASE_DADOS: Query executada com sucesso pelo utilizador 'mauri'.
2026-06-30 11:16:54 [INFO] MÓDULO SENSORES: Movimento detetado no Corredor B.
2026-06-30 11:18:03 [INFO] MÓDULO BASE_DADOS: Timeout na ligação pelo utilizador 'convidado_01'.
2026-06-30 11:18:48 [INFO] MÓDULO AUTENTICACAO: Sessão expirada pelo utilizador 'convidado_01'.
2026-06-30 11:19:20 [CRITICAL] MÓDULO BASE_DADOS: Cópia de segurança (Backup) concluída pelo utilizador 'api_gateway'.
2026-06-30 11:20:22 [WARNING] MÓDULO SENSORES: Sensor de fumos ativo.
2026-06-30 11:21:00 [INFO] MÓDULO SENSORES: Temperatura da Sala de Servidores acima do normal.
2026-06-30 11:21:40 [ERROR] MÓDULO SENSORES: Sensor de fumos ativo.
2026-06-30 11:22:18 [INFO] MÓDULO CAMARAS: Perda de sinal de vídeo na Câmara_04.
2026-06-30 11:23:12 [ERROR] MÓDULO SENSORES: Sensor de fumos ativo.
2026-06-30 11:24:36 [ERROR] MÓDULO BASE_DADOS: Timeout na ligação pelo utilizador 'admin'.
2026-06-30 11:25:11 [ERROR] MÓDULO BASE_DADOS: Erro de integridade referencial pelo utilizador 'convidado_01'.
2026-06-30 11:25:49 [INFO] MÓDULO SENSORES: Porta Principal aberta.
2026-06-30 11:26:40 [CRITICAL] MÓDULO CAMARAS: Perda de sinal de vídeo na Câmara_04.
2026-06-30 11:28:06 [INFO] MÓDULO AUTENTICACAO: Sessão expirada pelo utilizador 'gestor_seguranca'.
2026-06-30 11:29:10 [CRITICAL] MÓDULO BASE_DADOS: Erro de integridade referencial pelo utilizador 'ana_silva'.
2026-06-30 11:29:57 [CRITICAL] MÓDULO CAMARAS: Perda de sinal de vídeo na Câmara_04.
2026-06-30 11:30:38 [CRITICAL] MÓDULO AUTENTICACAO: Login efetuado com sucesso pelo utilizador 'ana_silva'.
2026-06-30 11:32:00 [ERROR] MÓDULO CAMARAS: Gravação iniciada por movimento na Câmara_01.
2026-06-30 11:33:23 [INFO] MÓDULO SENSORES: Porta Principal aberta.
2026-06-30 11:33:56 [CRITICAL] MÓDULO SENSORES: Porta Principal aberta.
2026-06-30 11:34:46 [CRITICAL] MÓDULO CAMARAS: Falha de armazenamento no DVR_02.
2026-06-30 11:36:07 [WARNING] MÓDULO BASE_DADOS: Query executada com sucesso pelo utilizador 'ana_silva'.
2026-06-30 11:37:06 [INFO] MÓDULO BASE_DADOS: Cópia de segurança (Backup) concluída pelo utilizador 'convidado_01'.
2026-06-30 11:37:55 [WARNING] MÓDULO SENSORES: Porta Principal aberta.
2026-06-30 11:38:51 [INFO] MÓDULO BASE_DADOS: Timeout na ligação pelo utilizador 'api_gateway'.
2026-06-30 11:39:40 [ERROR] MÓDULO AUTENTICACAO: Login efetuado com sucesso pelo utilizador 'nuno_gomes'.
2026-06-30 11:40:35 [CRITICAL] MÓDULO AUTENTICACAO: Tentativa de brute-force bloqueada pelo utilizador 'mauri'.
2026-06-30 11:41:49 [ERROR] MÓDULO CAMARAS: Perda de sinal de vídeo na Câmara_04.
2026-06-30 11:43:11 [CRITICAL] MÓDULO AUTENTICACAO: Tentativa de brute-force bloqueada pelo utilizador 'gestor_seguranca'.
2026-06-30 11:44:12 [INFO] MÓDULO AUTENTICACAO: Falha na palavra-passe pelo utilizador 'ana_silva'.
2026-06-30 11:45:25 [ERROR] MÓDULO AUTENTICACAO: Sessão expirada pelo utilizador 'nuno_gomes'.
2026-06-30 11:46:35 [INFO] MÓDULO AUTENTICACAO: Login efetuado com sucesso pelo utilizador 'gestor_seguranca'.
2026-06-30 11:47:29 [INFO] MÓDULO AUTENTICACAO: Tentativa de brute-force bloqueada pelo utilizador 'gestor_seguranca'.
2026-06-30 11:48:48 [ERROR] MÓDULO AUTENTICACAO: Sessão expirada pelo utilizador 'nuno_gomes'.
2026-06-30 11:49:23 [CRITICAL] MÓDULO SENSORES: Porta Principal aberta.
2026-06-30 11:50:30 [CRITICAL] MÓDULO SENSORES: Movimento detetado no Corredor B.
2026-06-30 11:51:05 [CRITICAL] MÓDULO SENSORES: Temperatura da Sala de Servidores acima do normal.
2026-06-30 11:52:03 [INFO] MÓDULO AUTENTICACAO: Sessão expirada pelo utilizador 'admin'.
2026-06-30 11:52:45 [INFO] MÓDULO AUTENTICACAO: Tentativa de brute-force bloqueada pelo utilizador 'ana_silva'.
2026-06-30 11:53:31 [INFO] MÓDULO CAMARAS: Falha de armazenamento no DVR_02.
2026-06-30 11:54:37 [ERROR] MÓDULO SENSORES: Porta Principal aberta.
2026-06-30 11:55:21 [ERROR] MÓDULO AUTENTICACAO: Login efetuado com sucesso pelo utilizador 'gestor_seguranca'.
2026-06-30 11:56:08 [INFO] MÓDULO CAMARAS: Falha de armazenamento no DVR_02.
2026-06-30 11:57:06 [INFO] MÓDULO BASE_DADOS: Cópia de segurança (Backup) concluída pelo utilizador 'ana_silva'.
2026-06-30 11:58:30 [INFO] MÓDULO SENSORES: Movimento detetado no Corredor B.
2026-06-30 11:59:02 [INFO] MÓDULO BASE_DADOS: Timeout na ligação pelo utilizador 'ana_silva'.
2026-06-30 11:59:32 [WARNING] MÓDULO SENSORES: Sensor de fumos ativo.
2026-06-30 12:00:13 [INFO] MÓDULO CAMARAS: Gravação iniciada por movimento na Câmara_01.
2026-06-30 12:01:02 [ERROR] MÓDULO AUTENTICACAO: Sessão expirada pelo utilizador 'admin'.
2026-06-30 12:02:02 [INFO] MÓDULO AUTENTICACAO: Login efetuado com sucesso pelo utilizador 'mauri'.
2026-06-30 12:03:24 [INFO] MÓDULO BASE_DADOS: Cópia de segurança (Backup) concluída pelo utilizador 'mauri'.
2026-06-30 12:04:43 [CRITICAL] MÓDULO BASE_DADOS: Cópia de segurança (Backup) concluída pelo utilizador 'convidado_01'.
2026-06-30 12:05:29 [CRITICAL] MÓDULO SENSORES: Movimento detetado no Corredor B.
2026-06-30 12:06:51 [INFO] MÓDULO SENSORES: Temperatura da Sala de Servidores acima do normal.
2026-06-30 12:07:27 [CRITICAL] MÓDULO BASE_DADOS: Erro de integridade referencial pelo utilizador 'admin'.
2026-06-30 12:08:49 [WARNING] MÓDULO BASE_DADOS: Erro de integridade referencial pelo utilizador 'ana_silva'.
2026-06-30 12:10:06 [INFO] MÓDULO BASE_DADOS: Erro de integridade referencial pelo utilizador 'gestor_seguranca'.
2026-06-30 12:10:40 [INFO] MÓDULO AUTENTICACAO: Falha na palavra-passe pelo utilizador 'ana_silva'.
2026-06-30 12:11:51 [ERROR] MÓDULO SENSORES: Movimento detetado no Corredor B.
2026-06-30 12:13:02 [ERROR] MÓDULO CAMARAS: Perda de sinal de vídeo na Câmara_04.
2026-06-30 12:14:17 [CRITICAL] MÓDULO AUTENTICACAO: Falha na palavra-passe pelo utilizador 'ana_silva'.
2026-06-30 12:15:43 [INFO] MÓDULO CAMARAS: Gravação iniciada por movimento na Câmara_01.
2026-06-30 12:16:13 [INFO] MÓDULO BASE_DADOS: Erro de integridade referencial pelo utilizador 'ana_silva'.
2026-06-30 12:17:37 [INFO] MÓDULO AUTENTICACAO: Login efetuado com sucesso pelo utilizador 'ana_silva'.
2026-06-30 12:18:17 [INFO] MÓDULO CAMARAS: Gravação iniciada por movimento na Câmara_01.
2026-06-30 12:19:32 [INFO] MÓDULO AUTENTICACAO: Tentativa de brute-force bloqueada pelo utilizador 'api_gateway'.
2026-06-30 12:20:29 [INFO] MÓDULO SENSORES: Porta Principal aberta.
2026-06-30 12:21:13 [INFO] MÓDULO AUTENTICACAO: Sessão expirada pelo utilizador 'api_gateway'.
2026-06-30 12:22:28 [INFO] MÓDULO SENSORES: Temperatura da Sala de Servidores acima do normal.
2026-06-30 12:23:01 [WARNING] MÓDULO CAMARAS: Gravação iniciada por movimento na Câmara_01.
2026-06-30 12:23:37 [INFO] MÓDULO BASE_DADOS: Query executada com sucesso pelo utilizador 'nuno_gomes'.
2026-06-30 12:25:02 [INFO] MÓDULO BASE_DADOS: Cópia de segurança (Backup) concluída pelo utilizador 'mauri'.
2026-06-30 12:25:40 [INFO] MÓDULO BASE_DADOS: Timeout na ligação pelo utilizador 'admin'.
2026-06-30 12:26:10 [ERROR] MÓDULO CAMARAS: Gravação iniciada por movimento na Câmara_01.
2026-06-30 12:27:21 [WARNING] MÓDULO CAMARAS: Gravação iniciada por movimento na Câmara_01.
2026-06-30 12:27:55 [ERROR] MÓDULO CAMARAS: Falha de armazenamento no DVR_02.
2026-06-30 12:28:37 [ERROR] MÓDULO AUTENTICACAO: Tentativa de brute-force bloqueada pelo utilizador 'gestor_seguranca'.
2026-06-30 12:29:22 [INFO] MÓDULO SENSORES: Temperatura da Sala de Servidores acima do normal.
2026-06-30 12:30:25 [INFO] MÓDULO CAMARAS: Falha de armazenamento no DVR_02.
2026-06-30 12:31:43 [INFO] MÓDULO CAMARAS: Perda de sinal de vídeo na Câmara_04.
2026-06-30 12:32:18 [INFO] MÓDULO BASE_DADOS: Erro de integridade referencial pelo utilizador 'ana_silva'.
2026-06-30 12:33:42 [CRITICAL] MÓDULO SENSORES: Temperatura da Sala de Servidores acima do normal.
2026-06-30 12:34:34 [CRITICAL] MÓDULO BASE_DADOS: Erro de integridade referencial pelo utilizador 'ana_silva'.
2026-06-30 12:35:44 [CRITICAL] MÓDULO SENSORES: Movimento detetado no Corredor B.
2026-06-30 12:36:54 [ERROR] MÓDULO BASE_DADOS: Cópia de segurança (Backup) concluída pelo utilizador 'ana_silva'.
2026-06-30 12:37:45 [INFO] MÓDULO SENSORES: Sensor de fumos ativo.
2026-06-30 12:39:12 [INFO] MÓDULO CAMARAS: Perda de sinal de vídeo na Câmara_04.
2026-06-30 12:40:27 [WARNING] MÓDULO CAMARAS: Gravação iniciada por movimento na Câmara_01.
2026-06-30 12:40:58 [ERROR] MÓDULO SENSORES: Sensor de fumos ativo.
2026-06-30 12:42:05 [INFO] MÓDULO SENSORES: Movimento detetado no Corredor B.
2026-06-30 12:43:35 [INFO] MÓDULO BASE_DADOS: Cópia de segurança (Backup) concluída pelo utilizador 'admin'.
2026-06-30 12:45:03 [ERROR] MÓDULO SENSORES: Movimento detetado no Corredor B.
2026-06-30 12:46:06 [INFO] MÓDULO AUTENTICACAO: Login efetuado com sucesso pelo utilizador 'nuno_gomes'.
2026-06-30 12:47:07 [WARNING] MÓDULO BASE_DADOS: Cópia de segurança (Backup) concluída pelo utilizador 'nuno_gomes'.
2026-06-30 12:48:21 [CRITICAL] MÓDULO SENSORES: Temperatura da Sala de Servidores acima do normal.
2026-06-30 12:49:34 [INFO] MÓDULO SENSORES: Porta Principal aberta.
2026-06-30 12:50:24 [INFO] MÓDULO BASE_DADOS: Erro de integridade referencial pelo utilizador 'nuno_gomes'.
2026-06-30 12:51:24 [INFO] MÓDULO BASE_DADOS: Query executada com sucesso pelo utilizador 'admin'.
2026-06-30 12:51:55 [WARNING] MÓDULO BASE_DADOS: Query executada com sucesso pelo utilizador 'api_gateway'.
2026-06-30 12:52:52 [WARNING] MÓDULO SENSORES: Sensor de fumos ativo.
2026-06-30 12:54:17 [CRITICAL] MÓDULO SENSORES: Sensor de fumos ativo.
2026-06-30 12:55:17 [INFO] MÓDULO CAMARAS: Perda de sinal de vídeo na Câmara_04.
2026-06-30 12:56:10 [CRITICAL] MÓDULO AUTENTICACAO: Falha na palavra-passe pelo utilizador 'mauri'.
2026-06-30 12:57:01 [CRITICAL] MÓDULO SENSORES: Temperatura da Sala de Servidores acima do normal.
2026-06-30 12:58:23 [CRITICAL] MÓDULO SENSORES: Porta Principal aberta.
2026-06-30 12:59:28 [CRITICAL] MÓDULO BASE_DADOS: Query executada com sucesso pelo utilizador 'nuno_gomes'.
2026-06-30 13:00:07 [CRITICAL] MÓDULO CAMARAS: Perda de sinal de vídeo na Câmara_04.
2026-06-30 13:01:20 [ERROR] MÓDULO CAMARAS: Perda de sinal de vídeo na Câmara_04.
2026-06-30 13:02:08 [ERROR] MÓDULO BASE_DADOS: Erro de integridade referencial pelo utilizador 'admin'.
2026-06-30 13:03:14 [INFO] MÓDULO AUTENTICACAO: Falha na palavra-passe pelo utilizador 'convidado_01'.
2026-06-30 13:04:27 [ERROR] MÓDULO CAMARAS: Perda de sinal de vídeo na Câmara_04.
2026-06-30 13:05:00 [ERROR] MÓDULO CAMARAS: Perda de sinal de vídeo na Câmara_04.
2026-06-30 13:06:21 [WARNING] MÓDULO SENSORES: Porta Principal aberta.
2026-06-30 13:07:01 [INFO] MÓDULO AUTENTICACAO: Sessão expirada pelo utilizador 'nuno_gomes'.
2026-06-30 13:08:25 [INFO] MÓDULO BASE_DADOS: Erro de integridade referencial pelo utilizador 'mauri'.
2026-06-30 13:09:43 [INFO] MÓDULO AUTENTICACAO: Tentativa de brute-force bloqueada pelo utilizador 'nuno_gomes'.
2026-06-30 13:11:06 [CRITICAL] MÓDULO BASE_DADOS: Query executada com sucesso pelo utilizador 'nuno_gomes'.
2026-06-30 13:12:20 [CRITICAL] MÓDULO AUTENTICACAO: Falha na palavra-passe pelo utilizador 'nuno_gomes'.
2026-06-30 13:12:51 [INFO] MÓDULO CAMARAS: Perda de sinal de vídeo na Câmara_04.
2026-06-30 13:13:59 [WARNING] MÓDULO SENSORES: Movimento detetado no Corredor B.
2026-06-30 13:15:00 [CRITICAL] MÓDULO BASE_DADOS: Timeout na ligação pelo utilizador 'mauri'.
2026-06-30 13:15:30 [INFO] MÓDULO SENSORES: Porta Principal aberta.
2026-06-30 13:16:07 [CRITICAL] MÓDULO CAMARAS: Perda de sinal de vídeo na Câmara_04.
2026-06-30 13:16:58 [WARNING] MÓDULO CAMARAS: Perda de sinal de vídeo na Câmara_04.
2026-06-30 13:18:22 [CRITICAL] MÓDULO SENSORES: Sensor de fumos ativo.
2026-06-30 13:19:39 [CRITICAL] MÓDULO SENSORES: Porta Principal aberta.
2026-06-30 13:20:37 [ERROR] MÓDULO CAMARAS: Gravação iniciada por movimento na Câmara_01.
2026-06-30 13:21:39 [CRITICAL] MÓDULO BASE_DADOS: Query executada com sucesso pelo utilizador 'ana_silva'.
2026-06-30 13:23:05 [CRITICAL] MÓDULO SENSORES: Movimento detetado no Corredor B.
2026-06-30 13:24:11 [INFO] MÓDULO SENSORES: Temperatura da Sala de Servidores acima do normal.
2026-06-30 13:25:11 [INFO] MÓDULO AUTENTICACAO: Falha na palavra-passe pelo utilizador 'mauri'.
2026-06-30 13:25:44 [ERROR] MÓDULO AUTENTICACAO: Login efetuado com sucesso pelo utilizador 'mauri'.
2026-06-30 13:26:18 [ERROR] MÓDULO SENSORES: Movimento detetado no Corredor B.
2026-06-30 13:26:56 [WARNING] MÓDULO SENSORES: Sensor de fumos ativo.
2026-06-30 13:28:23 [CRITICAL] MÓDULO SENSORES: Temperatura da Sala de Servidores acima do normal.
2026-06-30 13:29:05 [ERROR] MÓDULO AUTENTICACAO: Tentativa de brute-force bloqueada pelo utilizador 'gestor_seguranca'.
2026-06-30 13:30:32 [INFO] MÓDULO SENSORES: Temperatura da Sala de Servidores acima do normal.
2026-06-30 13:31:50 [CRITICAL] MÓDULO BASE_DADOS: Erro de integridade referencial pelo utilizador 'mauri'.
2026-06-30 13:32:51 [WARNING] MÓDULO CAMARAS: Gravação iniciada por movimento na Câmara_01.
2026-06-30 13:34:11 [INFO] MÓDULO BASE_DADOS: Query executada com sucesso pelo utilizador 'ana_silva'.
2026-06-30 13:35:08 [CRITICAL] MÓDULO BASE_DADOS: Timeout na ligação pelo utilizador 'nuno_gomes'.
2026-06-30 13:35:50 [INFO] MÓDULO AUTENTICACAO: Tentativa de brute-force bloqueada pelo utilizador 'nuno_gomes'.
2026-06-30 13:36:36 [ERROR] MÓDULO AUTENTICACAO: Login efetuado com sucesso pelo utilizador 'admin'.
2026-06-30 13:37:57 [CRITICAL] MÓDULO CAMARAS: Gravação iniciada por movimento na Câmara_01.
2026-06-30 13:38:29 [ERROR] MÓDULO BASE_DADOS: Cópia de segurança (Backup) concluída pelo utilizador 'nuno_gomes'.
2026-06-30 13:39:51 [INFO] MÓDULO BASE_DADOS: Timeout na ligação pelo utilizador 'gestor_seguranca'.
2026-06-30 13:40:32 [ERROR] MÓDULO CAMARAS: Gravação iniciada por movimento na Câmara_01.
2026-06-30 13:41:48 [INFO] MÓDULO BASE_DADOS: Cópia de segurança (Backup) concluída pelo utilizador 'convidado_01'.
2026-06-30 13:42:47 [CRITICAL] MÓDULO AUTENTICACAO: Login efetuado com sucesso pelo utilizador 'convidado_01'.
2026-06-30 13:43:33 [ERROR] MÓDULO SENSORES: Movimento detetado no Corredor B.
2026-06-30 13:44:54 [INFO] MÓDULO CAMARAS: Falha de armazenamento no DVR_02.
2026-06-30 13:45:57 [ERROR] MÓDULO BASE_DADOS: Query executada com sucesso pelo utilizador 'gestor_seguranca'.
2026-06-30 13:47:03 [ERROR] MÓDULO AUTENTICACAO: Login efetuado com sucesso pelo utilizador 'api_gateway'.
2026-06-30 13:48:11 [INFO] MÓDULO BASE_DADOS: Erro de integridade referencial pelo utilizador 'ana_silva'.
2026-06-30 13:49:24 [INFO] MÓDULO CAMARAS: Falha de armazenamento no DVR_02.
2026-06-30 13:50:52 [INFO] MÓDULO AUTENTICACAO: Login efetuado com sucesso pelo utilizador 'admin'.
2026-06-30 13:51:58 [CRITICAL] MÓDULO SENSORES: Movimento detetado no Corredor B.
2026-06-30 13:53:04 [ERROR] MÓDULO CAMARAS: Gravação iniciada por movimento na Câmara_01.
2026-06-30 13:54:26 [CRITICAL] MÓDULO AUTENTICACAO: Login efetuado com sucesso pelo utilizador 'ana_silva'.
2026-06-30 13:55:47 [INFO] MÓDULO BASE_DADOS: Erro de integridade referencial pelo utilizador 'gestor_seguranca'.
2026-06-30 13:57:05 [CRITICAL] MÓDULO SENSORES: Movimento detetado no Corredor B.
2026-06-30 13:57:44 [ERROR] MÓDULO CAMARAS: Falha de armazenamento no DVR_02.
2026-06-30 13:58:33 [INFO] MÓDULO BASE_DADOS: Query executada com sucesso pelo utilizador 'admin'.
2026-06-30 13:59:49 [ERROR] MÓDULO CAMARAS: Perda de sinal de vídeo na Câmara_04.
2026-06-30 14:00:25 [INFO] MÓDULO SENSORES: Porta Principal aberta.
2026-06-30 14:01:33 [WARNING] MÓDULO CAMARAS: Falha de armazenamento no DVR_02.
2026-06-30 14:02:27 [INFO] MÓDULO AUTENTICACAO: Tentativa de brute-force bloqueada pelo utilizador 'mauri'.
2026-06-30 14:03:23 [INFO] MÓDULO AUTENTICACAO: Sessão expirada pelo utilizador 'api_gateway'.
2026-06-30 14:04:49 [INFO] MÓDULO SENSORES: Sensor de fumos ativo.
2026-06-30 14:05:44 [WARNING] MÓDULO CAMARAS: Perda de sinal de vídeo na Câmara_04.
2026-06-30 14:06:19 [INFO] MÓDULO AUTENTICACAO: Falha na palavra-passe pelo utilizador 'gestor_seguranca'.
2026-06-30 14:06:54 [INFO] MÓDULO CAMARAS: Falha de armazenamento no DVR_02.
2026-06-30 14:07:29 [INFO] MÓDULO CAMARAS: Perda de sinal de vídeo na Câmara_04.
2026-06-30 14:08:17 [ERROR] MÓDULO BASE_DADOS: Query executada com sucesso pelo utilizador 'nuno_gomes'.
2026-06-30 14:08:53 [INFO] MÓDULO SENSORES: Sensor de fumos ativo.
2026-06-30 14:09:50 [WARNING] MÓDULO AUTENTICACAO: Sessão expirada pelo utilizador 'api_gateway'.
2026-06-30 14:10:34 [ERROR] MÓDULO AUTENTICACAO: Falha na palavra-passe pelo utilizador 'convidado_01'.
2026-06-30 14:11:48 [CRITICAL] MÓDULO AUTENTICACAO: Tentativa de brute-force bloqueada pelo utilizador 'convidado_01'.
2026-06-30 14:13:13 [WARNING] MÓDULO AUTENTICACAO: Sessão expirada pelo utilizador 'gestor_seguranca'.
2026-06-30 14:14:33 [INFO] MÓDULO BASE_DADOS: Cópia de segurança (Backup) concluída pelo utilizador 'convidado_01'.
2026-06-30 14:15:37 [CRITICAL] MÓDULO AUTENTICACAO: Falha na palavra-passe pelo utilizador 'admin'.
2026-06-30 14:16:46 [WARNING] MÓDULO SENSORES: Porta Principal aberta.
2026-06-30 14:17:48 [ERROR] MÓDULO SENSORES: Porta Principal aberta.
2026-06-30 14:19:10 [ERROR] MÓDULO BASE_DADOS: Erro de integridade referencial pelo utilizador 'convidado_01'.
2026-06-30 14:20:36 [INFO] MÓDULO BASE_DADOS: Cópia de segurança (Backup) concluída pelo utilizador 'convidado_01'.
2026-06-30 14:21:37 [INFO] MÓDULO CAMARAS: Gravação iniciada por movimento na Câmara_01.
2026-06-30 14:22:21 [CRITICAL] MÓDULO BASE_DADOS: Query executada com sucesso pelo utilizador 'api_gateway'.
2026-06-30 14:23:11 [ERROR] MÓDULO AUTENTICACAO: Falha na palavra-passe pelo utilizador 'api_gateway'.
2026-06-30 14:23:57 [INFO] MÓDULO AUTENTICACAO: Login efetuado com sucesso pelo utilizador 'convidado_01'.
2026-06-30 14:25:13 [INFO] MÓDULO CAMARAS: Falha de armazenamento no DVR_02.
2026-06-30 14:25:56 [CRITICAL] MÓDULO SENSORES: Movimento detetado no Corredor B.
2026-06-30 14:26:40 [INFO] MÓDULO CAMARAS: Perda de sinal de vídeo na Câmara_04.
2026-06-30 14:28:08 [CRITICAL] MÓDULO CAMARAS: Falha de armazenamento no DVR_02.
2026-06-30 14:29:24 [INFO] MÓDULO SENSORES: Porta Principal aberta.
2026-06-30 14:30:01 [WARNING] MÓDULO AUTENTICACAO: Tentativa de brute-force bloqueada pelo utilizador 'nuno_gomes'.
2026-06-30 14:31:24 [CRITICAL] MÓDULO AUTENTICACAO: Tentativa de brute-force bloqueada pelo utilizador 'admin'.
2026-06-30 14:32:40 [ERROR] MÓDULO BASE_DADOS: Cópia de segurança (Backup) concluída pelo utilizador 'ana_silva'.
2026-06-30 14:33:23 [INFO] MÓDULO SENSORES: Temperatura da Sala de Servidores acima do normal.
2026-06-30 14:34:19 [INFO] MÓDULO AUTENTICACAO: Tentativa de brute-force bloqueada pelo utilizador 'nuno_gomes'.
2026-06-30 14:35:27 [CRITICAL] MÓDULO SENSORES: Porta Principal aberta.
2026-06-30 14:36:37 [CRITICAL] MÓDULO SENSORES: Movimento detetado no Corredor B.
2026-06-30 14:38:02 [CRITICAL] MÓDULO BASE_DADOS: Query executada com sucesso pelo utilizador 'admin'.
2026-06-30 14:38:51 [INFO] MÓDULO CAMARAS: Perda de sinal de vídeo na Câmara_04.
2026-06-30 14:39:43 [WARNING] MÓDULO CAMARAS: Gravação iniciada por movimento na Câmara_01.
2026-06-30 14:40:18 [CRITICAL] MÓDULO BASE_DADOS: Erro de integridade referencial pelo utilizador 'admin'.
2026-06-30 14:41:44 [ERROR] MÓDULO BASE_DADOS: Erro de integridade referencial pelo utilizador 'mauri'.
2026-06-30 14:42:24 [CRITICAL] MÓDULO CAMARAS: Falha de armazenamento no DVR_02.
2026-06-30 14:43:45 [ERROR] MÓDULO AUTENTICACAO: Login efetuado com sucesso pelo utilizador 'convidado_01'.
2026-06-30 14:44:26 [INFO] MÓDULO AUTENTICACAO: Tentativa de brute-force bloqueada pelo utilizador 'admin'.
2026-06-30 14:45:40 [ERROR] MÓDULO AUTENTICACAO: Login efetuado com sucesso pelo utilizador 'gestor_seguranca'.
2026-06-30 14:46:54 [INFO] MÓDULO CAMARAS: Gravação iniciada por movimento na Câmara_01.
2026-06-30 14:47:25 [WARNING] MÓDULO BASE_DADOS: Erro de integridade referencial pelo utilizador 'mauri'.
2026-06-30 14:48:19 [INFO] MÓDULO AUTENTICACAO: Falha na palavra-passe pelo utilizador 'admin'.
2026-06-30 14:49:31 [ERROR] MÓDULO AUTENTICACAO: Login efetuado com sucesso pelo utilizador 'admin'.
2026-06-30 14:50:23 [WARNING] MÓDULO BASE_DADOS: Query executada com sucesso pelo utilizador 'admin'.
2026-06-30 14:51:41 [INFO] MÓDULO BASE_DADOS: Query executada com sucesso pelo utilizador 'convidado_01'.
2026-06-30 14:52:43 [INFO] MÓDULO BASE_DADOS: Query executada com sucesso pelo utilizador 'mauri'.
2026-06-30 14:53:26 [INFO] MÓDULO SENSORES: Sensor de fumos ativo.
2026-06-30 14:54:51 [CRITICAL] MÓDULO AUTENTICACAO: Login efetuado com sucesso pelo utilizador 'mauri'.
2026-06-30 14:55:21 [ERROR] MÓDULO CAMARAS: Falha de armazenamento no DVR_02.
2026-06-30 14:56:12 [ERROR] MÓDULO CAMARAS: Falha de armazenamento no DVR_02.
2026-06-30 14:57:01 [INFO] MÓDULO BASE_DADOS: Erro de integridade referencial pelo utilizador 'api_gateway'.
2026-06-30 14:57:35 [INFO] MÓDULO SENSORES: Porta Principal aberta.
2026-06-30 14:58:29 [ERROR] MÓDULO BASE_DADOS: Timeout na ligação pelo utilizador 'gestor_seguranca'.
2026-06-30 14:59:20 [WARNING] MÓDULO SENSORES: Temperatura da Sala de Servidores acima do normal.
2026-06-30 15:00:18 [INFO] MÓDULO BASE_DADOS: Cópia de segurança (Backup) concluída pelo utilizador 'ana_silva'.
2026-06-30 15:01:09 [WARNING] MÓDULO BASE_DADOS: Cópia de segurança (Backup) concluída pelo utilizador 'admin'.
2026-06-30 15:02:18 [INFO] MÓDULO AUTENTICACAO: Falha na palavra-passe pelo utilizador 'admin'.
2026-06-30 15:03:47 [WARNING] MÓDULO AUTENTICACAO: Tentativa de brute-force bloqueada pelo utilizador 'mauri'.
2026-06-30 15:04:56 [CRITICAL] MÓDULO BASE_DADOS: Query executada com sucesso pelo utilizador 'convidado_01'.
2026-06-30 15:06:08 [CRITICAL] MÓDULO CAMARAS: Falha de armazenamento no DVR_02.
2026-06-30 15:07:20 [WARNING] MÓDULO CAMARAS: Perda de sinal de vídeo na Câmara_04.
2026-06-30 15:08:20 [INFO] MÓDULO BASE_DADOS: Query executada com sucesso pelo utilizador 'convidado_01'.
2026-06-30 15:09:21 [INFO] MÓDULO SENSORES: Porta Principal aberta.
2026-06-30 15:10:45 [WARNING] MÓDULO BASE_DADOS: Timeout na ligação pelo utilizador 'ana_silva'.
2026-06-30 15:11:20 [ERROR] MÓDULO SENSORES: Movimento detetado no Corredor B.
2026-06-30 15:12:25 [INFO] MÓDULO CAMARAS: Falha de armazenamento no DVR_02.
2026-06-30 15:13:50 [INFO] MÓDULO CAMARAS: Perda de sinal de vídeo na Câmara_04.
2026-06-30 15:14:49 [INFO] MÓDULO SENSORES: Sensor de fumos ativo.
2026-06-30 15:16:19 [ERROR] MÓDULO AUTENTICACAO: Sessão expirada pelo utilizador 'convidado_01'.
2026-06-30 15:17:19 [INFO] MÓDULO CAMARAS: Falha de armazenamento no DVR_02.
2026-06-30 15:17:55 [CRITICAL] MÓDULO CAMARAS: Falha de armazenamento no DVR_02.
2026-06-30 15:18:55 [INFO] MÓDULO AUTENTICACAO: Sessão expirada pelo utilizador 'mauri'.
2026-06-30 15:20:09 [CRITICAL] MÓDULO BASE_DADOS: Timeout na ligação pelo utilizador 'api_gateway'.
2026-06-30 15:21:25 [ERROR] MÓDULO BASE_DADOS: Timeout na ligação pelo utilizador 'api_gateway'.
2026-06-30 15:22:37 [WARNING] MÓDULO AUTENTICACAO: Tentativa de brute-force bloqueada pelo utilizador 'convidado_01'.
2026-06-30 15:23:52 [CRITICAL] MÓDULO AUTENTICACAO: Login efetuado com sucesso pelo utilizador 'nuno_gomes'.
2026-06-30 15:24:32 [INFO] MÓDULO BASE_DADOS: Timeout na ligação pelo utilizador 'api_gateway'.
2026-06-30 15:25:13 [WARNING] MÓDULO SENSORES: Temperatura da Sala de Servidores acima do normal.
2026-06-30 15:26:22 [INFO] MÓDULO CAMARAS: Gravação iniciada por movimento na Câmara_01.
2026-06-30 15:27:04 [ERROR] MÓDULO AUTENTICACAO: Sessão expirada pelo utilizador 'nuno_gomes'.
2026-06-30 15:27:48 [CRITICAL] MÓDULO CAMARAS: Perda de sinal de vídeo na Câmara_04.
2026-06-30 15:28:50 [ERROR] MÓDULO BASE_DADOS: Timeout na ligação pelo utilizador 'gestor_seguranca'.
2026-06-30 15:30:12 [INFO] MÓDULO SENSORES: Sensor de fumos ativo.
2026-06-30 15:31:22 [INFO] MÓDULO AUTENTICACAO: Tentativa de brute-force bloqueada pelo utilizador 'convidado_01'.
2026-06-30 15:32:12 [INFO] MÓDULO SENSORES: Temperatura da Sala de Servidores acima do normal.
2026-06-30 15:32:58 [WARNING] MÓDULO CAMARAS: Gravação iniciada por movimento na Câmara_01.
2026-06-30 15:34:23 [CRITICAL] MÓDULO SENSORES: Porta Principal aberta.
2026-06-30 15:35:23 [INFO] MÓDULO AUTENTICACAO: Falha na palavra-passe pelo utilizador 'admin'.
2026-06-30 15:35:58 [CRITICAL] MÓDULO SENSORES: Temperatura da Sala de Servidores acima do normal.
2026-06-30 15:36:48 [INFO] MÓDULO AUTENTICACAO: Tentativa de brute-force bloqueada pelo utilizador 'nuno_gomes'.
2026-06-30 15:37:26 [INFO] MÓDULO CAMARAS: Falha de armazenamento no DVR_02.
2026-06-30 15:38:00 [CRITICAL] MÓDULO AUTENTICACAO: Login efetuado com sucesso pelo utilizador 'admin'.
2026-06-30 15:39:23 [WARNING] MÓDULO BASE_DADOS: Cópia de segurança (Backup) concluída pelo utilizador 'nuno_gomes'.
2026-06-30 15:40:09 [CRITICAL] MÓDULO AUTENTICACAO: Login efetuado com sucesso pelo utilizador 'convidado_01'.
2026-06-30 15:41:20 [WARNING] MÓDULO BASE_DADOS: Erro de integridade referencial pelo utilizador 'convidado_01'.
2026-06-30 15:41:59 [CRITICAL] MÓDULO BASE_DADOS: Erro de integridade referencial pelo utilizador 'gestor_seguranca'.
2026-06-30 15:42:52 [WARNING] MÓDULO BASE_DADOS: Erro de integridade referencial pelo utilizador 'nuno_gomes'.
2026-06-30 15:43:54 [ERROR] MÓDULO AUTENTICACAO: Falha na palavra-passe pelo utilizador 'gestor_seguranca'.
2026-06-30 15:45:11 [INFO] MÓDULO SENSORES: Porta Principal aberta.
2026-06-30 15:46:29 [CRITICAL] MÓDULO SENSORES: Porta Principal aberta.
2026-06-30 15:47:31 [INFO] MÓDULO SENSORES: Porta Principal aberta.
2026-06-30 15:48:37 [WARNING] MÓDULO BASE_DADOS: Erro de integridade referencial pelo utilizador 'gestor_seguranca'.
2026-06-30 15:49:07 [INFO] MÓDULO SENSORES: Temperatura da Sala de Servidores acima do normal.
2026-06-30 15:50:30 [WARNING] MÓDULO SENSORES: Temperatura da Sala de Servidores acima do normal.
2026-06-30 15:51:49 [WARNING] MÓDULO CAMARAS: Gravação iniciada por movimento na Câmara_01.
2026-06-30 15:52:38 [INFO] MÓDULO SENSORES: Porta Principal aberta.
2026-06-30 15:54:08 [INFO] MÓDULO SENSORES: Movimento detetado no Corredor B.
2026-06-30 15:54:59 [INFO] MÓDULO BASE_DADOS: Cópia de segurança (Backup) concluída pelo utilizador 'convidado_01'.
2026-06-30 15:56:24 [CRITICAL] MÓDULO SENSORES: Temperatura da Sala de Servidores acima do normal.
2026-06-30 15:57:25 [INFO] MÓDULO BASE_DADOS: Erro de integridade referencial pelo utilizador 'admin'.
2026-06-30 15:58:09 [WARNING] MÓDULO BASE_DADOS: Timeout na ligação pelo utilizador 'admin'.
2026-06-30 15:58:56 [ERROR] MÓDULO BASE_DADOS: Cópia de segurança (Backup) concluída pelo utilizador 'admin'.
2026-06-30 16:00:21 [ERROR] MÓDULO SENSORES: Movimento detetado no Corredor B.
2026-06-30 16:01:23 [WARNING] MÓDULO BASE_DADOS: Timeout na ligação pelo utilizador 'gestor_seguranca'.
2026-06-30 16:02:51 [INFO] MÓDULO AUTENTICACAO: Tentativa de brute-force bloqueada pelo utilizador 'convidado_01'.
2026-06-30 16:03:22 [ERROR] MÓDULO AUTENTICACAO: Sessão expirada pelo utilizador 'admin'.
2026-06-30 16:04:17 [INFO] MÓDULO AUTENTICACAO: Login efetuado com sucesso pelo utilizador 'convidado_01'.
2026-06-30 16:05:05 [WARNING] MÓDULO BASE_DADOS: Cópia de segurança (Backup) concluída pelo utilizador 'mauri'.
2026-06-30 16:06:14 [CRITICAL] MÓDULO CAMARAS: Perda de sinal de vídeo na Câmara_04.
2026-06-30 16:07:26 [CRITICAL] MÓDULO BASE_DADOS: Query executada com sucesso pelo utilizador 'admin'.
2026-06-30 16:08:18 [INFO] MÓDULO SENSORES: Sensor de fumos ativo.
2026-06-30 16:08:57 [INFO] MÓDULO CAMARAS: Gravação iniciada por movimento na Câmara_01.
2026-06-30 16:10:01 [CRITICAL] MÓDULO CAMARAS: Perda de sinal de vídeo na Câmara_04.
2026-06-30 16:10:38 [CRITICAL] MÓDULO BASE_DADOS: Erro de integridade referencial pelo utilizador 'ana_silva'.
2026-06-30 16:12:01 [INFO] MÓDULO AUTENTICACAO: Login efetuado com sucesso pelo utilizador 'ana_silva'.
2026-06-30 16:12:37 [ERROR] MÓDULO BASE_DADOS: Erro de integridade referencial pelo utilizador 'mauri'.
2026-06-30 16:13:39 [CRITICAL] MÓDULO AUTENTICACAO: Falha na palavra-passe pelo utilizador 'gestor_seguranca'.
2026-06-30 16:14:32 [CRITICAL] MÓDULO BASE_DADOS: Timeout na ligação pelo utilizador 'ana_silva'.
2026-06-30 16:15:17 [INFO] MÓDULO CAMARAS: Perda de sinal de vídeo na Câmara_04.
2026-06-30 16:15:54 [WARNING] MÓDULO AUTENTICACAO: Login efetuado com sucesso pelo utilizador 'admin'.
2026-06-30 16:16:37 [INFO] MÓDULO CAMARAS: Gravação iniciada por movimento na Câmara_01.
2026-06-30 16:17:42 [INFO] MÓDULO BASE_DADOS: Query executada com sucesso pelo utilizador 'api_gateway'.
2026-06-30 16:18:38 [CRITICAL] MÓDULO BASE_DADOS: Timeout na ligação pelo utilizador 'mauri'.
2026-06-30 16:19:23 [CRITICAL] MÓDULO SENSORES: Sensor de fumos ativo.
2026-06-30 16:20:21 [ERROR] MÓDULO AUTENTICACAO: Sessão expirada pelo utilizador 'ana_silva'.
2026-06-30 16:21:31 [ERROR] MÓDULO AUTENTICACAO: Tentativa de brute-force bloqueada pelo utilizador 'gestor_seguranca'.
2026-06-30 16:22:40 [INFO] MÓDULO BASE_DADOS: Query executada com sucesso pelo utilizador 'gestor_seguranca'.
2026-06-30 16:24:01 [WARNING] MÓDULO SENSORES: Sensor de fumos ativo.
2026-06-30 16:25:17 [ERROR] MÓDULO BASE_DADOS: Query executada com sucesso pelo utilizador 'gestor_seguranca'.
2026-06-30 16:25:49 [INFO] MÓDULO CAMARAS: Perda de sinal de vídeo na Câmara_04.
2026-06-30 16:27:01 [ERROR] MÓDULO CAMARAS: Falha de armazenamento no DVR_02.
2026-06-30 16:28:26 [INFO] MÓDULO BASE_DADOS: Timeout na ligação pelo utilizador 'mauri'.
2026-06-30 16:29:50 [WARNING] MÓDULO AUTENTICACAO: Sessão expirada pelo utilizador 'ana_silva'.
2026-06-30 16:31:02 [INFO] MÓDULO SENSORES: Movimento detetado no Corredor B.
2026-06-30 16:32:00 [WARNING] MÓDULO BASE_DADOS: Query executada com sucesso pelo utilizador 'gestor_seguranca'.
2026-06-30 16:32:35 [INFO] MÓDULO AUTENTICACAO: Login efetuado com sucesso pelo utilizador 'api_gateway'.
2026-06-30 16:33:41 [ERROR] MÓDULO AUTENTICACAO: Tentativa de brute-force bloqueada pelo utilizador 'convidado_01'.
2026-06-30 16:34:56 [ERROR] MÓDULO CAMARAS: Falha de armazenamento no DVR_02.
2026-06-30 16:35:37 [INFO] MÓDULO AUTENTICACAO: Login efetuado com sucesso pelo utilizador 'nuno_gomes'.
2026-06-30 16:37:07 [CRITICAL] MÓDULO BASE_DADOS: Erro de integridade referencial pelo utilizador 'convidado_01'.
2026-06-30 16:38:03 [INFO] MÓDULO BASE_DADOS: Cópia de segurança (Backup) concluída pelo utilizador 'nuno_gomes'.
2026-06-30 16:39:26 [CRITICAL] MÓDULO BASE_DADOS: Erro de integridade referencial pelo utilizador 'mauri'.
2026-06-30 16:40:19 [ERROR] MÓDULO AUTENTICACAO: Tentativa de brute-force bloqueada pelo utilizador 'convidado_01'.
2026-06-30 16:41:11 [CRITICAL] MÓDULO CAMARAS: Falha de armazenamento no DVR_02.
2026-06-30 16:42:02 [INFO] MÓDULO AUTENTICACAO: Falha na palavra-passe pelo utilizador 'api_gateway'.
2026-06-30 16:42:34 [ERROR] MÓDULO AUTENTICACAO: Login efetuado com sucesso pelo utilizador 'nuno_gomes'.
2026-06-30 16:43:28 [CRITICAL] MÓDULO BASE_DADOS: Cópia de segurança (Backup) concluída pelo utilizador 'mauri'.
2026-06-30 16:44:22 [WARNING] MÓDULO AUTENTICACAO: Falha na palavra-passe pelo utilizador 'mauri'.
2026-06-30 16:45:04 [WARNING] MÓDULO AUTENTICACAO: Login efetuado com sucesso pelo utilizador 'convidado_01'.
2026-06-30 16:45:36 [INFO] MÓDULO SENSORES: Temperatura da Sala de Servidores acima do normal.
2026-06-30 16:46:07 [INFO] MÓDULO BASE_DADOS: Cópia de segurança (Backup) concluída pelo utilizador 'convidado_01'.
2026-06-30 16:46:37 [WARNING] MÓDULO SENSORES: Porta Principal aberta.
2026-06-30 16:47:49 [CRITICAL] MÓDULO AUTENTICACAO: Sessão expirada pelo utilizador 'convidado_01'.
2026-06-30 16:48:23 [WARNING] MÓDULO BASE_DADOS: Query executada com sucesso pelo utilizador 'nuno_gomes'.
2026-06-30 16:49:45 [ERROR] MÓDULO AUTENTICACAO: Tentativa de brute-force bloqueada pelo utilizador 'gestor_seguranca'.
2026-06-30 16:50:36 [CRITICAL] MÓDULO SENSORES: Porta Principal aberta.
2026-06-30 16:51:30 [CRITICAL] MÓDULO SENSORES: Movimento detetado no Corredor B.
2026-06-30 16:52:52 [WARNING] MÓDULO SENSORES: Temperatura da Sala de Servidores acima do normal.
2026-06-30 16:54:00 [INFO] MÓDULO SENSORES: Sensor de fumos ativo.
2026-06-30 16:54:58 [CRITICAL] MÓDULO SENSORES: Porta Principal aberta.
2026-06-30 16:56:19 [WARNING] MÓDULO CAMARAS: Perda de sinal de vídeo na Câmara_04.
2026-06-30 16:57:45 [INFO] MÓDULO BASE_DADOS: Timeout na ligação pelo utilizador 'admin'.
2026-06-30 16:58:51 [INFO] MÓDULO BASE_DADOS: Erro de integridade referencial pelo utilizador 'admin'.
2026-06-30 17:00:12 [INFO] MÓDULO SENSORES: Porta Principal aberta.
2026-06-30 17:01:25 [INFO] MÓDULO AUTENTICACAO: Tentativa de brute-force bloqueada pelo utilizador 'mauri'.
2026-06-30 17:02:33 [INFO] MÓDULO SENSORES: Movimento detetado no Corredor B.
2026-06-30 17:03:12 [WARNING] MÓDULO SENSORES: Porta Principal aberta.
2026-06-30 17:03:47 [INFO] MÓDULO AUTENTICACAO: Tentativa de brute-force bloqueada pelo utilizador 'convidado_01'.
2026-06-30 17:04:29 [INFO] MÓDULO CAMARAS: Falha de armazenamento no DVR_02.
2026-06-30 17:05:32 [INFO] MÓDULO CAMARAS: Perda de sinal de vídeo na Câmara_04.
2026-06-30 17:06:10 [INFO] MÓDULO BASE_DADOS: Erro de integridade referencial pelo utilizador 'api_gateway'.
2026-06-30 17:07:29 [CRITICAL] MÓDULO BASE_DADOS: Erro de integridade referencial pelo utilizador 'gestor_seguranca'.
2026-06-30 17:08:36 [INFO] MÓDULO AUTENTICACAO: Sessão expirada pelo utilizador 'ana_silva'.
2026-06-30 17:09:31 [INFO] MÓDULO SENSORES: Sensor de fumos ativo.
2026-06-30 17:10:52 [WARNING] MÓDULO BASE_DADOS: Timeout na ligação pelo utilizador 'admin'.
2026-06-30 17:12:03 [CRITICAL] MÓDULO AUTENTICACAO: Sessão expirada pelo utilizador 'convidado_01'.
2026-06-30 17:12:33 [ERROR] MÓDULO SENSORES: Sensor de fumos ativo.
2026-06-30 17:13:19 [CRITICAL] MÓDULO AUTENTICACAO: Login efetuado com sucesso pelo utilizador 'gestor_seguranca'.
2026-06-30 17:14:26 [INFO] MÓDULO CAMARAS: Gravação iniciada por movimento na Câmara_01.
2026-06-30 17:15:15 [WARNING] MÓDULO BASE_DADOS: Timeout na ligação pelo utilizador 'convidado_01'.
2026-06-30 17:15:57 [WARNING] MÓDULO BASE_DADOS: Query executada com sucesso pelo utilizador 'nuno_gomes'.
2026-06-30 17:16:59 [ERROR] MÓDULO CAMARAS: Falha de armazenamento no DVR_02.
2026-06-30 17:17:55 [ERROR] MÓDULO AUTENTICACAO: Falha na palavra-passe pelo utilizador 'ana_silva'.
2026-06-30 17:18:57 [WARNING] MÓDULO AUTENTICACAO: Tentativa de brute-force bloqueada pelo utilizador 'gestor_seguranca'.
2026-06-30 17:19:47 [INFO] MÓDULO BASE_DADOS: Timeout na ligação pelo utilizador 'admin'.
2026-06-30 17:20:53 [ERROR] MÓDULO BASE_DADOS: Erro de integridade referencial pelo utilizador 'ana_silva'.
2026-06-30 17:21:29 [WARNING] MÓDULO SENSORES: Porta Principal aberta.
2026-06-30 17:22:13 [INFO] MÓDULO CAMARAS: Falha de armazenamento no DVR_02.
2026-06-30 17:22:43 [CRITICAL] MÓDULO CAMARAS: Gravação iniciada por movimento na Câmara_01.
2026-06-30 17:23:45 [ERROR] MÓDULO BASE_DADOS: Erro de integridade referencial pelo utilizador 'convidado_01'.
2026-06-30 17:24:23 [INFO] MÓDULO SENSORES: Sensor de fumos ativo.
2026-06-30 17:24:59 [CRITICAL] MÓDULO SENSORES: Temperatura da Sala de Servidores acima do normal.
2026-06-30 17:26:18 [INFO] MÓDULO BASE_DADOS: Timeout na ligação pelo utilizador 'ana_silva'.
2026-06-30 17:27:03 [CRITICAL] MÓDULO AUTENTICACAO: Tentativa de brute-force bloqueada pelo utilizador 'admin'.
2026-06-30 17:27:53 [CRITICAL] MÓDULO CAMARAS: Falha de armazenamento no DVR_02.
2026-06-30 17:29:20 [CRITICAL] MÓDULO AUTENTICACAO: Sessão expirada pelo utilizador 'admin'.
2026-06-30 17:30:05 [WARNING] MÓDULO SENSORES: Porta Principal aberta.
2026-06-30 17:30:47 [INFO] MÓDULO BASE_DADOS: Erro de integridade referencial pelo utilizador 'gestor_seguranca'.
2026-06-30 17:32:13 [ERROR] MÓDULO CAMARAS: Gravação iniciada por movimento na Câmara_01.
2026-06-30 17:32:47 [INFO] MÓDULO BASE_DADOS: Cópia de segurança (Backup) concluída pelo utilizador 'convidado_01'.
2026-06-30 17:34:07 [INFO] MÓDULO AUTENTICACAO: Sessão expirada pelo utilizador 'admin'.
2026-06-30 17:34:57 [WARNING] MÓDULO AUTENTICACAO: Sessão expirada pelo utilizador 'mauri'.
2026-06-30 17:35:30 [INFO] MÓDULO SENSORES: Sensor de fumos ativo.
2026-06-30 17:36:54 [ERROR] MÓDULO SENSORES: Temperatura da Sala de Servidores acima do normal.
2026-06-30 17:37:48 [INFO] MÓDULO CAMARAS: Falha de armazenamento no DVR_02.
2026-06-30 17:38:35 [CRITICAL] MÓDULO AUTENTICACAO: Sessão expirada pelo utilizador 'admin'.
2026-06-30 17:39:11 [INFO] MÓDULO AUTENTICACAO: Tentativa de brute-force bloqueada pelo utilizador 'gestor_seguranca'.
2026-06-30 17:40:05 [CRITICAL] MÓDULO AUTENTICACAO: Tentativa de brute-force bloqueada pelo utilizador 'api_gateway'.
2026-06-30 17:41:28 [INFO] MÓDULO BASE_DADOS: Timeout na ligação pelo utilizador 'nuno_gomes'.
2026-06-30 17:42:14 [INFO] MÓDULO CAMARAS: Perda de sinal de vídeo na Câmara_04.
2026-06-30 17:43:28 [CRITICAL] MÓDULO CAMARAS: Falha de armazenamento no DVR_02.
2026-06-30 17:44:01 [INFO] MÓDULO SENSORES: Temperatura da Sala de Servidores acima do normal.
2026-06-30 17:45:02 [CRITICAL] MÓDULO BASE_DADOS: Query executada com sucesso pelo utilizador 'api_gateway'.
2026-06-30 17:45:54 [WARNING] MÓDULO CAMARAS: Falha de armazenamento no DVR_02.
2026-06-30 17:47:14 [ERROR] MÓDULO BASE_DADOS: Cópia de segurança (Backup) concluída pelo utilizador 'gestor_seguranca'.
2026-06-30 17:48:01 [INFO] MÓDULO SENSORES: Movimento detetado no Corredor B.
2026-06-30 17:48:58 [CRITICAL] MÓDULO BASE_DADOS: Timeout na ligação pelo utilizador 'nuno_gomes'.
2026-06-30 17:49:57 [INFO] MÓDULO AUTENTICACAO: Login efetuado com sucesso pelo utilizador 'mauri'.
2026-06-30 17:51:22 [INFO] MÓDULO BASE_DADOS: Cópia de segurança (Backup) concluída pelo utilizador 'mauri'.
2026-06-30 17:52:27 [ERROR] MÓDULO SENSORES: Sensor de fumos ativo.
2026-06-30 17:53:19 [WARNING] MÓDULO BASE_DADOS: Cópia de segurança (Backup) concluída pelo utilizador 'ana_silva'.
2026-06-30 17:54:27 [INFO] MÓDULO AUTENTICACAO: Sessão expirada pelo utilizador 'nuno_gomes'.
2026-06-30 17:55:14 [INFO] MÓDULO CAMARAS: Falha de armazenamento no DVR_02.
2026-06-30 17:55:54 [INFO] MÓDULO CAMARAS: Perda de sinal de vídeo na Câmara_04.
2026-06-30 17:56:42 [WARNING] MÓDULO AUTENTICACAO: Login efetuado com sucesso pelo utilizador 'admin'.
2026-06-30 17:57:41 [WARNING] MÓDULO BASE_DADOS: Cópia de segurança (Backup) concluída pelo utilizador 'api_gateway'.
2026-06-30 17:58:39 [ERROR] MÓDULO BASE_DADOS: Cópia de segurança (Backup) concluída pelo utilizador 'admin'.
2026-06-30 17:59:23 [CRITICAL] MÓDULO SENSORES: Movimento detetado no Corredor B.
2026-06-30 18:00:45 [WARNING] MÓDULO CAMARAS: Perda de sinal de vídeo na Câmara_04.
2026-06-30 18:01:56 [WARNING] MÓDULO AUTENTICACAO: Tentativa de brute-force bloqueada pelo utilizador 'mauri'.
2026-06-30 18:02:55 [INFO] MÓDULO SENSORES: Movimento detetado no Corredor B.
2026-06-30 18:03:51 [INFO] MÓDULO CAMARAS: Perda de sinal de vídeo na Câmara_04.
2026-06-30 18:05:11 [WARNING] MÓDULO SENSORES: Temperatura da Sala de Servidores acima do normal.
2026-06-30 18:06:37 [CRITICAL] MÓDULO CAMARAS: Gravação iniciada por movimento na Câmara_01.
2026-06-30 18:07:39 [INFO] MÓDULO AUTENTICACAO: Login efetuado com sucesso pelo utilizador 'ana_silva'.
2026-06-30 18:08:28 [INFO] MÓDULO AUTENTICACAO: Tentativa de brute-force bloqueada pelo utilizador 'gestor_seguranca'.
2026-06-30 18:09:14 [CRITICAL] MÓDULO CAMARAS: Gravação iniciada por movimento na Câmara_01.
2026-06-30 18:10:19 [WARNING] MÓDULO CAMARAS: Falha de armazenamento no DVR_02.
2026-06-30 18:11:32 [WARNING] MÓDULO BASE_DADOS: Timeout na ligação pelo utilizador 'nuno_gomes'.
2026-06-30 18:12:37 [INFO] MÓDULO SENSORES: Sensor de fumos ativo.
2026-06-30 18:13:10 [ERROR] MÓDULO CAMARAS: Falha de armazenamento no DVR_02.
2026-06-30 18:13:51 [WARNING] MÓDULO SENSORES: Sensor de fumos ativo.
2026-06-30 18:14:32 [CRITICAL] MÓDULO SENSORES: Temperatura da Sala de Servidores acima do normal.
2026-06-30 18:15:30 [INFO] MÓDULO CAMARAS: Perda de sinal de vídeo na Câmara_04.
2026-06-30 18:16:56 [INFO] MÓDULO AUTENTICACAO: Falha na palavra-passe pelo utilizador 'api_gateway'.
2026-06-30 18:17:26 [INFO] MÓDULO AUTENTICACAO: Sessão expirada pelo utilizador 'nuno_gomes'.
2026-06-30 18:18:01 [WARNING] MÓDULO SENSORES: Sensor de fumos ativo.
2026-06-30 18:19:18 [INFO] MÓDULO BASE_DADOS: Cópia de segurança (Backup) concluída pelo utilizador 'api_gateway'.
2026-06-30 18:20:27 [INFO] MÓDULO CAMARAS: Perda de sinal de vídeo na Câmara_04.
2026-06-30 18:21:36 [ERROR] MÓDULO AUTENTICACAO: Tentativa de brute-force bloqueada pelo utilizador 'convidado_01'.
2026-06-30 18:22:28 [WARNING] MÓDULO CAMARAS: Perda de sinal de vídeo na Câmara_04.
2026-06-30 18:23:27 [INFO] MÓDULO SENSORES: Porta Principal aberta.
2026-06-30 18:24:31 [INFO] MÓDULO AUTENTICACAO: Tentativa de brute-force bloqueada pelo utilizador 'convidado_01'.
2026-06-30 18:25:27 [ERROR] MÓDULO BASE_DADOS: Erro de integridade referencial pelo utilizador 'convidado_01'.
2026-06-30 18:26:00 [INFO] MÓDULO BASE_DADOS: Timeout na ligação pelo utilizador 'ana_silva'.
2026-06-30 18:27:19 [ERROR] MÓDULO AUTENTICACAO: Sessão expirada pelo utilizador 'mauri'.
2026-06-30 18:27:49 [ERROR] MÓDULO BASE_DADOS: Query executada com sucesso pelo utilizador 'admin'.
2026-06-30 18:28:27 [INFO] MÓDULO SENSORES: Temperatura da Sala de Servidores acima do normal.
2026-06-30 18:29:49 [INFO] MÓDULO SENSORES: Movimento detetado no Corredor B.
2026-06-30 18:30:29 [WARNING] MÓDULO CAMARAS: Perda de sinal de vídeo na Câmara_04.
2026-06-30 18:31:52 [INFO] MÓDULO SENSORES: Sensor de fumos ativo.
2026-06-30 18:33:01 [INFO] MÓDULO CAMARAS: Gravação iniciada por movimento na Câmara_01.
2026-06-30 18:34:27 [WARNING] MÓDULO AUTENTICACAO: Falha na palavra-passe pelo utilizador 'gestor_seguranca'.
2026-06-30 18:35:01 [INFO] MÓDULO AUTENTICACAO: Login efetuado com sucesso pelo utilizador 'gestor_seguranca'.
2026-06-30 18:36:22 [INFO] MÓDULO CAMARAS: Gravação iniciada por movimento na Câmara_01.
2026-06-30 18:37:19 [WARNING] MÓDULO SENSORES: Porta Principal aberta.
2026-06-30 18:38:19 [INFO] MÓDULO CAMARAS: Perda de sinal de vídeo na Câmara_04.
2026-06-30 18:39:41 [CRITICAL] MÓDULO AUTENTICACAO: Sessão expirada pelo utilizador 'mauri'.
2026-06-30 18:40:51 [WARNING] MÓDULO AUTENTICACAO: Sessão expirada pelo utilizador 'mauri'.
2026-06-30 18:41:52 [CRITICAL] MÓDULO CAMARAS: Perda de sinal de vídeo na Câmara_04.
2026-06-30 18:42:56 [CRITICAL] MÓDULO SENSORES: Sensor de fumos ativo.
2026-06-30 18:44:20 [WARNING] MÓDULO CAMARAS: Gravação iniciada por movimento na Câmara_01.
2026-06-30 18:45:26 [ERROR] MÓDULO CAMARAS: Perda de sinal de vídeo na Câmara_04.
2026-06-30 18:46:49 [WARNING] MÓDULO BASE_DADOS: Cópia de segurança (Backup) concluída pelo utilizador 'admin'.
2026-06-30 18:47:49 [ERROR] MÓDULO BASE_DADOS: Cópia de segurança (Backup) concluída pelo utilizador 'ana_silva'.
2026-06-30 18:48:34 [ERROR] MÓDULO AUTENTICACAO: Sessão expirada pelo utilizador 'ana_silva'.
2026-06-30 18:49:40 [ERROR] MÓDULO BASE_DADOS: Cópia de segurança (Backup) concluída pelo utilizador 'admin'.
2026-06-30 18:50:10 [ERROR] MÓDULO CAMARAS: Gravação iniciada por movimento na Câmara_01.
2026-06-30 18:51:35 [ERROR] MÓDULO AUTENTICACAO: Login efetuado com sucesso pelo utilizador 'admin'.
2026-06-30 18:52:56 [INFO] MÓDULO SENSORES: Temperatura da Sala de Servidores acima do normal.
2026-06-30 18:53:39 [ERROR] MÓDULO BASE_DADOS: Erro de integridade referencial pelo utilizador 'convidado_01'.
2026-06-30 18:54:30 [INFO] MÓDULO SENSORES: Temperatura da Sala de Servidores acima do normal.
2026-06-30 18:55:03 [CRITICAL] MÓDULO BASE_DADOS: Timeout na ligação pelo utilizador 'admin'.
2026-06-30 18:56:00 [WARNING] MÓDULO SENSORES: Temperatura da Sala de Servidores acima do normal.
2026-06-30 18:56:41 [ERROR] MÓDULO CAMARAS: Falha de armazenamento no DVR_02.
2026-06-30 18:57:26 [INFO] MÓDULO SENSORES: Porta Principal aberta.
2026-06-30 18:58:40 [ERROR] MÓDULO BASE_DADOS: Query executada com sucesso pelo utilizador 'api_gateway'.
2026-06-30 18:59:30 [CRITICAL] MÓDULO SENSORES: Sensor de fumos ativo.
2026-06-30 19:00:20 [ERROR] MÓDULO CAMARAS: Perda de sinal de vídeo na Câmara_04.
2026-06-30 19:01:21 [ERROR] MÓDULO CAMARAS: Gravação iniciada por movimento na Câmara_01.
2026-06-30 19:02:47 [WARNING] MÓDULO AUTENTICACAO: Tentativa de brute-force bloqueada pelo utilizador 'ana_silva'.
2026-06-30 19:04:07 [CRITICAL] MÓDULO AUTENTICACAO: Sessão expirada pelo utilizador 'nuno_gomes'.
2026-06-30 19:04:46 [CRITICAL] MÓDULO SENSORES: Sensor de fumos ativo.
2026-06-30 19:06:08 [INFO] MÓDULO SENSORES: Movimento detetado no Corredor B.
2026-06-30 19:07:03 [ERROR] MÓDULO CAMARAS: Perda de sinal de vídeo na Câmara_04.
2026-06-30 19:07:42 [WARNING] MÓDULO BASE_DADOS: Timeout na ligação pelo utilizador 'nuno_gomes'.
2026-06-30 19:08:41 [INFO] MÓDULO SENSORES: Sensor de fumos ativo.
2026-06-30 19:09:35 [INFO] MÓDULO AUTENTICACAO: Tentativa de brute-force bloqueada pelo utilizador 'nuno_gomes'.
2026-06-30 19:10:09 [INFO] MÓDULO SENSORES: Movimento detetado no Corredor B.
2026-06-30 19:11:03 [CRITICAL] MÓDULO SENSORES: Temperatura da Sala de Servidores acima do normal.
2026-06-30 19:12:24 [ERROR] MÓDULO BASE_DADOS: Erro de integridade referencial pelo utilizador 'admin'.
2026-06-30 19:13:35 [ERROR] MÓDULO BASE_DADOS: Timeout na ligação pelo utilizador 'admin'.
2026-06-30 19:14:10 [CRITICAL] MÓDULO AUTENTICACAO: Login efetuado com sucesso pelo utilizador 'ana_silva'.
2026-06-30 19:14:54 [ERROR] MÓDULO AUTENTICACAO: Falha na palavra-passe pelo utilizador 'convidado_01'.
2026-06-30 19:15:45 [INFO] MÓDULO AUTENTICACAO: Falha na palavra-passe pelo utilizador 'ana_silva'.
2026-06-30 19:17:01 [ERROR] MÓDULO CAMARAS: Perda de sinal de vídeo na Câmara_04.
2026-06-30 19:17:33 [ERROR] MÓDULO BASE_DADOS: Erro de integridade referencial pelo utilizador 'mauri'.
2026-06-30 19:18:26 [CRITICAL] MÓDULO BASE_DADOS: Erro de integridade referencial pelo utilizador 'api_gateway'.
2026-06-30 19:19:27 [ERROR] MÓDULO SENSORES: Temperatura da Sala de Servidores acima do normal.
2026-06-30 19:20:14 [WARNING] MÓDULO BASE_DADOS: Cópia de segurança (Backup) concluída pelo utilizador 'api_gateway'.
2026-06-30 19:20:50 [WARNING] MÓDULO BASE_DADOS: Query executada com sucesso pelo utilizador 'api_gateway'.
2026-06-30 19:22:06 [CRITICAL] MÓDULO SENSORES: Porta Principal aberta.
2026-06-30 19:22:40 [INFO] MÓDULO BASE_DADOS: Timeout na ligação pelo utilizador 'admin'.
2026-06-30 19:23:38 [INFO] MÓDULO CAMARAS: Perda de sinal de vídeo na Câmara_04.
2026-06-30 19:24:39 [ERROR] MÓDULO AUTENTICACAO: Tentativa de brute-force bloqueada pelo utilizador 'mauri'.
2026-06-30 19:25:14 [ERROR] MÓDULO SENSORES: Movimento detetado no Corredor B.
2026-06-30 19:26:21 [WARNING] MÓDULO SENSORES: Movimento detetado no Corredor B.
2026-06-30 19:27:14 [ERROR] MÓDULO CAMARAS: Perda de sinal de vídeo na Câmara_04.
2026-06-30 19:27:48 [CRITICAL] MÓDULO BASE_DADOS: Query executada com sucesso pelo utilizador 'admin'.
2026-06-30 19:28:37 [WARNING] MÓDULO BASE_DADOS: Erro de integridade referencial pelo utilizador 'mauri'.
2026-06-30 19:29:49 [INFO] MÓDULO AUTENTICACAO: Tentativa de brute-force bloqueada pelo utilizador 'convidado_01'.
2026-06-30 19:30:32 [CRITICAL] MÓDULO BASE_DADOS: Timeout na ligação pelo utilizador 'api_gateway'.
2026-06-30 19:31:02 [CRITICAL] MÓDULO SENSORES: Temperatura da Sala de Servidores acima do normal.
2026-06-30 19:32:29 [INFO] MÓDULO BASE_DADOS: Timeout na ligação pelo utilizador 'admin'.
2026-06-30 19:33:56 [INFO] MÓDULO CAMARAS: Gravação iniciada por movimento na Câmara_01.
2026-06-30 19:34:51 [INFO] MÓDULO CAMARAS: Falha de armazenamento no DVR_02.
2026-06-30 19:36:10 [CRITICAL] MÓDULO BASE_DADOS: Query executada com sucesso pelo utilizador 'admin'.
2026-06-30 19:37:39 [INFO] MÓDULO AUTENTICACAO: Sessão expirada pelo utilizador 'convidado_01'.
2026-06-30 19:38:57 [ERROR] MÓDULO SENSORES: Movimento detetado no Corredor B.
2026-06-30 19:40:22 [ERROR] MÓDULO AUTENTICACAO: Tentativa de brute-force bloqueada pelo utilizador 'nuno_gomes'.
2026-06-30 19:41:34 [WARNING] MÓDULO BASE_DADOS: Timeout na ligação pelo utilizador 'api_gateway'.
2026-06-30 19:42:47 [INFO] MÓDULO AUTENTICACAO: Tentativa de brute-force bloqueada pelo utilizador 'gestor_seguranca'.
2026-06-30 19:43:40 [INFO] MÓDULO CAMARAS: Falha de armazenamento no DVR_02.
2026-06-30 19:45:09 [ERROR] MÓDULO AUTENTICACAO: Falha na palavra-passe pelo utilizador 'gestor_seguranca'.
2026-06-30 19:46:29 [INFO] MÓDULO SENSORES: Movimento detetado no Corredor B.
2026-06-30 19:47:43 [INFO] MÓDULO BASE_DADOS: Query executada com sucesso pelo utilizador 'admin'.
2026-06-30 19:48:36 [WARNING] MÓDULO AUTENTICACAO: Login efetuado com sucesso pelo utilizador 'api_gateway'.
2026-06-30 19:49:16 [WARNING] MÓDULO CAMARAS: Gravação iniciada por movimento na Câmara_01.
2026-06-30 19:50:21 [INFO] MÓDULO BASE_DADOS: Query executada com sucesso pelo utilizador 'gestor_seguranca'.
2026-06-30 19:51:26 [ERROR] MÓDULO BASE_DADOS: Cópia de segurança (Backup) concluída pelo utilizador 'mauri'.
2026-06-30 19:52:49 [CRITICAL] MÓDULO BASE_DADOS: Cópia de segurança (Backup) concluída pelo utilizador 'gestor_seguranca'.
2026-06-30 19:54:09 [ERROR] MÓDULO AUTENTICACAO: Tentativa de brute-force bloqueada pelo utilizador 'admin'.
2026-06-30 19:54:42 [INFO] MÓDULO BASE_DADOS: Timeout na ligação pelo utilizador 'mauri'.
2026-06-30 19:55:43 [INFO] MÓDULO CAMARAS: Falha de armazenamento no DVR_02.
2026-06-30 19:56:30 [INFO] MÓDULO CAMARAS: Gravação iniciada por movimento na Câmara_01.
2026-06-30 19:57:53 [INFO] MÓDULO SENSORES: Sensor de fumos ativo.
2026-06-30 19:59:10 [INFO] MÓDULO SENSORES: Sensor de fumos ativo.
2026-06-30 19:59:48 [WARNING] MÓDULO BASE_DADOS: Query executada com sucesso pelo utilizador 'convidado_01'.
2026-06-30 20:00:21 [INFO] MÓDULO CAMARAS: Falha de armazenamento no DVR_02.
2026-06-30 20:01:22 [INFO] MÓDULO BASE_DADOS: Cópia de segurança (Backup) concluída pelo utilizador 'nuno_gomes'.
2026-06-30 20:02:37 [INFO] MÓDULO AUTENTICACAO: Sessão expirada pelo utilizador 'gestor_seguranca'.
2026-06-30 20:03:25 [CRITICAL] MÓDULO SENSORES: Porta Principal aberta.
2026-06-30 20:03:55 [INFO] MÓDULO BASE_DADOS: Query executada com sucesso pelo utilizador 'ana_silva'.
2026-06-30 20:05:21 [INFO] MÓDULO AUTENTICACAO: Login efetuado com sucesso pelo utilizador 'mauri'.
2026-06-30 20:06:47 [CRITICAL] MÓDULO AUTENTICACAO: Login efetuado com sucesso pelo utilizador 'convidado_01'.
2026-06-30 20:07:24 [INFO] MÓDULO CAMARAS: Falha de armazenamento no DVR_02.
2026-06-30 20:08:44 [INFO] MÓDULO AUTENTICACAO: Sessão expirada pelo utilizador 'api_gateway'.
2026-06-30 20:09:14 [INFO] MÓDULO SENSORES: Porta Principal aberta.
2026-06-30 20:10:02 [ERROR] MÓDULO CAMARAS: Gravação iniciada por movimento na Câmara_01.
2026-06-30 20:10:44 [INFO] MÓDULO BASE_DADOS: Erro de integridade referencial pelo utilizador 'convidado_01'.
2026-06-30 20:12:01 [CRITICAL] MÓDULO BASE_DADOS: Cópia de segurança (Backup) concluída pelo utilizador 'ana_silva'.
2026-06-30 20:12:56 [WARNING] MÓDULO AUTENTICACAO: Login efetuado com sucesso pelo utilizador 'admin'.
2026-06-30 20:14:25 [INFO] MÓDULO CAMARAS: Perda de sinal de vídeo na Câmara_04.
2026-06-30 20:15:36 [WARNING] MÓDULO SENSORES: Sensor de fumos ativo.
2026-06-30 20:16:18 [CRITICAL] MÓDULO SENSORES: Porta Principal aberta.
2026-06-30 20:17:28 [INFO] MÓDULO SENSORES: Movimento detetado no Corredor B.
2026-06-30 20:18:42 [ERROR] MÓDULO BASE_DADOS: Query executada com sucesso pelo utilizador 'admin'.
2026-06-30 20:19:16 [INFO] MÓDULO BASE_DADOS: Timeout na ligação pelo utilizador 'convidado_01'.
2026-06-30 20:19:48 [ERROR] MÓDULO SENSORES: Porta Principal aberta.
2026-06-30 20:21:16 [INFO] MÓDULO SENSORES: Sensor de fumos ativo.
2026-06-30 20:22:02 [CRITICAL] MÓDULO AUTENTICACAO: Tentativa de brute-force bloqueada pelo utilizador 'convidado_01'.
2026-06-30 20:22:58 [INFO] MÓDULO SENSORES: Movimento detetado no Corredor B.
2026-06-30 20:23:49 [WARNING] MÓDULO BASE_DADOS: Cópia de segurança (Backup) concluída pelo utilizador 'api_gateway'.
2026-06-30 20:24:34 [WARNING] MÓDULO CAMARAS: Perda de sinal de vídeo na Câmara_04.
2026-06-30 20:25:32 [ERROR] MÓDULO BASE_DADOS: Cópia de segurança (Backup) concluída pelo utilizador 'api_gateway'.
2026-06-30 20:26:28 [INFO] MÓDULO AUTENTICACAO: Sessão expirada pelo utilizador 'admin'.
2026-06-30 20:27:30 [CRITICAL] MÓDULO CAMARAS: Falha de armazenamento no DVR_02.
2026-06-30 20:28:24 [ERROR] MÓDULO CAMARAS: Gravação iniciada por movimento na Câmara_01.
2026-06-30 20:29:27 [WARNING] MÓDULO CAMARAS: Gravação iniciada por movimento na Câmara_01.
2026-06-30 20:30:53 [WARNING] MÓDULO BASE_DADOS: Erro de integridade referencial pelo utilizador 'mauri'.
2026-06-30 20:32:06 [WARNING] MÓDULO AUTENTICACAO: Login efetuado com sucesso pelo utilizador 'admin'.
2026-06-30 20:33:17 [WARNING] MÓDULO CAMARAS: Falha de armazenamento no DVR_02.
2026-06-30 20:34:11 [CRITICAL] MÓDULO CAMARAS: Perda de sinal de vídeo na Câmara_04.
2026-06-30 20:35:21 [ERROR] MÓDULO CAMARAS: Gravação iniciada por movimento na Câmara_01.
2026-06-30 20:36:20 [WARNING] MÓDULO AUTENTICACAO: Tentativa de brute-force bloqueada pelo utilizador 'gestor_seguranca'.
2026-06-30 20:37:48 [ERROR] MÓDULO SENSORES: Sensor de fumos ativo.
2026-06-30 20:39:00 [ERROR] MÓDULO AUTENTICACAO: Falha na palavra-passe pelo utilizador 'gestor_seguranca'.
2026-06-30 20:39:54 [CRITICAL] MÓDULO SENSORES: Sensor de fumos ativo.
2026-06-30 20:41:10 [WARNING] MÓDULO CAMARAS: Perda de sinal de vídeo na Câmara_04.
2026-06-30 20:42:05 [INFO] MÓDULO AUTENTICACAO: Sessão expirada pelo utilizador 'gestor_seguranca'.
2026-06-30 20:43:17 [WARNING] MÓDULO AUTENTICACAO: Sessão expirada pelo utilizador 'convidado_01'.
2026-06-30 20:44:15 [WARNING] MÓDULO SENSORES: Sensor de fumos ativo.
2026-06-30 20:44:52 [CRITICAL] MÓDULO SENSORES: Movimento detetado no Corredor B.
2026-06-30 20:45:37 [CRITICAL] MÓDULO SENSORES: Movimento detetado no Corredor B.
2026-06-30 20:46:25 [INFO] MÓDULO SENSORES: Temperatura da Sala de Servidores acima do normal.
2026-06-30 20:47:30 [CRITICAL] MÓDULO AUTENTICACAO: Tentativa de brute-force bloqueada pelo utilizador 'ana_silva'.
2026-06-30 20:48:49 [WARNING] MÓDULO CAMARAS: Perda de sinal de vídeo na Câmara_04.
2026-06-30 20:49:59 [CRITICAL] MÓDULO CAMARAS: Gravação iniciada por movimento na Câmara_01.
2026-06-30 20:51:03 [INFO] MÓDULO AUTENTICACAO: Sessão expirada pelo utilizador 'nuno_gomes'.
2026-06-30 20:52:10 [INFO] MÓDULO BASE_DADOS: Query executada com sucesso pelo utilizador 'admin'.
2026-06-30 20:53:08 [CRITICAL] MÓDULO CAMARAS: Gravação iniciada por movimento na Câmara_01.
2026-06-30 20:54:17 [ERROR] MÓDULO BASE_DADOS: Erro de integridade referencial pelo utilizador 'convidado_01'.
2026-06-30 20:55:20 [WARNING] MÓDULO CAMARAS: Gravação iniciada por movimento na Câmara_01.
2026-06-30 20:56:48 [INFO] MÓDULO CAMARAS: Perda de sinal de vídeo na Câmara_04.
2026-06-30 20:58:08 [ERROR] MÓDULO CAMARAS: Gravação iniciada por movimento na Câmara_01.
2026-06-30 20:59:34 [ERROR] MÓDULO BASE_DADOS: Timeout na ligação pelo utilizador 'admin'.
2026-06-30 21:00:10 [ERROR] MÓDULO CAMARAS: Perda de sinal de vídeo na Câmara_04.
2026-06-30 21:01:25 [ERROR] MÓDULO BASE_DADOS: Cópia de segurança (Backup) concluída pelo utilizador 'api_gateway'.
2026-06-30 21:02:26 [WARNING] MÓDULO CAMARAS: Perda de sinal de vídeo na Câmara_04.
2026-06-30 21:02:58 [WARNING] MÓDULO SENSORES: Movimento detetado no Corredor B.
2026-06-30 21:03:31 [INFO] MÓDULO SENSORES: Movimento detetado no Corredor B.
2026-06-30 21:04:53 [WARNING] MÓDULO AUTENTICACAO: Login efetuado com sucesso pelo utilizador 'convidado_01'.
2026-06-30 21:06:22 [INFO] MÓDULO CAMARAS: Perda de sinal de vídeo na Câmara_04.
2026-06-30 21:07:39 [ERROR] MÓDULO BASE_DADOS: Query executada com sucesso pelo utilizador 'nuno_gomes'.
2026-06-30 21:09:07 [CRITICAL] MÓDULO AUTENTICACAO: Falha na palavra-passe pelo utilizador 'convidado_01'.
2026-06-30 21:09:50 [ERROR] MÓDULO BASE_DADOS: Erro de integridade referencial pelo utilizador 'gestor_seguranca'.
2026-06-30 21:10:50 [CRITICAL] MÓDULO AUTENTICACAO: Tentativa de brute-force bloqueada pelo utilizador 'api_gateway'.
2026-06-30 21:11:59 [ERROR] MÓDULO BASE_DADOS: Timeout na ligação pelo utilizador 'convidado_01'.
2026-06-30 21:13:15 [WARNING] MÓDULO BASE_DADOS: Timeout na ligação pelo utilizador 'admin'.
2026-06-30 21:14:01 [CRITICAL] MÓDULO CAMARAS: Falha de armazenamento no DVR_02.
2026-06-30 21:14:42 [ERROR] MÓDULO AUTENTICACAO: Login efetuado com sucesso pelo utilizador 'mauri'.
2026-06-30 21:15:23 [INFO] MÓDULO BASE_DADOS: Cópia de segurança (Backup) concluída pelo utilizador 'mauri'.
2026-06-30 21:16:25 [WARNING] MÓDULO AUTENTICACAO: Sessão expirada pelo utilizador 'api_gateway'.
2026-06-30 21:17:09 [WARNING] MÓDULO AUTENTICACAO: Sessão expirada pelo utilizador 'admin'.
2026-06-30 21:17:40 [WARNING] MÓDULO BASE_DADOS: Timeout na ligação pelo utilizador 'convidado_01'.
2026-06-30 21:18:46 [CRITICAL] MÓDULO BASE_DADOS: Cópia de segurança (Backup) concluída pelo utilizador 'nuno_gomes'.
2026-06-30 21:19:41 [WARNING] MÓDULO CAMARAS: Falha de armazenamento no DVR_02.
2026-06-30 21:20:38 [INFO] MÓDULO AUTENTICACAO: Login efetuado com sucesso pelo utilizador 'convidado_01'.
2026-06-30 21:21:10 [CRITICAL] MÓDULO AUTENTICACAO: Tentativa de brute-force bloqueada pelo utilizador 'ana_silva'.
2026-06-30 21:21:46 [ERROR] MÓDULO BASE_DADOS: Erro de integridade referencial pelo utilizador 'convidado_01'.
2026-06-30 21:22:27 [ERROR] MÓDULO CAMARAS: Perda de sinal de vídeo na Câmara_04.
2026-06-30 21:23:06 [CRITICAL] MÓDULO BASE_DADOS: Erro de integridade referencial pelo utilizador 'admin'.
2026-06-30 21:23:59 [WARNING] MÓDULO CAMARAS: Falha de armazenamento no DVR_02.
2026-06-30 21:25:22 [INFO] MÓDULO BASE_DADOS: Timeout na ligação pelo utilizador 'admin'.
2026-06-30 21:25:52 [INFO] MÓDULO BASE_DADOS: Query executada com sucesso pelo utilizador 'mauri'.
2026-06-30 21:26:38 [INFO] MÓDULO AUTENTICACAO: Tentativa de brute-force bloqueada pelo utilizador 'convidado_01'.
2026-06-30 21:28:00 [WARNING] MÓDULO CAMARAS: Gravação iniciada por movimento na Câmara_01.
2026-06-30 21:29:19 [INFO] MÓDULO AUTENTICACAO: Sessão expirada pelo utilizador 'gestor_seguranca'.
2026-06-30 21:30:25 [WARNING] MÓDULO SENSORES: Movimento detetado no Corredor B.
2026-06-30 21:31:27 [WARNING] MÓDULO SENSORES: Porta Principal aberta.
2026-06-30 21:32:13 [CRITICAL] MÓDULO SENSORES: Movimento detetado no Corredor B.
2026-06-30 21:33:18 [ERROR] MÓDULO CAMARAS: Gravação iniciada por movimento na Câmara_01.
2026-06-30 21:34:35 [INFO] MÓDULO SENSORES: Movimento detetado no Corredor B.
2026-06-30 21:35:21 [WARNING] MÓDULO SENSORES: Movimento detetado no Corredor B.
2026-06-30 21:36:23 [CRITICAL] MÓDULO CAMARAS: Gravação iniciada por movimento na Câmara_01.
2026-06-30 21:37:25 [CRITICAL] MÓDULO BASE_DADOS: Timeout na ligação pelo utilizador 'ana_silva'.
2026-06-30 21:38:16 [CRITICAL] MÓDULO SENSORES: Porta Principal aberta.
2026-06-30 21:39:15 [INFO] MÓDULO SENSORES: Sensor de fumos ativo.
2026-06-30 21:40:21 [CRITICAL] MÓDULO CAMARAS: Perda de sinal de vídeo na Câmara_04.
2026-06-30 21:41:45 [INFO] MÓDULO AUTENTICACAO: Login efetuado com sucesso pelo utilizador 'nuno_gomes'.
2026-06-30 21:42:40 [INFO] MÓDULO BASE_DADOS: Erro de integridade referencial pelo utilizador 'ana_silva'.
2026-06-30 21:43:14 [CRITICAL] MÓDULO AUTENTICACAO: Login efetuado com sucesso pelo utilizador 'nuno_gomes'.
2026-06-30 21:44:40 [ERROR] MÓDULO SENSORES: Sensor de fumos ativo.
2026-06-30 21:45:44 [CRITICAL] MÓDULO AUTENTICACAO: Falha na palavra-passe pelo utilizador 'api_gateway'.
2026-06-30 21:46:31 [INFO] MÓDULO SENSORES: Movimento detetado no Corredor B.
2026-06-30 21:47:17 [ERROR] MÓDULO AUTENTICACAO: Sessão expirada pelo utilizador 'convidado_01'.
2026-06-30 21:48:29 [CRITICAL] MÓDULO BASE_DADOS: Cópia de segurança (Backup) concluída pelo utilizador 'mauri'.
2026-06-30 21:49:10 [CRITICAL] MÓDULO AUTENTICACAO: Sessão expirada pelo utilizador 'ana_silva'.
2026-06-30 21:50:32 [CRITICAL] MÓDULO CAMARAS: Gravação iniciada por movimento na Câmara_01.
2026-06-30 21:51:49 [INFO] MÓDULO CAMARAS: Gravação iniciada por movimento na Câmara_01.
2026-06-30 21:52:56 [INFO] MÓDULO BASE_DADOS: Erro de integridade referencial pelo utilizador 'ana_silva'.
2026-06-30 21:54:14 [INFO] MÓDULO AUTENTICACAO: Falha na palavra-passe pelo utilizador 'convidado_01'.
2026-06-30 21:55:30 [INFO] MÓDULO SENSORES: Porta Principal aberta.
2026-06-30 21:56:55 [INFO] MÓDULO SENSORES: Temperatura da Sala de Servidores acima do normal.
2026-06-30 21:57:44 [ERROR] MÓDULO CAMARAS: Falha de armazenamento no DVR_02.
2026-06-30 21:59:07 [INFO] MÓDULO SENSORES: Temperatura da Sala de Servidores acima do normal.
2026-06-30 21:59:37 [INFO] MÓDULO SENSORES: Sensor de fumos ativo.
2026-06-30 22:01:06 [INFO] MÓDULO BASE_DADOS: Query executada com sucesso pelo utilizador 'nuno_gomes'.
2026-06-30 22:01:53 [WARNING] MÓDULO SENSORES: Temperatura da Sala de Servidores acima do normal.
2026-06-30 22:03:06 [INFO] MÓDULO BASE_DADOS: Timeout na ligação pelo utilizador 'api_gateway'.
2026-06-30 22:04:28 [CRITICAL] MÓDULO AUTENTICACAO: Tentativa de brute-force bloqueada pelo utilizador 'admin'.
2026-06-30 22:05:19 [CRITICAL] MÓDULO SENSORES: Sensor de fumos ativo.
2026-06-30 22:06:47 [WARNING] MÓDULO SENSORES: Sensor de fumos ativo.
2026-06-30 22:08:10 [INFO] MÓDULO CAMARAS: Falha de armazenamento no DVR_02.
2026-06-30 22:08:54 [ERROR] MÓDULO AUTENTICACAO: Login efetuado com sucesso pelo utilizador 'gestor_seguranca'.
2026-06-30 22:09:49 [CRITICAL] MÓDULO BASE_DADOS: Cópia de segurança (Backup) concluída pelo utilizador 'admin'.
2026-06-30 22:11:13 [INFO] MÓDULO BASE_DADOS: Timeout na ligação pelo utilizador 'ana_silva'.
2026-06-30 22:12:00 [ERROR] MÓDULO SENSORES: Temperatura da Sala de Servidores acima do normal.
2026-06-30 22:12:40 [WARNING] MÓDULO AUTENTICACAO: Sessão expirada pelo utilizador 'nuno_gomes'.
2026-06-30 22:13:41 [CRITICAL] MÓDULO AUTENTICACAO: Falha na palavra-passe pelo utilizador 'nuno_gomes'.
2026-06-30 22:14:57 [INFO] MÓDULO CAMARAS: Perda de sinal de vídeo na Câmara_04.
2026-06-30 22:16:08 [INFO] MÓDULO BASE_DADOS: Query executada com sucesso pelo utilizador 'ana_silva'.
2026-06-30 22:16:56 [WARNING] MÓDULO BASE_DADOS: Query executada com sucesso pelo utilizador 'nuno_gomes'.
2026-06-30 22:18:17 [INFO] MÓDULO SENSORES: Porta Principal aberta.
2026-06-30 22:19:33 [INFO] MÓDULO CAMARAS: Falha de armazenamento no DVR_02.
2026-06-30 22:20:13 [CRITICAL] MÓDULO SENSORES: Temperatura da Sala de Servidores acima do normal.
2026-06-30 22:21:01 [INFO] MÓDULO AUTENTICACAO: Falha na palavra-passe pelo utilizador 'gestor_seguranca'.
2026-06-30 22:22:02 [WARNING] MÓDULO CAMARAS: Gravação iniciada por movimento na Câmara_01.
2026-06-30 22:23:14 [INFO] MÓDULO CAMARAS: Perda de sinal de vídeo na Câmara_04.
2026-06-30 22:24:29 [INFO] MÓDULO AUTENTICACAO: Falha na palavra-passe pelo utilizador 'nuno_gomes'.
2026-06-30 22:25:07 [INFO] MÓDULO AUTENTICACAO: Tentativa de brute-force bloqueada pelo utilizador 'admin'.
2026-06-30 22:26:21 [WARNING] MÓDULO SENSORES: Movimento detetado no Corredor B.
2026-06-30 22:27:22 [INFO] MÓDULO AUTENTICACAO: Login efetuado com sucesso pelo utilizador 'api_gateway'.
2026-06-30 22:28:18 [INFO] MÓDULO SENSORES: Porta Principal aberta.
2026-06-30 22:29:42 [CRITICAL] MÓDULO AUTENTICACAO: Sessão expirada pelo utilizador 'mauri'.
2026-06-30 22:30:16 [CRITICAL] MÓDULO BASE_DADOS: Timeout na ligação pelo utilizador 'gestor_seguranca'.
2026-06-30 22:31:39 [INFO] MÓDULO AUTENTICACAO: Falha na palavra-passe pelo utilizador 'api_gateway'.
2026-06-30 22:32:44 [INFO] MÓDULO AUTENTICACAO: Falha na palavra-passe pelo utilizador 'admin'.
2026-06-30 22:33:18 [INFO] MÓDULO AUTENTICACAO: Login efetuado com sucesso pelo utilizador 'api_gateway'.
2026-06-30 22:34:28 [INFO] MÓDULO CAMARAS: Falha de armazenamento no DVR_02.
2026-06-30 22:35:07 [INFO] MÓDULO AUTENTICACAO: Sessão expirada pelo utilizador 'api_gateway'.
2026-06-30 22:36:20 [WARNING] MÓDULO BASE_DADOS: Cópia de segurança (Backup) concluída pelo utilizador 'convidado_01'.
2026-06-30 22:36:59 [WARNING] MÓDULO AUTENTICACAO: Sessão expirada pelo utilizador 'nuno_gomes'.
2026-06-30 22:38:06 [INFO] MÓDULO CAMARAS: Gravação iniciada por movimento na Câmara_01.
2026-06-30 22:38:42 [CRITICAL] MÓDULO CAMARAS: Perda de sinal de vídeo na Câmara_04.
2026-06-30 22:40:09 [INFO] MÓDULO CAMARAS: Perda de sinal de vídeo na Câmara_04.
2026-06-30 22:41:23 [CRITICAL] MÓDULO SENSORES: Movimento detetado no Corredor B.
2026-06-30 22:42:36 [WARNING] MÓDULO AUTENTICACAO: Sessão expirada pelo utilizador 'nuno_gomes'.
2026-06-30 22:43:24 [ERROR] MÓDULO SENSORES: Temperatura da Sala de Servidores acima do normal.
2026-06-30 22:44:11 [CRITICAL] MÓDULO SENSORES: Sensor de fumos ativo.
2026-06-30 22:45:26 [INFO] MÓDULO AUTENTICACAO: Login efetuado com sucesso pelo utilizador 'admin'.
2026-06-30 22:46:10 [CRITICAL] MÓDULO CAMARAS: Falha de armazenamento no DVR_02.
2026-06-30 22:47:39 [INFO] MÓDULO AUTENTICACAO: Login efetuado com sucesso pelo utilizador 'mauri'.
2026-06-30 22:48:24 [WARNING] MÓDULO SENSORES: Sensor de fumos ativo.
2026-06-30 22:49:15 [INFO] MÓDULO SENSORES: Sensor de fumos ativo.
2026-06-30 22:50:38 [INFO] MÓDULO SENSORES: Sensor de fumos ativo.
2026-06-30 22:51:38 [ERROR] MÓDULO CAMARAS: Gravação iniciada por movimento na Câmara_01.
2026-06-30 22:52:33 [WARNING] MÓDULO AUTENTICACAO: Tentativa de brute-force bloqueada pelo utilizador 'admin'.
2026-06-30 22:53:51 [INFO] MÓDULO BASE_DADOS: Timeout na ligação pelo utilizador 'nuno_gomes'.
2026-06-30 22:54:30 [INFO] MÓDULO CAMARAS: Gravação iniciada por movimento na Câmara_01.
2026-06-30 22:55:58 [ERROR] MÓDULO BASE_DADOS: Cópia de segurança (Backup) concluída pelo utilizador 'nuno_gomes'.
2026-06-30 22:57:20 [ERROR] MÓDULO BASE_DADOS: Erro de integridade referencial pelo utilizador 'ana_silva'.
2026-06-30 22:58:07 [CRITICAL] MÓDULO SENSORES: Sensor de fumos ativo.
2026-06-30 22:58:41 [CRITICAL] MÓDULO AUTENTICACAO: Login efetuado com sucesso pelo utilizador 'gestor_seguranca'.
2026-06-30 22:59:14 [CRITICAL] MÓDULO CAMARAS: Perda de sinal de vídeo na Câmara_04.
2026-06-30 23:00:40 [ERROR] MÓDULO SENSORES: Movimento detetado no Corredor B.
2026-06-30 23:01:38 [INFO] MÓDULO CAMARAS: Perda de sinal de vídeo na Câmara_04.
2026-06-30 23:02:28 [INFO] MÓDULO AUTENTICACAO: Tentativa de brute-force bloqueada pelo utilizador 'api_gateway'.
2026-06-30 23:03:38 [CRITICAL] MÓDULO CAMARAS: Gravação iniciada por movimento na Câmara_01.
2026-06-30 23:04:46 [INFO] MÓDULO AUTENTICACAO: Tentativa de brute-force bloqueada pelo utilizador 'gestor_seguranca'.
2026-06-30 23:06:11 [INFO] MÓDULO CAMARAS: Perda de sinal de vídeo na Câmara_04.
2026-06-30 23:06:56 [ERROR] MÓDULO BASE_DADOS: Erro de integridade referencial pelo utilizador 'ana_silva'.
2026-06-30 23:08:22 [INFO] MÓDULO SENSORES: Porta Principal aberta.
2026-06-30 23:09:21 [INFO] MÓDULO CAMARAS: Falha de armazenamento no DVR_02.
2026-06-30 23:09:52 [INFO] MÓDULO CAMARAS: Gravação iniciada por movimento na Câmara_01.
2026-06-30 23:11:12 [INFO] MÓDULO CAMARAS: Perda de sinal de vídeo na Câmara_04.
2026-06-30 23:12:14 [INFO] MÓDULO BASE_DADOS: Erro de integridade referencial pelo utilizador 'mauri'.
2026-06-30 23:13:27 [ERROR] MÓDULO CAMARAS: Perda de sinal de vídeo na Câmara_04.
2026-06-30 23:14:44 [INFO] MÓDULO SENSORES: Temperatura da Sala de Servidores acima do normal.
2026-06-30 23:15:45 [INFO] MÓDULO BASE_DADOS: Cópia de segurança (Backup) concluída pelo utilizador 'convidado_01'.
2026-06-30 23:16:30 [INFO] MÓDULO BASE_DADOS: Cópia de segurança (Backup) concluída pelo utilizador 'nuno_gomes'.
2026-06-30 23:17:58 [INFO] MÓDULO SENSORES: Porta Principal aberta.
2026-06-30 23:19:17 [WARNING] MÓDULO SENSORES: Sensor de fumos ativo.
2026-06-30 23:20:17 [CRITICAL] MÓDULO SENSORES: Porta Principal aberta.
2026-06-30 23:21:22 [INFO] MÓDULO AUTENTICACAO: Login efetuado com sucesso pelo utilizador 'gestor_seguranca'.
2026-06-30 23:21:56 [CRITICAL] MÓDULO AUTENTICACAO: Tentativa de brute-force bloqueada pelo utilizador 'ana_silva'.
2026-06-30 23:22:31 [INFO] MÓDULO AUTENTICACAO: Tentativa de brute-force bloqueada pelo utilizador 'gestor_seguranca'.
2026-06-30 23:23:06 [WARNING] MÓDULO BASE_DADOS: Erro de integridade referencial pelo utilizador 'mauri'.
2026-06-30 23:24:35 [ERROR] MÓDULO CAMARAS: Perda de sinal de vídeo na Câmara_04.
2026-06-30 23:25:45 [WARNING] MÓDULO AUTENTICACAO: Login efetuado com sucesso pelo utilizador 'convidado_01'.
2026-06-30 23:26:33 [INFO] MÓDULO CAMARAS: Perda de sinal de vídeo na Câmara_04.
2026-06-30 23:27:58 [WARNING] MÓDULO AUTENTICACAO: Falha na palavra-passe pelo utilizador 'ana_silva'.
2026-06-30 23:28:35 [ERROR] MÓDULO CAMARAS: Gravação iniciada por movimento na Câmara_01.
2026-06-30 23:29:54 [WARNING] MÓDULO BASE_DADOS: Timeout na ligação pelo utilizador 'gestor_seguranca'.
2026-06-30 23:30:26 [INFO] MÓDULO SENSORES: Porta Principal aberta.
2026-06-30 23:31:34 [INFO] MÓDULO BASE_DADOS: Erro de integridade referencial pelo utilizador 'convidado_01'.
2026-06-30 23:32:13 [WARNING] MÓDULO SENSORES: Sensor de fumos ativo.
2026-06-30 23:33:40 [WARNING] MÓDULO AUTENTICACAO: Tentativa de brute-force bloqueada pelo utilizador 'admin'.
2026-06-30 23:34:14 [INFO] MÓDULO CAMARAS: Falha de armazenamento no DVR_02.
2026-06-30 23:35:29 [INFO] MÓDULO AUTENTICACAO: Falha na palavra-passe pelo utilizador 'gestor_seguranca'.
2026-06-30 23:36:10 [INFO] MÓDULO BASE_DADOS: Cópia de segurança (Backup) concluída pelo utilizador 'gestor_seguranca'.
2026-06-30 23:36:46 [WARNING] MÓDULO CAMARAS: Perda de sinal de vídeo na Câmara_04.
2026-06-30 23:37:20 [CRITICAL] MÓDULO CAMARAS: Perda de sinal de vídeo na Câmara_04.
2026-06-30 23:38:40 [INFO] MÓDULO AUTENTICACAO: Sessão expirada pelo utilizador 'api_gateway'.
2026-06-30 23:39:29 [INFO] MÓDULO SENSORES: Temperatura da Sala de Servidores acima do normal.
2026-06-30 23:40:06 [INFO] MÓDULO AUTENTICACAO: Login efetuado com sucesso pelo utilizador 'convidado_01'.
2026-06-30 23:41:25 [INFO] MÓDULO SENSORES: Sensor de fumos ativo.
2026-06-30 23:42:48 [ERROR] MÓDULO BASE_DADOS: Erro de integridade referencial pelo utilizador 'ana_silva'.
2026-06-30 23:43:27 [ERROR] MÓDULO BASE_DADOS: Query executada com sucesso pelo utilizador 'admin'.
2026-06-30 23:44:21 [CRITICAL] MÓDULO AUTENTICACAO: Login efetuado com sucesso pelo utilizador 'convidado_01'.
2026-06-30 23:45:27 [INFO] MÓDULO BASE_DADOS: Query executada com sucesso pelo utilizador 'mauri'.
2026-06-30 23:46:25 [ERROR] MÓDULO SENSORES: Movimento detetado no Corredor B.
2026-06-30 23:47:33 [CRITICAL] MÓDULO AUTENTICACAO: Login efetuado com sucesso pelo utilizador 'nuno_gomes'.
2026-06-30 23:49:02 [ERROR] MÓDULO BASE_DADOS: Timeout na ligação pelo utilizador 'ana_silva'.
2026-06-30 23:50:30 [INFO] MÓDULO BASE_DADOS: Cópia de segurança (Backup) concluída pelo utilizador 'admin'.
2026-06-30 23:51:31 [WARNING] MÓDULO BASE_DADOS: Cópia de segurança (Backup) concluída pelo utilizador 'convidado_01'.
2026-06-30 23:52:49 [INFO] MÓDULO CAMARAS: Falha de armazenamento no DVR_02.
2026-06-30 23:53:58 [ERROR] MÓDULO BASE_DADOS: Timeout na ligação pelo utilizador 'gestor_seguranca'.
2026-06-30 23:54:56 [WARNING] MÓDULO CAMARAS: Gravação iniciada por movimento na Câmara_01.
2026-06-30 23:55:28 [INFO] MÓDULO AUTENTICACAO: Sessão expirada pelo utilizador 'ana_silva'.
2026-06-30 23:56:46 [CRITICAL] MÓDULO BASE_DADOS: Cópia de segurança (Backup) concluída pelo utilizador 'gestor_seguranca'.
2026-06-30 23:57:52 [CRITICAL] MÓDULO CAMARAS: Perda de sinal de vídeo na Câmara_04.
2026-06-30 23:59:21 [CRITICAL] MÓDULO BASE_DADOS: Erro de integridade referencial pelo utilizador 'admin'.
2026-06-30 23:59:56 [INFO] MÓDULO CAMARAS: Gravação iniciada por movimento na Câmara_01.
2026-07-01 00:00:52 [WARNING] MÓDULO AUTENTICACAO: Login efetuado com sucesso pelo utilizador 'gestor_seguranca'.
2026-07-01 00:01:43 [INFO] MÓDULO AUTENTICACAO: Sessão expirada pelo utilizador 'admin'.
2026-07-01 00:02:30 [INFO] MÓDULO BASE_DADOS: Timeout na ligação pelo utilizador 'nuno_gomes'.
2026-07-01 00:03:59 [INFO] MÓDULO BASE_DADOS: Query executada com sucesso pelo utilizador 'convidado_01'.
2026-07-01 00:05:05 [INFO] MÓDULO AUTENTICACAO: Tentativa de brute-force bloqueada pelo utilizador 'gestor_seguranca'.
2026-07-01 00:06:32 [CRITICAL] MÓDULO BASE_DADOS: Timeout na ligação pelo utilizador 'api_gateway'.
2026-07-01 00:07:04 [ERROR] MÓDULO SENSORES: Porta Principal aberta.
2026-07-01 00:07:37 [INFO] MÓDULO BASE_DADOS: Cópia de segurança (Backup) concluída pelo utilizador 'mauri'.
2026-07-01 00:08:47 [WARNING] MÓDULO BASE_DADOS: Erro de integridade referencial pelo utilizador 'mauri'.
2026-07-01 00:09:40 [INFO] MÓDULO CAMARAS: Perda de sinal de vídeo na Câmara_04.
2026-07-01 00:10:18 [ERROR] MÓDULO CAMARAS: Falha de armazenamento no DVR_02.
2026-07-01 00:10:54 [INFO] MÓDULO CAMARAS: Gravação iniciada por movimento na Câmara_01.
2026-07-01 00:12:05 [ERROR] MÓDULO SENSORES: Porta Principal aberta.
2026-07-01 00:13:14 [INFO] MÓDULO CAMARAS: Perda de sinal de vídeo na Câmara_04.
2026-07-01 00:14:21 [ERROR] MÓDULO BASE_DADOS: Erro de integridade referencial pelo utilizador 'admin'.
2026-07-01 00:15:39 [ERROR] MÓDULO SENSORES: Movimento detetado no Corredor B.
2026-07-01 00:17:04 [ERROR] MÓDULO BASE_DADOS: Cópia de segurança (Backup) concluída pelo utilizador 'mauri'.
2026-07-01 00:18:32 [ERROR] MÓDULO AUTENTICACAO: Falha na palavra-passe pelo utilizador 'api_gateway'.
2026-07-01 00:19:53 [INFO] MÓDULO AUTENTICACAO: Sessão expirada pelo utilizador 'mauri'.
2026-07-01 00:21:16 [ERROR] MÓDULO CAMARAS: Falha de armazenamento no DVR_02.
2026-07-01 00:22:21 [INFO] MÓDULO SENSORES: Movimento detetado no Corredor B.
2026-07-01 00:23:40 [INFO] MÓDULO AUTENTICACAO: Tentativa de brute-force bloqueada pelo utilizador 'api_gateway'.
2026-07-01 00:24:54 [WARNING] MÓDULO BASE_DADOS: Erro de integridade referencial pelo utilizador 'nuno_gomes'.
2026-07-01 00:25:56 [ERROR] MÓDULO BASE_DADOS: Query executada com sucesso pelo utilizador 'api_gateway'.
2026-07-01 00:27:07 [CRITICAL] MÓDULO AUTENTICACAO: Falha na palavra-passe pelo utilizador 'ana_silva'.
2026-07-01 00:27:52 [CRITICAL] MÓDULO SENSORES: Temperatura da Sala de Servidores acima do normal.
2026-07-01 00:28:34 [ERROR] MÓDULO BASE_DADOS: Cópia de segurança (Backup) concluída pelo utilizador 'convidado_01'.
2026-07-01 00:29:31 [INFO] MÓDULO SENSORES: Porta Principal aberta.
2026-07-01 00:30:25 [ERROR] MÓDULO CAMARAS: Perda de sinal de vídeo na Câmara_04.
2026-07-01 00:31:07 [WARNING] MÓDULO SENSORES: Movimento detetado no Corredor B.
2026-07-01 00:31:54 [INFO] MÓDULO AUTENTICACAO: Login efetuado com sucesso pelo utilizador 'api_gateway'.
2026-07-01 00:32:48 [INFO] MÓDULO AUTENTICACAO: Login efetuado com sucesso pelo utilizador 'admin'.
2026-07-01 00:33:44 [INFO] MÓDULO AUTENTICACAO: Falha na palavra-passe pelo utilizador 'convidado_01'.
2026-07-01 00:35:05 [INFO] MÓDULO CAMARAS: Falha de armazenamento no DVR_02.
2026-07-01 00:35:55 [ERROR] MÓDULO AUTENTICACAO: Falha na palavra-passe pelo utilizador 'gestor_seguranca'.
2026-07-01 00:36:29 [INFO] MÓDULO CAMARAS: Falha de armazenamento no DVR_02.
2026-07-01 00:37:25 [ERROR] MÓDULO CAMARAS: Gravação iniciada por movimento na Câmara_01.
2026-07-01 00:38:50 [INFO] MÓDULO SENSORES: Porta Principal aberta.
2026-07-01 00:39:55 [ERROR] MÓDULO SENSORES: Temperatura da Sala de Servidores acima do normal.
2026-07-01 00:41:04 [INFO] MÓDULO BASE_DADOS: Erro de integridade referencial pelo utilizador 'mauri'.
2026-07-01 00:41:34 [CRITICAL] MÓDULO AUTENTICACAO: Tentativa de brute-force bloqueada pelo utilizador 'ana_silva'.
2026-07-01 00:42:54 [ERROR] MÓDULO AUTENTICACAO: Falha na palavra-passe pelo utilizador 'nuno_gomes'.
2026-07-01 00:43:31 [CRITICAL] MÓDULO SENSORES: Temperatura da Sala de Servidores acima do normal.
2026-07-01 00:44:21 [ERROR] MÓDULO BASE_DADOS: Cópia de segurança (Backup) concluída pelo utilizador 'admin'.
2026-07-01 00:44:59 [CRITICAL] MÓDULO SENSORES: Sensor de fumos ativo.
2026-07-01 00:45:34 [ERROR] MÓDULO CAMARAS: Falha de armazenamento no DVR_02.
2026-07-01 00:46:12 [WARNING] MÓDULO SENSORES: Temperatura da Sala de Servidores acima do normal.
2026-07-01 00:47:30 [INFO] MÓDULO SENSORES: Sensor de fumos ativo.
2026-07-01 00:48:28 [INFO] MÓDULO CAMARAS: Perda de sinal de vídeo na Câmara_04.
2026-07-01 00:49:22 [INFO] MÓDULO SENSORES: Temperatura da Sala de Servidores acima do normal.
2026-07-01 00:49:58 [INFO] MÓDULO SENSORES: Movimento detetado no Corredor B.
2026-07-01 00:51:28 [INFO] MÓDULO SENSORES: Temperatura da Sala de Servidores acima do normal.
2026-07-01 00:52:09 [CRITICAL] MÓDULO CAMARAS: Gravação iniciada por movimento na Câmara_01.
2026-07-01 00:53:31 [CRITICAL] MÓDULO SENSORES: Porta Principal aberta.
2026-07-01 00:55:01 [ERROR] MÓDULO SENSORES: Temperatura da Sala de Servidores acima do normal.
2026-07-01 00:55:31 [INFO] MÓDULO AUTENTICACAO: Sessão expirada pelo utilizador 'ana_silva'.
2026-07-01 00:56:56 [ERROR] MÓDULO CAMARAS: Gravação iniciada por movimento na Câmara_01.
2026-07-01 00:57:51 [ERROR] MÓDULO AUTENTICACAO: Tentativa de brute-force bloqueada pelo utilizador 'ana_silva'.
2026-07-01 00:58:37 [INFO] MÓDULO CAMARAS: Perda de sinal de vídeo na Câmara_04.
2026-07-01 00:59:31 [WARNING] MÓDULO AUTENTICACAO: Sessão expirada pelo utilizador 'convidado_01'.
2026-07-01 01:00:07 [INFO] MÓDULO SENSORES: Movimento detetado no Corredor B.
2026-07-01 01:00:58 [INFO] MÓDULO AUTENTICACAO: Login efetuado com sucesso pelo utilizador 'ana_silva'.
2026-07-01 01:01:29 [INFO] MÓDULO SENSORES: Temperatura da Sala de Servidores acima do normal.
2026-07-01 01:02:55 [WARNING] MÓDULO BASE_DADOS: Timeout na ligação pelo utilizador 'mauri'.
2026-07-01 01:03:45 [ERROR] MÓDULO CAMARAS: Gravação iniciada por movimento na Câmara_01.
2026-07-01 01:04:36 [INFO] MÓDULO AUTENTICACAO: Falha na palavra-passe pelo utilizador 'ana_silva'.
2026-07-01 01:05:10 [ERROR] MÓDULO SENSORES: Temperatura da Sala de Servidores acima do normal.
2026-07-01 01:06:03 [ERROR] MÓDULO SENSORES: Movimento detetado no Corredor B.
2026-07-01 01:07:17 [INFO] MÓDULO CAMARAS: Gravação iniciada por movimento na Câmara_01.
2026-07-01 01:07:54 [CRITICAL] MÓDULO CAMARAS: Perda de sinal de vídeo na Câmara_04.
2026-07-01 01:08:44 [INFO] MÓDULO BASE_DADOS: Timeout na ligação pelo utilizador 'gestor_seguranca'.
2026-07-01 01:09:56 [INFO] MÓDULO SENSORES: Temperatura da Sala de Servidores acima do normal.
2026-07-01 01:10:34 [CRITICAL] MÓDULO AUTENTICACAO: Sessão expirada pelo utilizador 'admin'.
2026-07-01 01:11:50 [CRITICAL] MÓDULO BASE_DADOS: Query executada com sucesso pelo utilizador 'api_gateway'.
2026-07-01 01:12:26 [WARNING] MÓDULO BASE_DADOS: Query executada com sucesso pelo utilizador 'convidado_01'.
2026-07-01 01:12:59 [CRITICAL] MÓDULO SENSORES: Temperatura da Sala de Servidores acima do normal.
2026-07-01 01:14:14 [ERROR] MÓDULO BASE_DADOS: Timeout na ligação pelo utilizador 'api_gateway'.
2026-07-01 01:15:04 [ERROR] MÓDULO CAMARAS: Perda de sinal de vídeo na Câmara_04.
2026-07-01 01:16:13 [WARNING] MÓDULO SENSORES: Porta Principal aberta.
2026-07-01 01:17:17 [WARNING] MÓDULO SENSORES: Sensor de fumos ativo.
2026-07-01 01:17:59 [CRITICAL] MÓDULO SENSORES: Movimento detetado no Corredor B.
2026-07-01 01:18:49 [INFO] MÓDULO AUTENTICACAO: Falha na palavra-passe pelo utilizador 'nuno_gomes'.
2026-07-01 01:20:06 [INFO] MÓDULO CAMARAS: Falha de armazenamento no DVR_02.
2026-07-01 01:21:11 [WARNING] MÓDULO SENSORES: Temperatura da Sala de Servidores acima do normal.
2026-07-01 01:21:47 [INFO] MÓDULO BASE_DADOS: Timeout na ligação pelo utilizador 'ana_silva'.
2026-07-01 01:22:56 [CRITICAL] MÓDULO SENSORES: Sensor de fumos ativo.
2026-07-01 01:24:08 [CRITICAL] MÓDULO AUTENTICACAO: Login efetuado com sucesso pelo utilizador 'ana_silva'.
2026-07-01 01:25:23 [CRITICAL] MÓDULO BASE_DADOS: Query executada com sucesso pelo utilizador 'admin'.
2026-07-01 01:26:30 [INFO] MÓDULO BASE_DADOS: Cópia de segurança (Backup) concluída pelo utilizador 'admin'.
2026-07-01 01:27:10 [WARNING] MÓDULO AUTENTICACAO: Sessão expirada pelo utilizador 'nuno_gomes'.
2026-07-01 01:28:02 [CRITICAL] MÓDULO BASE_DADOS: Timeout na ligação pelo utilizador 'admin'.
2026-07-01 01:29:06 [CRITICAL] MÓDULO AUTENTICACAO: Falha na palavra-passe pelo utilizador 'convidado_01'.
2026-07-01 01:30:36 [ERROR] MÓDULO BASE_DADOS: Cópia de segurança (Backup) concluída pelo utilizador 'convidado_01'.
2026-07-01 01:31:57 [CRITICAL] MÓDULO BASE_DADOS: Erro de integridade referencial pelo utilizador 'api_gateway'.
2026-07-01 01:33:09 [INFO] MÓDULO CAMARAS: Perda de sinal de vídeo na Câmara_04.
2026-07-01 01:33:56 [WARNING] MÓDULO CAMARAS: Gravação iniciada por movimento na Câmara_01.
2026-07-01 01:34:38 [ERROR] MÓDULO CAMARAS: Gravação iniciada por movimento na Câmara_01.
2026-07-01 01:35:34 [CRITICAL] MÓDULO BASE_DADOS: Timeout na ligação pelo utilizador 'mauri'.
2026-07-01 01:36:15 [INFO] MÓDULO AUTENTICACAO: Falha na palavra-passe pelo utilizador 'nuno_gomes'.
2026-07-01 01:36:54 [ERROR] MÓDULO SENSORES: Sensor de fumos ativo.
2026-07-01 01:38:03 [INFO] MÓDULO AUTENTICACAO: Sessão expirada pelo utilizador 'convidado_01'.
2026-07-01 01:38:33 [ERROR] MÓDULO BASE_DADOS: Query executada com sucesso pelo utilizador 'api_gateway'.
2026-07-01 01:39:13 [CRITICAL] MÓDULO BASE_DADOS: Query executada com sucesso pelo utilizador 'gestor_seguranca'.
2026-07-01 01:40:41 [ERROR] MÓDULO CAMARAS: Perda de sinal de vídeo na Câmara_04.
2026-07-01 01:41:21 [WARNING] MÓDULO SENSORES: Sensor de fumos ativo.
2026-07-01 01:42:51 [CRITICAL] MÓDULO SENSORES: Sensor de fumos ativo.
2026-07-01 01:43:53 [WARNING] MÓDULO AUTENTICACAO: Falha na palavra-passe pelo utilizador 'ana_silva'.
2026-07-01 01:44:45 [WARNING] MÓDULO BASE_DADOS: Cópia de segurança (Backup) concluída pelo utilizador 'mauri'.
2026-07-01 01:45:49 [WARNING] MÓDULO AUTENTICACAO: Tentativa de brute-force bloqueada pelo utilizador 'api_gateway'.
2026-07-01 01:47:13 [INFO] MÓDULO BASE_DADOS: Erro de integridade referencial pelo utilizador 'gestor_seguranca'.
2026-07-01 01:48:02 [ERROR] MÓDULO SENSORES: Sensor de fumos ativo.
2026-07-01 01:49:07 [INFO] MÓDULO SENSORES: Sensor de fumos ativo.
2026-07-01 01:50:21 [WARNING] MÓDULO BASE_DADOS: Timeout na ligação pelo utilizador 'mauri'.
2026-07-01 01:51:46 [ERROR] MÓDULO AUTENTICACAO: Login efetuado com sucesso pelo utilizador 'convidado_01'.
2026-07-01 01:52:54 [INFO] MÓDULO BASE_DADOS: Cópia de segurança (Backup) concluída pelo utilizador 'nuno_gomes'.
2026-07-01 01:53:45 [INFO] MÓDULO AUTENTICACAO: Sessão expirada pelo utilizador 'mauri'.
2026-07-01 01:54:56 [INFO] MÓDULO CAMARAS: Falha de armazenamento no DVR_02.
2026-07-01 01:55:43 [WARNING] MÓDULO CAMARAS: Gravação iniciada por movimento na Câmara_01.
2026-07-01 01:57:13 [INFO] MÓDULO BASE_DADOS: Query executada com sucesso pelo utilizador 'ana_silva'.
2026-07-01 01:58:22 [CRITICAL] MÓDULO BASE_DADOS: Timeout na ligação pelo utilizador 'convidado_01'.
2026-07-01 01:59:09 [INFO] MÓDULO AUTENTICACAO: Login efetuado com sucesso pelo utilizador 'nuno_gomes'.
2026-07-01 02:00:14 [ERROR] MÓDULO BASE_DADOS: Erro de integridade referencial pelo utilizador 'mauri'.
2026-07-01 02:00:46 [ERROR] MÓDULO AUTENTICACAO: Sessão expirada pelo utilizador 'nuno_gomes'.
2026-07-01 02:02:09 [CRITICAL] MÓDULO AUTENTICACAO: Login efetuado com sucesso pelo utilizador 'gestor_seguranca'.
2026-07-01 02:02:41 [INFO] MÓDULO BASE_DADOS: Timeout na ligação pelo utilizador 'admin'.
2026-07-01 02:03:24 [WARNING] MÓDULO AUTENTICACAO: Login efetuado com sucesso pelo utilizador 'admin'.
2026-07-01 02:04:41 [WARNING] MÓDULO BASE_DADOS: Cópia de segurança (Backup) concluída pelo utilizador 'mauri'.
2026-07-01 02:05:26 [CRITICAL] MÓDULO AUTENTICACAO: Falha na palavra-passe pelo utilizador 'convidado_01'.
2026-07-01 02:06:09 [WARNING] MÓDULO BASE_DADOS: Query executada com sucesso pelo utilizador 'nuno_gomes'.
2026-07-01 02:06:49 [WARNING] MÓDULO CAMARAS: Perda de sinal de vídeo na Câmara_04.
2026-07-01 02:07:30 [INFO] MÓDULO CAMARAS: Perda de sinal de vídeo na Câmara_04.
2026-07-01 02:08:45 [ERROR] MÓDULO CAMARAS: Falha de armazenamento no DVR_02.
2026-07-01 02:09:57 [INFO] MÓDULO AUTENTICACAO: Sessão expirada pelo utilizador 'api_gateway'.
2026-07-01 02:11:21 [WARNING] MÓDULO AUTENTICACAO: Login efetuado com sucesso pelo utilizador 'nuno_gomes'.
2026-07-01 02:12:08 [INFO] MÓDULO AUTENTICACAO: Login efetuado com sucesso pelo utilizador 'api_gateway'.
2026-07-01 02:13:22 [INFO] MÓDULO BASE_DADOS: Cópia de segurança (Backup) concluída pelo utilizador 'mauri'.
2026-07-01 02:14:49 [INFO] MÓDULO SENSORES: Sensor de fumos ativo.
2026-07-01 02:15:41 [INFO] MÓDULO SENSORES: Porta Principal aberta.
2026-07-01 02:16:18 [ERROR] MÓDULO AUTENTICACAO: Falha na palavra-passe pelo utilizador 'gestor_seguranca'.
2026-07-01 02:16:52 [ERROR] MÓDULO BASE_DADOS: Erro de integridade referencial pelo utilizador 'convidado_01'.
2026-07-01 02:17:26 [INFO] MÓDULO BASE_DADOS: Cópia de segurança (Backup) concluída pelo utilizador 'ana_silva'.
2026-07-01 02:18:23 [INFO] MÓDULO SENSORES: Porta Principal aberta.
2026-07-01 02:19:20 [INFO] MÓDULO CAMARAS: Gravação iniciada por movimento na Câmara_01.
2026-07-01 02:20:31 [WARNING] MÓDULO BASE_DADOS: Cópia de segurança (Backup) concluída pelo utilizador 'admin'.
2026-07-01 02:22:01 [WARNING] MÓDULO CAMARAS: Perda de sinal de vídeo na Câmara_04.
2026-07-01 02:23:29 [WARNING] MÓDULO SENSORES: Movimento detetado no Corredor B.
2026-07-01 02:24:11 [INFO] MÓDULO AUTENTICACAO: Tentativa de brute-force bloqueada pelo utilizador 'nuno_gomes'.
2026-07-01 02:25:04 [ERROR] MÓDULO SENSORES: Porta Principal aberta.
2026-07-01 02:25:54 [INFO] MÓDULO SENSORES: Sensor de fumos ativo.
2026-07-01 02:26:39 [CRITICAL] MÓDULO AUTENTICACAO: Login efetuado com sucesso pelo utilizador 'api_gateway'.
2026-07-01 02:27:11 [INFO] MÓDULO AUTENTICACAO: Falha na palavra-passe pelo utilizador 'ana_silva'.
2026-07-01 02:27:47 [INFO] MÓDULO SENSORES: Movimento detetado no Corredor B.
2026-07-01 02:28:51 [WARNING] MÓDULO SENSORES: Sensor de fumos ativo.
2026-07-01 02:29:26 [CRITICAL] MÓDULO BASE_DADOS: Timeout na ligação pelo utilizador 'nuno_gomes'.
2026-07-01 02:29:56 [WARNING] MÓDULO AUTENTICACAO: Falha na palavra-passe pelo utilizador 'api_gateway'.
2026-07-01 02:31:05 [CRITICAL] MÓDULO BASE_DADOS: Timeout na ligação pelo utilizador 'admin'.
2026-07-01 02:32:07 [INFO] MÓDULO CAMARAS: Falha de armazenamento no DVR_02.
2026-07-01 02:33:26 [CRITICAL] MÓDULO CAMARAS: Gravação iniciada por movimento na Câmara_01.
2026-07-01 02:34:02 [INFO] MÓDULO SENSORES: Temperatura da Sala de Servidores acima do normal.
2026-07-01 02:35:05 [CRITICAL] MÓDULO AUTENTICACAO: Tentativa de brute-force bloqueada pelo utilizador 'convidado_01'.
2026-07-01 02:35:36 [INFO] MÓDULO CAMARAS: Gravação iniciada por movimento na Câmara_01.
2026-07-01 02:36:36 [ERROR] MÓDULO SENSORES: Porta Principal aberta.
2026-07-01 02:37:15 [CRITICAL] MÓDULO CAMARAS: Gravação iniciada por movimento na Câmara_01.
2026-07-01 02:38:00 [INFO] MÓDULO SENSORES: Temperatura da Sala de Servidores acima do normal.
2026-07-01 02:39:00 [ERROR] MÓDULO CAMARAS: Falha de armazenamento no DVR_02.
2026-07-01 02:40:01 [INFO] MÓDULO AUTENTICACAO: Falha na palavra-passe pelo utilizador 'admin'.
2026-07-01 02:40:34 [WARNING] MÓDULO AUTENTICACAO: Sessão expirada pelo utilizador 'convidado_01'.
2026-07-01 02:41:37 [CRITICAL] MÓDULO SENSORES: Porta Principal aberta.
2026-07-01 02:42:12 [CRITICAL] MÓDULO SENSORES: Movimento detetado no Corredor B.
2026-07-01 02:42:43 [ERROR] MÓDULO SENSORES: Movimento detetado no Corredor B.
2026-07-01 02:43:37 [ERROR] MÓDULO AUTENTICACAO: Falha na palavra-passe pelo utilizador 'ana_silva'.
2026-07-01 02:44:55 [CRITICAL] MÓDULO SENSORES: Movimento detetado no Corredor B.
2026-07-01 02:45:33 [INFO] MÓDULO SENSORES: Porta Principal aberta.
2026-07-01 02:46:48 [WARNING] MÓDULO BASE_DADOS: Cópia de segurança (Backup) concluída pelo utilizador 'api_gateway'.
2026-07-01 02:47:37 [ERROR] MÓDULO AUTENTICACAO: Falha na palavra-passe pelo utilizador 'convidado_01'.
2026-07-01 02:48:30 [ERROR] MÓDULO CAMARAS: Gravação iniciada por movimento na Câmara_01.
2026-07-01 02:49:40 [INFO] MÓDULO AUTENTICACAO: Falha na palavra-passe pelo utilizador 'mauri'.
2026-07-01 02:50:25 [INFO] MÓDULO SENSORES: Temperatura da Sala de Servidores acima do normal.
2026-07-01 02:51:33 [ERROR] MÓDULO AUTENTICACAO: Falha na palavra-passe pelo utilizador 'ana_silva'.
2026-07-01 02:52:18 [ERROR] MÓDULO AUTENTICACAO: Falha na palavra-passe pelo utilizador 'nuno_gomes'.
2026-07-01 02:53:42 [INFO] MÓDULO BASE_DADOS: Query executada com sucesso pelo utilizador 'nuno_gomes'.
2026-07-01 02:54:13 [INFO] MÓDULO SENSORES: Porta Principal aberta.
2026-07-01 02:55:21 [INFO] MÓDULO AUTENTICACAO: Login efetuado com sucesso pelo utilizador 'gestor_seguranca'.
2026-07-01 02:56:34 [ERROR] MÓDULO BASE_DADOS: Cópia de segurança (Backup) concluída pelo utilizador 'mauri'.
2026-07-01 02:57:15 [INFO] MÓDULO AUTENTICACAO: Sessão expirada pelo utilizador 'nuno_gomes'.
2026-07-01 02:58:43 [ERROR] MÓDULO CAMARAS: Falha de armazenamento no DVR_02.
2026-07-01 02:59:33 [ERROR] MÓDULO BASE_DADOS: Cópia de segurança (Backup) concluída pelo utilizador 'api_gateway'.
2026-07-01 03:00:26 [INFO] MÓDULO CAMARAS: Perda de sinal de vídeo na Câmara_04.
2026-07-01 03:01:38 [INFO] MÓDULO BASE_DADOS: Query executada com sucesso pelo utilizador 'convidado_01'.
2026-07-01 03:02:08 [ERROR] MÓDULO AUTENTICACAO: Falha na palavra-passe pelo utilizador 'mauri'.
2026-07-01 03:03:35 [WARNING] MÓDULO BASE_DADOS: Cópia de segurança (Backup) concluída pelo utilizador 'gestor_seguranca'.
2026-07-01 03:04:20 [INFO] MÓDULO AUTENTICACAO: Sessão expirada pelo utilizador 'mauri'.
2026-07-01 03:05:20 [INFO] MÓDULO CAMARAS: Perda de sinal de vídeo na Câmara_04.
2026-07-01 03:06:06 [INFO] MÓDULO BASE_DADOS: Erro de integridade referencial pelo utilizador 'nuno_gomes'.
2026-07-01 03:07:25 [CRITICAL] MÓDULO AUTENTICACAO: Login efetuado com sucesso pelo utilizador 'convidado_01'.
2026-07-01 03:08:48 [INFO] MÓDULO CAMARAS: Falha de armazenamento no DVR_02.
2026-07-01 03:09:45 [ERROR] MÓDULO SENSORES: Sensor de fumos ativo.
2026-07-01 03:10:59 [WARNING] MÓDULO SENSORES: Sensor de fumos ativo.
2026-07-01 03:11:49 [CRITICAL] MÓDULO SENSORES: Porta Principal aberta.
2026-07-01 03:12:51 [INFO] MÓDULO CAMARAS: Perda de sinal de vídeo na Câmara_04.
2026-07-01 03:13:35 [INFO] MÓDULO CAMARAS: Perda de sinal de vídeo na Câmara_04.
2026-07-01 03:14:16 [WARNING] MÓDULO CAMARAS: Falha de armazenamento no DVR_02.
2026-07-01 03:15:21 [INFO] MÓDULO CAMARAS: Perda de sinal de vídeo na Câmara_04.
2026-07-01 03:16:30 [INFO] MÓDULO AUTENTICACAO: Falha na palavra-passe pelo utilizador 'convidado_01'.
2026-07-01 03:17:36 [WARNING] MÓDULO SENSORES: Porta Principal aberta.
2026-07-01 03:19:03 [WARNING] MÓDULO SENSORES: Sensor de fumos ativo.
2026-07-01 03:20:07 [INFO] MÓDULO AUTENTICACAO: Login efetuado com sucesso pelo utilizador 'mauri'.
2026-07-01 03:21:29 [CRITICAL] MÓDULO SENSORES: Porta Principal aberta.
2026-07-01 03:22:42 [INFO] MÓDULO SENSORES: Temperatura da Sala de Servidores acima do normal.
2026-07-01 03:23:13 [INFO] MÓDULO CAMARAS: Perda de sinal de vídeo na Câmara_04.
2026-07-01 03:23:45 [INFO] MÓDULO AUTENTICACAO: Sessão expirada pelo utilizador 'nuno_gomes'.
2026-07-01 03:24:17 [ERROR] MÓDULO AUTENTICACAO: Tentativa de brute-force bloqueada pelo utilizador 'nuno_gomes'.
2026-07-01 03:25:39 [WARNING] MÓDULO CAMARAS: Gravação iniciada por movimento na Câmara_01.
2026-07-01 03:26:10 [WARNING] MÓDULO SENSORES: Porta Principal aberta.
2026-07-01 03:27:09 [WARNING] MÓDULO BASE_DADOS: Query executada com sucesso pelo utilizador 'api_gateway'.
2026-07-01 03:27:48 [CRITICAL] MÓDULO BASE_DADOS: Query executada com sucesso pelo utilizador 'admin'.
2026-07-01 03:28:55 [ERROR] MÓDULO BASE_DADOS: Query executada com sucesso pelo utilizador 'convidado_01'.
2026-07-01 03:30:15 [CRITICAL] MÓDULO SENSORES: Sensor de fumos ativo.
2026-07-01 03:30:51 [INFO] MÓDULO SENSORES: Temperatura da Sala de Servidores acima do normal.
2026-07-01 03:32:15 [CRITICAL] MÓDULO BASE_DADOS: Query executada com sucesso pelo utilizador 'nuno_gomes'.
2026-07-01 03:33:04 [CRITICAL] MÓDULO SENSORES: Temperatura da Sala de Servidores acima do normal.
2026-07-01 03:34:06 [ERROR] MÓDULO CAMARAS: Perda de sinal de vídeo na Câmara_04.
2026-07-01 03:34:40 [INFO] MÓDULO BASE_DADOS: Cópia de segurança (Backup) concluída pelo utilizador 'ana_silva'.
2026-07-01 03:35:30 [ERROR] MÓDULO CAMARAS: Perda de sinal de vídeo na Câmara_04.
2026-07-01 03:36:06 [WARNING] MÓDULO SENSORES: Porta Principal aberta.
2026-07-01 03:37:22 [CRITICAL] MÓDULO SENSORES: Sensor de fumos ativo.
2026-07-01 03:38:13 [WARNING] MÓDULO CAMARAS: Falha de armazenamento no DVR_02.
2026-07-01 03:39:22 [ERROR] MÓDULO AUTENTICACAO: Login efetuado com sucesso pelo utilizador 'api_gateway'.
2026-07-01 03:40:40 [INFO] MÓDULO CAMARAS: Perda de sinal de vídeo na Câmara_04.
2026-07-01 03:41:26 [INFO] MÓDULO SENSORES: Movimento detetado no Corredor B.
2026-07-01 03:42:22 [WARNING] MÓDULO CAMARAS: Gravação iniciada por movimento na Câmara_01.
2026-07-01 03:43:45 [WARNING] MÓDULO CAMARAS: Gravação iniciada por movimento na Câmara_01.
2026-07-01 03:44:29 [ERROR] MÓDULO AUTENTICACAO: Falha na palavra-passe pelo utilizador 'nuno_gomes'.
2026-07-01 03:45:00 [WARNING] MÓDULO AUTENTICACAO: Sessão expirada pelo utilizador 'mauri'.
2026-07-01 03:46:06 [ERROR] MÓDULO AUTENTICACAO: Falha na palavra-passe pelo utilizador 'api_gateway'.
2026-07-01 03:47:09 [CRITICAL] MÓDULO CAMARAS: Falha de armazenamento no DVR_02.
2026-07-01 03:48:20 [ERROR] MÓDULO CAMARAS: Falha de armazenamento no DVR_02.
2026-07-01 03:49:11 [ERROR] MÓDULO AUTENTICACAO: Falha na palavra-passe pelo utilizador 'admin'.
2026-07-01 03:49:49 [INFO] MÓDULO AUTENTICACAO: Tentativa de brute-force bloqueada pelo utilizador 'convidado_01'.
2026-07-01 03:51:01 [CRITICAL] MÓDULO BASE_DADOS: Cópia de segurança (Backup) concluída pelo utilizador 'gestor_seguranca'.
2026-07-01 03:52:31 [WARNING] MÓDULO AUTENTICACAO: Falha na palavra-passe pelo utilizador 'gestor_seguranca'.
2026-07-01 03:53:25 [CRITICAL] MÓDULO BASE_DADOS: Erro de integridade referencial pelo utilizador 'convidado_01'.
2026-07-01 03:54:47 [INFO] MÓDULO AUTENTICACAO: Falha na palavra-passe pelo utilizador 'gestor_seguranca'.
2026-07-01 03:55:59 [INFO] MÓDULO BASE_DADOS: Erro de integridade referencial pelo utilizador 'mauri'.
2026-07-01 03:56:37 [ERROR] MÓDULO AUTENTICACAO: Login efetuado com sucesso pelo utilizador 'admin'.
2026-07-01 03:57:53 [CRITICAL] MÓDULO BASE_DADOS: Cópia de segurança (Backup) concluída pelo utilizador 'gestor_seguranca'.
2026-07-01 03:58:44 [INFO] MÓDULO SENSORES: Temperatura da Sala de Servidores acima do normal.
2026-07-01 04:00:13 [INFO] MÓDULO CAMARAS: Falha de armazenamento no DVR_02.
2026-07-01 04:01:19 [ERROR] MÓDULO SENSORES: Movimento detetado no Corredor B.
2026-07-01 04:02:03 [INFO] MÓDULO AUTENTICACAO: Falha na palavra-passe pelo utilizador 'api_gateway'.
2026-07-01 04:03:07 [CRITICAL] MÓDULO SENSORES: Temperatura da Sala de Servidores acima do normal.
2026-07-01 04:04:01 [INFO] MÓDULO SENSORES: Movimento detetado no Corredor B.
2026-07-01 04:04:40 [CRITICAL] MÓDULO SENSORES: Movimento detetado no Corredor B.
2026-07-01 04:05:57 [INFO] MÓDULO SENSORES: Movimento detetado no Corredor B.
2026-07-01 04:06:57 [ERROR] MÓDULO AUTENTICACAO: Tentativa de brute-force bloqueada pelo utilizador 'convidado_01'.
2026-07-01 04:07:46 [CRITICAL] MÓDULO CAMARAS: Gravação iniciada por movimento na Câmara_01.
2026-07-01 04:08:39 [INFO] MÓDULO AUTENTICACAO: Sessão expirada pelo utilizador 'api_gateway'.
2026-07-01 04:09:38 [WARNING] MÓDULO CAMARAS: Gravação iniciada por movimento na Câmara_01.
2026-07-01 04:10:46 [CRITICAL] MÓDULO AUTENTICACAO: Sessão expirada pelo utilizador 'ana_silva'.
2026-07-01 04:11:40 [ERROR] MÓDULO CAMARAS: Gravação iniciada por movimento na Câmara_01.
2026-07-01 04:12:56 [ERROR] MÓDULO CAMARAS: Perda de sinal de vídeo na Câmara_04.
2026-07-01 04:14:26 [INFO] MÓDULO SENSORES: Sensor de fumos ativo.
2026-07-01 04:15:05 [INFO] MÓDULO BASE_DADOS: Cópia de segurança (Backup) concluída pelo utilizador 'ana_silva'.
2026-07-01 04:15:58 [ERROR] MÓDULO CAMARAS: Gravação iniciada por movimento na Câmara_01.
2026-07-01 04:16:48 [INFO] MÓDULO BASE_DADOS: Erro de integridade referencial pelo utilizador 'gestor_seguranca'.
2026-07-01 04:17:44 [INFO] MÓDULO BASE_DADOS: Erro de integridade referencial pelo utilizador 'gestor_seguranca'.
2026-07-01 04:18:39 [WARNING] MÓDULO CAMARAS: Gravação iniciada por movimento na Câmara_01.
2026-07-01 04:19:23 [CRITICAL] MÓDULO AUTENTICACAO: Login efetuado com sucesso pelo utilizador 'convidado_01'.
2026-07-01 04:20:09 [ERROR] MÓDULO CAMARAS: Perda de sinal de vídeo na Câmara_04.
2026-07-01 04:20:57 [ERROR] MÓDULO SENSORES: Sensor de fumos ativo.
2026-07-01 04:21:59 [WARNING] MÓDULO BASE_DADOS: Query executada com sucesso pelo utilizador 'mauri'.
2026-07-01 04:22:29 [CRITICAL] MÓDULO SENSORES: Porta Principal aberta.
2026-07-01 04:23:33 [INFO] MÓDULO SENSORES: Temperatura da Sala de Servidores acima do normal.
2026-07-01 04:24:27 [ERROR] MÓDULO SENSORES: Movimento detetado no Corredor B.
2026-07-01 04:25:37 [WARNING] MÓDULO SENSORES: Temperatura da Sala de Servidores acima do normal.
2026-07-01 04:27:06 [CRITICAL] MÓDULO SENSORES: Temperatura da Sala de Servidores acima do normal.
2026-07-01 04:27:43 [INFO] MÓDULO SENSORES: Sensor de fumos ativo.
2026-07-01 04:28:30 [WARNING] MÓDULO SENSORES: Movimento detetado no Corredor B.
2026-07-01 04:29:48 [WARNING] MÓDULO CAMARAS: Gravação iniciada por movimento na Câmara_01.
2026-07-01 04:31:08 [WARNING] MÓDULO BASE_DADOS: Cópia de segurança (Backup) concluída pelo utilizador 'gestor_seguranca'.
2026-07-01 04:31:51 [WARNING] MÓDULO AUTENTICACAO: Sessão expirada pelo utilizador 'admin'.
2026-07-01 04:33:11 [INFO] MÓDULO SENSORES: Movimento detetado no Corredor B.
2026-07-01 04:34:28 [INFO] MÓDULO CAMARAS: Perda de sinal de vídeo na Câmara_04.
2026-07-01 04:35:11 [WARNING] MÓDULO AUTENTICACAO: Tentativa de brute-force bloqueada pelo utilizador 'admin'.
2026-07-01 04:36:32 [ERROR] MÓDULO AUTENTICACAO: Sessão expirada pelo utilizador 'convidado_01'.
2026-07-01 04:37:33 [INFO] MÓDULO BASE_DADOS: Timeout na ligação pelo utilizador 'api_gateway'.
2026-07-01 04:38:44 [INFO] MÓDULO SENSORES: Sensor de fumos ativo.
2026-07-01 04:39:47 [WARNING] MÓDULO AUTENTICACAO: Sessão expirada pelo utilizador 'ana_silva'.
2026-07-01 04:41:02 [INFO] MÓDULO CAMARAS: Perda de sinal de vídeo na Câmara_04.
2026-07-01 04:42:16 [WARNING] MÓDULO CAMARAS: Perda de sinal de vídeo na Câmara_04.
2026-07-01 04:43:44 [CRITICAL] MÓDULO CAMARAS: Gravação iniciada por movimento na Câmara_01.
2026-07-01 04:45:12 [INFO] MÓDULO CAMARAS: Falha de armazenamento no DVR_02.
2026-07-01 04:46:19 [INFO] MÓDULO SENSORES: Sensor de fumos ativo.
2026-07-01 04:47:42 [INFO] MÓDULO CAMARAS: Perda de sinal de vídeo na Câmara_04.
2026-07-01 04:48:25 [INFO] MÓDULO SENSORES: Porta Principal aberta.
2026-07-01 04:49:01 [CRITICAL] MÓDULO CAMARAS: Falha de armazenamento no DVR_02.
2026-07-01 04:49:44 [INFO] MÓDULO SENSORES: Temperatura da Sala de Servidores acima do normal.
2026-07-01 04:51:07 [WARNING] MÓDULO CAMARAS: Gravação iniciada por movimento na Câmara_01.
2026-07-01 04:51:44 [CRITICAL] MÓDULO AUTENTICACAO: Tentativa de brute-force bloqueada pelo utilizador 'ana_silva'.
2026-07-01 04:52:31 [ERROR] MÓDULO SENSORES: Movimento detetado no Corredor B.
2026-07-01 04:53:12 [CRITICAL] MÓDULO SENSORES: Porta Principal aberta.
2026-07-01 04:54:33 [CRITICAL] MÓDULO CAMARAS: Falha de armazenamento no DVR_02.
2026-07-01 04:55:31 [WARNING] MÓDULO SENSORES: Porta Principal aberta.
2026-07-01 04:56:03 [INFO] MÓDULO BASE_DADOS: Erro de integridade referencial pelo utilizador 'convidado_01'.
2026-07-01 04:57:10 [ERROR] MÓDULO SENSORES: Sensor de fumos ativo.
2026-07-01 04:58:31 [ERROR] MÓDULO BASE_DADOS: Query executada com sucesso pelo utilizador 'nuno_gomes'.
2026-07-01 04:59:10 [CRITICAL] MÓDULO BASE_DADOS: Erro de integridade referencial pelo utilizador 'nuno_gomes'.
2026-07-01 05:00:36 [WARNING] MÓDULO CAMARAS: Falha de armazenamento no DVR_02.
2026-07-01 05:01:18 [ERROR] MÓDULO SENSORES: Porta Principal aberta.
2026-07-01 05:02:48 [INFO] MÓDULO CAMARAS: Perda de sinal de vídeo na Câmara_04.
2026-07-01 05:04:06 [INFO] MÓDULO CAMARAS: Falha de armazenamento no DVR_02.
2026-07-01 05:04:36 [WARNING] MÓDULO BASE_DADOS: Cópia de segurança (Backup) concluída pelo utilizador 'admin'.
2026-07-01 05:06:01 [ERROR] MÓDULO AUTENTICACAO: Login efetuado com sucesso pelo utilizador 'admin'.
2026-07-01 05:06:40 [INFO] MÓDULO AUTENTICACAO: Tentativa de brute-force bloqueada pelo utilizador 'nuno_gomes'.
2026-07-01 05:07:21 [WARNING] MÓDULO SENSORES: Sensor de fumos ativo.
2026-07-01 05:08:00 [ERROR] MÓDULO SENSORES: Porta Principal aberta.
2026-07-01 05:08:55 [ERROR] MÓDULO CAMARAS: Falha de armazenamento no DVR_02.
2026-07-01 05:10:21 [INFO] MÓDULO SENSORES: Porta Principal aberta.
2026-07-01 05:11:28 [WARNING] MÓDULO CAMARAS: Falha de armazenamento no DVR_02.
2026-07-01 05:12:42 [WARNING] MÓDULO AUTENTICACAO: Tentativa de brute-force bloqueada pelo utilizador 'gestor_seguranca'.
2026-07-01 05:13:30 [INFO] MÓDULO CAMARAS: Gravação iniciada por movimento na Câmara_01.
2026-07-01 05:14:58 [INFO] MÓDULO SENSORES: Temperatura da Sala de Servidores acima do normal.
2026-07-01 05:16:07 [CRITICAL] MÓDULO SENSORES: Temperatura da Sala de Servidores acima do normal.
2026-07-01 05:17:35 [CRITICAL] MÓDULO BASE_DADOS: Timeout na ligação pelo utilizador 'ana_silva'.
2026-07-01 05:18:31 [INFO] MÓDULO SENSORES: Movimento detetado no Corredor B.
2026-07-01 05:19:47 [INFO] MÓDULO SENSORES: Movimento detetado no Corredor B.
2026-07-01 05:21:10 [WARNING] MÓDULO CAMARAS: Perda de sinal de vídeo na Câmara_04.
2026-07-01 05:22:27 [ERROR] MÓDULO CAMARAS: Falha de armazenamento no DVR_02.
2026-07-01 05:23:00 [INFO] MÓDULO SENSORES: Porta Principal aberta.
2026-07-01 05:23:51 [CRITICAL] MÓDULO BASE_DADOS: Cópia de segurança (Backup) concluída pelo utilizador 'nuno_gomes'.
2026-07-01 05:24:45 [WARNING] MÓDULO CAMARAS: Gravação iniciada por movimento na Câmara_01.
2026-07-01 05:25:51 [INFO] MÓDULO CAMARAS: Falha de armazenamento no DVR_02.
2026-07-01 05:26:24 [CRITICAL] MÓDULO BASE_DADOS: Timeout na ligação pelo utilizador 'mauri'.
2026-07-01 05:27:44 [WARNING] MÓDULO BASE_DADOS: Query executada com sucesso pelo utilizador 'convidado_01'.
2026-07-01 05:28:20 [CRITICAL] MÓDULO BASE_DADOS: Timeout na ligação pelo utilizador 'admin'.
2026-07-01 05:29:16 [WARNING] MÓDULO SENSORES: Temperatura da Sala de Servidores acima do normal.
2026-07-01 05:29:58 [CRITICAL] MÓDULO CAMARAS: Falha de armazenamento no DVR_02.
2026-07-01 05:30:31 [INFO] MÓDULO AUTENTICACAO: Login efetuado com sucesso pelo utilizador 'convidado_01'.
2026-07-01 05:31:29 [ERROR] MÓDULO BASE_DADOS: Query executada com sucesso pelo utilizador 'ana_silva'.
2026-07-01 05:32:59 [INFO] MÓDULO CAMARAS: Falha de armazenamento no DVR_02.
2026-07-01 05:34:01 [INFO] MÓDULO AUTENTICACAO: Sessão expirada pelo utilizador 'gestor_seguranca'.
2026-07-01 05:35:27 [INFO] MÓDULO CAMARAS: Gravação iniciada por movimento na Câmara_01.
2026-07-01 05:36:57 [INFO] MÓDULO SENSORES: Sensor de fumos ativo.
2026-07-01 05:38:16 [WARNING] MÓDULO BASE_DADOS: Cópia de segurança (Backup) concluída pelo utilizador 'admin'.
2026-07-01 05:39:27 [INFO] MÓDULO CAMARAS: Falha de armazenamento no DVR_02.
2026-07-01 05:40:21 [ERROR] MÓDULO AUTENTICACAO: Login efetuado com sucesso pelo utilizador 'mauri'.
2026-07-01 05:41:15 [ERROR] MÓDULO AUTENTICACAO: Tentativa de brute-force bloqueada pelo utilizador 'ana_silva'.
2026-07-01 05:42:21 [WARNING] MÓDULO SENSORES: Porta Principal aberta.
2026-07-01 05:42:55 [INFO] MÓDULO AUTENTICACAO: Tentativa de brute-force bloqueada pelo utilizador 'ana_silva'.
2026-07-01 05:43:52 [INFO] MÓDULO AUTENTICACAO: Tentativa de brute-force bloqueada pelo utilizador 'admin'.
2026-07-01 05:44:46 [WARNING] MÓDULO AUTENTICACAO: Falha na palavra-passe pelo utilizador 'admin'.
2026-07-01 05:45:16 [WARNING] MÓDULO AUTENTICACAO: Sessão expirada pelo utilizador 'gestor_seguranca'.
2026-07-01 05:46:11 [INFO] MÓDULO SENSORES: Temperatura da Sala de Servidores acima do normal.
2026-07-01 05:47:18 [INFO] MÓDULO SENSORES: Sensor de fumos ativo.
2026-07-01 05:48:07 [CRITICAL] MÓDULO BASE_DADOS: Query executada com sucesso pelo utilizador 'admin'.
2026-07-01 05:48:46 [INFO] MÓDULO SENSORES: Sensor de fumos ativo.
2026-07-01 05:49:52 [INFO] MÓDULO SENSORES: Temperatura da Sala de Servidores acima do normal.
2026-07-01 05:51:02 [ERROR] MÓDULO CAMARAS: Falha de armazenamento no DVR_02.
2026-07-01 05:51:55 [WARNING] MÓDULO BASE_DADOS: Timeout na ligação pelo utilizador 'gestor_seguranca'.
2026-07-01 05:52:49 [WARNING] MÓDULO SENSORES: Porta Principal aberta.
2026-07-01 05:53:55 [CRITICAL] MÓDULO AUTENTICACAO: Tentativa de brute-force bloqueada pelo utilizador 'ana_silva'.
2026-07-01 05:54:39 [CRITICAL] MÓDULO AUTENTICACAO: Sessão expirada pelo utilizador 'ana_silva'.
2026-07-01 05:55:16 [ERROR] MÓDULO CAMARAS: Falha de armazenamento no DVR_02.
2026-07-01 05:56:42 [INFO] MÓDULO BASE_DADOS: Timeout na ligação pelo utilizador 'ana_silva'.
2026-07-01 05:57:45 [INFO] MÓDULO BASE_DADOS: Cópia de segurança (Backup) concluída pelo utilizador 'api_gateway'.
2026-07-01 05:58:18 [WARNING] MÓDULO CAMARAS: Perda de sinal de vídeo na Câmara_04.
2026-07-01 05:59:10 [INFO] MÓDULO SENSORES: Temperatura da Sala de Servidores acima do normal.
2026-07-01 06:00:05 [CRITICAL] MÓDULO CAMARAS: Gravação iniciada por movimento na Câmara_01.
2026-07-01 06:01:35 [ERROR] MÓDULO BASE_DADOS: Timeout na ligação pelo utilizador 'mauri'.
2026-07-01 06:02:32 [INFO] MÓDULO SENSORES: Movimento detetado no Corredor B.
2026-07-01 06:03:16 [INFO] MÓDULO AUTENTICACAO: Login efetuado com sucesso pelo utilizador 'nuno_gomes'.
2026-07-01 06:03:48 [INFO] MÓDULO CAMARAS: Gravação iniciada por movimento na Câmara_01.
2026-07-01 06:04:38 [ERROR] MÓDULO SENSORES: Sensor de fumos ativo.
2026-07-01 06:05:29 [WARNING] MÓDULO SENSORES: Porta Principal aberta.
2026-07-01 06:06:44 [INFO] MÓDULO SENSORES: Sensor de fumos ativo.
2026-07-01 06:07:17 [CRITICAL] MÓDULO CAMARAS: Perda de sinal de vídeo na Câmara_04.
2026-07-01 06:08:19 [INFO] MÓDULO BASE_DADOS: Erro de integridade referencial pelo utilizador 'convidado_01'.
2026-07-01 06:08:56 [ERROR] MÓDULO AUTENTICACAO: Sessão expirada pelo utilizador 'api_gateway'.
2026-07-01 06:10:18 [WARNING] MÓDULO CAMARAS: Gravação iniciada por movimento na Câmara_01.
2026-07-01 06:11:43 [ERROR] MÓDULO BASE_DADOS: Timeout na ligação pelo utilizador 'nuno_gomes'.
2026-07-01 06:13:13 [CRITICAL] MÓDULO BASE_DADOS: Cópia de segurança (Backup) concluída pelo utilizador 'mauri'.
2026-07-01 06:14:01 [WARNING] MÓDULO CAMARAS: Gravação iniciada por movimento na Câmara_01.
2026-07-01 06:15:01 [CRITICAL] MÓDULO CAMARAS: Perda de sinal de vídeo na Câmara_04.
2026-07-01 06:15:42 [INFO] MÓDULO AUTENTICACAO: Tentativa de brute-force bloqueada pelo utilizador 'convidado_01'.
2026-07-01 06:16:28 [CRITICAL] MÓDULO CAMARAS: Falha de armazenamento no DVR_02.
2026-07-01 06:17:44 [INFO] MÓDULO CAMARAS: Falha de armazenamento no DVR_02.
2026-07-01 06:19:07 [ERROR] MÓDULO AUTENTICACAO: Login efetuado com sucesso pelo utilizador 'ana_silva'.
2026-07-01 06:20:06 [ERROR] MÓDULO SENSORES: Porta Principal aberta.
2026-07-01 06:20:48 [CRITICAL] MÓDULO BASE_DADOS: Cópia de segurança (Backup) concluída pelo utilizador 'api_gateway'.
2026-07-01 06:21:51 [INFO] MÓDULO AUTENTICACAO: Falha na palavra-passe pelo utilizador 'ana_silva'.
2026-07-01 06:22:46 [WARNING] MÓDULO CAMARAS: Falha de armazenamento no DVR_02.
2026-07-01 06:23:22 [CRITICAL] MÓDULO SENSORES: Movimento detetado no Corredor B.
2026-07-01 06:24:51 [WARNING] MÓDULO AUTENTICACAO: Sessão expirada pelo utilizador 'ana_silva'.
2026-07-01 06:26:17 [CRITICAL] MÓDULO AUTENTICACAO: Tentativa de brute-force bloqueada pelo utilizador 'mauri'.
2026-07-01 06:27:25 [CRITICAL] MÓDULO AUTENTICACAO: Sessão expirada pelo utilizador 'api_gateway'.
2026-07-01 06:28:42 [WARNING] MÓDULO CAMARAS: Gravação iniciada por movimento na Câmara_01.
2026-07-01 06:30:03 [CRITICAL] MÓDULO AUTENTICACAO: Login efetuado com sucesso pelo utilizador 'admin'.
2026-07-01 06:30:59 [INFO] MÓDULO CAMARAS: Gravação iniciada por movimento na Câmara_01.
2026-07-01 06:31:45 [INFO] MÓDULO SENSORES: Movimento detetado no Corredor B.
2026-07-01 06:32:48 [WARNING] MÓDULO CAMARAS: Falha de armazenamento no DVR_02.
2026-07-01 06:33:55 [WARNING] MÓDULO AUTENTICACAO: Sessão expirada pelo utilizador 'admin'.
2026-07-01 06:35:22 [INFO] MÓDULO SENSORES: Sensor de fumos ativo.
2026-07-01 06:36:09 [ERROR] MÓDULO AUTENTICACAO: Tentativa de brute-force bloqueada pelo utilizador 'nuno_gomes'.
2026-07-01 06:37:18 [WARNING] MÓDULO CAMARAS: Gravação iniciada por movimento na Câmara_01.
2026-07-01 06:38:02 [INFO] MÓDULO AUTENTICACAO: Sessão expirada pelo utilizador 'admin'.
2026-07-01 06:39:20 [CRITICAL] MÓDULO SENSORES: Temperatura da Sala de Servidores acima do normal.
2026-07-01 06:40:09 [WARNING] MÓDULO BASE_DADOS: Query executada com sucesso pelo utilizador 'ana_silva'.
2026-07-01 06:41:32 [WARNING] MÓDULO AUTENTICACAO: Login efetuado com sucesso pelo utilizador 'ana_silva'.
2026-07-01 06:42:26 [INFO] MÓDULO CAMARAS: Falha de armazenamento no DVR_02.
2026-07-01 06:43:51 [ERROR] MÓDULO BASE_DADOS: Query executada com sucesso pelo utilizador 'mauri'.
2026-07-01 06:45:06 [INFO] MÓDULO SENSORES: Sensor de fumos ativo.
2026-07-01 06:46:07 [CRITICAL] MÓDULO AUTENTICACAO: Falha na palavra-passe pelo utilizador 'admin'.
2026-07-01 06:47:01 [CRITICAL] MÓDULO AUTENTICACAO: Falha na palavra-passe pelo utilizador 'gestor_seguranca'.
2026-07-01 06:48:11 [INFO] MÓDULO BASE_DADOS: Query executada com sucesso pelo utilizador 'ana_silva'.
2026-07-01 06:49:31 [ERROR] MÓDULO CAMARAS: Perda de sinal de vídeo na Câmara_04.
2026-07-01 06:50:48 [WARNING] MÓDULO AUTENTICACAO: Tentativa de brute-force bloqueada pelo utilizador 'nuno_gomes'.
2026-07-01 06:51:52 [ERROR] MÓDULO AUTENTICACAO: Falha na palavra-passe pelo utilizador 'convidado_01'.
2026-07-01 06:52:50 [INFO] MÓDULO BASE_DADOS: Timeout na ligação pelo utilizador 'convidado_01'.
2026-07-01 06:53:22 [WARNING] MÓDULO CAMARAS: Perda de sinal de vídeo na Câmara_04.
2026-07-01 06:53:53 [INFO] MÓDULO CAMARAS: Falha de armazenamento no DVR_02.
2026-07-01 06:54:52 [INFO] MÓDULO SENSORES: Movimento detetado no Corredor B.
2026-07-01 06:55:32 [CRITICAL] MÓDULO BASE_DADOS: Timeout na ligação pelo utilizador 'api_gateway'.
2026-07-01 06:56:23 [INFO] MÓDULO AUTENTICACAO: Tentativa de brute-force bloqueada pelo utilizador 'nuno_gomes'.
2026-07-01 06:57:28 [INFO] MÓDULO CAMARAS: Perda de sinal de vídeo na Câmara_04.
2026-07-01 06:58:15 [WARNING] MÓDULO AUTENTICACAO: Sessão expirada pelo utilizador 'convidado_01'.
2026-07-01 06:59:26 [ERROR] MÓDULO CAMARAS: Perda de sinal de vídeo na Câmara_04.
2026-07-01 07:00:27 [ERROR] MÓDULO BASE_DADOS: Erro de integridade referencial pelo utilizador 'nuno_gomes'.
2026-07-01 07:01:29 [ERROR] MÓDULO BASE_DADOS: Cópia de segurança (Backup) concluída pelo utilizador 'mauri'.
2026-07-01 07:02:09 [ERROR] MÓDULO SENSORES: Sensor de fumos ativo.
2026-07-01 07:03:25 [ERROR] MÓDULO AUTENTICACAO: Falha na palavra-passe pelo utilizador 'gestor_seguranca'.
2026-07-01 07:04:54 [INFO] MÓDULO AUTENTICACAO: Tentativa de brute-force bloqueada pelo utilizador 'nuno_gomes'.
2026-07-01 07:06:08 [INFO] MÓDULO AUTENTICACAO: Tentativa de brute-force bloqueada pelo utilizador 'mauri'.
2026-07-01 07:07:26 [ERROR] MÓDULO AUTENTICACAO: Tentativa de brute-force bloqueada pelo utilizador 'admin'.
2026-07-01 07:07:56 [CRITICAL] MÓDULO CAMARAS: Gravação iniciada por movimento na Câmara_01.
2026-07-01 07:09:12 [WARNING] MÓDULO BASE_DADOS: Timeout na ligação pelo utilizador 'mauri'.
2026-07-01 07:09:55 [WARNING] MÓDULO BASE_DADOS: Cópia de segurança (Backup) concluída pelo utilizador 'nuno_gomes'.
2026-07-01 07:11:17 [ERROR] MÓDULO CAMARAS: Perda de sinal de vídeo na Câmara_04.
2026-07-01 07:11:55 [CRITICAL] MÓDULO BASE_DADOS: Timeout na ligação pelo utilizador 'gestor_seguranca'.
2026-07-01 07:13:04 [INFO] MÓDULO CAMARAS: Perda de sinal de vídeo na Câmara_04.
2026-07-01 07:13:51 [CRITICAL] MÓDULO CAMARAS: Falha de armazenamento no DVR_02.
2026-07-01 07:14:45 [CRITICAL] MÓDULO AUTENTICACAO: Tentativa de brute-force bloqueada pelo utilizador 'api_gateway'.
2026-07-01 07:15:20 [CRITICAL] MÓDULO CAMARAS: Falha de armazenamento no DVR_02.
2026-07-01 07:16:08 [ERROR] MÓDULO SENSORES: Porta Principal aberta.
2026-07-01 07:17:21 [ERROR] MÓDULO SENSORES: Movimento detetado no Corredor B.
2026-07-01 07:18:31 [INFO] MÓDULO BASE_DADOS: Query executada com sucesso pelo utilizador 'ana_silva'.
2026-07-01 07:19:02 [ERROR] MÓDULO CAMARAS: Perda de sinal de vídeo na Câmara_04.
2026-07-01 07:20:27 [CRITICAL] MÓDULO BASE_DADOS: Erro de integridade referencial pelo utilizador 'nuno_gomes'.
2026-07-01 07:21:18 [WARNING] MÓDULO SENSORES: Movimento detetado no Corredor B.
2026-07-01 07:22:39 [CRITICAL] MÓDULO AUTENTICACAO: Sessão expirada pelo utilizador 'gestor_seguranca'.
2026-07-01 07:23:40 [INFO] MÓDULO BASE_DADOS: Timeout na ligação pelo utilizador 'mauri'.
2026-07-01 07:24:57 [WARNING] MÓDULO AUTENTICACAO: Falha na palavra-passe pelo utilizador 'mauri'.
2026-07-01 07:26:09 [INFO] MÓDULO AUTENTICACAO: Sessão expirada pelo utilizador 'convidado_01'.
2026-07-01 07:27:17 [CRITICAL] MÓDULO AUTENTICACAO: Login efetuado com sucesso pelo utilizador 'mauri'.
2026-07-01 07:28:45 [WARNING] MÓDULO AUTENTICACAO: Login efetuado com sucesso pelo utilizador 'gestor_seguranca'.
2026-07-01 07:29:25 [WARNING] MÓDULO SENSORES: Movimento detetado no Corredor B.
2026-07-01 07:30:00 [INFO] MÓDULO AUTENTICACAO: Sessão expirada pelo utilizador 'mauri'.
2026-07-01 07:30:56 [WARNING] MÓDULO AUTENTICACAO: Falha na palavra-passe pelo utilizador 'nuno_gomes'.
2026-07-01 07:32:15 [WARNING] MÓDULO CAMARAS: Falha de armazenamento no DVR_02.
2026-07-01 07:32:55 [WARNING] MÓDULO AUTENTICACAO: Login efetuado com sucesso pelo utilizador 'convidado_01'.
2026-07-01 07:33:33 [ERROR] MÓDULO BASE_DADOS: Erro de integridade referencial pelo utilizador 'admin'.
2026-07-01 07:34:22 [WARNING] MÓDULO SENSORES: Movimento detetado no Corredor B.
2026-07-01 07:35:04 [INFO] MÓDULO BASE_DADOS: Timeout na ligação pelo utilizador 'admin'.
2026-07-01 07:36:24 [CRITICAL] MÓDULO CAMARAS: Gravação iniciada por movimento na Câmara_01.
2026-07-01 07:37:04 [INFO] MÓDULO AUTENTICACAO: Login efetuado com sucesso pelo utilizador 'mauri'.
2026-07-01 07:38:03 [CRITICAL] MÓDULO SENSORES: Sensor de fumos ativo.
2026-07-01 07:39:19 [CRITICAL] MÓDULO AUTENTICACAO: Sessão expirada pelo utilizador 'api_gateway'.
2026-07-01 07:39:59 [CRITICAL] MÓDULO SENSORES: Temperatura da Sala de Servidores acima do normal.
2026-07-01 07:40:43 [INFO] MÓDULO BASE_DADOS: Query executada com sucesso pelo utilizador 'convidado_01'.
2026-07-01 07:41:21 [INFO] MÓDULO SENSORES: Porta Principal aberta.
2026-07-01 07:41:59 [WARNING] MÓDULO BASE_DADOS: Cópia de segurança (Backup) concluída pelo utilizador 'ana_silva'.
2026-07-01 07:43:08 [CRITICAL] MÓDULO SENSORES: Porta Principal aberta.
2026-07-01 07:44:24 [CRITICAL] MÓDULO AUTENTICACAO: Falha na palavra-passe pelo utilizador 'convidado_01'.
2026-07-01 07:45:49 [CRITICAL] MÓDULO BASE_DADOS: Cópia de segurança (Backup) concluída pelo utilizador 'admin'.
2026-07-01 07:46:55 [ERROR] MÓDULO CAMARAS: Perda de sinal de vídeo na Câmara_04.
2026-07-01 07:47:28 [WARNING] MÓDULO AUTENTICACAO: Sessão expirada pelo utilizador 'ana_silva'.
2026-07-01 07:48:50 [WARNING] MÓDULO CAMARAS: Gravação iniciada por movimento na Câmara_01.
2026-07-01 07:49:33 [INFO] MÓDULO AUTENTICACAO: Sessão expirada pelo utilizador 'api_gateway'.
2026-07-01 07:51:02 [INFO] MÓDULO AUTENTICACAO: Sessão expirada pelo utilizador 'admin'.
2026-07-01 07:52:12 [INFO] MÓDULO SENSORES: Porta Principal aberta.
2026-07-01 07:53:02 [INFO] MÓDULO CAMARAS: Gravação iniciada por movimento na Câmara_01.
2026-07-01 07:54:06 [INFO] MÓDULO CAMARAS: Perda de sinal de vídeo na Câmara_04.
2026-07-01 07:54:46 [ERROR] MÓDULO AUTENTICACAO: Tentativa de brute-force bloqueada pelo utilizador 'convidado_01'.
2026-07-01 07:55:35 [INFO] MÓDULO BASE_DADOS: Cópia de segurança (Backup) concluída pelo utilizador 'admin'.
2026-07-01 07:57:05 [INFO] MÓDULO SENSORES: Movimento detetado no Corredor B.
2026-07-01 07:58:18 [INFO] MÓDULO SENSORES: Sensor de fumos ativo.
2026-07-01 07:59:03 [INFO] MÓDULO AUTENTICACAO: Falha na palavra-passe pelo utilizador 'ana_silva'.
2026-07-01 07:59:46 [INFO] MÓDULO SENSORES: Sensor de fumos ativo.
2026-07-01 08:00:46 [ERROR] MÓDULO BASE_DADOS: Cópia de segurança (Backup) concluída pelo utilizador 'api_gateway'.
2026-07-01 08:01:55 [INFO] MÓDULO AUTENTICACAO: Tentativa de brute-force bloqueada pelo utilizador 'nuno_gomes'.
2026-07-01 08:03:15 [INFO] MÓDULO CAMARAS: Falha de armazenamento no DVR_02.
2026-07-01 08:03:49 [INFO] MÓDULO CAMARAS: Falha de armazenamento no DVR_02.
2026-07-01 08:05:06 [CRITICAL] MÓDULO SENSORES: Movimento detetado no Corredor B.
2026-07-01 08:06:32 [WARNING] MÓDULO BASE_DADOS: Cópia de segurança (Backup) concluída pelo utilizador 'api_gateway'.
2026-07-01 08:07:50 [ERROR] MÓDULO CAMARAS: Perda de sinal de vídeo na Câmara_04.
2026-07-01 08:08:57 [CRITICAL] MÓDULO SENSORES: Sensor de fumos ativo.
2026-07-01 08:09:29 [INFO] MÓDULO SENSORES: Porta Principal aberta.
2026-07-01 08:10:16 [INFO] MÓDULO SENSORES: Temperatura da Sala de Servidores acima do normal.
2026-07-01 08:11:22 [WARNING] MÓDULO SENSORES: Movimento detetado no Corredor B.
2026-07-01 08:12:32 [WARNING] MÓDULO BASE_DADOS: Cópia de segurança (Backup) concluída pelo utilizador 'api_gateway'.
2026-07-01 08:13:28 [INFO] MÓDULO SENSORES: Porta Principal aberta.
2026-07-01 08:14:43 [INFO] MÓDULO SENSORES: Movimento detetado no Corredor B.
2026-07-01 08:15:14 [WARNING] MÓDULO AUTENTICACAO: Sessão expirada pelo utilizador 'api_gateway'.
2026-07-01 08:16:43 [INFO] MÓDULO AUTENTICACAO: Falha na palavra-passe pelo utilizador 'ana_silva'.
2026-07-01 08:18:08 [INFO] MÓDULO AUTENTICACAO: Sessão expirada pelo utilizador 'convidado_01'.
2026-07-01 08:18:44 [WARNING] MÓDULO BASE_DADOS: Cópia de segurança (Backup) concluída pelo utilizador 'gestor_seguranca'.
2026-07-01 08:19:19 [INFO] MÓDULO BASE_DADOS: Query executada com sucesso pelo utilizador 'admin'.
2026-07-01 08:20:22 [CRITICAL] MÓDULO SENSORES: Porta Principal aberta.
2026-07-01 08:21:01 [WARNING] MÓDULO BASE_DADOS: Timeout na ligação pelo utilizador 'gestor_seguranca'.
2026-07-01 08:22:28 [WARNING] MÓDULO CAMARAS: Gravação iniciada por movimento na Câmara_01.
2026-07-01 08:23:36 [INFO] MÓDULO CAMARAS: Gravação iniciada por movimento na Câmara_01.
2026-07-01 08:24:06 [CRITICAL] MÓDULO SENSORES: Movimento detetado no Corredor B.
2026-07-01 08:25:16 [INFO] MÓDULO BASE_DADOS: Query executada com sucesso pelo utilizador 'gestor_seguranca'.
2026-07-01 08:25:54 [WARNING] MÓDULO BASE_DADOS: Timeout na ligação pelo utilizador 'admin'.
2026-07-01 08:26:27 [ERROR] MÓDULO SENSORES: Porta Principal aberta.
2026-07-01 08:27:54 [INFO] MÓDULO AUTENTICACAO: Falha na palavra-passe pelo utilizador 'admin'.
2026-07-01 08:28:24 [WARNING] MÓDULO AUTENTICACAO: Sessão expirada pelo utilizador 'nuno_gomes'.
2026-07-01 08:29:24 [INFO] MÓDULO BASE_DADOS: Query executada com sucesso pelo utilizador 'api_gateway'.
2026-07-01 08:29:57 [WARNING] MÓDULO CAMARAS: Gravação iniciada por movimento na Câmara_01.
2026-07-01 08:30:54 [ERROR] MÓDULO AUTENTICACAO: Login efetuado com sucesso pelo utilizador 'ana_silva'.
2026-07-01 08:31:52 [INFO] MÓDULO SENSORES: Sensor de fumos ativo.
2026-07-01 08:32:27 [ERROR] MÓDULO AUTENTICACAO: Login efetuado com sucesso pelo utilizador 'gestor_seguranca'.
2026-07-01 08:32:59 [WARNING] MÓDULO CAMARAS: Gravação iniciada por movimento na Câmara_01.
2026-07-01 08:34:24 [CRITICAL] MÓDULO CAMARAS: Perda de sinal de vídeo na Câmara_04.
2026-07-01 08:35:03 [INFO] MÓDULO SENSORES: Temperatura da Sala de Servidores acima do normal.
2026-07-01 08:35:55 [INFO] MÓDULO CAMARAS: Perda de sinal de vídeo na Câmara_04.
2026-07-01 08:36:56 [CRITICAL] MÓDULO AUTENTICACAO: Tentativa de brute-force bloqueada pelo utilizador 'api_gateway'.
2026-07-01 08:37:26 [WARNING] MÓDULO SENSORES: Porta Principal aberta.
2026-07-01 08:37:59 [INFO] MÓDULO BASE_DADOS: Cópia de segurança (Backup) concluída pelo utilizador 'convidado_01'.
2026-07-01 08:39:17 [INFO] MÓDULO CAMARAS: Perda de sinal de vídeo na Câmara_04.
2026-07-01 08:40:43 [CRITICAL] MÓDULO SENSORES: Temperatura da Sala de Servidores acima do normal.
2026-07-01 08:41:19 [INFO] MÓDULO CAMARAS: Perda de sinal de vídeo na Câmara_04.
2026-07-01 08:42:14 [INFO] MÓDULO BASE_DADOS: Cópia de segurança (Backup) concluída pelo utilizador 'convidado_01'.
2026-07-01 08:42:51 [CRITICAL] MÓDULO BASE_DADOS: Cópia de segurança (Backup) concluída pelo utilizador 'nuno_gomes'.
2026-07-01 08:44:03 [INFO] MÓDULO CAMARAS: Perda de sinal de vídeo na Câmara_04.
2026-07-01 08:45:31 [CRITICAL] MÓDULO BASE_DADOS: Timeout na ligação pelo utilizador 'api_gateway'.
2026-07-01 08:46:47 [INFO] MÓDULO BASE_DADOS: Query executada com sucesso pelo utilizador 'mauri'.
2026-07-01 08:48:14 [WARNING] MÓDULO CAMARAS: Gravação iniciada por movimento na Câmara_01.
2026-07-01 08:48:49 [INFO] MÓDULO AUTENTICACAO: Sessão expirada pelo utilizador 'api_gateway'.
2026-07-01 08:49:46 [WARNING] MÓDULO AUTENTICACAO: Tentativa de brute-force bloqueada pelo utilizador 'mauri'.
2026-07-01 08:51:07 [INFO] MÓDULO SENSORES: Temperatura da Sala de Servidores acima do normal.
2026-07-01 08:52:23 [ERROR] MÓDULO AUTENTICACAO: Tentativa de brute-force bloqueada pelo utilizador 'mauri'.
2026-07-01 08:53:13 [ERROR] MÓDULO SENSORES: Temperatura da Sala de Servidores acima do normal.
2026-07-01 08:54:14 [CRITICAL] MÓDULO BASE_DADOS: Query executada com sucesso pelo utilizador 'convidado_01'.
2026-07-01 08:55:40 [INFO] MÓDULO SENSORES: Temperatura da Sala de Servidores acima do normal.
2026-07-01 08:56:20 [INFO] MÓDULO AUTENTICACAO: Tentativa de brute-force bloqueada pelo utilizador 'gestor_seguranca'.
2026-07-01 08:57:10 [INFO] MÓDULO CAMARAS: Perda de sinal de vídeo na Câmara_04.
2026-07-01 08:58:38 [ERROR] MÓDULO BASE_DADOS: Erro de integridade referencial pelo utilizador 'nuno_gomes'.
2026-07-01 08:59:43 [ERROR] MÓDULO AUTENTICACAO: Tentativa de brute-force bloqueada pelo utilizador 'convidado_01'.
2026-07-01 09:00:59 [WARNING] MÓDULO AUTENTICACAO: Tentativa de brute-force bloqueada pelo utilizador 'nuno_gomes'.
2026-07-01 09:02:00 [INFO] MÓDULO CAMARAS: Gravação iniciada por movimento na Câmara_01.
2026-07-01 09:03:19 [INFO] MÓDULO SENSORES: Porta Principal aberta.
2026-07-01 09:03:58 [WARNING] MÓDULO CAMARAS: Falha de armazenamento no DVR_02.
2026-07-01 09:04:59 [WARNING] MÓDULO BASE_DADOS: Cópia de segurança (Backup) concluída pelo utilizador 'ana_silva'.
2026-07-01 09:06:00 [INFO] MÓDULO CAMARAS: Perda de sinal de vídeo na Câmara_04.
2026-07-01 09:07:09 [CRITICAL] MÓDULO SENSORES: Porta Principal aberta.
2026-07-01 09:08:07 [CRITICAL] MÓDULO BASE_DADOS: Erro de integridade referencial pelo utilizador 'gestor_seguranca'.
2026-07-01 09:08:47 [INFO] MÓDULO CAMARAS: Perda de sinal de vídeo na Câmara_04.
2026-07-01 09:09:30 [INFO] MÓDULO SENSORES: Movimento detetado no Corredor B.
2026-07-01 09:10:53 [INFO] MÓDULO CAMARAS: Falha de armazenamento no DVR_02.
2026-07-01 09:12:10 [WARNING] MÓDULO SENSORES: Sensor de fumos ativo.
2026-07-01 09:13:25 [INFO] MÓDULO BASE_DADOS: Query executada com sucesso pelo utilizador 'admin'.
2026-07-01 09:14:54 [WARNING] MÓDULO CAMARAS: Perda de sinal de vídeo na Câmara_04.
2026-07-01 09:15:43 [INFO] MÓDULO CAMARAS: Gravação iniciada por movimento na Câmara_01.
2026-07-01 09:16:58 [WARNING] MÓDULO AUTENTICACAO: Falha na palavra-passe pelo utilizador 'api_gateway'.
2026-07-01 09:18:13 [INFO] MÓDULO AUTENTICACAO: Tentativa de brute-force bloqueada pelo utilizador 'nuno_gomes'.
2026-07-01 09:19:27 [INFO] MÓDULO SENSORES: Porta Principal aberta.
2026-07-01 09:20:37 [ERROR] MÓDULO SENSORES: Temperatura da Sala de Servidores acima do normal.
2026-07-01 09:21:22 [INFO] MÓDULO AUTENTICACAO: Login efetuado com sucesso pelo utilizador 'gestor_seguranca'.
2026-07-01 09:22:15 [CRITICAL] MÓDULO CAMARAS: Perda de sinal de vídeo na Câmara_04.
2026-07-01 09:23:06 [CRITICAL] MÓDULO CAMARAS: Falha de armazenamento no DVR_02.
2026-07-01 09:23:58 [INFO] MÓDULO CAMARAS: Falha de armazenamento no DVR_02.
2026-07-01 09:24:37 [ERROR] MÓDULO AUTENTICACAO: Login efetuado com sucesso pelo utilizador 'gestor_seguranca'.
2026-07-01 09:25:15 [INFO] MÓDULO BASE_DADOS: Query executada com sucesso pelo utilizador 'admin'.
2026-07-01 09:26:22 [WARNING] MÓDULO CAMARAS: Perda de sinal de vídeo na Câmara_04.
2026-07-01 09:27:08 [ERROR] MÓDULO CAMARAS: Gravação iniciada por movimento na Câmara_01.
2026-07-01 09:28:23 [ERROR] MÓDULO BASE_DADOS: Cópia de segurança (Backup) concluída pelo utilizador 'admin'.
2026-07-01 09:28:57 [WARNING] MÓDULO AUTENTICACAO: Login efetuado com sucesso pelo utilizador 'gestor_seguranca'.
2026-07-01 09:30:13 [CRITICAL] MÓDULO SENSORES: Porta Principal aberta.
2026-07-01 09:31:16 [INFO] MÓDULO AUTENTICACAO: Falha na palavra-passe pelo utilizador 'api_gateway'.
2026-07-01 09:32:18 [INFO] MÓDULO AUTENTICACAO: Sessão expirada pelo utilizador 'convidado_01'.
2026-07-01 09:33:07 [INFO] MÓDULO CAMARAS: Perda de sinal de vídeo na Câmara_04.
2026-07-01 09:34:25 [ERROR] MÓDULO CAMARAS: Gravação iniciada por movimento na Câmara_01.
2026-07-01 09:35:26 [INFO] MÓDULO SENSORES: Sensor de fumos ativo.
2026-07-01 09:36:18 [WARNING] MÓDULO SENSORES: Temperatura da Sala de Servidores acima do normal.
2026-07-01 09:36:54 [INFO] MÓDULO CAMARAS: Perda de sinal de vídeo na Câmara_04.
2026-07-01 09:37:25 [CRITICAL] MÓDULO BASE_DADOS: Query executada com sucesso pelo utilizador 'api_gateway'.
2026-07-01 09:38:18 [WARNING] MÓDULO BASE_DADOS: Cópia de segurança (Backup) concluída pelo utilizador 'nuno_gomes'.
2026-07-01 09:39:23 [CRITICAL] MÓDULO AUTENTICACAO: Tentativa de brute-force bloqueada pelo utilizador 'convidado_01'.
2026-07-01 09:40:08 [CRITICAL] MÓDULO CAMARAS: Perda de sinal de vídeo na Câmara_04.
2026-07-01 09:40:55 [WARNING] MÓDULO CAMARAS: Falha de armazenamento no DVR_02.
2026-07-01 09:42:08 [INFO] MÓDULO CAMARAS: Falha de armazenamento no DVR_02.
2026-07-01 09:43:33 [INFO] MÓDULO SENSORES: Porta Principal aberta.
2026-07-01 09:44:09 [CRITICAL] MÓDULO SENSORES: Sensor de fumos ativo.
2026-07-01 09:45:24 [INFO] MÓDULO CAMARAS: Falha de armazenamento no DVR_02.
2026-07-01 09:46:39 [CRITICAL] MÓDULO BASE_DADOS: Cópia de segurança (Backup) concluída pelo utilizador 'nuno_gomes'.
2026-07-01 09:47:29 [INFO] MÓDULO BASE_DADOS: Timeout na ligação pelo utilizador 'convidado_01'.
2026-07-01 09:48:03 [INFO] MÓDULO SENSORES: Sensor de fumos ativo.
2026-07-01 09:48:51 [ERROR] MÓDULO SENSORES: Movimento detetado no Corredor B.
2026-07-01 09:50:15 [INFO] MÓDULO SENSORES: Movimento detetado no Corredor B.
2026-07-01 09:51:39 [CRITICAL] MÓDULO CAMARAS: Falha de armazenamento no DVR_02.
2026-07-01 09:52:37 [WARNING] MÓDULO AUTENTICACAO: Tentativa de brute-force bloqueada pelo utilizador 'api_gateway'.
2026-07-01 09:53:52 [ERROR] MÓDULO SENSORES: Movimento detetado no Corredor B.
2026-07-01 09:54:32 [WARNING] MÓDULO AUTENTICACAO: Falha na palavra-passe pelo utilizador 'api_gateway'.
2026-07-01 09:55:15 [INFO] MÓDULO CAMARAS: Gravação iniciada por movimento na Câmara_01.
2026-07-01 09:56:37 [ERROR] MÓDULO SENSORES: Sensor de fumos ativo.
2026-07-01 09:57:33 [CRITICAL] MÓDULO CAMARAS: Perda de sinal de vídeo na Câmara_04.
2026-07-01 09:58:45 [INFO] MÓDULO CAMARAS: Perda de sinal de vídeo na Câmara_04.
2026-07-01 09:59:33 [INFO] MÓDULO AUTENTICACAO: Login efetuado com sucesso pelo utilizador 'mauri'.
2026-07-01 10:00:22 [INFO] MÓDULO CAMARAS: Perda de sinal de vídeo na Câmara_04.
2026-07-01 10:01:42 [INFO] MÓDULO AUTENTICACAO: Sessão expirada pelo utilizador 'api_gateway'.
2026-07-01 10:02:57 [INFO] MÓDULO BASE_DADOS: Query executada com sucesso pelo utilizador 'gestor_seguranca'.
2026-07-01 10:03:43 [INFO] MÓDULO CAMARAS: Falha de armazenamento no DVR_02.
2026-07-01 10:04:25 [ERROR] MÓDULO CAMARAS: Gravação iniciada por movimento na Câmara_01.
2026-07-01 10:05:21 [ERROR] MÓDULO SENSORES: Temperatura da Sala de Servidores acima do normal.
2026-07-01 10:06:48 [ERROR] MÓDULO AUTENTICACAO: Falha na palavra-passe pelo utilizador 'mauri'.
2026-07-01 10:08:09 [INFO] MÓDULO AUTENTICACAO: Tentativa de brute-force bloqueada pelo utilizador 'admin'.
2026-07-01 10:08:52 [INFO] MÓDULO AUTENTICACAO: Tentativa de brute-force bloqueada pelo utilizador 'gestor_seguranca'.
2026-07-01 10:10:08 [WARNING] MÓDULO BASE_DADOS: Query executada com sucesso pelo utilizador 'mauri'.
2026-07-01 10:10:38 [CRITICAL] MÓDULO CAMARAS: Falha de armazenamento no DVR_02.
2026-07-01 10:11:36 [WARNING] MÓDULO BASE_DADOS: Timeout na ligação pelo utilizador 'nuno_gomes'.
2026-07-01 10:12:19 [ERROR] MÓDULO BASE_DADOS: Erro de integridade referencial pelo utilizador 'gestor_seguranca'.
2026-07-01 10:13:39 [CRITICAL] MÓDULO AUTENTICACAO: Login efetuado com sucesso pelo utilizador 'api_gateway'.
2026-07-01 10:14:58 [ERROR] MÓDULO SENSORES: Movimento detetado no Corredor B.
2026-07-01 10:15:37 [CRITICAL] MÓDULO CAMARAS: Gravação iniciada por movimento na Câmara_01.
2026-07-01 10:16:39 [CRITICAL] MÓDULO AUTENTICACAO: Falha na palavra-passe pelo utilizador 'gestor_seguranca'.
2026-07-01 10:18:09 [INFO] MÓDULO SENSORES: Temperatura da Sala de Servidores acima do normal.
2026-07-01 10:19:18 [WARNING] MÓDULO AUTENTICACAO: Falha na palavra-passe pelo utilizador 'gestor_seguranca'.
2026-07-01 10:20:06 [INFO] MÓDULO BASE_DADOS: Erro de integridade referencial pelo utilizador 'gestor_seguranca'.
2026-07-01 10:20:47 [CRITICAL] MÓDULO SENSORES: Movimento detetado no Corredor B.
2026-07-01 10:22:03 [WARNING] MÓDULO SENSORES: Movimento detetado no Corredor B.
2026-07-01 10:23:01 [INFO] MÓDULO CAMARAS: Falha de armazenamento no DVR_02.
2026-07-01 10:23:50 [INFO] MÓDULO AUTENTICACAO: Login efetuado com sucesso pelo utilizador 'ana_silva'.
2026-07-01 10:25:14 [INFO] MÓDULO SENSORES: Movimento detetado no Corredor B.
2026-07-01 10:26:11 [INFO] MÓDULO BASE_DADOS: Timeout na ligação pelo utilizador 'convidado_01'.
2026-07-01 10:27:04 [INFO] MÓDULO SENSORES: Movimento detetado no Corredor B.
2026-07-01 10:27:55 [INFO] MÓDULO CAMARAS: Falha de armazenamento no DVR_02.
2026-07-01 10:29:17 [CRITICAL] MÓDULO BASE_DADOS: Query executada com sucesso pelo utilizador 'admin'.
2026-07-01 10:30:16 [CRITICAL] MÓDULO BASE_DADOS: Timeout na ligação pelo utilizador 'mauri'.
2026-07-01 10:31:34 [ERROR] MÓDULO SENSORES: Sensor de fumos ativo.
2026-07-01 10:32:31 [ERROR] MÓDULO CAMARAS: Gravação iniciada por movimento na Câmara_01.
2026-07-01 10:33:32 [INFO] MÓDULO CAMARAS: Gravação iniciada por movimento na Câmara_01.
2026-07-01 10:34:42 [ERROR] MÓDULO SENSORES: Temperatura da Sala de Servidores acima do normal.
2026-07-01 10:35:28 [CRITICAL] MÓDULO CAMARAS: Falha de armazenamento no DVR_02.
2026-07-01 10:36:50 [INFO] MÓDULO CAMARAS: Falha de armazenamento no DVR_02.
2026-07-01 10:37:38 [WARNING] MÓDULO SENSORES: Temperatura da Sala de Servidores acima do normal.
2026-07-01 10:39:02 [INFO] MÓDULO AUTENTICACAO: Sessão expirada pelo utilizador 'admin'.
2026-07-01 10:39:54 [CRITICAL] MÓDULO BASE_DADOS: Erro de integridade referencial pelo utilizador 'api_gateway'.
2026-07-01 10:40:27 [WARNING] MÓDULO CAMARAS: Perda de sinal de vídeo na Câmara_04.
2026-07-01 10:41:46 [INFO] MÓDULO CAMARAS: Falha de armazenamento no DVR_02.
2026-07-01 10:43:16 [WARNING] MÓDULO CAMARAS: Falha de armazenamento no DVR_02.
2026-07-01 10:44:22 [CRITICAL] MÓDULO SENSORES: Porta Principal aberta.
2026-07-01 10:45:32 [WARNING] MÓDULO BASE_DADOS: Query executada com sucesso pelo utilizador 'ana_silva'.
2026-07-01 10:46:59 [INFO] MÓDULO CAMARAS: Perda de sinal de vídeo na Câmara_04.
2026-07-01 10:48:17 [INFO] MÓDULO AUTENTICACAO: Login efetuado com sucesso pelo utilizador 'api_gateway'.
2026-07-01 10:49:40 [WARNING] MÓDULO CAMARAS: Falha de armazenamento no DVR_02.
2026-07-01 10:50:50 [CRITICAL] MÓDULO BASE_DADOS: Query executada com sucesso pelo utilizador 'gestor_seguranca'.
2026-07-01 10:51:39 [INFO] MÓDULO BASE_DADOS: Cópia de segurança (Backup) concluída pelo utilizador 'nuno_gomes'.
2026-07-01 10:52:22 [ERROR] MÓDULO BASE_DADOS: Query executada com sucesso pelo utilizador 'api_gateway'.
2026-07-01 10:53:00 [INFO] MÓDULO BASE_DADOS: Query executada com sucesso pelo utilizador 'api_gateway'.
2026-07-01 10:54:19 [CRITICAL] MÓDULO AUTENTICACAO: Sessão expirada pelo utilizador 'admin'.
2026-07-01 10:55:01 [CRITICAL] MÓDULO CAMARAS: Perda de sinal de vídeo na Câmara_04.
2026-07-01 10:56:11 [INFO] MÓDULO AUTENTICACAO: Login efetuado com sucesso pelo utilizador 'mauri'.
2026-07-01 10:56:47 [INFO] MÓDULO CAMARAS: Perda de sinal de vídeo na Câmara_04.
2026-07-01 10:57:48 [CRITICAL] MÓDULO SENSORES: Movimento detetado no Corredor B.
2026-07-01 10:59:16 [WARNING] MÓDULO CAMARAS: Perda de sinal de vídeo na Câmara_04.
2026-07-01 10:59:47 [INFO] MÓDULO CAMARAS: Falha de armazenamento no DVR_02.
2026-07-01 11:00:31 [INFO] MÓDULO SENSORES: Porta Principal aberta.
2026-07-01 11:01:48 [WARNING] MÓDULO AUTENTICACAO: Falha na palavra-passe pelo utilizador 'admin'.
2026-07-01 11:02:36 [WARNING] MÓDULO AUTENTICACAO: Sessão expirada pelo utilizador 'mauri'.
2026-07-01 11:04:04 [CRITICAL] MÓDULO SENSORES: Sensor de fumos ativo.
2026-07-01 11:05:30 [CRITICAL] MÓDULO SENSORES: Temperatura da Sala de Servidores acima do normal.
2026-07-01 11:06:18 [CRITICAL] MÓDULO BASE_DADOS: Cópia de segurança (Backup) concluída pelo utilizador 'mauri'.
2026-07-01 11:07:09 [INFO] MÓDULO CAMARAS: Falha de armazenamento no DVR_02.
2026-07-01 11:08:04 [INFO] MÓDULO BASE_DADOS: Cópia de segurança (Backup) concluída pelo utilizador 'api_gateway'.
2026-07-01 11:09:29 [INFO] MÓDULO BASE_DADOS: Cópia de segurança (Backup) concluída pelo utilizador 'nuno_gomes'.
2026-07-01 11:10:58 [INFO] MÓDULO CAMARAS: Perda de sinal de vídeo na Câmara_04.
2026-07-01 11:12:16 [INFO] MÓDULO BASE_DADOS: Erro de integridade referencial pelo utilizador 'gestor_seguranca'.
2026-07-01 11:13:45 [INFO] MÓDULO AUTENTICACAO: Login efetuado com sucesso pelo utilizador 'mauri'.
2026-07-01 11:14:35 [WARNING] MÓDULO SENSORES: Temperatura da Sala de Servidores acima do normal.
2026-07-01 11:16:01 [WARNING] MÓDULO CAMARAS: Gravação iniciada por movimento na Câmara_01.
2026-07-01 11:16:43 [CRITICAL] MÓDULO SENSORES: Temperatura da Sala de Servidores acima do normal.
2026-07-01 11:18:05 [INFO] MÓDULO AUTENTICACAO: Login efetuado com sucesso pelo utilizador 'admin'.
2026-07-01 11:19:21 [ERROR] MÓDULO CAMARAS: Gravação iniciada por movimento na Câmara_01.
2026-07-01 11:20:11 [INFO] MÓDULO CAMARAS: Falha de armazenamento no DVR_02.
2026-07-01 11:21:03 [WARNING] MÓDULO CAMARAS: Falha de armazenamento no DVR_02.
2026-07-01 11:22:05 [INFO] MÓDULO CAMARAS: Perda de sinal de vídeo na Câmara_04.
2026-07-01 11:22:37 [ERROR] MÓDULO BASE_DADOS: Cópia de segurança (Backup) concluída pelo utilizador 'mauri'.
2026-07-01 11:23:36 [CRITICAL] MÓDULO SENSORES: Porta Principal aberta.
2026-07-01 11:24:51 [CRITICAL] MÓDULO AUTENTICACAO: Sessão expirada pelo utilizador 'gestor_seguranca'.
2026-07-01 11:25:40 [INFO] MÓDULO CAMARAS: Perda de sinal de vídeo na Câmara_04.
2026-07-01 11:26:17 [INFO] MÓDULO CAMARAS: Falha de armazenamento no DVR_02.
2026-07-01 11:27:36 [INFO] MÓDULO AUTENTICACAO: Tentativa de brute-force bloqueada pelo utilizador 'admin'.
2026-07-01 11:28:40 [WARNING] MÓDULO SENSORES: Movimento detetado no Corredor B.
2026-07-01 11:29:24 [WARNING] MÓDULO BASE_DADOS: Timeout na ligação pelo utilizador 'ana_silva'.
2026-07-01 11:30:12 [CRITICAL] MÓDULO SENSORES: Porta Principal aberta.
2026-07-01 11:31:13 [ERROR] MÓDULO CAMARAS: Gravação iniciada por movimento na Câmara_01.
2026-07-01 11:32:00 [INFO] MÓDULO BASE_DADOS: Query executada com sucesso pelo utilizador 'ana_silva'.
2026-07-01 11:33:12 [CRITICAL] MÓDULO CAMARAS: Perda de sinal de vídeo na Câmara_04.
2026-07-01 11:34:16 [INFO] MÓDULO AUTENTICACAO: Sessão expirada pelo utilizador 'nuno_gomes'.
2026-07-01 11:34:50 [INFO] MÓDULO SENSORES: Sensor de fumos ativo.
2026-07-01 11:35:21 [INFO] MÓDULO CAMARAS: Falha de armazenamento no DVR_02.
2026-07-01 11:35:55 [INFO] MÓDULO SENSORES: Sensor de fumos ativo.
2026-07-01 11:36:40 [INFO] MÓDULO SENSORES: Movimento detetado no Corredor B.
2026-07-01 11:37:28 [WARNING] MÓDULO SENSORES: Temperatura da Sala de Servidores acima do normal.
2026-07-01 11:38:24 [INFO] MÓDULO CAMARAS: Perda de sinal de vídeo na Câmara_04.
2026-07-01 11:39:49 [WARNING] MÓDULO SENSORES: Sensor de fumos ativo.
2026-07-01 11:40:50 [INFO] MÓDULO CAMARAS: Gravação iniciada por movimento na Câmara_01.
2026-07-01 11:41:59 [ERROR] MÓDULO CAMARAS: Falha de armazenamento no DVR_02.
2026-07-01 11:42:44 [INFO] MÓDULO BASE_DADOS: Erro de integridade referencial pelo utilizador 'nuno_gomes'.
2026-07-01 11:43:33 [CRITICAL] MÓDULO SENSORES: Temperatura da Sala de Servidores acima do normal.
2026-07-01 11:44:45 [WARNING] MÓDULO SENSORES: Movimento detetado no Corredor B.
2026-07-01 11:45:21 [WARNING] MÓDULO BASE_DADOS: Erro de integridade referencial pelo utilizador 'gestor_seguranca'.
2026-07-01 11:46:03 [INFO] MÓDULO BASE_DADOS: Erro de integridade referencial pelo utilizador 'gestor_seguranca'.
2026-07-01 11:46:34 [INFO] MÓDULO CAMARAS: Perda de sinal de vídeo na Câmara_04.
2026-07-01 11:47:23 [INFO] MÓDULO AUTENTICACAO: Falha na palavra-passe pelo utilizador 'admin'.
2026-07-01 11:47:54 [CRITICAL] MÓDULO SENSORES: Temperatura da Sala de Servidores acima do normal.
2026-07-01 11:48:55 [CRITICAL] MÓDULO SENSORES: Movimento detetado no Corredor B.
2026-07-01 11:49:54 [CRITICAL] MÓDULO CAMARAS: Perda de sinal de vídeo na Câmara_04.
2026-07-01 11:51:06 [WARNING] MÓDULO BASE_DADOS: Query executada com sucesso pelo utilizador 'gestor_seguranca'.
2026-07-01 11:51:43 [ERROR] MÓDULO CAMARAS: Falha de armazenamento no DVR_02.
2026-07-01 11:52:19 [CRITICAL] MÓDULO BASE_DADOS: Query executada com sucesso pelo utilizador 'mauri'.
2026-07-01 11:53:43 [ERROR] MÓDULO BASE_DADOS: Query executada com sucesso pelo utilizador 'mauri'.
2026-07-01 11:54:42 [WARNING] MÓDULO CAMARAS: Perda de sinal de vídeo na Câmara_04.
2026-07-01 11:55:59 [WARNING] MÓDULO SENSORES: Movimento detetado no Corredor B.
2026-07-01 11:57:12 [INFO] MÓDULO SENSORES: Sensor de fumos ativo.
2026-07-01 11:57:55 [CRITICAL] MÓDULO CAMARAS: Falha de armazenamento no DVR_02.
2026-07-01 11:58:45 [CRITICAL] MÓDULO SENSORES: Sensor de fumos ativo.
2026-07-01 12:00:11 [CRITICAL] MÓDULO BASE_DADOS: Query executada com sucesso pelo utilizador 'mauri'.
2026-07-01 12:01:21 [WARNING] MÓDULO SENSORES: Movimento detetado no Corredor B.
2026-07-01 12:02:22 [ERROR] MÓDULO SENSORES: Movimento detetado no Corredor B.
2026-07-01 12:03:37 [WARNING] MÓDULO CAMARAS: Falha de armazenamento no DVR_02.
2026-07-01 12:04:33 [WARNING] MÓDULO BASE_DADOS: Timeout na ligação pelo utilizador 'gestor_seguranca'.
2026-07-01 12:05:28 [ERROR] MÓDULO AUTENTICACAO: Falha na palavra-passe pelo utilizador 'convidado_01'.
2026-07-01 12:06:18 [WARNING] MÓDULO SENSORES: Porta Principal aberta.
2026-07-01 12:07:14 [CRITICAL] MÓDULO SENSORES: Sensor de fumos ativo.
2026-07-01 12:08:32 [INFO] MÓDULO SENSORES: Porta Principal aberta.
2026-07-01 12:09:11 [WARNING] MÓDULO BASE_DADOS: Erro de integridade referencial pelo utilizador 'nuno_gomes'.
2026-07-01 12:10:19 [ERROR] MÓDULO SENSORES: Sensor de fumos ativo.
2026-07-01 12:11:17 [CRITICAL] MÓDULO AUTENTICACAO: Sessão expirada pelo utilizador 'ana_silva'.
2026-07-01 12:12:10 [CRITICAL] MÓDULO BASE_DADOS: Cópia de segurança (Backup) concluída pelo utilizador 'admin'.
2026-07-01 12:13:04 [ERROR] MÓDULO CAMARAS: Perda de sinal de vídeo na Câmara_04.
2026-07-01 12:13:57 [INFO] MÓDULO BASE_DADOS: Timeout na ligação pelo utilizador 'gestor_seguranca'.
2026-07-01 12:14:53 [WARNING] MÓDULO BASE_DADOS: Timeout na ligação pelo utilizador 'api_gateway'.
2026-07-01 12:16:10 [INFO] MÓDULO SENSORES: Temperatura da Sala de Servidores acima do normal.
2026-07-01 12:16:49 [ERROR] MÓDULO SENSORES: Movimento detetado no Corredor B.
2026-07-01 12:17:53 [INFO] MÓDULO AUTENTICACAO: Sessão expirada pelo utilizador 'convidado_01'.
2026-07-01 12:18:42 [INFO] MÓDULO CAMARAS: Perda de sinal de vídeo na Câmara_04.
2026-07-01 12:20:01 [ERROR] MÓDULO SENSORES: Sensor de fumos ativo.
2026-07-01 12:21:26 [WARNING] MÓDULO BASE_DADOS: Timeout na ligação pelo utilizador 'mauri'.
2026-07-01 12:22:07 [INFO] MÓDULO CAMARAS: Gravação iniciada por movimento na Câmara_01.
2026-07-01 12:23:29 [INFO] MÓDULO AUTENTICACAO: Falha na palavra-passe pelo utilizador 'mauri'.
2026-07-01 12:24:17 [CRITICAL] MÓDULO CAMARAS: Perda de sinal de vídeo na Câmara_04.
2026-07-01 12:25:23 [WARNING] MÓDULO BASE_DADOS: Query executada com sucesso pelo utilizador 'admin'.
2026-07-01 12:26:42 [WARNING] MÓDULO BASE_DADOS: Timeout na ligação pelo utilizador 'gestor_seguranca'.
2026-07-01 12:28:06 [CRITICAL] MÓDULO BASE_DADOS: Cópia de segurança (Backup) concluída pelo utilizador 'ana_silva'.
2026-07-01 12:28:56 [CRITICAL] MÓDULO AUTENTICACAO: Falha na palavra-passe pelo utilizador 'ana_silva'.
2026-07-01 12:29:46 [WARNING] MÓDULO SENSORES: Sensor de fumos ativo.
2026-07-01 12:30:47 [INFO] MÓDULO AUTENTICACAO: Tentativa de brute-force bloqueada pelo utilizador 'ana_silva'.
2026-07-01 12:31:52 [INFO] MÓDULO BASE_DADOS: Cópia de segurança (Backup) concluída pelo utilizador 'nuno_gomes'.
2026-07-01 12:33:02 [INFO] MÓDULO AUTENTICACAO: Falha na palavra-passe pelo utilizador 'convidado_01'.
2026-07-01 12:33:50 [ERROR] MÓDULO BASE_DADOS: Timeout na ligação pelo utilizador 'admin'.
2026-07-01 12:35:12 [CRITICAL] MÓDULO CAMARAS: Perda de sinal de vídeo na Câmara_04.
2026-07-01 12:36:12 [WARNING] MÓDULO SENSORES: Temperatura da Sala de Servidores acima do normal.
2026-07-01 12:37:26 [WARNING] MÓDULO SENSORES: Movimento detetado no Corredor B.
2026-07-01 12:37:59 [INFO] MÓDULO SENSORES: Movimento detetado no Corredor B.
2026-07-01 12:38:56 [CRITICAL] MÓDULO SENSORES: Temperatura da Sala de Servidores acima do normal.
2026-07-01 12:40:12 [INFO] MÓDULO BASE_DADOS: Timeout na ligação pelo utilizador 'mauri'.
2026-07-01 12:40:45 [ERROR] MÓDULO BASE_DADOS: Timeout na ligação pelo utilizador 'gestor_seguranca'.
2026-07-01 12:42:12 [ERROR] MÓDULO AUTENTICACAO: Tentativa de brute-force bloqueada pelo utilizador 'api_gateway'.
2026-07-01 12:43:22 [WARNING] MÓDULO SENSORES: Sensor de fumos ativo.
2026-07-01 12:44:32 [INFO] MÓDULO SENSORES: Movimento detetado no Corredor B.
2026-07-01 12:45:16 [WARNING] MÓDULO CAMARAS: Gravação iniciada por movimento na Câmara_01.
2026-07-01 12:46:10 [WARNING] MÓDULO BASE_DADOS: Query executada com sucesso pelo utilizador 'nuno_gomes'.
2026-07-01 12:47:37 [WARNING] MÓDULO SENSORES: Porta Principal aberta.
2026-07-01 12:48:45 [INFO] MÓDULO AUTENTICACAO: Falha na palavra-passe pelo utilizador 'convidado_01'.
2026-07-01 12:49:42 [WARNING] MÓDULO CAMARAS: Perda de sinal de vídeo na Câmara_04.
2026-07-01 12:51:07 [INFO] MÓDULO BASE_DADOS: Cópia de segurança (Backup) concluída pelo utilizador 'nuno_gomes'.
2026-07-01 12:52:19 [INFO] MÓDULO BASE_DADOS: Query executada com sucesso pelo utilizador 'mauri'.
2026-07-01 12:53:37 [ERROR] MÓDULO CAMARAS: Perda de sinal de vídeo na Câmara_04.
2026-07-01 12:54:27 [WARNING] MÓDULO AUTENTICACAO: Sessão expirada pelo utilizador 'admin'.
2026-07-01 12:55:35 [INFO] MÓDULO BASE_DADOS: Query executada com sucesso pelo utilizador 'api_gateway'.
2026-07-01 12:56:59 [ERROR] MÓDULO BASE_DADOS: Query executada com sucesso pelo utilizador 'api_gateway'.
2026-07-01 12:58:14 [CRITICAL] MÓDULO CAMARAS: Perda de sinal de vídeo na Câmara_04.
2026-07-01 12:59:12 [CRITICAL] MÓDULO SENSORES: Porta Principal aberta.
2026-07-01 12:59:56 [INFO] MÓDULO CAMARAS: Gravação iniciada por movimento na Câmara_01.
2026-07-01 13:00:36 [INFO] MÓDULO AUTENTICACAO: Sessão expirada pelo utilizador 'ana_silva'.
2026-07-01 13:01:34 [INFO] MÓDULO BASE_DADOS: Timeout na ligação pelo utilizador 'nuno_gomes'.
2026-07-01 13:02:51 [INFO] MÓDULO CAMARAS: Falha de armazenamento no DVR_02.
2026-07-01 13:04:21 [INFO] MÓDULO SENSORES: Movimento detetado no Corredor B.
2026-07-01 13:05:44 [INFO] MÓDULO BASE_DADOS: Cópia de segurança (Backup) concluída pelo utilizador 'mauri'.
2026-07-01 13:06:14 [WARNING] MÓDULO SENSORES: Porta Principal aberta.
2026-07-01 13:07:33 [INFO] MÓDULO BASE_DADOS: Query executada com sucesso pelo utilizador 'nuno_gomes'.
2026-07-01 13:08:57 [WARNING] MÓDULO CAMARAS: Perda de sinal de vídeo na Câmara_04.
2026-07-01 13:10:17 [CRITICAL] MÓDULO CAMARAS: Perda de sinal de vídeo na Câmara_04.
2026-07-01 13:11:10 [INFO] MÓDULO BASE_DADOS: Timeout na ligação pelo utilizador 'convidado_01'.
2026-07-01 13:11:42 [WARNING] MÓDULO AUTENTICACAO: Login efetuado com sucesso pelo utilizador 'api_gateway'.
2026-07-01 13:12:28 [INFO] MÓDULO BASE_DADOS: Query executada com sucesso pelo utilizador 'ana_silva'.
2026-07-01 13:13:24 [ERROR] MÓDULO AUTENTICACAO: Sessão expirada pelo utilizador 'ana_silva'.
2026-07-01 13:14:47 [ERROR] MÓDULO BASE_DADOS: Erro de integridade referencial pelo utilizador 'api_gateway'.
2026-07-01 13:15:29 [CRITICAL] MÓDULO CAMARAS: Perda de sinal de vídeo na Câmara_04.
2026-07-01 13:16:20 [CRITICAL] MÓDULO SENSORES: Movimento detetado no Corredor B.
2026-07-01 13:17:31 [WARNING] MÓDULO SENSORES: Temperatura da Sala de Servidores acima do normal.
2026-07-01 13:18:20 [ERROR] MÓDULO BASE_DADOS: Cópia de segurança (Backup) concluída pelo utilizador 'admin'.
2026-07-01 13:19:03 [INFO] MÓDULO SENSORES: Temperatura da Sala de Servidores acima do normal.
2026-07-01 13:20:08 [ERROR] MÓDULO AUTENTICACAO: Tentativa de brute-force bloqueada pelo utilizador 'gestor_seguranca'.
2026-07-01 13:20:53 [INFO] MÓDULO BASE_DADOS: Query executada com sucesso pelo utilizador 'nuno_gomes'.
2026-07-01 13:21:40 [ERROR] MÓDULO SENSORES: Sensor de fumos ativo.
2026-07-01 13:22:34 [INFO] MÓDULO AUTENTICACAO: Falha na palavra-passe pelo utilizador 'admin'.
2026-07-01 13:23:28 [ERROR] MÓDULO AUTENTICACAO: Falha na palavra-passe pelo utilizador 'nuno_gomes'.
2026-07-01 13:24:48 [INFO] MÓDULO BASE_DADOS: Cópia de segurança (Backup) concluída pelo utilizador 'nuno_gomes'.
2026-07-01 13:25:38 [WARNING] MÓDULO CAMARAS: Perda de sinal de vídeo na Câmara_04.
2026-07-01 13:26:33 [CRITICAL] MÓDULO CAMARAS: Gravação iniciada por movimento na Câmara_01.
2026-07-01 13:27:30 [CRITICAL] MÓDULO BASE_DADOS: Erro de integridade referencial pelo utilizador 'admin'.
2026-07-01 13:28:06 [INFO] MÓDULO CAMARAS: Gravação iniciada por movimento na Câmara_01.
2026-07-01 13:29:02 [INFO] MÓDULO SENSORES: Movimento detetado no Corredor B.
2026-07-01 13:30:14 [CRITICAL] MÓDULO AUTENTICACAO: Sessão expirada pelo utilizador 'ana_silva'.
2026-07-01 13:31:39 [CRITICAL] MÓDULO CAMARAS: Falha de armazenamento no DVR_02.
2026-07-01 13:32:43 [CRITICAL] MÓDULO SENSORES: Temperatura da Sala de Servidores acima do normal.
2026-07-01 13:34:08 [INFO] MÓDULO CAMARAS: Gravação iniciada por movimento na Câmara_01.
2026-07-01 13:34:46 [INFO] MÓDULO AUTENTICACAO: Falha na palavra-passe pelo utilizador 'admin'.
2026-07-01 13:35:20 [INFO] MÓDULO SENSORES: Porta Principal aberta.
2026-07-01 13:36:39 [WARNING] MÓDULO SENSORES: Sensor de fumos ativo.
2026-07-01 13:37:36 [INFO] MÓDULO CAMARAS: Perda de sinal de vídeo na Câmara_04.
2026-07-01 13:38:42 [ERROR] MÓDULO BASE_DADOS: Timeout na ligação pelo utilizador 'convidado_01'.
2026-07-01 13:39:47 [INFO] MÓDULO SENSORES: Movimento detetado no Corredor B.
2026-07-01 13:41:14 [INFO] MÓDULO AUTENTICACAO: Falha na palavra-passe pelo utilizador 'api_gateway'.
2026-07-01 13:42:25 [WARNING] MÓDULO CAMARAS: Falha de armazenamento no DVR_02.
2026-07-01 13:42:59 [WARNING] MÓDULO CAMARAS: Falha de armazenamento no DVR_02.
2026-07-01 13:44:29 [INFO] MÓDULO CAMARAS: Gravação iniciada por movimento na Câmara_01.
2026-07-01 13:45:19 [INFO] MÓDULO CAMARAS: Perda de sinal de vídeo na Câmara_04.
2026-07-01 13:46:46 [INFO] MÓDULO SENSORES: Temperatura da Sala de Servidores acima do normal.
2026-07-01 13:47:51 [WARNING] MÓDULO AUTENTICACAO: Falha na palavra-passe pelo utilizador 'convidado_01'.
2026-07-01 13:49:20 [INFO] MÓDULO CAMARAS: Falha de armazenamento no DVR_02.
2026-07-01 13:49:52 [INFO] MÓDULO SENSORES: Sensor de fumos ativo.
2026-07-01 13:50:24 [CRITICAL] MÓDULO BASE_DADOS: Timeout na ligação pelo utilizador 'convidado_01'.
2026-07-01 13:51:13 [ERROR] MÓDULO BASE_DADOS: Cópia de segurança (Backup) concluída pelo utilizador 'nuno_gomes'.
2026-07-01 13:51:49 [INFO] MÓDULO CAMARAS: Falha de armazenamento no DVR_02.
2026-07-01 13:52:38 [INFO] MÓDULO BASE_DADOS: Query executada com sucesso pelo utilizador 'convidado_01'.
2026-07-01 13:53:22 [CRITICAL] MÓDULO SENSORES: Temperatura da Sala de Servidores acima do normal.
2026-07-01 13:54:02 [CRITICAL] MÓDULO BASE_DADOS: Erro de integridade referencial pelo utilizador 'mauri'.
2026-07-01 13:55:01 [CRITICAL] MÓDULO CAMARAS: Perda de sinal de vídeo na Câmara_04.
2026-07-01 13:56:05 [CRITICAL] MÓDULO BASE_DADOS: Timeout na ligação pelo utilizador 'gestor_seguranca'.
2026-07-01 13:56:54 [INFO] MÓDULO AUTENTICACAO: Falha na palavra-passe pelo utilizador 'gestor_seguranca'.
2026-07-01 13:57:40 [INFO] MÓDULO CAMARAS: Falha de armazenamento no DVR_02.
2026-07-01 13:58:36 [CRITICAL] MÓDULO BASE_DADOS: Query executada com sucesso pelo utilizador 'nuno_gomes'.
2026-07-01 13:59:33 [INFO] MÓDULO SENSORES: Movimento detetado no Corredor B.
2026-07-01 14:00:39 [CRITICAL] MÓDULO SENSORES: Porta Principal aberta.
2026-07-01 14:01:54 [CRITICAL] MÓDULO BASE_DADOS: Erro de integridade referencial pelo utilizador 'mauri'.
2026-07-01 14:02:29 [INFO] MÓDULO BASE_DADOS: Erro de integridade referencial pelo utilizador 'api_gateway'.
2026-07-01 14:03:29 [INFO] MÓDULO SENSORES: Movimento detetado no Corredor B.
2026-07-01 14:04:09 [CRITICAL] MÓDULO CAMARAS: Falha de armazenamento no DVR_02.
2026-07-01 14:05:03 [ERROR] MÓDULO BASE_DADOS: Erro de integridade referencial pelo utilizador 'admin'.
2026-07-01 14:05:41 [CRITICAL] MÓDULO AUTENTICACAO: Tentativa de brute-force bloqueada pelo utilizador 'nuno_gomes'.
2026-07-01 14:06:21 [INFO] MÓDULO BASE_DADOS: Cópia de segurança (Backup) concluída pelo utilizador 'gestor_seguranca'.
2026-07-01 14:07:41 [INFO] MÓDULO SENSORES: Porta Principal aberta.
2026-07-01 14:08:31 [CRITICAL] MÓDULO CAMARAS: Gravação iniciada por movimento na Câmara_01.
2026-07-01 14:09:56 [ERROR] MÓDULO CAMARAS: Gravação iniciada por movimento na Câmara_01.
2026-07-01 14:11:23 [INFO] MÓDULO SENSORES: Movimento detetado no Corredor B.
2026-07-01 14:12:25 [ERROR] MÓDULO SENSORES: Porta Principal aberta.
2026-07-01 14:13:50 [INFO] MÓDULO AUTENTICACAO: Sessão expirada pelo utilizador 'ana_silva'.
2026-07-01 14:14:24 [ERROR] MÓDULO CAMARAS: Falha de armazenamento no DVR_02.
2026-07-01 14:15:27 [WARNING] MÓDULO BASE_DADOS: Erro de integridade referencial pelo utilizador 'nuno_gomes'.
2026-07-01 14:16:34 [WARNING] MÓDULO SENSORES: Movimento detetado no Corredor B.
2026-07-01 14:17:16 [INFO] MÓDULO CAMARAS: Perda de sinal de vídeo na Câmara_04.
2026-07-01 14:17:57 [ERROR] MÓDULO SENSORES: Porta Principal aberta.
2026-07-01 14:18:46 [ERROR] MÓDULO AUTENTICACAO: Sessão expirada pelo utilizador 'mauri'.
2026-07-01 14:19:40 [ERROR] MÓDULO CAMARAS: Gravação iniciada por movimento na Câmara_01.
2026-07-01 14:20:12 [ERROR] MÓDULO CAMARAS: Falha de armazenamento no DVR_02.
2026-07-01 14:20:44 [WARNING] MÓDULO CAMARAS: Falha de armazenamento no DVR_02.
2026-07-01 14:21:51 [CRITICAL] MÓDULO CAMARAS: Perda de sinal de vídeo na Câmara_04.
2026-07-01 14:22:59 [WARNING] MÓDULO SENSORES: Temperatura da Sala de Servidores acima do normal.
2026-07-01 14:24:05 [ERROR] MÓDULO BASE_DADOS: Timeout na ligação pelo utilizador 'api_gateway'.
2026-07-01 14:25:33 [CRITICAL] MÓDULO SENSORES: Temperatura da Sala de Servidores acima do normal.
2026-07-01 14:26:25 [INFO] MÓDULO BASE_DADOS: Erro de integridade referencial pelo utilizador 'ana_silva'.
2026-07-01 14:27:12 [WARNING] MÓDULO AUTENTICACAO: Login efetuado com sucesso pelo utilizador 'convidado_01'.
2026-07-01 14:27:53 [INFO] MÓDULO CAMARAS: Falha de armazenamento no DVR_02.
2026-07-01 14:29:09 [WARNING] MÓDULO CAMARAS: Gravação iniciada por movimento na Câmara_01.
2026-07-01 14:29:48 [INFO] MÓDULO SENSORES: Temperatura da Sala de Servidores acima do normal.
2026-07-01 14:31:14 [CRITICAL] MÓDULO BASE_DADOS: Erro de integridade referencial pelo utilizador 'api_gateway'.
2026-07-01 14:31:57 [INFO] MÓDULO SENSORES: Movimento detetado no Corredor B.
2026-07-01 14:33:25 [WARNING] MÓDULO BASE_DADOS: Query executada com sucesso pelo utilizador 'mauri'.
2026-07-01 14:34:20 [CRITICAL] MÓDULO SENSORES: Sensor de fumos ativo.
2026-07-01 14:35:33 [ERROR] MÓDULO CAMARAS: Falha de armazenamento no DVR_02.
2026-07-01 14:37:01 [INFO] MÓDULO AUTENTICACAO: Falha na palavra-passe pelo utilizador 'convidado_01'.
2026-07-01 14:37:53 [ERROR] MÓDULO BASE_DADOS: Timeout na ligação pelo utilizador 'ana_silva'.
2026-07-01 14:38:43 [INFO] MÓDULO AUTENTICACAO: Tentativa de brute-force bloqueada pelo utilizador 'gestor_seguranca'.
2026-07-01 14:40:09 [CRITICAL] MÓDULO SENSORES: Temperatura da Sala de Servidores acima do normal.
2026-07-01 14:41:09 [INFO] MÓDULO SENSORES: Temperatura da Sala de Servidores acima do normal.
2026-07-01 14:42:27 [INFO] MÓDULO BASE_DADOS: Query executada com sucesso pelo utilizador 'nuno_gomes'.
2026-07-01 14:43:55 [INFO] MÓDULO AUTENTICACAO: Tentativa de brute-force bloqueada pelo utilizador 'nuno_gomes'.
2026-07-01 14:44:51 [WARNING] MÓDULO CAMARAS: Falha de armazenamento no DVR_02.
2026-07-01 14:45:28 [INFO] MÓDULO BASE_DADOS: Query executada com sucesso pelo utilizador 'mauri'.
2026-07-01 14:46:39 [INFO] MÓDULO CAMARAS: Gravação iniciada por movimento na Câmara_01.
2026-07-01 14:48:08 [WARNING] MÓDULO SENSORES: Porta Principal aberta.
2026-07-01 14:49:25 [INFO] MÓDULO SENSORES: Porta Principal aberta.
2026-07-01 14:50:49 [CRITICAL] MÓDULO SENSORES: Porta Principal aberta.
2026-07-01 14:51:56 [WARNING] MÓDULO AUTENTICACAO: Falha na palavra-passe pelo utilizador 'convidado_01'.
2026-07-01 14:52:44 [INFO] MÓDULO AUTENTICACAO: Sessão expirada pelo utilizador 'convidado_01'.
2026-07-01 14:53:36 [WARNING] MÓDULO SENSORES: Temperatura da Sala de Servidores acima do normal.
2026-07-01 14:54:39 [INFO] MÓDULO CAMARAS: Perda de sinal de vídeo na Câmara_04.
2026-07-01 14:55:33 [ERROR] MÓDULO AUTENTICACAO: Login efetuado com sucesso pelo utilizador 'gestor_seguranca'.
2026-07-01 14:56:40 [INFO] MÓDULO BASE_DADOS: Erro de integridade referencial pelo utilizador 'convidado_01'.
2026-07-01 14:58:03 [ERROR] MÓDULO SENSORES: Porta Principal aberta.
2026-07-01 14:59:01 [WARNING] MÓDULO BASE_DADOS: Query executada com sucesso pelo utilizador 'mauri'.
2026-07-01 15:00:00 [ERROR] MÓDULO CAMARAS: Falha de armazenamento no DVR_02.
2026-07-01 15:01:05 [WARNING] MÓDULO AUTENTICACAO: Tentativa de brute-force bloqueada pelo utilizador 'mauri'.
2026-07-01 15:01:46 [INFO] MÓDULO AUTENTICACAO: Login efetuado com sucesso pelo utilizador 'nuno_gomes'.
2026-07-01 15:02:36 [CRITICAL] MÓDULO BASE_DADOS: Query executada com sucesso pelo utilizador 'ana_silva'.
2026-07-01 15:04:06 [INFO] MÓDULO AUTENTICACAO: Tentativa de brute-force bloqueada pelo utilizador 'mauri'.
2026-07-01 15:04:42 [INFO] MÓDULO AUTENTICACAO: Sessão expirada pelo utilizador 'admin'.
2026-07-01 15:06:09 [WARNING] MÓDULO AUTENTICACAO: Tentativa de brute-force bloqueada pelo utilizador 'api_gateway'.
2026-07-01 15:07:33 [INFO] MÓDULO CAMARAS: Perda de sinal de vídeo na Câmara_04.
2026-07-01 15:08:25 [ERROR] MÓDULO CAMARAS: Perda de sinal de vídeo na Câmara_04.
2026-07-01 15:09:13 [ERROR] MÓDULO BASE_DADOS: Erro de integridade referencial pelo utilizador 'mauri'.
2026-07-01 15:09:48 [INFO] MÓDULO BASE_DADOS: Cópia de segurança (Backup) concluída pelo utilizador 'ana_silva'.
2026-07-01 15:11:14 [CRITICAL] MÓDULO BASE_DADOS: Cópia de segurança (Backup) concluída pelo utilizador 'api_gateway'.
2026-07-01 15:12:14 [CRITICAL] MÓDULO SENSORES: Temperatura da Sala de Servidores acima do normal.
2026-07-01 15:13:17 [INFO] MÓDULO AUTENTICACAO: Tentativa de brute-force bloqueada pelo utilizador 'mauri'.
2026-07-01 15:14:04 [ERROR] MÓDULO AUTENTICACAO: Tentativa de brute-force bloqueada pelo utilizador 'gestor_seguranca'.
2026-07-01 15:15:01 [INFO] MÓDULO CAMARAS: Falha de armazenamento no DVR_02.
2026-07-01 15:16:13 [ERROR] MÓDULO BASE_DADOS: Erro de integridade referencial pelo utilizador 'mauri'.
2026-07-01 15:16:45 [ERROR] MÓDULO BASE_DADOS: Cópia de segurança (Backup) concluída pelo utilizador 'nuno_gomes'.
2026-07-01 15:18:00 [INFO] MÓDULO AUTENTICACAO: Falha na palavra-passe pelo utilizador 'admin'.
2026-07-01 15:18:35 [WARNING] MÓDULO CAMARAS: Falha de armazenamento no DVR_02.
2026-07-01 15:19:06 [CRITICAL] MÓDULO SENSORES: Porta Principal aberta.
2026-07-01 15:20:08 [ERROR] MÓDULO SENSORES: Movimento detetado no Corredor B.
2026-07-01 15:21:14 [INFO] MÓDULO CAMARAS: Falha de armazenamento no DVR_02.
2026-07-01 15:22:20 [INFO] MÓDULO SENSORES: Sensor de fumos ativo.
2026-07-01 15:23:37 [INFO] MÓDULO BASE_DADOS: Query executada com sucesso pelo utilizador 'mauri'.
2026-07-01 15:24:48 [INFO] MÓDULO AUTENTICACAO: Sessão expirada pelo utilizador 'admin'.
2026-07-01 15:25:29 [INFO] MÓDULO CAMARAS: Perda de sinal de vídeo na Câmara_04.
2026-07-01 15:26:33 [CRITICAL] MÓDULO SENSORES: Movimento detetado no Corredor B.
2026-07-01 15:27:22 [INFO] MÓDULO BASE_DADOS: Query executada com sucesso pelo utilizador 'nuno_gomes'.
2026-07-01 15:28:20 [ERROR] MÓDULO SENSORES: Porta Principal aberta.
2026-07-01 15:28:57 [WARNING] MÓDULO AUTENTICACAO: Sessão expirada pelo utilizador 'convidado_01'.
2026-07-01 15:29:27 [WARNING] MÓDULO AUTENTICACAO: Tentativa de brute-force bloqueada pelo utilizador 'convidado_01'.
2026-07-01 15:30:54 [CRITICAL] MÓDULO SENSORES: Sensor de fumos ativo.
2026-07-01 15:32:15 [WARNING] MÓDULO BASE_DADOS: Cópia de segurança (Backup) concluída pelo utilizador 'api_gateway'.
2026-07-01 15:33:41 [INFO] MÓDULO BASE_DADOS: Query executada com sucesso pelo utilizador 'mauri'.
2026-07-01 15:35:00 [INFO] MÓDULO BASE_DADOS: Timeout na ligação pelo utilizador 'nuno_gomes'.
2026-07-01 15:35:43 [CRITICAL] MÓDULO AUTENTICACAO: Tentativa de brute-force bloqueada pelo utilizador 'api_gateway'.
2026-07-01 15:36:13 [ERROR] MÓDULO BASE_DADOS: Cópia de segurança (Backup) concluída pelo utilizador 'mauri'.
2026-07-01 15:36:47 [INFO] MÓDULO AUTENTICACAO: Sessão expirada pelo utilizador 'gestor_seguranca'.
2026-07-01 15:38:01 [INFO] MÓDULO CAMARAS: Falha de armazenamento no DVR_02.
2026-07-01 15:38:35 [ERROR] MÓDULO SENSORES: Sensor de fumos ativo.
2026-07-01 15:39:24 [WARNING] MÓDULO AUTENTICACAO: Login efetuado com sucesso pelo utilizador 'gestor_seguranca'.
2026-07-01 15:40:29 [INFO] MÓDULO AUTENTICACAO: Tentativa de brute-force bloqueada pelo utilizador 'gestor_seguranca'.
2026-07-01 15:41:21 [CRITICAL] MÓDULO SENSORES: Movimento detetado no Corredor B.
2026-07-01 15:42:03 [WARNING] MÓDULO SENSORES: Sensor de fumos ativo.
2026-07-01 15:43:32 [ERROR] MÓDULO BASE_DADOS: Query executada com sucesso pelo utilizador 'gestor_seguranca'.
2026-07-01 15:45:00 [CRITICAL] MÓDULO BASE_DADOS: Cópia de segurança (Backup) concluída pelo utilizador 'api_gateway'.
2026-07-01 15:45:42 [INFO] MÓDULO CAMARAS: Falha de armazenamento no DVR_02.
2026-07-01 15:47:03 [WARNING] MÓDULO SENSORES: Sensor de fumos ativo.
2026-07-01 15:48:13 [WARNING] MÓDULO AUTENTICACAO: Login efetuado com sucesso pelo utilizador 'nuno_gomes'.
2026-07-01 15:49:26 [INFO] MÓDULO CAMARAS: Gravação iniciada por movimento na Câmara_01.
2026-07-01 15:50:06 [CRITICAL] MÓDULO BASE_DADOS: Erro de integridade referencial pelo utilizador 'gestor_seguranca'.
2026-07-01 15:50:54 [INFO] MÓDULO BASE_DADOS: Erro de integridade referencial pelo utilizador 'gestor_seguranca'.
2026-07-01 15:51:34 [INFO] MÓDULO AUTENTICACAO: Tentativa de brute-force bloqueada pelo utilizador 'ana_silva'.
2026-07-01 15:52:16 [WARNING] MÓDULO SENSORES: Sensor de fumos ativo.
2026-07-01 15:53:34 [WARNING] MÓDULO AUTENTICACAO: Sessão expirada pelo utilizador 'ana_silva'.
2026-07-01 15:54:23 [WARNING] MÓDULO AUTENTICACAO: Sessão expirada pelo utilizador 'mauri'.
2026-07-01 15:55:12 [WARNING] MÓDULO AUTENTICACAO: Login efetuado com sucesso pelo utilizador 'ana_silva'.
2026-07-01 15:55:52 [CRITICAL] MÓDULO BASE_DADOS: Query executada com sucesso pelo utilizador 'admin'.
2026-07-01 15:56:45 [INFO] MÓDULO AUTENTICACAO: Tentativa de brute-force bloqueada pelo utilizador 'admin'.
2026-07-01 15:58:00 [INFO] MÓDULO BASE_DADOS: Erro de integridade referencial pelo utilizador 'ana_silva'.
2026-07-01 15:59:16 [WARNING] MÓDULO BASE_DADOS: Query executada com sucesso pelo utilizador 'ana_silva'.
2026-07-01 16:00:26 [ERROR] MÓDULO SENSORES: Temperatura da Sala de Servidores acima do normal.
2026-07-01 16:01:26 [INFO] MÓDULO AUTENTICACAO: Login efetuado com sucesso pelo utilizador 'mauri'.
2026-07-01 16:02:20 [WARNING] MÓDULO BASE_DADOS: Query executada com sucesso pelo utilizador 'api_gateway'.
2026-07-01 16:03:43 [INFO] MÓDULO BASE_DADOS: Cópia de segurança (Backup) concluída pelo utilizador 'admin'.
2026-07-01 16:05:03 [INFO] MÓDULO CAMARAS: Perda de sinal de vídeo na Câmara_04.
2026-07-01 16:06:29 [CRITICAL] MÓDULO BASE_DADOS: Cópia de segurança (Backup) concluída pelo utilizador 'api_gateway'.
2026-07-01 16:07:22 [WARNING] MÓDULO AUTENTICACAO: Login efetuado com sucesso pelo utilizador 'gestor_seguranca'.
2026-07-01 16:08:32 [CRITICAL] MÓDULO BASE_DADOS: Timeout na ligação pelo utilizador 'mauri'.
2026-07-01 16:09:09 [WARNING] MÓDULO BASE_DADOS: Cópia de segurança (Backup) concluída pelo utilizador 'admin'.
2026-07-01 16:10:14 [INFO] MÓDULO BASE_DADOS: Cópia de segurança (Backup) concluída pelo utilizador 'api_gateway'.
2026-07-01 16:11:23 [ERROR] MÓDULO AUTENTICACAO: Sessão expirada pelo utilizador 'mauri'.
2026-07-01 16:12:15 [WARNING] MÓDULO BASE_DADOS: Timeout na ligação pelo utilizador 'ana_silva'.
2026-07-01 16:12:49 [INFO] MÓDULO CAMARAS: Gravação iniciada por movimento na Câmara_01.
2026-07-01 16:14:11 [CRITICAL] MÓDULO AUTENTICACAO: Sessão expirada pelo utilizador 'mauri'.
2026-07-01 16:15:11 [WARNING] MÓDULO CAMARAS: Gravação iniciada por movimento na Câmara_01.
2026-07-01 16:16:24 [CRITICAL] MÓDULO CAMARAS: Perda de sinal de vídeo na Câmara_04.
2026-07-01 16:17:44 [CRITICAL] MÓDULO AUTENTICACAO: Tentativa de brute-force bloqueada pelo utilizador 'api_gateway'.
2026-07-01 16:18:43 [CRITICAL] MÓDULO AUTENTICACAO: Sessão expirada pelo utilizador 'mauri'.
2026-07-01 16:19:53 [INFO] MÓDULO SENSORES: Porta Principal aberta.
2026-07-01 16:21:19 [INFO] MÓDULO AUTENTICACAO: Login efetuado com sucesso pelo utilizador 'convidado_01'.
2026-07-01 16:22:15 [INFO] MÓDULO BASE_DADOS: Timeout na ligação pelo utilizador 'ana_silva'.
2026-07-01 16:22:51 [CRITICAL] MÓDULO BASE_DADOS: Timeout na ligação pelo utilizador 'gestor_seguranca'.
2026-07-01 16:23:31 [WARNING] MÓDULO CAMARAS: Perda de sinal de vídeo na Câmara_04.
2026-07-01 16:24:53 [CRITICAL] MÓDULO BASE_DADOS: Erro de integridade referencial pelo utilizador 'nuno_gomes'.
2026-07-01 16:26:19 [CRITICAL] MÓDULO SENSORES: Porta Principal aberta.
2026-07-01 16:27:41 [INFO] MÓDULO AUTENTICACAO: Login efetuado com sucesso pelo utilizador 'ana_silva'.
2026-07-01 16:28:33 [WARNING] MÓDULO BASE_DADOS: Query executada com sucesso pelo utilizador 'gestor_seguranca'.
2026-07-01 16:29:25 [INFO] MÓDULO CAMARAS: Perda de sinal de vídeo na Câmara_04.
2026-07-01 16:30:50 [ERROR] MÓDULO BASE_DADOS: Timeout na ligação pelo utilizador 'api_gateway'.
2026-07-01 16:31:33 [INFO] MÓDULO AUTENTICACAO: Sessão expirada pelo utilizador 'mauri'.
2026-07-01 16:32:10 [ERROR] MÓDULO CAMARAS: Gravação iniciada por movimento na Câmara_01.
2026-07-01 16:32:51 [INFO] MÓDULO CAMARAS: Falha de armazenamento no DVR_02.
2026-07-01 16:33:55 [INFO] MÓDULO SENSORES: Temperatura da Sala de Servidores acima do normal.
2026-07-01 16:34:50 [INFO] MÓDULO SENSORES: Movimento detetado no Corredor B.
2026-07-01 16:35:31 [CRITICAL] MÓDULO BASE_DADOS: Cópia de segurança (Backup) concluída pelo utilizador 'admin'.
2026-07-01 16:36:26 [ERROR] MÓDULO SENSORES: Temperatura da Sala de Servidores acima do normal.
2026-07-01 16:36:56 [INFO] MÓDULO SENSORES: Porta Principal aberta.
2026-07-01 16:37:49 [INFO] MÓDULO SENSORES: Sensor de fumos ativo.
2026-07-01 16:38:53 [CRITICAL] MÓDULO CAMARAS: Falha de armazenamento no DVR_02.
2026-07-01 16:39:42 [ERROR] MÓDULO BASE_DADOS: Timeout na ligação pelo utilizador 'nuno_gomes'.
2026-07-01 16:40:12 [WARNING] MÓDULO BASE_DADOS: Erro de integridade referencial pelo utilizador 'nuno_gomes'.
2026-07-01 16:41:20 [WARNING] MÓDULO BASE_DADOS: Erro de integridade referencial pelo utilizador 'convidado_01'.
2026-07-01 16:41:57 [ERROR] MÓDULO AUTENTICACAO: Sessão expirada pelo utilizador 'gestor_seguranca'.
2026-07-01 16:43:23 [INFO] MÓDULO AUTENTICACAO: Falha na palavra-passe pelo utilizador 'gestor_seguranca'.
2026-07-01 16:44:27 [CRITICAL] MÓDULO CAMARAS: Gravação iniciada por movimento na Câmara_01.
2026-07-01 16:45:32 [ERROR] MÓDULO AUTENTICACAO: Sessão expirada pelo utilizador 'api_gateway'.
2026-07-01 16:46:34 [WARNING] MÓDULO AUTENTICACAO: Login efetuado com sucesso pelo utilizador 'ana_silva'.
2026-07-01 16:47:40 [INFO] MÓDULO SENSORES: Sensor de fumos ativo.
2026-07-01 16:48:53 [CRITICAL] MÓDULO AUTENTICACAO: Sessão expirada pelo utilizador 'convidado_01'.
2026-07-01 16:50:08 [CRITICAL] MÓDULO SENSORES: Sensor de fumos ativo.
2026-07-01 16:50:41 [CRITICAL] MÓDULO AUTENTICACAO: Sessão expirada pelo utilizador 'mauri'.
2026-07-01 16:51:53 [INFO] MÓDULO SENSORES: Porta Principal aberta.
2026-07-01 16:53:13 [ERROR] MÓDULO SENSORES: Temperatura da Sala de Servidores acima do normal.
2026-07-01 16:54:19 [INFO] MÓDULO CAMARAS: Gravação iniciada por movimento na Câmara_01.
2026-07-01 16:55:48 [ERROR] MÓDULO AUTENTICACAO: Login efetuado com sucesso pelo utilizador 'gestor_seguranca'.
2026-07-01 16:57:05 [WARNING] MÓDULO BASE_DADOS: Erro de integridade referencial pelo utilizador 'ana_silva'.
2026-07-01 16:58:01 [ERROR] MÓDULO AUTENTICACAO: Login efetuado com sucesso pelo utilizador 'gestor_seguranca'.
2026-07-01 16:58:53 [INFO] MÓDULO SENSORES: Temperatura da Sala de Servidores acima do normal.
2026-07-01 17:00:12 [CRITICAL] MÓDULO SENSORES: Sensor de fumos ativo.
2026-07-01 17:01:20 [WARNING] MÓDULO AUTENTICACAO: Tentativa de brute-force bloqueada pelo utilizador 'convidado_01'.
2026-07-01 17:02:25 [INFO] MÓDULO CAMARAS: Falha de armazenamento no DVR_02.
2026-07-01 17:03:00 [CRITICAL] MÓDULO SENSORES: Sensor de fumos ativo.
2026-07-01 17:04:02 [INFO] MÓDULO BASE_DADOS: Erro de integridade referencial pelo utilizador 'mauri'.
2026-07-01 17:04:51 [ERROR] MÓDULO BASE_DADOS: Cópia de segurança (Backup) concluída pelo utilizador 'admin'.
2026-07-01 17:06:09 [WARNING] MÓDULO AUTENTICACAO: Falha na palavra-passe pelo utilizador 'nuno_gomes'.
2026-07-01 17:07:03 [INFO] MÓDULO BASE_DADOS: Timeout na ligação pelo utilizador 'ana_silva'.
2026-07-01 17:08:32 [CRITICAL] MÓDULO AUTENTICACAO: Login efetuado com sucesso pelo utilizador 'api_gateway'.
2026-07-01 17:09:59 [WARNING] MÓDULO CAMARAS: Falha de armazenamento no DVR_02.
2026-07-01 17:10:43 [WARNING] MÓDULO SENSORES: Movimento detetado no Corredor B.
2026-07-01 17:11:38 [INFO] MÓDULO SENSORES: Temperatura da Sala de Servidores acima do normal.
2026-07-01 17:12:12 [INFO] MÓDULO CAMARAS: Falha de armazenamento no DVR_02.
2026-07-01 17:12:51 [INFO] MÓDULO SENSORES: Temperatura da Sala de Servidores acima do normal.
2026-07-01 17:13:52 [CRITICAL] MÓDULO AUTENTICACAO: Falha na palavra-passe pelo utilizador 'ana_silva'.
2026-07-01 17:15:08 [ERROR] MÓDULO BASE_DADOS: Query executada com sucesso pelo utilizador 'convidado_01'.
2026-07-01 17:15:49 [WARNING] MÓDULO SENSORES: Movimento detetado no Corredor B.
2026-07-01 17:17:19 [WARNING] MÓDULO AUTENTICACAO: Falha na palavra-passe pelo utilizador 'nuno_gomes'.
2026-07-01 17:18:26 [WARNING] MÓDULO CAMARAS: Gravação iniciada por movimento na Câmara_01.
2026-07-01 17:18:56 [INFO] MÓDULO SENSORES: Porta Principal aberta.
2026-07-01 17:20:05 [INFO] MÓDULO AUTENTICACAO: Falha na palavra-passe pelo utilizador 'convidado_01'.
2026-07-01 17:20:44 [CRITICAL] MÓDULO CAMARAS: Falha de armazenamento no DVR_02.
2026-07-01 17:21:30 [CRITICAL] MÓDULO CAMARAS: Falha de armazenamento no DVR_02.
2026-07-01 17:22:44 [WARNING] MÓDULO CAMARAS: Gravação iniciada por movimento na Câmara_01.
2026-07-01 17:23:27 [WARNING] MÓDULO BASE_DADOS: Query executada com sucesso pelo utilizador 'mauri'.
2026-07-01 17:24:36 [INFO] MÓDULO SENSORES: Sensor de fumos ativo.
2026-07-01 17:25:31 [CRITICAL] MÓDULO SENSORES: Temperatura da Sala de Servidores acima do normal.
2026-07-01 17:26:32 [ERROR] MÓDULO SENSORES: Porta Principal aberta.
2026-07-01 17:27:49 [ERROR] MÓDULO BASE_DADOS: Query executada com sucesso pelo utilizador 'nuno_gomes'.
2026-07-01 17:28:23 [INFO] MÓDULO AUTENTICACAO: Tentativa de brute-force bloqueada pelo utilizador 'convidado_01'.
2026-07-01 17:29:53 [INFO] MÓDULO BASE_DADOS: Query executada com sucesso pelo utilizador 'nuno_gomes'.
2026-07-01 17:30:48 [INFO] MÓDULO SENSORES: Temperatura da Sala de Servidores acima do normal.
2026-07-01 17:31:18 [INFO] MÓDULO BASE_DADOS: Cópia de segurança (Backup) concluída pelo utilizador 'nuno_gomes'.
2026-07-01 17:32:32 [INFO] MÓDULO SENSORES: Porta Principal aberta.
2026-07-01 17:33:10 [INFO] MÓDULO CAMARAS: Gravação iniciada por movimento na Câmara_01.
2026-07-01 17:33:55 [INFO] MÓDULO BASE_DADOS: Query executada com sucesso pelo utilizador 'gestor_seguranca'.
2026-07-01 17:35:19 [WARNING] MÓDULO AUTENTICACAO: Sessão expirada pelo utilizador 'api_gateway'.
2026-07-01 17:36:34 [WARNING] MÓDULO BASE_DADOS: Erro de integridade referencial pelo utilizador 'api_gateway'.
2026-07-01 17:38:04 [INFO] MÓDULO AUTENTICACAO: Sessão expirada pelo utilizador 'convidado_01'.
2026-07-01 17:38:57 [ERROR] MÓDULO BASE_DADOS: Cópia de segurança (Backup) concluída pelo utilizador 'ana_silva'.
2026-07-01 17:40:18 [INFO] MÓDULO SENSORES: Porta Principal aberta.
2026-07-01 17:41:26 [INFO] MÓDULO AUTENTICACAO: Login efetuado com sucesso pelo utilizador 'admin'.
2026-07-01 17:42:29 [WARNING] MÓDULO AUTENTICACAO: Login efetuado com sucesso pelo utilizador 'api_gateway'.
2026-07-01 17:43:39 [INFO] MÓDULO CAMARAS: Perda de sinal de vídeo na Câmara_04.
2026-07-01 17:45:09 [CRITICAL] MÓDULO AUTENTICACAO: Tentativa de brute-force bloqueada pelo utilizador 'nuno_gomes'.
2026-07-01 17:46:10 [WARNING] MÓDULO BASE_DADOS: Timeout na ligação pelo utilizador 'gestor_seguranca'.
2026-07-01 17:47:16 [ERROR] MÓDULO SENSORES: Temperatura da Sala de Servidores acima do normal.
2026-07-01 17:48:23 [CRITICAL] MÓDULO BASE_DADOS: Erro de integridade referencial pelo utilizador 'api_gateway'.
2026-07-01 17:49:07 [CRITICAL] MÓDULO SENSORES: Temperatura da Sala de Servidores acima do normal.
2026-07-01 17:49:41 [CRITICAL] MÓDULO SENSORES: Movimento detetado no Corredor B.
2026-07-01 17:50:15 [WARNING] MÓDULO SENSORES: Movimento detetado no Corredor B.
2026-07-01 17:51:05 [ERROR] MÓDULO BASE_DADOS: Erro de integridade referencial pelo utilizador 'mauri'.
2026-07-01 17:51:48 [INFO] MÓDULO CAMARAS: Falha de armazenamento no DVR_02.
2026-07-01 17:52:51 [INFO] MÓDULO BASE_DADOS: Query executada com sucesso pelo utilizador 'gestor_seguranca'.
2026-07-01 17:53:24 [INFO] MÓDULO BASE_DADOS: Timeout na ligação pelo utilizador 'api_gateway'.
2026-07-01 17:54:17 [WARNING] MÓDULO BASE_DADOS: Cópia de segurança (Backup) concluída pelo utilizador 'gestor_seguranca'.
2026-07-01 17:55:13 [INFO] MÓDULO AUTENTICACAO: Login efetuado com sucesso pelo utilizador 'gestor_seguranca'.
2026-07-01 17:56:07 [WARNING] MÓDULO CAMARAS: Perda de sinal de vídeo na Câmara_04.
2026-07-01 17:56:59 [CRITICAL] MÓDULO BASE_DADOS: Cópia de segurança (Backup) concluída pelo utilizador 'convidado_01'.
2026-07-01 17:57:55 [CRITICAL] MÓDULO BASE_DADOS: Timeout na ligação pelo utilizador 'gestor_seguranca'.
2026-07-01 17:58:55 [ERROR] MÓDULO BASE_DADOS: Query executada com sucesso pelo utilizador 'gestor_seguranca'.
2026-07-01 17:59:35 [INFO] MÓDULO BASE_DADOS: Cópia de segurança (Backup) concluída pelo utilizador 'api_gateway'.
2026-07-01 18:00:09 [INFO] MÓDULO AUTENTICACAO: Tentativa de brute-force bloqueada pelo utilizador 'nuno_gomes'.
2026-07-01 18:00:51 [INFO] MÓDULO SENSORES: Movimento detetado no Corredor B.
2026-07-01 18:01:28 [ERROR] MÓDULO CAMARAS: Falha de armazenamento no DVR_02.
2026-07-01 18:02:45 [INFO] MÓDULO BASE_DADOS: Erro de integridade referencial pelo utilizador 'nuno_gomes'.
2026-07-01 18:03:26 [CRITICAL] MÓDULO AUTENTICACAO: Falha na palavra-passe pelo utilizador 'mauri'.
2026-07-01 18:04:27 [ERROR] MÓDULO BASE_DADOS: Erro de integridade referencial pelo utilizador 'convidado_01'.
2026-07-01 18:05:24 [CRITICAL] MÓDULO CAMARAS: Gravação iniciada por movimento na Câmara_01.
2026-07-01 18:06:53 [WARNING] MÓDULO BASE_DADOS: Query executada com sucesso pelo utilizador 'ana_silva'.
2026-07-01 18:07:57 [INFO] MÓDULO BASE_DADOS: Cópia de segurança (Backup) concluída pelo utilizador 'ana_silva'.
2026-07-01 18:08:44 [WARNING] MÓDULO SENSORES: Porta Principal aberta.
2026-07-01 18:09:23 [CRITICAL] MÓDULO CAMARAS: Gravação iniciada por movimento na Câmara_01.
2026-07-01 18:10:34 [CRITICAL] MÓDULO SENSORES: Sensor de fumos ativo.
2026-07-01 18:11:17 [INFO] MÓDULO BASE_DADOS: Query executada com sucesso pelo utilizador 'nuno_gomes'.
2026-07-01 18:12:23 [INFO] MÓDULO CAMARAS: Gravação iniciada por movimento na Câmara_01.
2026-07-01 18:13:12 [ERROR] MÓDULO BASE_DADOS: Query executada com sucesso pelo utilizador 'mauri'.
2026-07-01 18:14:00 [ERROR] MÓDULO CAMARAS: Perda de sinal de vídeo na Câmara_04.
2026-07-01 18:15:21 [WARNING] MÓDULO AUTENTICACAO: Login efetuado com sucesso pelo utilizador 'gestor_seguranca'.
2026-07-01 18:16:21 [INFO] MÓDULO AUTENTICACAO: Login efetuado com sucesso pelo utilizador 'ana_silva'.
2026-07-01 18:17:26 [INFO] MÓDULO BASE_DADOS: Erro de integridade referencial pelo utilizador 'admin'.
2026-07-01 18:18:31 [INFO] MÓDULO CAMARAS: Perda de sinal de vídeo na Câmara_04.
2026-07-01 18:19:41 [INFO] MÓDULO SENSORES: Temperatura da Sala de Servidores acima do normal.
2026-07-01 18:20:52 [INFO] MÓDULO BASE_DADOS: Erro de integridade referencial pelo utilizador 'convidado_01'.
2026-07-01 18:21:48 [WARNING] MÓDULO SENSORES: Sensor de fumos ativo.
2026-07-01 18:23:14 [CRITICAL] MÓDULO SENSORES: Movimento detetado no Corredor B.
2026-07-01 18:23:46 [CRITICAL] MÓDULO CAMARAS: Gravação iniciada por movimento na Câmara_01.
2026-07-01 18:25:06 [INFO] MÓDULO CAMARAS: Perda de sinal de vídeo na Câmara_04.
2026-07-01 18:25:50 [INFO] MÓDULO AUTENTICACAO: Sessão expirada pelo utilizador 'gestor_seguranca'.
2026-07-01 18:26:42 [INFO] MÓDULO SENSORES: Temperatura da Sala de Servidores acima do normal.
2026-07-01 18:27:54 [INFO] MÓDULO SENSORES: Movimento detetado no Corredor B.
2026-07-01 18:28:54 [ERROR] MÓDULO AUTENTICACAO: Falha na palavra-passe pelo utilizador 'convidado_01'.
2026-07-01 18:30:05 [WARNING] MÓDULO BASE_DADOS: Timeout na ligação pelo utilizador 'ana_silva'.
2026-07-01 18:30:38 [WARNING] MÓDULO CAMARAS: Perda de sinal de vídeo na Câmara_04.
2026-07-01 18:31:31 [INFO] MÓDULO SENSORES: Sensor de fumos ativo.
2026-07-01 18:32:52 [CRITICAL] MÓDULO AUTENTICACAO: Login efetuado com sucesso pelo utilizador 'ana_silva'.
2026-07-01 18:34:00 [INFO] MÓDULO CAMARAS: Falha de armazenamento no DVR_02.
2026-07-01 18:34:57 [INFO] MÓDULO CAMARAS: Perda de sinal de vídeo na Câmara_04.
2026-07-01 18:35:59 [CRITICAL] MÓDULO BASE_DADOS: Query executada com sucesso pelo utilizador 'gestor_seguranca'.
2026-07-01 18:36:37 [ERROR] MÓDULO CAMARAS: Gravação iniciada por movimento na Câmara_01.
2026-07-01 18:37:40 [CRITICAL] MÓDULO SENSORES: Temperatura da Sala de Servidores acima do normal.
2026-07-01 18:38:29 [ERROR] MÓDULO AUTENTICACAO: Login efetuado com sucesso pelo utilizador 'convidado_01'.
2026-07-01 18:39:39 [CRITICAL] MÓDULO AUTENTICACAO: Sessão expirada pelo utilizador 'mauri'.
2026-07-01 18:40:16 [CRITICAL] MÓDULO SENSORES: Movimento detetado no Corredor B.
2026-07-01 18:40:48 [INFO] MÓDULO AUTENTICACAO: Falha na palavra-passe pelo utilizador 'api_gateway'.
2026-07-01 18:42:00 [INFO] MÓDULO CAMARAS: Falha de armazenamento no DVR_02.
2026-07-01 18:43:22 [WARNING] MÓDULO BASE_DADOS: Timeout na ligação pelo utilizador 'convidado_01'.
2026-07-01 18:44:18 [INFO] MÓDULO CAMARAS: Gravação iniciada por movimento na Câmara_01.
2026-07-01 18:45:35 [CRITICAL] MÓDULO CAMARAS: Gravação iniciada por movimento na Câmara_01.
2026-07-01 18:46:56 [INFO] MÓDULO BASE_DADOS: Erro de integridade referencial pelo utilizador 'api_gateway'.
2026-07-01 18:48:17 [WARNING] MÓDULO BASE_DADOS: Cópia de segurança (Backup) concluída pelo utilizador 'ana_silva'.
2026-07-01 18:49:31 [INFO] MÓDULO SENSORES: Porta Principal aberta.
2026-07-01 18:50:28 [INFO] MÓDULO CAMARAS: Gravação iniciada por movimento na Câmara_01.
2026-07-01 18:51:52 [ERROR] MÓDULO AUTENTICACAO: Falha na palavra-passe pelo utilizador 'api_gateway'.
2026-07-01 18:52:55 [CRITICAL] MÓDULO BASE_DADOS: Cópia de segurança (Backup) concluída pelo utilizador 'api_gateway'.
2026-07-01 18:53:56 [INFO] MÓDULO CAMARAS: Falha de armazenamento no DVR_02.
2026-07-01 18:54:28 [INFO] MÓDULO AUTENTICACAO: Tentativa de brute-force bloqueada pelo utilizador 'mauri'.
2026-07-01 18:55:30 [CRITICAL] MÓDULO AUTENTICACAO: Tentativa de brute-force bloqueada pelo utilizador 'convidado_01'.
2026-07-01 18:56:07 [WARNING] MÓDULO AUTENTICACAO: Falha na palavra-passe pelo utilizador 'mauri'.
2026-07-01 18:56:52 [CRITICAL] MÓDULO AUTENTICACAO: Login efetuado com sucesso pelo utilizador 'api_gateway'.
2026-07-01 18:57:53 [WARNING] MÓDULO SENSORES: Temperatura da Sala de Servidores acima do normal.
2026-07-01 18:58:27 [INFO] MÓDULO BASE_DADOS: Timeout na ligação pelo utilizador 'ana_silva'.
2026-07-01 18:59:24 [CRITICAL] MÓDULO AUTENTICACAO: Tentativa de brute-force bloqueada pelo utilizador 'api_gateway'.
2026-07-01 19:00:20 [ERROR] MÓDULO BASE_DADOS: Timeout na ligação pelo utilizador 'admin'.
2026-07-01 19:01:43 [CRITICAL] MÓDULO CAMARAS: Gravação iniciada por movimento na Câmara_01.
2026-07-01 19:03:07 [INFO] MÓDULO BASE_DADOS: Query executada com sucesso pelo utilizador 'ana_silva'.
2026-07-01 19:03:59 [WARNING] MÓDULO SENSORES: Movimento detetado no Corredor B.
2026-07-01 19:05:18 [INFO] MÓDULO SENSORES: Temperatura da Sala de Servidores acima do normal.
2026-07-01 19:05:55 [CRITICAL] MÓDULO SENSORES: Temperatura da Sala de Servidores acima do normal.
2026-07-01 19:07:08 [CRITICAL] MÓDULO CAMARAS: Falha de armazenamento no DVR_02.
2026-07-01 19:07:38 [ERROR] MÓDULO CAMARAS: Gravação iniciada por movimento na Câmara_01.
2026-07-01 19:08:30 [ERROR] MÓDULO BASE_DADOS: Query executada com sucesso pelo utilizador 'ana_silva'.
2026-07-01 19:09:50 [INFO] MÓDULO BASE_DADOS: Erro de integridade referencial pelo utilizador 'ana_silva'.
2026-07-01 19:11:13 [ERROR] MÓDULO CAMARAS: Gravação iniciada por movimento na Câmara_01.
2026-07-01 19:11:54 [WARNING] MÓDULO BASE_DADOS: Erro de integridade referencial pelo utilizador 'api_gateway'.
2026-07-01 19:12:29 [WARNING] MÓDULO AUTENTICACAO: Login efetuado com sucesso pelo utilizador 'convidado_01'.
2026-07-01 19:13:17 [ERROR] MÓDULO AUTENTICACAO: Falha na palavra-passe pelo utilizador 'admin'.
2026-07-01 19:14:35 [CRITICAL] MÓDULO AUTENTICACAO: Falha na palavra-passe pelo utilizador 'gestor_seguranca'.
2026-07-01 19:15:27 [INFO] MÓDULO SENSORES: Movimento detetado no Corredor B.
2026-07-01 19:16:40 [WARNING] MÓDULO AUTENTICACAO: Tentativa de brute-force bloqueada pelo utilizador 'nuno_gomes'.
2026-07-01 19:18:06 [INFO] MÓDULO AUTENTICACAO: Login efetuado com sucesso pelo utilizador 'convidado_01'.
2026-07-01 19:19:14 [WARNING] MÓDULO SENSORES: Sensor de fumos ativo.
2026-07-01 19:19:51 [INFO] MÓDULO AUTENTICACAO: Sessão expirada pelo utilizador 'convidado_01'.
2026-07-01 19:21:06 [INFO] MÓDULO AUTENTICACAO: Tentativa de brute-force bloqueada pelo utilizador 'admin'.
2026-07-01 19:22:34 [CRITICAL] MÓDULO CAMARAS: Gravação iniciada por movimento na Câmara_01.
2026-07-01 19:23:22 [INFO] MÓDULO CAMARAS: Falha de armazenamento no DVR_02.
2026-07-01 19:24:51 [CRITICAL] MÓDULO SENSORES: Temperatura da Sala de Servidores acima do normal.
2026-07-01 19:25:48 [INFO] MÓDULO SENSORES: Temperatura da Sala de Servidores acima do normal.
2026-07-01 19:26:19 [WARNING] MÓDULO CAMARAS: Perda de sinal de vídeo na Câmara_04.
2026-07-01 19:26:56 [INFO] MÓDULO BASE_DADOS: Timeout na ligação pelo utilizador 'ana_silva'.
2026-07-01 19:27:47 [INFO] MÓDULO AUTENTICACAO: Login efetuado com sucesso pelo utilizador 'mauri'.
2026-07-01 19:28:55 [WARNING] MÓDULO CAMARAS: Gravação iniciada por movimento na Câmara_01.
2026-07-01 19:29:40 [INFO] MÓDULO BASE_DADOS: Query executada com sucesso pelo utilizador 'api_gateway'.
2026-07-01 19:30:22 [CRITICAL] MÓDULO CAMARAS: Falha de armazenamento no DVR_02.
2026-07-01 19:31:40 [WARNING] MÓDULO BASE_DADOS: Query executada com sucesso pelo utilizador 'gestor_seguranca'.
2026-07-01 19:32:24 [WARNING] MÓDULO SENSORES: Porta Principal aberta.
2026-07-01 19:32:55 [CRITICAL] MÓDULO AUTENTICACAO: Login efetuado com sucesso pelo utilizador 'ana_silva'.
2026-07-01 19:33:43 [WARNING] MÓDULO BASE_DADOS: Cópia de segurança (Backup) concluída pelo utilizador 'nuno_gomes'.
2026-07-01 19:34:18 [INFO] MÓDULO SENSORES: Sensor de fumos ativo.
2026-07-01 19:35:38 [WARNING] MÓDULO CAMARAS: Perda de sinal de vídeo na Câmara_04.
2026-07-01 19:36:58 [INFO] MÓDULO BASE_DADOS: Erro de integridade referencial pelo utilizador 'ana_silva'.
2026-07-01 19:38:16 [CRITICAL] MÓDULO BASE_DADOS: Query executada com sucesso pelo utilizador 'admin'.
2026-07-01 19:38:58 [WARNING] MÓDULO CAMARAS: Falha de armazenamento no DVR_02.
2026-07-01 19:39:48 [ERROR] MÓDULO AUTENTICACAO: Falha na palavra-passe pelo utilizador 'gestor_seguranca'.
2026-07-01 19:40:30 [INFO] MÓDULO AUTENTICACAO: Sessão expirada pelo utilizador 'convidado_01'.
2026-07-01 19:41:57 [WARNING] MÓDULO BASE_DADOS: Timeout na ligação pelo utilizador 'convidado_01'.
2026-07-01 19:43:02 [INFO] MÓDULO SENSORES: Movimento detetado no Corredor B.
2026-07-01 19:44:02 [INFO] MÓDULO BASE_DADOS: Cópia de segurança (Backup) concluída pelo utilizador 'nuno_gomes'.
2026-07-01 19:44:58 [WARNING] MÓDULO BASE_DADOS: Cópia de segurança (Backup) concluída pelo utilizador 'api_gateway'.
2026-07-01 19:45:58 [CRITICAL] MÓDULO BASE_DADOS: Cópia de segurança (Backup) concluída pelo utilizador 'nuno_gomes'.
2026-07-01 19:47:14 [INFO] MÓDULO BASE_DADOS: Erro de integridade referencial pelo utilizador 'api_gateway'.
2026-07-01 19:48:12 [CRITICAL] MÓDULO CAMARAS: Perda de sinal de vídeo na Câmara_04.
2026-07-01 19:48:45 [WARNING] MÓDULO CAMARAS: Gravação iniciada por movimento na Câmara_01.
2026-07-01 19:49:45 [INFO] MÓDULO BASE_DADOS: Query executada com sucesso pelo utilizador 'nuno_gomes'.
2026-07-01 19:50:23 [INFO] MÓDULO AUTENTICACAO: Falha na palavra-passe pelo utilizador 'nuno_gomes'.
2026-07-01 19:51:17 [INFO] MÓDULO BASE_DADOS: Erro de integridade referencial pelo utilizador 'ana_silva'.
2026-07-01 19:52:39 [INFO] MÓDULO SENSORES: Movimento detetado no Corredor B.
2026-07-01 19:53:41 [CRITICAL] MÓDULO CAMARAS: Perda de sinal de vídeo na Câmara_04.
2026-07-01 19:55:09 [CRITICAL] MÓDULO BASE_DADOS: Cópia de segurança (Backup) concluída pelo utilizador 'convidado_01'.
2026-07-01 19:56:14 [ERROR] MÓDULO BASE_DADOS: Timeout na ligação pelo utilizador 'admin'.
2026-07-01 19:57:44 [WARNING] MÓDULO AUTENTICACAO: Tentativa de brute-force bloqueada pelo utilizador 'gestor_seguranca'.
2026-07-01 19:58:43 [CRITICAL] MÓDULO CAMARAS: Falha de armazenamento no DVR_02.
2026-07-01 20:00:11 [ERROR] MÓDULO SENSORES: Sensor de fumos ativo.
2026-07-01 20:01:09 [INFO] MÓDULO BASE_DADOS: Query executada com sucesso pelo utilizador 'gestor_seguranca'.
2026-07-01 20:02:39 [WARNING] MÓDULO BASE_DADOS: Timeout na ligação pelo utilizador 'convidado_01'.
2026-07-01 20:04:02 [INFO] MÓDULO BASE_DADOS: Erro de integridade referencial pelo utilizador 'gestor_seguranca'.
2026-07-01 20:04:40 [INFO] MÓDULO SENSORES: Sensor de fumos ativo.
2026-07-01 20:05:37 [ERROR] MÓDULO CAMARAS: Falha de armazenamento no DVR_02.
2026-07-01 20:06:15 [INFO] MÓDULO SENSORES: Movimento detetado no Corredor B.
2026-07-01 20:07:10 [ERROR] MÓDULO SENSORES: Temperatura da Sala de Servidores acima do normal.
2026-07-01 20:08:09 [WARNING] MÓDULO BASE_DADOS: Erro de integridade referencial pelo utilizador 'gestor_seguranca'.
2026-07-01 20:09:22 [ERROR] MÓDULO CAMARAS: Falha de armazenamento no DVR_02.
2026-07-01 20:10:51 [INFO] MÓDULO SENSORES: Temperatura da Sala de Servidores acima do normal.
2026-07-01 20:12:06 [WARNING] MÓDULO BASE_DADOS: Erro de integridade referencial pelo utilizador 'mauri'.
2026-07-01 20:13:21 [INFO] MÓDULO AUTENTICACAO: Falha na palavra-passe pelo utilizador 'convidado_01'.
2026-07-01 20:14:09 [INFO] MÓDULO SENSORES: Porta Principal aberta.
2026-07-01 20:15:08 [INFO] MÓDULO AUTENTICACAO: Sessão expirada pelo utilizador 'ana_silva'.
2026-07-01 20:16:21 [INFO] MÓDULO BASE_DADOS: Query executada com sucesso pelo utilizador 'admin'.
2026-07-01 20:16:55 [INFO] MÓDULO BASE_DADOS: Query executada com sucesso pelo utilizador 'ana_silva'.
2026-07-01 20:17:31 [INFO] MÓDULO CAMARAS: Perda de sinal de vídeo na Câmara_04.
2026-07-01 20:18:10 [INFO] MÓDULO SENSORES: Temperatura da Sala de Servidores acima do normal.
2026-07-01 20:19:39 [ERROR] MÓDULO SENSORES: Porta Principal aberta.
2026-07-01 20:20:37 [INFO] MÓDULO AUTENTICACAO: Tentativa de brute-force bloqueada pelo utilizador 'convidado_01'.
2026-07-01 20:21:31 [INFO] MÓDULO AUTENTICACAO: Login efetuado com sucesso pelo utilizador 'ana_silva'.
2026-07-01 20:22:49 [ERROR] MÓDULO SENSORES: Porta Principal aberta.
2026-07-01 20:23:35 [INFO] MÓDULO AUTENTICACAO: Login efetuado com sucesso pelo utilizador 'api_gateway'.
2026-07-01 20:24:48 [WARNING] MÓDULO BASE_DADOS: Timeout na ligação pelo utilizador 'api_gateway'.
2026-07-01 20:25:31 [WARNING] MÓDULO AUTENTICACAO: Falha na palavra-passe pelo utilizador 'api_gateway'.
2026-07-01 20:26:54 [INFO] MÓDULO AUTENTICACAO: Login efetuado com sucesso pelo utilizador 'convidado_01'.
2026-07-01 20:27:47 [WARNING] MÓDULO SENSORES: Temperatura da Sala de Servidores acima do normal.
2026-07-01 20:28:34 [INFO] MÓDULO CAMARAS: Falha de armazenamento no DVR_02.
2026-07-01 20:29:29 [ERROR] MÓDULO SENSORES: Sensor de fumos ativo.
2026-07-01 20:30:35 [ERROR] MÓDULO CAMARAS: Falha de armazenamento no DVR_02.
2026-07-01 20:31:45 [INFO] MÓDULO SENSORES: Sensor de fumos ativo.
2026-07-01 20:32:29 [WARNING] MÓDULO BASE_DADOS: Erro de integridade referencial pelo utilizador 'mauri'.
2026-07-01 20:33:17 [WARNING] MÓDULO AUTENTICACAO: Login efetuado com sucesso pelo utilizador 'api_gateway'.
2026-07-01 20:34:39 [ERROR] MÓDULO BASE_DADOS: Cópia de segurança (Backup) concluída pelo utilizador 'convidado_01'.
2026-07-01 20:35:15 [INFO] MÓDULO SENSORES: Temperatura da Sala de Servidores acima do normal.
2026-07-01 20:36:34 [INFO] MÓDULO CAMARAS: Gravação iniciada por movimento na Câmara_01.
2026-07-01 20:37:30 [INFO] MÓDULO BASE_DADOS: Query executada com sucesso pelo utilizador 'convidado_01'.
2026-07-01 20:38:25 [ERROR] MÓDULO SENSORES: Movimento detetado no Corredor B.
2026-07-01 20:39:52 [INFO] MÓDULO SENSORES: Sensor de fumos ativo.
2026-07-01 20:41:12 [WARNING] MÓDULO CAMARAS: Falha de armazenamento no DVR_02.
2026-07-01 20:42:25 [CRITICAL] MÓDULO SENSORES: Movimento detetado no Corredor B.
2026-07-01 20:43:02 [INFO] MÓDULO AUTENTICACAO: Login efetuado com sucesso pelo utilizador 'mauri'.
2026-07-01 20:44:13 [INFO] MÓDULO CAMARAS: Perda de sinal de vídeo na Câmara_04.
2026-07-01 20:44:47 [ERROR] MÓDULO BASE_DADOS: Erro de integridade referencial pelo utilizador 'gestor_seguranca'.
2026-07-01 20:45:31 [INFO] MÓDULO CAMARAS: Perda de sinal de vídeo na Câmara_04.
2026-07-01 20:46:15 [WARNING] MÓDULO SENSORES: Temperatura da Sala de Servidores acima do normal.
2026-07-01 20:47:45 [ERROR] MÓDULO SENSORES: Movimento detetado no Corredor B.
2026-07-01 20:49:00 [INFO] MÓDULO AUTENTICACAO: Sessão expirada pelo utilizador 'nuno_gomes'.
2026-07-01 20:50:22 [WARNING] MÓDULO BASE_DADOS: Erro de integridade referencial pelo utilizador 'ana_silva'.
2026-07-01 20:51:30 [INFO] MÓDULO SENSORES: Porta Principal aberta.
2026-07-01 20:52:14 [INFO] MÓDULO SENSORES: Movimento detetado no Corredor B.
2026-07-01 20:53:34 [INFO] MÓDULO SENSORES: Movimento detetado no Corredor B.
2026-07-01 20:54:36 [CRITICAL] MÓDULO AUTENTICACAO: Login efetuado com sucesso pelo utilizador 'admin'.
2026-07-01 20:55:51 [WARNING] MÓDULO BASE_DADOS: Query executada com sucesso pelo utilizador 'ana_silva'.
2026-07-01 20:56:27 [ERROR] MÓDULO AUTENTICACAO: Sessão expirada pelo utilizador 'gestor_seguranca'.
2026-07-01 20:57:16 [ERROR] MÓDULO AUTENTICACAO: Login efetuado com sucesso pelo utilizador 'nuno_gomes'.
2026-07-01 20:57:46 [INFO] MÓDULO AUTENTICACAO: Falha na palavra-passe pelo utilizador 'nuno_gomes'.
2026-07-01 20:58:28 [WARNING] MÓDULO CAMARAS: Perda de sinal de vídeo na Câmara_04.
2026-07-01 20:59:16 [ERROR] MÓDULO BASE_DADOS: Timeout na ligação pelo utilizador 'convidado_01'.
2026-07-01 20:59:58 [ERROR] MÓDULO AUTENTICACAO: Tentativa de brute-force bloqueada pelo utilizador 'api_gateway'.
2026-07-01 21:00:28 [INFO] MÓDULO AUTENTICACAO: Falha na palavra-passe pelo utilizador 'ana_silva'.
2026-07-01 21:01:26 [ERROR] MÓDULO BASE_DADOS: Erro de integridade referencial pelo utilizador 'api_gateway'.
2026-07-01 21:02:31 [INFO] MÓDULO BASE_DADOS: Query executada com sucesso pelo utilizador 'convidado_01'.
2026-07-01 21:03:02 [INFO] MÓDULO AUTENTICACAO: Login efetuado com sucesso pelo utilizador 'admin'.
2026-07-01 21:03:48 [WARNING] MÓDULO AUTENTICACAO: Falha na palavra-passe pelo utilizador 'mauri'.
2026-07-01 21:05:02 [INFO] MÓDULO SENSORES: Temperatura da Sala de Servidores acima do normal.
2026-07-01 21:05:51 [ERROR] MÓDULO SENSORES: Temperatura da Sala de Servidores acima do normal.
2026-07-01 21:06:49 [INFO] MÓDULO AUTENTICACAO: Tentativa de brute-force bloqueada pelo utilizador 'mauri'.
2026-07-01 21:08:04 [CRITICAL] MÓDULO AUTENTICACAO: Sessão expirada pelo utilizador 'ana_silva'.
2026-07-01 21:08:41 [ERROR] MÓDULO BASE_DADOS: Timeout na ligação pelo utilizador 'api_gateway'.
2026-07-01 21:09:41 [WARNING] MÓDULO AUTENTICACAO: Login efetuado com sucesso pelo utilizador 'gestor_seguranca'.
2026-07-01 21:10:17 [INFO] MÓDULO BASE_DADOS: Cópia de segurança (Backup) concluída pelo utilizador 'api_gateway'.
2026-07-01 21:11:36 [ERROR] MÓDULO CAMARAS: Falha de armazenamento no DVR_02.
2026-07-01 21:12:39 [INFO] MÓDULO CAMARAS: Perda de sinal de vídeo na Câmara_04.
2026-07-01 21:13:43 [ERROR] MÓDULO CAMARAS: Falha de armazenamento no DVR_02.
2026-07-01 21:15:01 [CRITICAL] MÓDULO CAMARAS: Gravação iniciada por movimento na Câmara_01.
2026-07-01 21:16:20 [ERROR] MÓDULO BASE_DADOS: Timeout na ligação pelo utilizador 'mauri'.
2026-07-01 21:17:37 [CRITICAL] MÓDULO BASE_DADOS: Erro de integridade referencial pelo utilizador 'mauri'.
2026-07-01 21:18:34 [INFO] MÓDULO BASE_DADOS: Query executada com sucesso pelo utilizador 'gestor_seguranca'.
2026-07-01 21:19:57 [WARNING] MÓDULO BASE_DADOS: Query executada com sucesso pelo utilizador 'nuno_gomes'.
2026-07-01 21:21:09 [INFO] MÓDULO BASE_DADOS: Erro de integridade referencial pelo utilizador 'mauri'.
2026-07-01 21:22:04 [INFO] MÓDULO BASE_DADOS: Erro de integridade referencial pelo utilizador 'admin'.
2026-07-01 21:22:34 [CRITICAL] MÓDULO SENSORES: Sensor de fumos ativo.
2026-07-01 21:23:24 [WARNING] MÓDULO CAMARAS: Gravação iniciada por movimento na Câmara_01.
2026-07-01 21:24:04 [INFO] MÓDULO CAMARAS: Falha de armazenamento no DVR_02.
2026-07-01 21:24:51 [CRITICAL] MÓDULO AUTENTICACAO: Falha na palavra-passe pelo utilizador 'admin'.
2026-07-01 21:25:50 [WARNING] MÓDULO BASE_DADOS: Timeout na ligação pelo utilizador 'convidado_01'.
2026-07-01 21:26:46 [INFO] MÓDULO AUTENTICACAO: Tentativa de brute-force bloqueada pelo utilizador 'api_gateway'.
2026-07-01 21:28:04 [INFO] MÓDULO AUTENTICACAO: Sessão expirada pelo utilizador 'ana_silva'.
2026-07-01 21:29:28 [WARNING] MÓDULO AUTENTICACAO: Tentativa de brute-force bloqueada pelo utilizador 'api_gateway'.
2026-07-01 21:30:09 [INFO] MÓDULO SENSORES: Temperatura da Sala de Servidores acima do normal.
2026-07-01 21:31:21 [ERROR] MÓDULO CAMARAS: Falha de armazenamento no DVR_02.
2026-07-01 21:32:09 [INFO] MÓDULO CAMARAS: Gravação iniciada por movimento na Câmara_01.
2026-07-01 21:33:18 [CRITICAL] MÓDULO SENSORES: Sensor de fumos ativo.
2026-07-01 21:34:48 [INFO] MÓDULO AUTENTICACAO: Falha na palavra-passe pelo utilizador 'api_gateway'.
2026-07-01 21:35:26 [INFO] MÓDULO CAMARAS: Perda de sinal de vídeo na Câmara_04.
2026-07-01 21:36:40 [INFO] MÓDULO BASE_DADOS: Cópia de segurança (Backup) concluída pelo utilizador 'api_gateway'.
2026-07-01 21:37:45 [CRITICAL] MÓDULO SENSORES: Movimento detetado no Corredor B.
2026-07-01 21:38:41 [WARNING] MÓDULO AUTENTICACAO: Tentativa de brute-force bloqueada pelo utilizador 'ana_silva'.
2026-07-01 21:40:11 [CRITICAL] MÓDULO BASE_DADOS: Timeout na ligação pelo utilizador 'api_gateway'.
2026-07-01 21:40:54 [INFO] MÓDULO BASE_DADOS: Query executada com sucesso pelo utilizador 'ana_silva'.
2026-07-01 21:42:21 [INFO] MÓDULO SENSORES: Sensor de fumos ativo.
2026-07-01 21:42:59 [INFO] MÓDULO CAMARAS: Falha de armazenamento no DVR_02.
2026-07-01 21:43:35 [INFO] MÓDULO BASE_DADOS: Timeout na ligação pelo utilizador 'gestor_seguranca'.
2026-07-01 21:44:59 [CRITICAL] MÓDULO SENSORES: Movimento detetado no Corredor B.
2026-07-01 21:46:10 [INFO] MÓDULO AUTENTICACAO: Falha na palavra-passe pelo utilizador 'nuno_gomes'.
2026-07-01 21:47:31 [CRITICAL] MÓDULO SENSORES: Movimento detetado no Corredor B.
2026-07-01 21:48:15 [WARNING] MÓDULO SENSORES: Movimento detetado no Corredor B.
2026-07-01 21:48:59 [ERROR] MÓDULO SENSORES: Porta Principal aberta.
2026-07-01 21:49:46 [INFO] MÓDULO CAMARAS: Falha de armazenamento no DVR_02.
2026-07-01 21:51:09 [INFO] MÓDULO CAMARAS: Gravação iniciada por movimento na Câmara_01.
2026-07-01 21:52:19 [INFO] MÓDULO CAMARAS: Gravação iniciada por movimento na Câmara_01.
2026-07-01 21:53:16 [INFO] MÓDULO SENSORES: Temperatura da Sala de Servidores acima do normal.
2026-07-01 21:53:48 [INFO] MÓDULO SENSORES: Movimento detetado no Corredor B.
2026-07-01 21:55:08 [INFO] MÓDULO SENSORES: Porta Principal aberta.
2026-07-01 21:56:10 [INFO] MÓDULO AUTENTICACAO: Login efetuado com sucesso pelo utilizador 'convidado_01'.
2026-07-01 21:56:53 [CRITICAL] MÓDULO CAMARAS: Perda de sinal de vídeo na Câmara_04.
2026-07-01 21:57:46 [INFO] MÓDULO CAMARAS: Perda de sinal de vídeo na Câmara_04.
2026-07-01 21:58:37 [INFO] MÓDULO SENSORES: Movimento detetado no Corredor B.
2026-07-01 21:59:34 [ERROR] MÓDULO AUTENTICACAO: Falha na palavra-passe pelo utilizador 'nuno_gomes'.
2026-07-01 22:00:10 [WARNING] MÓDULO BASE_DADOS: Cópia de segurança (Backup) concluída pelo utilizador 'convidado_01'.
2026-07-01 22:01:12 [ERROR] MÓDULO BASE_DADOS: Timeout na ligação pelo utilizador 'nuno_gomes'.
2026-07-01 22:02:03 [CRITICAL] MÓDULO CAMARAS: Gravação iniciada por movimento na Câmara_01.
2026-07-01 22:02:42 [ERROR] MÓDULO CAMARAS: Gravação iniciada por movimento na Câmara_01.
2026-07-01 22:03:19 [CRITICAL] MÓDULO SENSORES: Sensor de fumos ativo.
2026-07-01 22:04:33 [CRITICAL] MÓDULO BASE_DADOS: Erro de integridade referencial pelo utilizador 'admin'.
2026-07-01 22:05:10 [ERROR] MÓDULO SENSORES: Sensor de fumos ativo.
2026-07-01 22:06:38 [ERROR] MÓDULO AUTENTICACAO: Tentativa de brute-force bloqueada pelo utilizador 'convidado_01'.
2026-07-01 22:07:21 [INFO] MÓDULO AUTENTICACAO: Sessão expirada pelo utilizador 'convidado_01'.
2026-07-01 22:08:47 [CRITICAL] MÓDULO SENSORES: Porta Principal aberta.
2026-07-01 22:09:53 [CRITICAL] MÓDULO AUTENTICACAO: Falha na palavra-passe pelo utilizador 'nuno_gomes'.
2026-07-01 22:11:04 [CRITICAL] MÓDULO AUTENTICACAO: Tentativa de brute-force bloqueada pelo utilizador 'mauri'.
2026-07-01 22:12:32 [INFO] MÓDULO AUTENTICACAO: Sessão expirada pelo utilizador 'admin'.
2026-07-01 22:13:43 [INFO] MÓDULO SENSORES: Movimento detetado no Corredor B.
2026-07-01 22:14:47 [INFO] MÓDULO AUTENTICACAO: Login efetuado com sucesso pelo utilizador 'ana_silva'.
2026-07-01 22:15:35 [INFO] MÓDULO BASE_DADOS: Timeout na ligação pelo utilizador 'convidado_01'.
2026-07-01 22:16:41 [WARNING] MÓDULO AUTENTICACAO: Falha na palavra-passe pelo utilizador 'ana_silva'.
2026-07-01 22:17:44 [INFO] MÓDULO BASE_DADOS: Erro de integridade referencial pelo utilizador 'api_gateway'.
2026-07-01 22:18:38 [CRITICAL] MÓDULO SENSORES: Porta Principal aberta.
2026-07-01 22:20:07 [ERROR] MÓDULO SENSORES: Movimento detetado no Corredor B.
2026-07-01 22:21:24 [INFO] MÓDULO BASE_DADOS: Erro de integridade referencial pelo utilizador 'admin'.
2026-07-01 22:21:56 [INFO] MÓDULO BASE_DADOS: Query executada com sucesso pelo utilizador 'mauri'.
2026-07-01 22:22:26 [ERROR] MÓDULO SENSORES: Sensor de fumos ativo.
2026-07-01 22:23:31 [WARNING] MÓDULO AUTENTICACAO: Sessão expirada pelo utilizador 'mauri'.
2026-07-01 22:24:39 [ERROR] MÓDULO CAMARAS: Perda de sinal de vídeo na Câmara_04.
2026-07-01 22:25:12 [ERROR] MÓDULO CAMARAS: Gravação iniciada por movimento na Câmara_01.
2026-07-01 22:26:21 [INFO] MÓDULO AUTENTICACAO: Login efetuado com sucesso pelo utilizador 'convidado_01'.
2026-07-01 22:27:32 [ERROR] MÓDULO SENSORES: Movimento detetado no Corredor B.
2026-07-01 22:28:53 [INFO] MÓDULO AUTENTICACAO: Sessão expirada pelo utilizador 'admin'.
2026-07-01 22:29:57 [INFO] MÓDULO BASE_DADOS: Timeout na ligação pelo utilizador 'mauri'.
2026-07-01 22:31:20 [INFO] MÓDULO BASE_DADOS: Timeout na ligação pelo utilizador 'nuno_gomes'.
2026-07-01 22:32:01 [WARNING] MÓDULO AUTENTICACAO: Login efetuado com sucesso pelo utilizador 'api_gateway'.
2026-07-01 22:33:14 [WARNING] MÓDULO BASE_DADOS: Cópia de segurança (Backup) concluída pelo utilizador 'api_gateway'.
2026-07-01 22:34:08 [ERROR] MÓDULO CAMARAS: Perda de sinal de vídeo na Câmara_04.
2026-07-01 22:35:13 [CRITICAL] MÓDULO BASE_DADOS: Cópia de segurança (Backup) concluída pelo utilizador 'admin'.
2026-07-01 22:36:23 [WARNING] MÓDULO CAMARAS: Falha de armazenamento no DVR_02.
2026-07-01 22:37:02 [INFO] MÓDULO AUTENTICACAO: Tentativa de brute-force bloqueada pelo utilizador 'mauri'.
2026-07-01 22:37:50 [CRITICAL] MÓDULO SENSORES: Porta Principal aberta.
2026-07-01 22:38:23 [INFO] MÓDULO BASE_DADOS: Query executada com sucesso pelo utilizador 'convidado_01'.
2026-07-01 22:39:52 [CRITICAL] MÓDULO AUTENTICACAO: Sessão expirada pelo utilizador 'convidado_01'.
2026-07-01 22:40:31 [WARNING] MÓDULO CAMARAS: Perda de sinal de vídeo na Câmara_04.
2026-07-01 22:41:12 [WARNING] MÓDULO SENSORES: Temperatura da Sala de Servidores acima do normal.
2026-07-01 22:42:05 [ERROR] MÓDULO AUTENTICACAO: Tentativa de brute-force bloqueada pelo utilizador 'api_gateway'.
2026-07-01 22:42:58 [CRITICAL] MÓDULO AUTENTICACAO: Tentativa de brute-force bloqueada pelo utilizador 'mauri'.
2026-07-01 22:44:14 [INFO] MÓDULO AUTENTICACAO: Sessão expirada pelo utilizador 'ana_silva'.
2026-07-01 22:45:44 [CRITICAL] MÓDULO SENSORES: Porta Principal aberta.
2026-07-01 22:46:19 [INFO] MÓDULO CAMARAS: Falha de armazenamento no DVR_02.
2026-07-01 22:47:37 [CRITICAL] MÓDULO AUTENTICACAO: Sessão expirada pelo utilizador 'convidado_01'.
2026-07-01 22:48:07 [INFO] MÓDULO SENSORES: Movimento detetado no Corredor B.
2026-07-01 22:49:08 [CRITICAL] MÓDULO BASE_DADOS: Erro de integridade referencial pelo utilizador 'convidado_01'.
2026-07-01 22:50:33 [ERROR] MÓDULO BASE_DADOS: Query executada com sucesso pelo utilizador 'gestor_seguranca'.
2026-07-01 22:51:54 [CRITICAL] MÓDULO BASE_DADOS: Cópia de segurança (Backup) concluída pelo utilizador 'mauri'.
2026-07-01 22:52:42 [INFO] MÓDULO BASE_DADOS: Query executada com sucesso pelo utilizador 'gestor_seguranca'.
2026-07-01 22:54:05 [ERROR] MÓDULO BASE_DADOS: Cópia de segurança (Backup) concluída pelo utilizador 'api_gateway'.
2026-07-01 22:54:40 [INFO] MÓDULO BASE_DADOS: Erro de integridade referencial pelo utilizador 'api_gateway'.
2026-07-01 22:55:36 [ERROR] MÓDULO AUTENTICACAO: Sessão expirada pelo utilizador 'ana_silva'.
2026-07-01 22:56:25 [INFO] MÓDULO SENSORES: Temperatura da Sala de Servidores acima do normal.
2026-07-01 22:57:11 [INFO] MÓDULO SENSORES: Movimento detetado no Corredor B.
2026-07-01 22:57:54 [INFO] MÓDULO SENSORES: Movimento detetado no Corredor B.
2026-07-01 22:59:11 [ERROR] MÓDULO AUTENTICACAO: Login efetuado com sucesso pelo utilizador 'convidado_01'.
2026-07-01 22:59:43 [ERROR] MÓDULO CAMARAS: Gravação iniciada por movimento na Câmara_01.
2026-07-01 23:00:51 [WARNING] MÓDULO AUTENTICACAO: Sessão expirada pelo utilizador 'convidado_01'.
2026-07-01 23:01:24 [WARNING] MÓDULO BASE_DADOS: Query executada com sucesso pelo utilizador 'gestor_seguranca'.
2026-07-01 23:02:28 [CRITICAL] MÓDULO BASE_DADOS: Query executada com sucesso pelo utilizador 'ana_silva'.
2026-07-01 23:03:55 [ERROR] MÓDULO AUTENTICACAO: Sessão expirada pelo utilizador 'mauri'.
2026-07-01 23:04:54 [INFO] MÓDULO SENSORES: Temperatura da Sala de Servidores acima do normal.
2026-07-01 23:05:33 [ERROR] MÓDULO CAMARAS: Falha de armazenamento no DVR_02.
2026-07-01 23:06:26 [CRITICAL] MÓDULO SENSORES: Sensor de fumos ativo.
2026-07-01 23:07:52 [ERROR] MÓDULO CAMARAS: Gravação iniciada por movimento na Câmara_01.
2026-07-01 23:08:59 [WARNING] MÓDULO CAMARAS: Gravação iniciada por movimento na Câmara_01.
2026-07-01 23:09:33 [WARNING] MÓDULO AUTENTICACAO: Tentativa de brute-force bloqueada pelo utilizador 'ana_silva'.
2026-07-01 23:10:16 [ERROR] MÓDULO CAMARAS: Gravação iniciada por movimento na Câmara_01.
2026-07-01 23:11:42 [ERROR] MÓDULO SENSORES: Porta Principal aberta.
2026-07-01 23:12:39 [INFO] MÓDULO CAMARAS: Falha de armazenamento no DVR_02.
2026-07-01 23:13:36 [INFO] MÓDULO SENSORES: Movimento detetado no Corredor B.
2026-07-01 23:14:49 [CRITICAL] MÓDULO SENSORES: Temperatura da Sala de Servidores acima do normal.
2026-07-01 23:15:26 [INFO] MÓDULO AUTENTICACAO: Login efetuado com sucesso pelo utilizador 'gestor_seguranca'.
2026-07-01 23:16:55 [INFO] MÓDULO AUTENTICACAO: Falha na palavra-passe pelo utilizador 'nuno_gomes'.
2026-07-01 23:17:56 [INFO] MÓDULO CAMARAS: Falha de armazenamento no DVR_02.
2026-07-01 23:18:29 [INFO] MÓDULO AUTENTICACAO: Login efetuado com sucesso pelo utilizador 'admin'.
2026-07-01 23:19:32 [WARNING] MÓDULO AUTENTICACAO: Falha na palavra-passe pelo utilizador 'admin'.
2026-07-01 23:20:03 [INFO] MÓDULO BASE_DADOS: Cópia de segurança (Backup) concluída pelo utilizador 'nuno_gomes'.
2026-07-01 23:21:00 [INFO] MÓDULO SENSORES: Porta Principal aberta.
2026-07-01 23:22:12 [ERROR] MÓDULO AUTENTICACAO: Falha na palavra-passe pelo utilizador 'ana_silva'.
2026-07-01 23:22:53 [INFO] MÓDULO SENSORES: Sensor de fumos ativo.
2026-07-01 23:24:10 [CRITICAL] MÓDULO SENSORES: Movimento detetado no Corredor B.
2026-07-01 23:25:17 [INFO] MÓDULO CAMARAS: Perda de sinal de vídeo na Câmara_04.
2026-07-01 23:26:38 [CRITICAL] MÓDULO CAMARAS: Falha de armazenamento no DVR_02.
2026-07-01 23:27:11 [ERROR] MÓDULO BASE_DADOS: Cópia de segurança (Backup) concluída pelo utilizador 'nuno_gomes'.
2026-07-01 23:28:15 [WARNING] MÓDULO SENSORES: Temperatura da Sala de Servidores acima do normal.
2026-07-01 23:28:51 [WARNING] MÓDULO SENSORES: Temperatura da Sala de Servidores acima do normal.
2026-07-01 23:30:11 [CRITICAL] MÓDULO BASE_DADOS: Query executada com sucesso pelo utilizador 'gestor_seguranca'.
2026-07-01 23:31:07 [INFO] MÓDULO CAMARAS: Perda de sinal de vídeo na Câmara_04.
2026-07-01 23:32:12 [ERROR] MÓDULO BASE_DADOS: Erro de integridade referencial pelo utilizador 'convidado_01'.
2026-07-01 23:33:29 [INFO] MÓDULO BASE_DADOS: Erro de integridade referencial pelo utilizador 'api_gateway'.
2026-07-01 23:34:57 [INFO] MÓDULO AUTENTICACAO: Sessão expirada pelo utilizador 'admin'.
2026-07-01 23:36:01 [ERROR] MÓDULO BASE_DADOS: Timeout na ligação pelo utilizador 'api_gateway'.
2026-07-01 23:36:44 [WARNING] MÓDULO SENSORES: Sensor de fumos ativo.
2026-07-01 23:37:39 [CRITICAL] MÓDULO AUTENTICACAO: Login efetuado com sucesso pelo utilizador 'admin'.
2026-07-01 23:38:53 [WARNING] MÓDULO CAMARAS: Perda de sinal de vídeo na Câmara_04.
2026-07-01 23:39:59 [WARNING] MÓDULO CAMARAS: Gravação iniciada por movimento na Câmara_01.
2026-07-01 23:41:03 [CRITICAL] MÓDULO CAMARAS: Gravação iniciada por movimento na Câmara_01.
2026-07-01 23:42:17 [WARNING] MÓDULO CAMARAS: Falha de armazenamento no DVR_02.
2026-07-01 23:43:00 [WARNING] MÓDULO SENSORES: Movimento detetado no Corredor B.
2026-07-01 23:44:11 [INFO] MÓDULO SENSORES: Movimento detetado no Corredor B.
2026-07-01 23:44:49 [INFO] MÓDULO AUTENTICACAO: Falha na palavra-passe pelo utilizador 'convidado_01'.
2026-07-01 23:46:08 [INFO] MÓDULO CAMARAS: Gravação iniciada por movimento na Câmara_01.
2026-07-01 23:47:11 [INFO] MÓDULO CAMARAS: Perda de sinal de vídeo na Câmara_04.
2026-07-01 23:47:43 [CRITICAL] MÓDULO SENSORES: Temperatura da Sala de Servidores acima do normal.
2026-07-01 23:48:19 [INFO] MÓDULO CAMARAS: Perda de sinal de vídeo na Câmara_04.
2026-07-01 23:49:23 [CRITICAL] MÓDULO AUTENTICACAO: Sessão expirada pelo utilizador 'gestor_seguranca'.
2026-07-01 23:50:31 [WARNING] MÓDULO BASE_DADOS: Query executada com sucesso pelo utilizador 'gestor_seguranca'.
2026-07-01 23:51:20 [WARNING] MÓDULO BASE_DADOS: Erro de integridade referencial pelo utilizador 'ana_silva'.
2026-07-01 23:52:14 [INFO] MÓDULO SENSORES: Movimento detetado no Corredor B.
2026-07-01 23:53:42 [WARNING] MÓDULO BASE_DADOS: Erro de integridade referencial pelo utilizador 'convidado_01'.
2026-07-01 23:54:44 [WARNING] MÓDULO AUTENTICACAO: Falha na palavra-passe pelo utilizador 'nuno_gomes'.
2026-07-01 23:56:14 [INFO] MÓDULO AUTENTICACAO: Sessão expirada pelo utilizador 'admin'.
2026-07-01 23:57:26 [WARNING] MÓDULO SENSORES: Sensor de fumos ativo.
2026-07-01 23:58:28 [INFO] MÓDULO SENSORES: Movimento detetado no Corredor B.
2026-07-01 23:59:34 [WARNING] MÓDULO SENSORES: Porta Principal aberta.
2026-07-02 00:00:56 [CRITICAL] MÓDULO AUTENTICACAO: Sessão expirada pelo utilizador 'mauri'.
2026-07-02 00:01:50 [INFO] MÓDULO SENSORES: Sensor de fumos ativo.
2026-07-02 00:03:11 [ERROR] MÓDULO SENSORES: Porta Principal aberta.
2026-07-02 00:03:59 [CRITICAL] MÓDULO SENSORES: Sensor de fumos ativo.
2026-07-02 00:04:30 [CRITICAL] MÓDULO SENSORES: Temperatura da Sala de Servidores acima do normal.
2026-07-02 00:05:17 [WARNING] MÓDULO AUTENTICACAO: Falha na palavra-passe pelo utilizador 'nuno_gomes'.
2026-07-02 00:06:38 [ERROR] MÓDULO SENSORES: Porta Principal aberta.
2026-07-02 00:07:28 [WARNING] MÓDULO SENSORES: Porta Principal aberta.
2026-07-02 00:08:15 [WARNING] MÓDULO SENSORES: Temperatura da Sala de Servidores acima do normal.
2026-07-02 00:09:44 [CRITICAL] MÓDULO AUTENTICACAO: Falha na palavra-passe pelo utilizador 'nuno_gomes'.
2026-07-02 00:10:39 [INFO] MÓDULO SENSORES: Sensor de fumos ativo.
2026-07-02 00:12:07 [ERROR] MÓDULO BASE_DADOS: Timeout na ligação pelo utilizador 'convidado_01'.
2026-07-02 00:13:28 [INFO] MÓDULO SENSORES: Sensor de fumos ativo.
2026-07-02 00:14:20 [WARNING] MÓDULO SENSORES: Porta Principal aberta.
2026-07-02 00:14:58 [ERROR] MÓDULO SENSORES: Sensor de fumos ativo.
2026-07-02 00:16:24 [ERROR] MÓDULO BASE_DADOS: Erro de integridade referencial pelo utilizador 'api_gateway'.
2026-07-02 00:17:23 [WARNING] MÓDULO SENSORES: Porta Principal aberta.
2026-07-02 00:18:33 [INFO] MÓDULO SENSORES: Movimento detetado no Corredor B.
2026-07-02 00:19:34 [INFO] MÓDULO SENSORES: Sensor de fumos ativo.
2026-07-02 00:21:02 [CRITICAL] MÓDULO SENSORES: Sensor de fumos ativo.
2026-07-02 00:21:54 [ERROR] MÓDULO CAMARAS: Falha de armazenamento no DVR_02.
2026-07-02 00:22:29 [ERROR] MÓDULO SENSORES: Movimento detetado no Corredor B.
2026-07-02 00:23:18 [ERROR] MÓDULO BASE_DADOS: Timeout na ligação pelo utilizador 'gestor_seguranca'.
2026-07-02 00:24:45 [INFO] MÓDULO BASE_DADOS: Query executada com sucesso pelo utilizador 'ana_silva'.
2026-07-02 00:25:22 [CRITICAL] MÓDULO SENSORES: Movimento detetado no Corredor B.
2026-07-02 00:26:35 [INFO] MÓDULO SENSORES: Porta Principal aberta.
2026-07-02 00:27:07 [INFO] MÓDULO CAMARAS: Perda de sinal de vídeo na Câmara_04.
2026-07-02 00:28:27 [CRITICAL] MÓDULO AUTENTICACAO: Sessão expirada pelo utilizador 'ana_silva'.
2026-07-02 00:28:58 [INFO] MÓDULO BASE_DADOS: Timeout na ligação pelo utilizador 'mauri'.
2026-07-02 00:29:49 [INFO] MÓDULO BASE_DADOS: Cópia de segurança (Backup) concluída pelo utilizador 'api_gateway'.
2026-07-02 00:30:58 [INFO] MÓDULO AUTENTICACAO: Tentativa de brute-force bloqueada pelo utilizador 'mauri'.
2026-07-02 00:31:54 [WARNING] MÓDULO CAMARAS: Gravação iniciada por movimento na Câmara_01.
2026-07-02 00:32:32 [CRITICAL] MÓDULO SENSORES: Porta Principal aberta.
2026-07-02 00:33:35 [INFO] MÓDULO AUTENTICACAO: Sessão expirada pelo utilizador 'admin'.
2026-07-02 00:34:51 [CRITICAL] MÓDULO CAMARAS: Perda de sinal de vídeo na Câmara_04.
2026-07-02 00:35:28 [ERROR] MÓDULO SENSORES: Porta Principal aberta.
2026-07-02 00:36:04 [WARNING] MÓDULO AUTENTICACAO: Login efetuado com sucesso pelo utilizador 'convidado_01'.
2026-07-02 00:37:34 [INFO] MÓDULO AUTENTICACAO: Tentativa de brute-force bloqueada pelo utilizador 'gestor_seguranca'.
2026-07-02 00:38:09 [CRITICAL] MÓDULO SENSORES: Temperatura da Sala de Servidores acima do normal.
2026-07-02 00:39:31 [CRITICAL] MÓDULO BASE_DADOS: Cópia de segurança (Backup) concluída pelo utilizador 'admin'.
2026-07-02 00:40:48 [INFO] MÓDULO BASE_DADOS: Erro de integridade referencial pelo utilizador 'admin'.
2026-07-02 00:41:53 [CRITICAL] MÓDULO AUTENTICACAO: Login efetuado com sucesso pelo utilizador 'convidado_01'.
2026-07-02 00:42:35 [WARNING] MÓDULO BASE_DADOS: Cópia de segurança (Backup) concluída pelo utilizador 'admin'.
2026-07-02 00:43:14 [INFO] MÓDULO SENSORES: Porta Principal aberta.
2026-07-02 00:44:31 [CRITICAL] MÓDULO SENSORES: Temperatura da Sala de Servidores acima do normal.
2026-07-02 00:45:36 [INFO] MÓDULO CAMARAS: Perda de sinal de vídeo na Câmara_04.
2026-07-02 00:47:06 [WARNING] MÓDULO AUTENTICACAO: Sessão expirada pelo utilizador 'gestor_seguranca'.
2026-07-02 00:47:50 [CRITICAL] MÓDULO BASE_DADOS: Erro de integridade referencial pelo utilizador 'nuno_gomes'.
2026-07-02 00:48:25 [CRITICAL] MÓDULO BASE_DADOS: Timeout na ligação pelo utilizador 'ana_silva'.
2026-07-02 00:49:07 [CRITICAL] MÓDULO SENSORES: Sensor de fumos ativo.
2026-07-02 00:50:08 [INFO] MÓDULO CAMARAS: Falha de armazenamento no DVR_02.
2026-07-02 00:50:41 [INFO] MÓDULO SENSORES: Movimento detetado no Corredor B.
2026-07-02 00:51:23 [INFO] MÓDULO CAMARAS: Perda de sinal de vídeo na Câmara_04.
2026-07-02 00:52:38 [CRITICAL] MÓDULO SENSORES: Movimento detetado no Corredor B.
2026-07-02 00:53:16 [INFO] MÓDULO BASE_DADOS: Query executada com sucesso pelo utilizador 'gestor_seguranca'.
2026-07-02 00:54:24 [WARNING] MÓDULO CAMARAS: Falha de armazenamento no DVR_02.
2026-07-02 00:55:20 [INFO] MÓDULO BASE_DADOS: Erro de integridade referencial pelo utilizador 'api_gateway'.
2026-07-02 00:56:09 [ERROR] MÓDULO SENSORES: Sensor de fumos ativo.
2026-07-02 00:56:53 [CRITICAL] MÓDULO CAMARAS: Perda de sinal de vídeo na Câmara_04.
2026-07-02 00:57:31 [INFO] MÓDULO BASE_DADOS: Query executada com sucesso pelo utilizador 'admin'.
2026-07-02 00:59:01 [INFO] MÓDULO SENSORES: Sensor de fumos ativo.
2026-07-02 01:00:30 [INFO] MÓDULO AUTENTICACAO: Sessão expirada pelo utilizador 'ana_silva'.
2026-07-02 01:01:30 [CRITICAL] MÓDULO CAMARAS: Falha de armazenamento no DVR_02.
2026-07-02 01:02:28 [WARNING] MÓDULO CAMARAS: Gravação iniciada por movimento na Câmara_01.
2026-07-02 01:03:25 [CRITICAL] MÓDULO CAMARAS: Gravação iniciada por movimento na Câmara_01.
2026-07-02 01:04:12 [WARNING] MÓDULO BASE_DADOS: Timeout na ligação pelo utilizador 'mauri'.
2026-07-02 01:05:06 [WARNING] MÓDULO SENSORES: Temperatura da Sala de Servidores acima do normal.
2026-07-02 01:06:23 [INFO] MÓDULO BASE_DADOS: Timeout na ligação pelo utilizador 'nuno_gomes'.
2026-07-02 01:06:56 [WARNING] MÓDULO BASE_DADOS: Timeout na ligação pelo utilizador 'mauri'.
2026-07-02 01:07:42 [WARNING] MÓDULO SENSORES: Sensor de fumos ativo.
2026-07-02 01:08:15 [INFO] MÓDULO BASE_DADOS: Query executada com sucesso pelo utilizador 'api_gateway'.
2026-07-02 01:09:43 [WARNING] MÓDULO CAMARAS: Gravação iniciada por movimento na Câmara_01.
2026-07-02 01:11:13 [CRITICAL] MÓDULO AUTENTICACAO: Falha na palavra-passe pelo utilizador 'admin'.
2026-07-02 01:12:11 [INFO] MÓDULO SENSORES: Movimento detetado no Corredor B.
2026-07-02 01:13:24 [ERROR] MÓDULO SENSORES: Movimento detetado no Corredor B.
2026-07-02 01:14:04 [INFO] MÓDULO BASE_DADOS: Timeout na ligação pelo utilizador 'gestor_seguranca'.
2026-07-02 01:15:27 [ERROR] MÓDULO BASE_DADOS: Cópia de segurança (Backup) concluída pelo utilizador 'ana_silva'.
2026-07-02 01:16:19 [WARNING] MÓDULO BASE_DADOS: Timeout na ligação pelo utilizador 'convidado_01'.
2026-07-02 01:17:36 [ERROR] MÓDULO AUTENTICACAO: Tentativa de brute-force bloqueada pelo utilizador 'convidado_01'.
2026-07-02 01:18:08 [ERROR] MÓDULO CAMARAS: Gravação iniciada por movimento na Câmara_01.
2026-07-02 01:19:05 [CRITICAL] MÓDULO AUTENTICACAO: Falha na palavra-passe pelo utilizador 'nuno_gomes'.
2026-07-02 01:20:10 [CRITICAL] MÓDULO BASE_DADOS: Cópia de segurança (Backup) concluída pelo utilizador 'api_gateway'.
2026-07-02 01:20:54 [INFO] MÓDULO CAMARAS: Perda de sinal de vídeo na Câmara_04.
2026-07-02 01:21:56 [INFO] MÓDULO SENSORES: Movimento detetado no Corredor B.
2026-07-02 01:23:09 [INFO] MÓDULO BASE_DADOS: Cópia de segurança (Backup) concluída pelo utilizador 'gestor_seguranca'.
2026-07-02 01:23:52 [INFO] MÓDULO CAMARAS: Perda de sinal de vídeo na Câmara_04.
2026-07-02 01:25:01 [INFO] MÓDULO AUTENTICACAO: Sessão expirada pelo utilizador 'ana_silva'.
2026-07-02 01:25:37 [ERROR] MÓDULO BASE_DADOS: Query executada com sucesso pelo utilizador 'gestor_seguranca'.
2026-07-02 01:26:14 [ERROR] MÓDULO SENSORES: Sensor de fumos ativo.
2026-07-02 01:26:55 [INFO] MÓDULO SENSORES: Movimento detetado no Corredor B.
2026-07-02 01:27:39 [WARNING] MÓDULO AUTENTICACAO: Login efetuado com sucesso pelo utilizador 'api_gateway'.
2026-07-02 01:29:03 [WARNING] MÓDULO CAMARAS: Perda de sinal de vídeo na Câmara_04.
2026-07-02 01:29:37 [CRITICAL] MÓDULO BASE_DADOS: Cópia de segurança (Backup) concluída pelo utilizador 'mauri'.
2026-07-02 01:30:56 [CRITICAL] MÓDULO SENSORES: Porta Principal aberta.
2026-07-02 01:31:39 [INFO] MÓDULO CAMARAS: Perda de sinal de vídeo na Câmara_04.
2026-07-02 01:33:00 [INFO] MÓDULO BASE_DADOS: Erro de integridade referencial pelo utilizador 'convidado_01'.
2026-07-02 01:33:49 [ERROR] MÓDULO CAMARAS: Falha de armazenamento no DVR_02.
2026-07-02 01:34:21 [WARNING] MÓDULO AUTENTICACAO: Tentativa de brute-force bloqueada pelo utilizador 'gestor_seguranca'.
2026-07-02 01:35:20 [CRITICAL] MÓDULO AUTENTICACAO: Sessão expirada pelo utilizador 'ana_silva'.
2026-07-02 01:36:32 [INFO] MÓDULO BASE_DADOS: Timeout na ligação pelo utilizador 'ana_silva'.
2026-07-02 01:37:09 [ERROR] MÓDULO BASE_DADOS: Cópia de segurança (Backup) concluída pelo utilizador 'ana_silva'.
2026-07-02 01:38:19 [INFO] MÓDULO AUTENTICACAO: Falha na palavra-passe pelo utilizador 'ana_silva'.
2026-07-02 01:39:15 [ERROR] MÓDULO CAMARAS: Gravação iniciada por movimento na Câmara_01.
2026-07-02 01:40:03 [ERROR] MÓDULO AUTENTICACAO: Tentativa de brute-force bloqueada pelo utilizador 'nuno_gomes'.
2026-07-02 01:40:44 [INFO] MÓDULO BASE_DADOS: Erro de integridade referencial pelo utilizador 'admin'.
2026-07-02 01:42:09 [CRITICAL] MÓDULO CAMARAS: Perda de sinal de vídeo na Câmara_04.
2026-07-02 01:42:59 [INFO] MÓDULO AUTENTICACAO: Tentativa de brute-force bloqueada pelo utilizador 'gestor_seguranca'.
2026-07-02 01:44:11 [CRITICAL] MÓDULO CAMARAS: Gravação iniciada por movimento na Câmara_01.
2026-07-02 01:45:15 [INFO] MÓDULO SENSORES: Porta Principal aberta.
2026-07-02 01:45:56 [CRITICAL] MÓDULO CAMARAS: Falha de armazenamento no DVR_02.
2026-07-02 01:47:11 [INFO] MÓDULO AUTENTICACAO: Login efetuado com sucesso pelo utilizador 'convidado_01'.
2026-07-02 01:47:48 [WARNING] MÓDULO CAMARAS: Falha de armazenamento no DVR_02.
2026-07-02 01:48:24 [INFO] MÓDULO SENSORES: Temperatura da Sala de Servidores acima do normal.
2026-07-02 01:49:13 [INFO] MÓDULO SENSORES: Movimento detetado no Corredor B.
2026-07-02 01:50:01 [INFO] MÓDULO SENSORES: Movimento detetado no Corredor B.
2026-07-02 01:50:59 [ERROR] MÓDULO SENSORES: Sensor de fumos ativo.
2026-07-02 01:51:55 [WARNING] MÓDULO BASE_DADOS: Cópia de segurança (Backup) concluída pelo utilizador 'nuno_gomes'.
2026-07-02 01:53:00 [INFO] MÓDULO CAMARAS: Perda de sinal de vídeo na Câmara_04.
2026-07-02 01:54:17 [INFO] MÓDULO SENSORES: Sensor de fumos ativo.
2026-07-02 01:55:05 [CRITICAL] MÓDULO BASE_DADOS: Cópia de segurança (Backup) concluída pelo utilizador 'api_gateway'.
2026-07-02 01:55:51 [ERROR] MÓDULO AUTENTICACAO: Login efetuado com sucesso pelo utilizador 'gestor_seguranca'.
2026-07-02 01:56:33 [CRITICAL] MÓDULO AUTENTICACAO: Falha na palavra-passe pelo utilizador 'ana_silva'.
2026-07-02 01:57:15 [ERROR] MÓDULO SENSORES: Sensor de fumos ativo.
2026-07-02 01:58:20 [INFO] MÓDULO AUTENTICACAO: Tentativa de brute-force bloqueada pelo utilizador 'gestor_seguranca'.
2026-07-02 01:59:29 [ERROR] MÓDULO CAMARAS: Gravação iniciada por movimento na Câmara_01.
2026-07-02 02:00:33 [WARNING] MÓDULO BASE_DADOS: Erro de integridade referencial pelo utilizador 'convidado_01'.
2026-07-02 02:01:44 [CRITICAL] MÓDULO BASE_DADOS: Timeout na ligação pelo utilizador 'ana_silva'.
2026-07-02 02:03:13 [INFO] MÓDULO BASE_DADOS: Timeout na ligação pelo utilizador 'mauri'.
2026-07-02 02:04:42 [CRITICAL] MÓDULO AUTENTICACAO: Login efetuado com sucesso pelo utilizador 'mauri'.
2026-07-02 02:05:56 [INFO] MÓDULO CAMARAS: Gravação iniciada por movimento na Câmara_01.
2026-07-02 02:07:07 [INFO] MÓDULO CAMARAS: Perda de sinal de vídeo na Câmara_04.
2026-07-02 02:08:17 [INFO] MÓDULO SENSORES: Sensor de fumos ativo.
2026-07-02 02:09:45 [WARNING] MÓDULO SENSORES: Sensor de fumos ativo.
2026-07-02 02:10:48 [WARNING] MÓDULO SENSORES: Movimento detetado no Corredor B.
2026-07-02 02:12:08 [INFO] MÓDULO AUTENTICACAO: Sessão expirada pelo utilizador 'gestor_seguranca'.
2026-07-02 02:13:07 [CRITICAL] MÓDULO CAMARAS: Gravação iniciada por movimento na Câmara_01.
2026-07-02 02:14:23 [WARNING] MÓDULO BASE_DADOS: Cópia de segurança (Backup) concluída pelo utilizador 'mauri'.
2026-07-02 02:14:53 [INFO] MÓDULO SENSORES: Movimento detetado no Corredor B.
2026-07-02 02:15:39 [WARNING] MÓDULO SENSORES: Movimento detetado no Corredor B.
2026-07-02 02:16:40 [INFO] MÓDULO CAMARAS: Gravação iniciada por movimento na Câmara_01.
2026-07-02 02:17:52 [CRITICAL] MÓDULO SENSORES: Sensor de fumos ativo.
2026-07-02 02:19:06 [WARNING] MÓDULO SENSORES: Temperatura da Sala de Servidores acima do normal.
2026-07-02 02:20:11 [CRITICAL] MÓDULO CAMARAS: Perda de sinal de vídeo na Câmara_04.
2026-07-02 02:20:46 [INFO] MÓDULO SENSORES: Sensor de fumos ativo.
2026-07-02 02:22:00 [ERROR] MÓDULO BASE_DADOS: Query executada com sucesso pelo utilizador 'admin'.
2026-07-02 02:23:19 [ERROR] MÓDULO AUTENTICACAO: Falha na palavra-passe pelo utilizador 'mauri'.
2026-07-02 02:24:42 [WARNING] MÓDULO AUTENTICACAO: Tentativa de brute-force bloqueada pelo utilizador 'gestor_seguranca'.
2026-07-02 02:25:14 [INFO] MÓDULO AUTENTICACAO: Sessão expirada pelo utilizador 'gestor_seguranca'.
2026-07-02 02:26:30 [CRITICAL] MÓDULO CAMARAS: Perda de sinal de vídeo na Câmara_04.
2026-07-02 02:27:59 [ERROR] MÓDULO SENSORES: Sensor de fumos ativo.
2026-07-02 02:29:03 [WARNING] MÓDULO BASE_DADOS: Query executada com sucesso pelo utilizador 'mauri'.
2026-07-02 02:30:05 [CRITICAL] MÓDULO CAMARAS: Gravação iniciada por movimento na Câmara_01.
2026-07-02 02:31:24 [WARNING] MÓDULO CAMARAS: Gravação iniciada por movimento na Câmara_01.
2026-07-02 02:32:30 [INFO] MÓDULO SENSORES: Sensor de fumos ativo.
2026-07-02 02:34:00 [WARNING] MÓDULO BASE_DADOS: Query executada com sucesso pelo utilizador 'admin'.
2026-07-02 02:34:40 [CRITICAL] MÓDULO BASE_DADOS: Query executada com sucesso pelo utilizador 'admin'.
2026-07-02 02:35:45 [INFO] MÓDULO BASE_DADOS: Query executada com sucesso pelo utilizador 'convidado_01'.
2026-07-02 02:36:29 [INFO] MÓDULO CAMARAS: Perda de sinal de vídeo na Câmara_04.
2026-07-02 02:37:27 [INFO] MÓDULO AUTENTICACAO: Tentativa de brute-force bloqueada pelo utilizador 'nuno_gomes'.
2026-07-02 02:38:27 [ERROR] MÓDULO AUTENTICACAO: Tentativa de brute-force bloqueada pelo utilizador 'gestor_seguranca'.
2026-07-02 02:39:27 [ERROR] MÓDULO BASE_DADOS: Erro de integridade referencial pelo utilizador 'convidado_01'.
2026-07-02 02:40:33 [INFO] MÓDULO CAMARAS: Perda de sinal de vídeo na Câmara_04.
2026-07-02 02:41:55 [WARNING] MÓDULO CAMARAS: Gravação iniciada por movimento na Câmara_01.
2026-07-02 02:42:48 [ERROR] MÓDULO AUTENTICACAO: Tentativa de brute-force bloqueada pelo utilizador 'nuno_gomes'.
2026-07-02 02:43:30 [ERROR] MÓDULO AUTENTICACAO: Tentativa de brute-force bloqueada pelo utilizador 'gestor_seguranca'.
2026-07-02 02:44:57 [INFO] MÓDULO BASE_DADOS: Timeout na ligação pelo utilizador 'nuno_gomes'.
2026-07-02 02:45:42 [INFO] MÓDULO SENSORES: Sensor de fumos ativo.
2026-07-02 02:46:50 [WARNING] MÓDULO BASE_DADOS: Erro de integridade referencial pelo utilizador 'mauri'.
2026-07-02 02:47:31 [INFO] MÓDULO BASE_DADOS: Cópia de segurança (Backup) concluída pelo utilizador 'api_gateway'.
2026-07-02 02:48:54 [WARNING] MÓDULO SENSORES: Movimento detetado no Corredor B.
2026-07-02 02:50:04 [INFO] MÓDULO SENSORES: Movimento detetado no Corredor B.
2026-07-02 02:50:52 [INFO] MÓDULO SENSORES: Temperatura da Sala de Servidores acima do normal.
2026-07-02 02:51:24 [INFO] MÓDULO SENSORES: Movimento detetado no Corredor B.
2026-07-02 02:52:21 [ERROR] MÓDULO BASE_DADOS: Erro de integridade referencial pelo utilizador 'nuno_gomes'.
2026-07-02 02:53:43 [ERROR] MÓDULO BASE_DADOS: Erro de integridade referencial pelo utilizador 'admin'.
2026-07-02 02:54:26 [WARNING] MÓDULO BASE_DADOS: Cópia de segurança (Backup) concluída pelo utilizador 'convidado_01'.
2026-07-02 02:55:02 [INFO] MÓDULO CAMARAS: Perda de sinal de vídeo na Câmara_04.
2026-07-02 02:56:08 [WARNING] MÓDULO SENSORES: Sensor de fumos ativo.
2026-07-02 02:57:03 [WARNING] MÓDULO CAMARAS: Falha de armazenamento no DVR_02.
2026-07-02 02:57:58 [CRITICAL] MÓDULO AUTENTICACAO: Falha na palavra-passe pelo utilizador 'api_gateway'.
2026-07-02 02:58:30 [CRITICAL] MÓDULO SENSORES: Porta Principal aberta.
2026-07-02 02:59:08 [CRITICAL] MÓDULO BASE_DADOS: Cópia de segurança (Backup) concluída pelo utilizador 'admin'.
2026-07-02 03:00:23 [CRITICAL] MÓDULO BASE_DADOS: Cópia de segurança (Backup) concluída pelo utilizador 'gestor_seguranca'.
2026-07-02 03:01:47 [INFO] MÓDULO BASE_DADOS: Query executada com sucesso pelo utilizador 'admin'.
2026-07-02 03:02:52 [CRITICAL] MÓDULO CAMARAS: Falha de armazenamento no DVR_02.
2026-07-02 03:04:14 [CRITICAL] MÓDULO SENSORES: Movimento detetado no Corredor B.
2026-07-02 03:05:41 [INFO] MÓDULO BASE_DADOS: Cópia de segurança (Backup) concluída pelo utilizador 'convidado_01'.
2026-07-02 03:06:59 [WARNING] MÓDULO BASE_DADOS: Erro de integridade referencial pelo utilizador 'mauri'.
2026-07-02 03:07:31 [WARNING] MÓDULO CAMARAS: Perda de sinal de vídeo na Câmara_04.
2026-07-02 03:08:06 [INFO] MÓDULO AUTENTICACAO: Login efetuado com sucesso pelo utilizador 'admin'.
2026-07-02 03:08:44 [INFO] MÓDULO SENSORES: Sensor de fumos ativo.
2026-07-02 03:09:17 [INFO] MÓDULO SENSORES: Movimento detetado no Corredor B.
2026-07-02 03:10:09 [WARNING] MÓDULO AUTENTICACAO: Login efetuado com sucesso pelo utilizador 'api_gateway'.
2026-07-02 03:10:54 [WARNING] MÓDULO AUTENTICACAO: Tentativa de brute-force bloqueada pelo utilizador 'gestor_seguranca'.
2026-07-02 03:11:44 [WARNING] MÓDULO SENSORES: Sensor de fumos ativo.
2026-07-02 03:13:08 [INFO] MÓDULO CAMARAS: Gravação iniciada por movimento na Câmara_01.
2026-07-02 03:13:43 [ERROR] MÓDULO CAMARAS: Falha de armazenamento no DVR_02.
2026-07-02 03:15:06 [ERROR] MÓDULO SENSORES: Porta Principal aberta.
2026-07-02 03:16:04 [CRITICAL] MÓDULO SENSORES: Movimento detetado no Corredor B.
2026-07-02 03:17:23 [WARNING] MÓDULO BASE_DADOS: Erro de integridade referencial pelo utilizador 'nuno_gomes'.
2026-07-02 03:18:23 [WARNING] MÓDULO BASE_DADOS: Cópia de segurança (Backup) concluída pelo utilizador 'ana_silva'.
2026-07-02 03:19:52 [ERROR] MÓDULO CAMARAS: Gravação iniciada por movimento na Câmara_01.
2026-07-02 03:21:12 [CRITICAL] MÓDULO SENSORES: Porta Principal aberta.
2026-07-02 03:22:34 [INFO] MÓDULO BASE_DADOS: Cópia de segurança (Backup) concluída pelo utilizador 'nuno_gomes'.
2026-07-02 03:23:15 [CRITICAL] MÓDULO CAMARAS: Falha de armazenamento no DVR_02.
2026-07-02 03:24:14 [INFO] MÓDULO BASE_DADOS: Timeout na ligação pelo utilizador 'convidado_01'.
2026-07-02 03:25:28 [CRITICAL] MÓDULO SENSORES: Movimento detetado no Corredor B.
2026-07-02 03:26:55 [INFO] MÓDULO CAMARAS: Falha de armazenamento no DVR_02.
2026-07-02 03:27:31 [WARNING] MÓDULO BASE_DADOS: Timeout na ligação pelo utilizador 'ana_silva'.
2026-07-02 03:28:23 [WARNING] MÓDULO BASE_DADOS: Erro de integridade referencial pelo utilizador 'gestor_seguranca'.
2026-07-02 03:29:45 [WARNING] MÓDULO SENSORES: Movimento detetado no Corredor B.
2026-07-02 03:31:15 [CRITICAL] MÓDULO BASE_DADOS: Cópia de segurança (Backup) concluída pelo utilizador 'api_gateway'.
2026-07-02 03:32:14 [INFO] MÓDULO AUTENTICACAO: Sessão expirada pelo utilizador 'mauri'.
2026-07-02 03:33:04 [CRITICAL] MÓDULO SENSORES: Sensor de fumos ativo.
2026-07-02 03:34:09 [CRITICAL] MÓDULO BASE_DADOS: Query executada com sucesso pelo utilizador 'admin'.
2026-07-02 03:35:04 [ERROR] MÓDULO AUTENTICACAO: Login efetuado com sucesso pelo utilizador 'api_gateway'.
2026-07-02 03:36:30 [CRITICAL] MÓDULO AUTENTICACAO: Login efetuado com sucesso pelo utilizador 'gestor_seguranca'.
2026-07-02 03:37:18 [INFO] MÓDULO SENSORES: Porta Principal aberta.
2026-07-02 03:38:46 [ERROR] MÓDULO SENSORES: Movimento detetado no Corredor B.
2026-07-02 03:39:27 [CRITICAL] MÓDULO SENSORES: Sensor de fumos ativo.
2026-07-02 03:40:28 [CRITICAL] MÓDULO CAMARAS: Perda de sinal de vídeo na Câmara_04.
2026-07-02 03:41:50 [INFO] MÓDULO CAMARAS: Falha de armazenamento no DVR_02.
2026-07-02 03:42:24 [INFO] MÓDULO CAMARAS: Gravação iniciada por movimento na Câmara_01.
2026-07-02 03:43:51 [CRITICAL] MÓDULO BASE_DADOS: Cópia de segurança (Backup) concluída pelo utilizador 'convidado_01'.
2026-07-02 03:45:04 [INFO] MÓDULO BASE_DADOS: Erro de integridade referencial pelo utilizador 'ana_silva'.
2026-07-02 03:45:39 [CRITICAL] MÓDULO BASE_DADOS: Timeout na ligação pelo utilizador 'ana_silva'.
2026-07-02 03:46:51 [INFO] MÓDULO AUTENTICACAO: Sessão expirada pelo utilizador 'admin'.
2026-07-02 03:47:31 [INFO] MÓDULO CAMARAS: Gravação iniciada por movimento na Câmara_01.
2026-07-02 03:48:08 [CRITICAL] MÓDULO SENSORES: Sensor de fumos ativo.
2026-07-02 03:49:05 [ERROR] MÓDULO BASE_DADOS: Timeout na ligação pelo utilizador 'admin'.
2026-07-02 03:49:35 [INFO] MÓDULO AUTENTICACAO: Tentativa de brute-force bloqueada pelo utilizador 'admin'.
2026-07-02 03:50:15 [ERROR] MÓDULO AUTENTICACAO: Sessão expirada pelo utilizador 'ana_silva'.
2026-07-02 03:51:03 [CRITICAL] MÓDULO SENSORES: Sensor de fumos ativo.
2026-07-02 03:51:38 [CRITICAL] MÓDULO BASE_DADOS: Query executada com sucesso pelo utilizador 'mauri'.
2026-07-02 03:52:53 [INFO] MÓDULO BASE_DADOS: Timeout na ligação pelo utilizador 'gestor_seguranca'.
2026-07-02 03:53:40 [ERROR] MÓDULO CAMARAS: Gravação iniciada por movimento na Câmara_01.
2026-07-02 03:54:33 [ERROR] MÓDULO BASE_DADOS: Erro de integridade referencial pelo utilizador 'convidado_01'.
2026-07-02 03:55:40 [INFO] MÓDULO AUTENTICACAO: Tentativa de brute-force bloqueada pelo utilizador 'gestor_seguranca'.
2026-07-02 03:56:27 [ERROR] MÓDULO CAMARAS: Perda de sinal de vídeo na Câmara_04.
2026-07-02 03:57:14 [ERROR] MÓDULO CAMARAS: Falha de armazenamento no DVR_02.
2026-07-02 03:58:19 [INFO] MÓDULO BASE_DADOS: Erro de integridade referencial pelo utilizador 'convidado_01'.
2026-07-02 03:59:33 [INFO] MÓDULO SENSORES: Temperatura da Sala de Servidores acima do normal.
2026-07-02 04:00:43 [ERROR] MÓDULO BASE_DADOS: Erro de integridade referencial pelo utilizador 'ana_silva'.
2026-07-02 04:01:43 [ERROR] MÓDULO CAMARAS: Gravação iniciada por movimento na Câmara_01.
2026-07-02 04:03:05 [WARNING] MÓDULO CAMARAS: Falha de armazenamento no DVR_02.
2026-07-02 04:04:08 [ERROR] MÓDULO BASE_DADOS: Timeout na ligação pelo utilizador 'api_gateway'.
2026-07-02 04:05:03 [INFO] MÓDULO AUTENTICACAO: Falha na palavra-passe pelo utilizador 'convidado_01'.
2026-07-02 04:05:41 [WARNING] MÓDULO BASE_DADOS: Timeout na ligação pelo utilizador 'api_gateway'.
2026-07-02 04:06:48 [INFO] MÓDULO SENSORES: Temperatura da Sala de Servidores acima do normal.
2026-07-02 04:07:52 [INFO] MÓDULO BASE_DADOS: Erro de integridade referencial pelo utilizador 'convidado_01'.
2026-07-02 04:08:25 [ERROR] MÓDULO CAMARAS: Gravação iniciada por movimento na Câmara_01.
2026-07-02 04:09:29 [ERROR] MÓDULO SENSORES: Sensor de fumos ativo.
2026-07-02 04:10:59 [WARNING] MÓDULO AUTENTICACAO: Falha na palavra-passe pelo utilizador 'mauri'.
2026-07-02 04:12:23 [INFO] MÓDULO CAMARAS: Falha de armazenamento no DVR_02.
2026-07-02 04:13:41 [INFO] MÓDULO SENSORES: Sensor de fumos ativo.
2026-07-02 04:14:48 [WARNING] MÓDULO AUTENTICACAO: Tentativa de brute-force bloqueada pelo utilizador 'api_gateway'.
2026-07-02 04:15:32 [INFO] MÓDULO CAMARAS: Gravação iniciada por movimento na Câmara_01.
2026-07-02 04:16:06 [INFO] MÓDULO CAMARAS: Gravação iniciada por movimento na Câmara_01.
2026-07-02 04:17:09 [INFO] MÓDULO CAMARAS: Perda de sinal de vídeo na Câmara_04.
2026-07-02 04:18:33 [INFO] MÓDULO CAMARAS: Falha de armazenamento no DVR_02.
2026-07-02 04:19:06 [INFO] MÓDULO SENSORES: Sensor de fumos ativo.
2026-07-02 04:20:32 [INFO] MÓDULO AUTENTICACAO: Login efetuado com sucesso pelo utilizador 'gestor_seguranca'.
2026-07-02 04:21:33 [CRITICAL] MÓDULO AUTENTICACAO: Sessão expirada pelo utilizador 'admin'.
2026-07-02 04:22:19 [CRITICAL] MÓDULO SENSORES: Sensor de fumos ativo.
2026-07-02 04:22:52 [INFO] MÓDULO SENSORES: Movimento detetado no Corredor B.
2026-07-02 04:24:13 [ERROR] MÓDULO AUTENTICACAO: Tentativa de brute-force bloqueada pelo utilizador 'ana_silva'.
2026-07-02 04:25:11 [CRITICAL] MÓDULO SENSORES: Sensor de fumos ativo.
2026-07-02 04:26:03 [INFO] MÓDULO AUTENTICACAO: Sessão expirada pelo utilizador 'ana_silva'.
2026-07-02 04:26:53 [INFO] MÓDULO SENSORES: Temperatura da Sala de Servidores acima do normal.
2026-07-02 04:27:47 [WARNING] MÓDULO CAMARAS: Perda de sinal de vídeo na Câmara_04.
2026-07-02 04:29:04 [WARNING] MÓDULO BASE_DADOS: Timeout na ligação pelo utilizador 'convidado_01'.
2026-07-02 04:30:21 [WARNING] MÓDULO SENSORES: Temperatura da Sala de Servidores acima do normal.
2026-07-02 04:31:36 [ERROR] MÓDULO BASE_DADOS: Timeout na ligação pelo utilizador 'nuno_gomes'.
2026-07-02 04:32:36 [INFO] MÓDULO BASE_DADOS: Erro de integridade referencial pelo utilizador 'ana_silva'.
2026-07-02 04:33:08 [WARNING] MÓDULO CAMARAS: Perda de sinal de vídeo na Câmara_04.
2026-07-02 04:34:18 [CRITICAL] MÓDULO CAMARAS: Perda de sinal de vídeo na Câmara_04.
2026-07-02 04:35:22 [CRITICAL] MÓDULO SENSORES: Porta Principal aberta.
2026-07-02 04:36:10 [INFO] MÓDULO CAMARAS: Falha de armazenamento no DVR_02.
2026-07-02 04:37:34 [INFO] MÓDULO SENSORES: Movimento detetado no Corredor B.
2026-07-02 04:38:26 [WARNING] MÓDULO SENSORES: Temperatura da Sala de Servidores acima do normal.
2026-07-02 04:39:25 [CRITICAL] MÓDULO SENSORES: Movimento detetado no Corredor B.
2026-07-02 04:40:53 [CRITICAL] MÓDULO CAMARAS: Gravação iniciada por movimento na Câmara_01.
2026-07-02 04:41:33 [CRITICAL] MÓDULO AUTENTICACAO: Sessão expirada pelo utilizador 'ana_silva'.
2026-07-02 04:43:01 [WARNING] MÓDULO AUTENTICACAO: Tentativa de brute-force bloqueada pelo utilizador 'api_gateway'.
2026-07-02 04:43:38 [CRITICAL] MÓDULO CAMARAS: Falha de armazenamento no DVR_02.
2026-07-02 04:44:54 [CRITICAL] MÓDULO AUTENTICACAO: Sessão expirada pelo utilizador 'api_gateway'.
2026-07-02 04:46:21 [ERROR] MÓDULO BASE_DADOS: Cópia de segurança (Backup) concluída pelo utilizador 'nuno_gomes'.
2026-07-02 04:47:33 [INFO] MÓDULO CAMARAS: Falha de armazenamento no DVR_02.
2026-07-02 04:48:19 [INFO] MÓDULO CAMARAS: Falha de armazenamento no DVR_02.
2026-07-02 04:49:06 [CRITICAL] MÓDULO SENSORES: Porta Principal aberta.
2026-07-02 04:50:11 [WARNING] MÓDULO SENSORES: Movimento detetado no Corredor B.
2026-07-02 04:51:29 [INFO] MÓDULO CAMARAS: Perda de sinal de vídeo na Câmara_04.
2026-07-02 04:52:21 [INFO] MÓDULO AUTENTICACAO: Sessão expirada pelo utilizador 'admin'.
2026-07-02 04:53:28 [ERROR] MÓDULO AUTENTICACAO: Falha na palavra-passe pelo utilizador 'convidado_01'.
2026-07-02 04:54:09 [INFO] MÓDULO BASE_DADOS: Erro de integridade referencial pelo utilizador 'mauri'.
2026-07-02 04:55:24 [CRITICAL] MÓDULO AUTENTICACAO: Tentativa de brute-force bloqueada pelo utilizador 'ana_silva'.
2026-07-02 04:56:20 [CRITICAL] MÓDULO CAMARAS: Falha de armazenamento no DVR_02.
2026-07-02 04:57:03 [ERROR] MÓDULO SENSORES: Movimento detetado no Corredor B.
2026-07-02 04:57:46 [WARNING] MÓDULO BASE_DADOS: Query executada com sucesso pelo utilizador 'admin'.
2026-07-02 04:59:01 [CRITICAL] MÓDULO SENSORES: Sensor de fumos ativo.
2026-07-02 04:59:31 [CRITICAL] MÓDULO AUTENTICACAO: Falha na palavra-passe pelo utilizador 'ana_silva'.
2026-07-02 05:00:18 [CRITICAL] MÓDULO AUTENTICACAO: Sessão expirada pelo utilizador 'ana_silva'.
2026-07-02 05:01:09 [WARNING] MÓDULO BASE_DADOS: Erro de integridade referencial pelo utilizador 'ana_silva'.
2026-07-02 05:02:31 [ERROR] MÓDULO CAMARAS: Gravação iniciada por movimento na Câmara_01.
2026-07-02 05:03:43 [CRITICAL] MÓDULO AUTENTICACAO: Login efetuado com sucesso pelo utilizador 'ana_silva'.
2026-07-02 05:04:41 [CRITICAL] MÓDULO AUTENTICACAO: Falha na palavra-passe pelo utilizador 'mauri'.
2026-07-02 05:05:22 [INFO] MÓDULO SENSORES: Temperatura da Sala de Servidores acima do normal.
2026-07-02 05:06:51 [INFO] MÓDULO AUTENTICACAO: Tentativa de brute-force bloqueada pelo utilizador 'gestor_seguranca'.
2026-07-02 05:07:27 [ERROR] MÓDULO AUTENTICACAO: Sessão expirada pelo utilizador 'nuno_gomes'.
2026-07-02 05:08:57 [CRITICAL] MÓDULO BASE_DADOS: Erro de integridade referencial pelo utilizador 'ana_silva'.
2026-07-02 05:09:35 [CRITICAL] MÓDULO AUTENTICACAO: Login efetuado com sucesso pelo utilizador 'api_gateway'.
2026-07-02 05:11:03 [INFO] MÓDULO AUTENTICACAO: Login efetuado com sucesso pelo utilizador 'admin'.
2026-07-02 05:12:22 [ERROR] MÓDULO AUTENTICACAO: Falha na palavra-passe pelo utilizador 'mauri'.
2026-07-02 05:13:29 [WARNING] MÓDULO AUTENTICACAO: Tentativa de brute-force bloqueada pelo utilizador 'admin'.
2026-07-02 05:14:04 [ERROR] MÓDULO CAMARAS: Gravação iniciada por movimento na Câmara_01.
2026-07-02 05:15:28 [WARNING] MÓDULO SENSORES: Temperatura da Sala de Servidores acima do normal.
2026-07-02 05:16:13 [CRITICAL] MÓDULO BASE_DADOS: Query executada com sucesso pelo utilizador 'nuno_gomes'.
2026-07-02 05:16:50 [WARNING] MÓDULO BASE_DADOS: Query executada com sucesso pelo utilizador 'convidado_01'.
2026-07-02 05:18:04 [INFO] MÓDULO SENSORES: Sensor de fumos ativo.
2026-07-02 05:18:37 [ERROR] MÓDULO BASE_DADOS: Query executada com sucesso pelo utilizador 'convidado_01'.
2026-07-02 05:19:10 [CRITICAL] MÓDULO BASE_DADOS: Query executada com sucesso pelo utilizador 'mauri'.
2026-07-02 05:20:01 [INFO] MÓDULO CAMARAS: Gravação iniciada por movimento na Câmara_01.
2026-07-02 05:21:04 [INFO] MÓDULO SENSORES: Porta Principal aberta.
2026-07-02 05:22:28 [INFO] MÓDULO SENSORES: Sensor de fumos ativo.
2026-07-02 05:23:08 [CRITICAL] MÓDULO BASE_DADOS: Erro de integridade referencial pelo utilizador 'api_gateway'.
2026-07-02 05:23:43 [INFO] MÓDULO SENSORES: Movimento detetado no Corredor B.
2026-07-02 05:24:42 [ERROR] MÓDULO CAMARAS: Gravação iniciada por movimento na Câmara_01.
2026-07-02 05:25:30 [INFO] MÓDULO AUTENTICACAO: Login efetuado com sucesso pelo utilizador 'nuno_gomes'.
2026-07-02 05:26:47 [CRITICAL] MÓDULO BASE_DADOS: Query executada com sucesso pelo utilizador 'ana_silva'.
2026-07-02 05:27:29 [WARNING] MÓDULO AUTENTICACAO: Login efetuado com sucesso pelo utilizador 'mauri'.
2026-07-02 05:28:29 [ERROR] MÓDULO BASE_DADOS: Query executada com sucesso pelo utilizador 'admin'.
2026-07-02 05:29:46 [INFO] MÓDULO AUTENTICACAO: Sessão expirada pelo utilizador 'api_gateway'.
2026-07-02 05:30:55 [INFO] MÓDULO AUTENTICACAO: Falha na palavra-passe pelo utilizador 'mauri'.
2026-07-02 05:32:19 [INFO] MÓDULO CAMARAS: Perda de sinal de vídeo na Câmara_04.
2026-07-02 05:33:17 [INFO] MÓDULO SENSORES: Porta Principal aberta.
2026-07-02 05:33:57 [CRITICAL] MÓDULO BASE_DADOS: Erro de integridade referencial pelo utilizador 'convidado_01'.
2026-07-02 05:34:39 [ERROR] MÓDULO CAMARAS: Falha de armazenamento no DVR_02.
2026-07-02 05:35:47 [WARNING] MÓDULO AUTENTICACAO: Tentativa de brute-force bloqueada pelo utilizador 'admin'.
2026-07-02 05:36:28 [INFO] MÓDULO CAMARAS: Falha de armazenamento no DVR_02.
2026-07-02 05:37:12 [ERROR] MÓDULO CAMARAS: Gravação iniciada por movimento na Câmara_01.
2026-07-02 05:38:18 [CRITICAL] MÓDULO AUTENTICACAO: Login efetuado com sucesso pelo utilizador 'mauri'.
2026-07-02 05:39:13 [WARNING] MÓDULO AUTENTICACAO: Falha na palavra-passe pelo utilizador 'gestor_seguranca'.
2026-07-02 05:39:46 [WARNING] MÓDULO CAMARAS: Gravação iniciada por movimento na Câmara_01.
2026-07-02 05:41:08 [WARNING] MÓDULO SENSORES: Movimento detetado no Corredor B.
2026-07-02 05:41:51 [WARNING] MÓDULO AUTENTICACAO: Sessão expirada pelo utilizador 'gestor_seguranca'.
2026-07-02 05:42:33 [CRITICAL] MÓDULO CAMARAS: Gravação iniciada por movimento na Câmara_01.
2026-07-02 05:43:31 [ERROR] MÓDULO AUTENTICACAO: Login efetuado com sucesso pelo utilizador 'mauri'.
2026-07-02 05:44:25 [WARNING] MÓDULO SENSORES: Temperatura da Sala de Servidores acima do normal.
2026-07-02 05:45:44 [ERROR] MÓDULO CAMARAS: Gravação iniciada por movimento na Câmara_01.
2026-07-02 05:46:34 [CRITICAL] MÓDULO BASE_DADOS: Timeout na ligação pelo utilizador 'mauri'.
2026-07-02 05:47:53 [INFO] MÓDULO SENSORES: Temperatura da Sala de Servidores acima do normal.
2026-07-02 05:48:49 [ERROR] MÓDULO CAMARAS: Falha de armazenamento no DVR_02.
2026-07-02 05:50:11 [WARNING] MÓDULO AUTENTICACAO: Tentativa de brute-force bloqueada pelo utilizador 'admin'.
2026-07-02 05:51:07 [CRITICAL] MÓDULO AUTENTICACAO: Sessão expirada pelo utilizador 'nuno_gomes'.
2026-07-02 05:51:59 [INFO] MÓDULO SENSORES: Sensor de fumos ativo.
2026-07-02 05:53:04 [INFO] MÓDULO BASE_DADOS: Erro de integridade referencial pelo utilizador 'nuno_gomes'.
2026-07-02 05:53:57 [WARNING] MÓDULO SENSORES: Sensor de fumos ativo.
2026-07-02 05:54:59 [INFO] MÓDULO AUTENTICACAO: Tentativa de brute-force bloqueada pelo utilizador 'api_gateway'.
2026-07-02 05:56:02 [ERROR] MÓDULO BASE_DADOS: Query executada com sucesso pelo utilizador 'nuno_gomes'.
2026-07-02 05:57:27 [ERROR] MÓDULO BASE_DADOS: Erro de integridade referencial pelo utilizador 'mauri'.
2026-07-02 05:58:19 [WARNING] MÓDULO AUTENTICACAO: Tentativa de brute-force bloqueada pelo utilizador 'gestor_seguranca'.
2026-07-02 05:59:37 [ERROR] MÓDULO CAMARAS: Gravação iniciada por movimento na Câmara_01.
2026-07-02 06:00:12 [INFO] MÓDULO BASE_DADOS: Timeout na ligação pelo utilizador 'convidado_01'.
2026-07-02 06:01:10 [INFO] MÓDULO AUTENTICACAO: Falha na palavra-passe pelo utilizador 'gestor_seguranca'.
2026-07-02 06:01:47 [WARNING] MÓDULO BASE_DADOS: Timeout na ligação pelo utilizador 'nuno_gomes'.
2026-07-02 06:03:06 [ERROR] MÓDULO CAMARAS: Perda de sinal de vídeo na Câmara_04.
2026-07-02 06:03:59 [WARNING] MÓDULO CAMARAS: Perda de sinal de vídeo na Câmara_04.
2026-07-02 06:05:15 [INFO] MÓDULO SENSORES: Movimento detetado no Corredor B.
2026-07-02 06:06:15 [WARNING] MÓDULO SENSORES: Temperatura da Sala de Servidores acima do normal.
2026-07-02 06:07:31 [ERROR] MÓDULO BASE_DADOS: Timeout na ligação pelo utilizador 'admin'.
2026-07-02 06:08:41 [ERROR] MÓDULO SENSORES: Sensor de fumos ativo.
2026-07-02 06:09:46 [WARNING] MÓDULO BASE_DADOS: Cópia de segurança (Backup) concluída pelo utilizador 'api_gateway'.
2026-07-02 06:10:26 [ERROR] MÓDULO BASE_DADOS: Erro de integridade referencial pelo utilizador 'nuno_gomes'.
2026-07-02 06:11:05 [INFO] MÓDULO CAMARAS: Perda de sinal de vídeo na Câmara_04.
2026-07-02 06:12:32 [ERROR] MÓDULO SENSORES: Sensor de fumos ativo.
2026-07-02 06:13:37 [ERROR] MÓDULO CAMARAS: Falha de armazenamento no DVR_02.
2026-07-02 06:14:30 [INFO] MÓDULO BASE_DADOS: Query executada com sucesso pelo utilizador 'api_gateway'.
2026-07-02 06:15:24 [CRITICAL] MÓDULO SENSORES: Temperatura da Sala de Servidores acima do normal.
2026-07-02 06:16:20 [CRITICAL] MÓDULO CAMARAS: Perda de sinal de vídeo na Câmara_04.
2026-07-02 06:16:55 [ERROR] MÓDULO CAMARAS: Perda de sinal de vídeo na Câmara_04.
2026-07-02 06:18:24 [CRITICAL] MÓDULO BASE_DADOS: Cópia de segurança (Backup) concluída pelo utilizador 'gestor_seguranca'.
2026-07-02 06:19:05 [ERROR] MÓDULO SENSORES: Sensor de fumos ativo.
2026-07-02 06:19:57 [INFO] MÓDULO BASE_DADOS: Timeout na ligação pelo utilizador 'nuno_gomes'.
2026-07-02 06:20:58 [INFO] MÓDULO AUTENTICACAO: Sessão expirada pelo utilizador 'api_gateway'.
2026-07-02 06:21:53 [CRITICAL] MÓDULO BASE_DADOS: Timeout na ligação pelo utilizador 'ana_silva'.
2026-07-02 06:22:42 [INFO] MÓDULO SENSORES: Movimento detetado no Corredor B.
2026-07-02 06:23:17 [ERROR] MÓDULO BASE_DADOS: Query executada com sucesso pelo utilizador 'mauri'.
2026-07-02 06:24:08 [ERROR] MÓDULO SENSORES: Porta Principal aberta.
2026-07-02 06:25:01 [CRITICAL] MÓDULO CAMARAS: Perda de sinal de vídeo na Câmara_04.
2026-07-02 06:25:31 [INFO] MÓDULO AUTENTICACAO: Falha na palavra-passe pelo utilizador 'admin'.
2026-07-02 06:26:21 [INFO] MÓDULO SENSORES: Sensor de fumos ativo.
2026-07-02 06:27:41 [ERROR] MÓDULO SENSORES: Porta Principal aberta.
2026-07-02 06:28:29 [INFO] MÓDULO CAMARAS: Falha de armazenamento no DVR_02.
2026-07-02 06:29:22 [ERROR] MÓDULO AUTENTICACAO: Falha na palavra-passe pelo utilizador 'admin'.
2026-07-02 06:30:05 [ERROR] MÓDULO SENSORES: Temperatura da Sala de Servidores acima do normal.
2026-07-02 06:30:59 [INFO] MÓDULO AUTENTICACAO: Tentativa de brute-force bloqueada pelo utilizador 'mauri'.
2026-07-02 06:32:11 [INFO] MÓDULO SENSORES: Temperatura da Sala de Servidores acima do normal.
2026-07-02 06:33:02 [ERROR] MÓDULO CAMARAS: Falha de armazenamento no DVR_02.
2026-07-02 06:33:45 [WARNING] MÓDULO AUTENTICACAO: Login efetuado com sucesso pelo utilizador 'admin'.
2026-07-02 06:34:24 [INFO] MÓDULO AUTENTICACAO: Sessão expirada pelo utilizador 'gestor_seguranca'.
2026-07-02 06:35:14 [CRITICAL] MÓDULO CAMARAS: Falha de armazenamento no DVR_02.
2026-07-02 06:35:45 [INFO] MÓDULO CAMARAS: Falha de armazenamento no DVR_02.
2026-07-02 06:36:33 [INFO] MÓDULO SENSORES: Movimento detetado no Corredor B.
2026-07-02 06:38:02 [ERROR] MÓDULO AUTENTICACAO: Falha na palavra-passe pelo utilizador 'ana_silva'.
2026-07-02 06:38:58 [CRITICAL] MÓDULO BASE_DADOS: Query executada com sucesso pelo utilizador 'convidado_01'.
2026-07-02 06:40:20 [CRITICAL] MÓDULO AUTENTICACAO: Sessão expirada pelo utilizador 'mauri'.
2026-07-02 06:41:42 [INFO] MÓDULO AUTENTICACAO: Sessão expirada pelo utilizador 'nuno_gomes'.
2026-07-02 06:42:27 [ERROR] MÓDULO AUTENTICACAO: Sessão expirada pelo utilizador 'nuno_gomes'.
2026-07-02 06:43:05 [WARNING] MÓDULO BASE_DADOS: Query executada com sucesso pelo utilizador 'api_gateway'.
2026-07-02 06:44:12 [WARNING] MÓDULO SENSORES: Movimento detetado no Corredor B.
2026-07-02 06:45:03 [INFO] MÓDULO AUTENTICACAO: Tentativa de brute-force bloqueada pelo utilizador 'gestor_seguranca'.
2026-07-02 06:46:17 [WARNING] MÓDULO AUTENTICACAO: Tentativa de brute-force bloqueada pelo utilizador 'mauri'.
2026-07-02 06:46:47 [INFO] MÓDULO SENSORES: Sensor de fumos ativo.
2026-07-02 06:47:26 [INFO] MÓDULO SENSORES: Temperatura da Sala de Servidores acima do normal.
2026-07-02 06:48:42 [WARNING] MÓDULO BASE_DADOS: Timeout na ligação pelo utilizador 'admin'.
2026-07-02 06:50:03 [INFO] MÓDULO AUTENTICACAO: Falha na palavra-passe pelo utilizador 'ana_silva'.
2026-07-02 06:51:25 [WARNING] MÓDULO CAMARAS: Falha de armazenamento no DVR_02.
2026-07-02 06:52:15 [INFO] MÓDULO BASE_DADOS: Erro de integridade referencial pelo utilizador 'ana_silva'.
2026-07-02 06:52:47 [ERROR] MÓDULO BASE_DADOS: Cópia de segurança (Backup) concluída pelo utilizador 'mauri'.
2026-07-02 06:53:35 [INFO] MÓDULO BASE_DADOS: Query executada com sucesso pelo utilizador 'nuno_gomes'.
2026-07-02 06:54:49 [INFO] MÓDULO AUTENTICACAO: Login efetuado com sucesso pelo utilizador 'api_gateway'.
2026-07-02 06:56:17 [WARNING] MÓDULO BASE_DADOS: Erro de integridade referencial pelo utilizador 'gestor_seguranca'.
2026-07-02 06:57:40 [CRITICAL] MÓDULO BASE_DADOS: Cópia de segurança (Backup) concluída pelo utilizador 'admin'.
2026-07-02 06:58:38 [WARNING] MÓDULO BASE_DADOS: Timeout na ligação pelo utilizador 'convidado_01'.
2026-07-02 06:59:45 [INFO] MÓDULO SENSORES: Sensor de fumos ativo.
2026-07-02 07:01:06 [ERROR] MÓDULO AUTENTICACAO: Falha na palavra-passe pelo utilizador 'ana_silva'.
2026-07-02 07:01:44 [INFO] MÓDULO SENSORES: Temperatura da Sala de Servidores acima do normal.
2026-07-02 07:02:14 [INFO] MÓDULO BASE_DADOS: Timeout na ligação pelo utilizador 'admin'.
2026-07-02 07:03:14 [CRITICAL] MÓDULO CAMARAS: Gravação iniciada por movimento na Câmara_01.
2026-07-02 07:04:16 [INFO] MÓDULO AUTENTICACAO: Login efetuado com sucesso pelo utilizador 'mauri'.
2026-07-02 07:05:02 [WARNING] MÓDULO BASE_DADOS: Erro de integridade referencial pelo utilizador 'nuno_gomes'.
2026-07-02 07:05:34 [WARNING] MÓDULO CAMARAS: Perda de sinal de vídeo na Câmara_04.
2026-07-02 07:06:34 [WARNING] MÓDULO SENSORES: Sensor de fumos ativo.
2026-07-02 07:07:35 [CRITICAL] MÓDULO CAMARAS: Perda de sinal de vídeo na Câmara_04.
2026-07-02 07:08:59 [INFO] MÓDULO AUTENTICACAO: Falha na palavra-passe pelo utilizador 'mauri'.
2026-07-02 07:09:45 [WARNING] MÓDULO AUTENTICACAO: Falha na palavra-passe pelo utilizador 'gestor_seguranca'.
2026-07-02 07:10:22 [INFO] MÓDULO AUTENTICACAO: Tentativa de brute-force bloqueada pelo utilizador 'convidado_01'.
2026-07-02 07:11:08 [CRITICAL] MÓDULO AUTENTICACAO: Login efetuado com sucesso pelo utilizador 'convidado_01'.
2026-07-02 07:12:02 [WARNING] MÓDULO CAMARAS: Falha de armazenamento no DVR_02.
2026-07-02 07:12:38 [ERROR] MÓDULO BASE_DADOS: Timeout na ligação pelo utilizador 'api_gateway'.
2026-07-02 07:13:25 [WARNING] MÓDULO AUTENTICACAO: Falha na palavra-passe pelo utilizador 'convidado_01'.
2026-07-02 07:14:00 [INFO] MÓDULO BASE_DADOS: Erro de integridade referencial pelo utilizador 'api_gateway'.
2026-07-02 07:14:40 [INFO] MÓDULO BASE_DADOS: Erro de integridade referencial pelo utilizador 'nuno_gomes'.
2026-07-02 07:15:11 [CRITICAL] MÓDULO AUTENTICACAO: Tentativa de brute-force bloqueada pelo utilizador 'api_gateway'.
2026-07-02 07:16:41 [ERROR] MÓDULO CAMARAS: Perda de sinal de vídeo na Câmara_04.
2026-07-02 07:17:12 [WARNING] MÓDULO AUTENTICACAO: Tentativa de brute-force bloqueada pelo utilizador 'convidado_01'.
2026-07-02 07:18:25 [INFO] MÓDULO CAMARAS: Gravação iniciada por movimento na Câmara_01.
2026-07-02 07:19:29 [CRITICAL] MÓDULO CAMARAS: Gravação iniciada por movimento na Câmara_01.
2026-07-02 07:20:14 [INFO] MÓDULO BASE_DADOS: Query executada com sucesso pelo utilizador 'convidado_01'.
2026-07-02 07:21:07 [CRITICAL] MÓDULO CAMARAS: Gravação iniciada por movimento na Câmara_01.
2026-07-02 07:21:47 [INFO] MÓDULO BASE_DADOS: Erro de integridade referencial pelo utilizador 'gestor_seguranca'.
2026-07-02 07:22:45 [INFO] MÓDULO BASE_DADOS: Erro de integridade referencial pelo utilizador 'admin'.
2026-07-02 07:23:19 [WARNING] MÓDULO BASE_DADOS: Erro de integridade referencial pelo utilizador 'ana_silva'.
2026-07-02 07:24:07 [INFO] MÓDULO BASE_DADOS: Erro de integridade referencial pelo utilizador 'convidado_01'.
2026-07-02 07:25:14 [INFO] MÓDULO BASE_DADOS: Erro de integridade referencial pelo utilizador 'api_gateway'.
2026-07-02 07:26:22 [ERROR] MÓDULO CAMARAS: Falha de armazenamento no DVR_02.
2026-07-02 07:26:59 [INFO] MÓDULO CAMARAS: Gravação iniciada por movimento na Câmara_01.
2026-07-02 07:27:40 [INFO] MÓDULO SENSORES: Movimento detetado no Corredor B.
2026-07-02 07:28:11 [CRITICAL] MÓDULO BASE_DADOS: Query executada com sucesso pelo utilizador 'gestor_seguranca'.
2026-07-02 07:28:43 [ERROR] MÓDULO CAMARAS: Falha de armazenamento no DVR_02.
2026-07-02 07:29:38 [INFO] MÓDULO CAMARAS: Falha de armazenamento no DVR_02.
2026-07-02 07:30:19 [WARNING] MÓDULO AUTENTICACAO: Falha na palavra-passe pelo utilizador 'gestor_seguranca'.
2026-07-02 07:31:41 [WARNING] MÓDULO AUTENTICACAO: Sessão expirada pelo utilizador 'admin'.
2026-07-02 07:32:17 [CRITICAL] MÓDULO AUTENTICACAO: Tentativa de brute-force bloqueada pelo utilizador 'mauri'.
2026-07-02 07:33:22 [INFO] MÓDULO AUTENTICACAO: Login efetuado com sucesso pelo utilizador 'ana_silva'.
2026-07-02 07:33:53 [WARNING] MÓDULO AUTENTICACAO: Falha na palavra-passe pelo utilizador 'api_gateway'.
2026-07-02 07:34:40 [ERROR] MÓDULO SENSORES: Sensor de fumos ativo.
2026-07-02 07:35:29 [CRITICAL] MÓDULO AUTENTICACAO: Falha na palavra-passe pelo utilizador 'api_gateway'.
2026-07-02 07:36:00 [CRITICAL] MÓDULO SENSORES: Porta Principal aberta.
2026-07-02 07:36:35 [INFO] MÓDULO BASE_DADOS: Erro de integridade referencial pelo utilizador 'nuno_gomes'.
2026-07-02 07:37:17 [WARNING] MÓDULO SENSORES: Movimento detetado no Corredor B.
2026-07-02 07:37:56 [CRITICAL] MÓDULO SENSORES: Sensor de fumos ativo.
2026-07-02 07:39:19 [INFO] MÓDULO SENSORES: Movimento detetado no Corredor B.
2026-07-02 07:39:53 [INFO] MÓDULO SENSORES: Movimento detetado no Corredor B.
2026-07-02 07:40:53 [ERROR] MÓDULO AUTENTICACAO: Login efetuado com sucesso pelo utilizador 'ana_silva'.
2026-07-02 07:42:21 [INFO] MÓDULO AUTENTICACAO: Sessão expirada pelo utilizador 'nuno_gomes'.
2026-07-02 07:43:48 [INFO] MÓDULO SENSORES: Temperatura da Sala de Servidores acima do normal.
2026-07-02 07:44:33 [CRITICAL] MÓDULO SENSORES: Sensor de fumos ativo.
2026-07-02 07:46:03 [INFO] MÓDULO CAMARAS: Falha de armazenamento no DVR_02.
2026-07-02 07:47:20 [ERROR] MÓDULO SENSORES: Sensor de fumos ativo.
2026-07-02 07:48:39 [CRITICAL] MÓDULO BASE_DADOS: Erro de integridade referencial pelo utilizador 'nuno_gomes'.
2026-07-02 07:49:10 [ERROR] MÓDULO SENSORES: Porta Principal aberta.
2026-07-02 07:50:23 [WARNING] MÓDULO BASE_DADOS: Timeout na ligação pelo utilizador 'gestor_seguranca'.
2026-07-02 07:50:57 [INFO] MÓDULO BASE_DADOS: Cópia de segurança (Backup) concluída pelo utilizador 'admin'.
2026-07-02 07:52:04 [ERROR] MÓDULO AUTENTICACAO: Falha na palavra-passe pelo utilizador 'gestor_seguranca'.
2026-07-02 07:52:40 [WARNING] MÓDULO BASE_DADOS: Timeout na ligação pelo utilizador 'api_gateway'.
2026-07-02 07:54:03 [WARNING] MÓDULO CAMARAS: Gravação iniciada por movimento na Câmara_01.
2026-07-02 07:55:09 [ERROR] MÓDULO BASE_DADOS: Query executada com sucesso pelo utilizador 'admin'.
2026-07-02 07:56:12 [ERROR] MÓDULO CAMARAS: Falha de armazenamento no DVR_02.
2026-07-02 07:57:01 [WARNING] MÓDULO CAMARAS: Gravação iniciada por movimento na Câmara_01.
2026-07-02 07:57:44 [INFO] MÓDULO BASE_DADOS: Query executada com sucesso pelo utilizador 'nuno_gomes'.
2026-07-02 07:58:45 [CRITICAL] MÓDULO CAMARAS: Gravação iniciada por movimento na Câmara_01.
2026-07-02 08:00:01 [INFO] MÓDULO BASE_DADOS: Erro de integridade referencial pelo utilizador 'admin'.
2026-07-02 08:01:29 [ERROR] MÓDULO AUTENTICACAO: Login efetuado com sucesso pelo utilizador 'nuno_gomes'.
2026-07-02 08:02:48 [ERROR] MÓDULO SENSORES: Temperatura da Sala de Servidores acima do normal.
2026-07-02 08:03:37 [WARNING] MÓDULO AUTENTICACAO: Login efetuado com sucesso pelo utilizador 'ana_silva'.
2026-07-02 08:04:08 [ERROR] MÓDULO BASE_DADOS: Timeout na ligação pelo utilizador 'api_gateway'.
2026-07-02 08:05:36 [INFO] MÓDULO SENSORES: Temperatura da Sala de Servidores acima do normal.
2026-07-02 08:06:54 [ERROR] MÓDULO CAMARAS: Falha de armazenamento no DVR_02.
2026-07-02 08:07:38 [INFO] MÓDULO AUTENTICACAO: Sessão expirada pelo utilizador 'convidado_01'.
2026-07-02 08:08:56 [ERROR] MÓDULO CAMARAS: Perda de sinal de vídeo na Câmara_04.
2026-07-02 08:10:16 [INFO] MÓDULO BASE_DADOS: Timeout na ligação pelo utilizador 'gestor_seguranca'.
2026-07-02 08:11:07 [WARNING] MÓDULO CAMARAS: Falha de armazenamento no DVR_02.
2026-07-02 08:12:31 [INFO] MÓDULO BASE_DADOS: Query executada com sucesso pelo utilizador 'convidado_01'.
2026-07-02 08:13:11 [CRITICAL] MÓDULO BASE_DADOS: Cópia de segurança (Backup) concluída pelo utilizador 'api_gateway'.
2026-07-02 08:13:58 [ERROR] MÓDULO AUTENTICACAO: Login efetuado com sucesso pelo utilizador 'api_gateway'.
2026-07-02 08:14:41 [INFO] MÓDULO BASE_DADOS: Timeout na ligação pelo utilizador 'admin'.
2026-07-02 08:15:20 [ERROR] MÓDULO SENSORES: Sensor de fumos ativo.
2026-07-02 08:16:02 [ERROR] MÓDULO CAMARAS: Falha de armazenamento no DVR_02.
2026-07-02 08:17:15 [CRITICAL] MÓDULO SENSORES: Temperatura da Sala de Servidores acima do normal.
2026-07-02 08:18:10 [INFO] MÓDULO SENSORES: Porta Principal aberta.
2026-07-02 08:19:11 [WARNING] MÓDULO CAMARAS: Gravação iniciada por movimento na Câmara_01.
2026-07-02 08:20:13 [ERROR] MÓDULO CAMARAS: Perda de sinal de vídeo na Câmara_04.
2026-07-02 08:20:58 [CRITICAL] MÓDULO BASE_DADOS: Timeout na ligação pelo utilizador 'api_gateway'.
2026-07-02 08:21:57 [WARNING] MÓDULO AUTENTICACAO: Falha na palavra-passe pelo utilizador 'admin'.
2026-07-02 08:23:07 [CRITICAL] MÓDULO CAMARAS: Falha de armazenamento no DVR_02.
2026-07-02 08:24:15 [WARNING] MÓDULO CAMARAS: Falha de armazenamento no DVR_02.
2026-07-02 08:25:08 [WARNING] MÓDULO BASE_DADOS: Query executada com sucesso pelo utilizador 'ana_silva'.
2026-07-02 08:26:35 [WARNING] MÓDULO AUTENTICACAO: Sessão expirada pelo utilizador 'convidado_01'.
2026-07-02 08:27:10 [INFO] MÓDULO BASE_DADOS: Query executada com sucesso pelo utilizador 'mauri'.
2026-07-02 08:27:53 [ERROR] MÓDULO AUTENTICACAO: Falha na palavra-passe pelo utilizador 'admin'.
2026-07-02 08:29:06 [INFO] MÓDULO BASE_DADOS: Query executada com sucesso pelo utilizador 'ana_silva'.
2026-07-02 08:29:42 [INFO] MÓDULO CAMARAS: Falha de armazenamento no DVR_02.
2026-07-02 08:30:20 [INFO] MÓDULO SENSORES: Movimento detetado no Corredor B.
2026-07-02 08:31:29 [WARNING] MÓDULO CAMARAS: Perda de sinal de vídeo na Câmara_04.
2026-07-02 08:32:25 [ERROR] MÓDULO AUTENTICACAO: Tentativa de brute-force bloqueada pelo utilizador 'gestor_seguranca'.
2026-07-02 08:33:23 [INFO] MÓDULO BASE_DADOS: Timeout na ligação pelo utilizador 'nuno_gomes'.
2026-07-02 08:34:06 [CRITICAL] MÓDULO AUTENTICACAO: Login efetuado com sucesso pelo utilizador 'gestor_seguranca'.
2026-07-02 08:35:07 [INFO] MÓDULO SENSORES: Sensor de fumos ativo.
2026-07-02 08:36:30 [INFO] MÓDULO AUTENTICACAO: Tentativa de brute-force bloqueada pelo utilizador 'admin'.
2026-07-02 08:37:42 [CRITICAL] MÓDULO BASE_DADOS: Query executada com sucesso pelo utilizador 'ana_silva'.
2026-07-02 08:38:40 [CRITICAL] MÓDULO SENSORES: Movimento detetado no Corredor B.
2026-07-02 08:39:54 [ERROR] MÓDULO SENSORES: Porta Principal aberta.
2026-07-02 08:40:53 [INFO] MÓDULO SENSORES: Sensor de fumos ativo.
2026-07-02 08:41:26 [WARNING] MÓDULO SENSORES: Temperatura da Sala de Servidores acima do normal.
2026-07-02 08:42:29 [CRITICAL] MÓDULO SENSORES: Temperatura da Sala de Servidores acima do normal.
2026-07-02 08:43:11 [ERROR] MÓDULO AUTENTICACAO: Falha na palavra-passe pelo utilizador 'mauri'.
2026-07-02 08:43:57 [CRITICAL] MÓDULO AUTENTICACAO: Falha na palavra-passe pelo utilizador 'convidado_01'.
2026-07-02 08:45:17 [ERROR] MÓDULO BASE_DADOS: Cópia de segurança (Backup) concluída pelo utilizador 'api_gateway'.
2026-07-02 08:46:31 [INFO] MÓDULO CAMARAS: Gravação iniciada por movimento na Câmara_01.
2026-07-02 08:47:53 [WARNING] MÓDULO SENSORES: Movimento detetado no Corredor B.
2026-07-02 08:48:23 [INFO] MÓDULO SENSORES: Porta Principal aberta.
2026-07-02 08:49:23 [ERROR] MÓDULO SENSORES: Porta Principal aberta.
2026-07-02 08:50:36 [WARNING] MÓDULO SENSORES: Movimento detetado no Corredor B.
2026-07-02 08:51:21 [INFO] MÓDULO CAMARAS: Perda de sinal de vídeo na Câmara_04.
2026-07-02 08:51:58 [CRITICAL] MÓDULO BASE_DADOS: Cópia de segurança (Backup) concluída pelo utilizador 'mauri'.
2026-07-02 08:53:28 [ERROR] MÓDULO CAMARAS: Gravação iniciada por movimento na Câmara_01.
2026-07-02 08:54:09 [ERROR] MÓDULO SENSORES: Movimento detetado no Corredor B.
2026-07-02 08:55:17 [INFO] MÓDULO CAMARAS: Falha de armazenamento no DVR_02.
2026-07-02 08:56:09 [WARNING] MÓDULO BASE_DADOS: Timeout na ligação pelo utilizador 'api_gateway'.
2026-07-02 08:57:10 [ERROR] MÓDULO BASE_DADOS: Erro de integridade referencial pelo utilizador 'convidado_01'.
2026-07-02 08:58:22 [INFO] MÓDULO AUTENTICACAO: Tentativa de brute-force bloqueada pelo utilizador 'nuno_gomes'.
2026-07-02 08:59:36 [CRITICAL] MÓDULO BASE_DADOS: Query executada com sucesso pelo utilizador 'mauri'.
2026-07-02 09:00:59 [ERROR] MÓDULO CAMARAS: Perda de sinal de vídeo na Câmara_04.
2026-07-02 09:01:43 [INFO] MÓDULO BASE_DADOS: Timeout na ligação pelo utilizador 'gestor_seguranca'.
2026-07-02 09:02:54 [INFO] MÓDULO BASE_DADOS: Timeout na ligação pelo utilizador 'convidado_01'.
2026-07-02 09:04:20 [ERROR] MÓDULO AUTENTICACAO: Login efetuado com sucesso pelo utilizador 'admin'.
2026-07-02 09:04:59 [WARNING] MÓDULO BASE_DADOS: Timeout na ligação pelo utilizador 'api_gateway'.
2026-07-02 09:06:15 [WARNING] MÓDULO AUTENTICACAO: Tentativa de brute-force bloqueada pelo utilizador 'ana_silva'.
2026-07-02 09:07:44 [INFO] MÓDULO SENSORES: Porta Principal aberta.
2026-07-02 09:08:56 [INFO] MÓDULO AUTENTICACAO: Sessão expirada pelo utilizador 'gestor_seguranca'.
2026-07-02 09:09:37 [ERROR] MÓDULO CAMARAS: Falha de armazenamento no DVR_02.
2026-07-02 09:10:10 [CRITICAL] MÓDULO CAMARAS: Gravação iniciada por movimento na Câmara_01.
2026-07-02 09:11:28 [WARNING] MÓDULO AUTENTICACAO: Sessão expirada pelo utilizador 'nuno_gomes'.
2026-07-02 09:12:34 [ERROR] MÓDULO SENSORES: Sensor de fumos ativo.
2026-07-02 09:13:44 [ERROR] MÓDULO CAMARAS: Gravação iniciada por movimento na Câmara_01.
2026-07-02 09:14:57 [ERROR] MÓDULO SENSORES: Movimento detetado no Corredor B.
2026-07-02 09:15:56 [ERROR] MÓDULO CAMARAS: Perda de sinal de vídeo na Câmara_04.
2026-07-02 09:17:05 [CRITICAL] MÓDULO AUTENTICACAO: Login efetuado com sucesso pelo utilizador 'ana_silva'.
2026-07-02 09:17:58 [CRITICAL] MÓDULO BASE_DADOS: Timeout na ligação pelo utilizador 'admin'.
2026-07-02 09:19:05 [ERROR] MÓDULO BASE_DADOS: Query executada com sucesso pelo utilizador 'nuno_gomes'.
2026-07-02 09:20:24 [WARNING] MÓDULO SENSORES: Sensor de fumos ativo.
2026-07-02 09:21:14 [WARNING] MÓDULO SENSORES: Sensor de fumos ativo.
2026-07-02 09:22:04 [INFO] MÓDULO BASE_DADOS: Cópia de segurança (Backup) concluída pelo utilizador 'ana_silva'.
2026-07-02 09:23:02 [INFO] MÓDULO CAMARAS: Gravação iniciada por movimento na Câmara_01.
2026-07-02 09:24:29 [WARNING] MÓDULO SENSORES: Porta Principal aberta.
2026-07-02 09:25:54 [CRITICAL] MÓDULO SENSORES: Sensor de fumos ativo.
2026-07-02 09:26:28 [ERROR] MÓDULO SENSORES: Porta Principal aberta.
2026-07-02 09:27:52 [ERROR] MÓDULO CAMARAS: Falha de armazenamento no DVR_02.
2026-07-02 09:28:24 [ERROR] MÓDULO AUTENTICACAO: Sessão expirada pelo utilizador 'convidado_01'.
2026-07-02 09:29:23 [INFO] MÓDULO CAMARAS: Perda de sinal de vídeo na Câmara_04.
2026-07-02 09:30:20 [INFO] MÓDULO CAMARAS: Falha de armazenamento no DVR_02.
2026-07-02 09:31:47 [INFO] MÓDULO CAMARAS: Falha de armazenamento no DVR_02.
2026-07-02 09:32:30 [CRITICAL] MÓDULO SENSORES: Sensor de fumos ativo.
2026-07-02 09:33:53 [WARNING] MÓDULO CAMARAS: Gravação iniciada por movimento na Câmara_01.
2026-07-02 09:34:42 [CRITICAL] MÓDULO SENSORES: Sensor de fumos ativo.
2026-07-02 09:35:50 [CRITICAL] MÓDULO BASE_DADOS: Cópia de segurança (Backup) concluída pelo utilizador 'ana_silva'.
2026-07-02 09:36:48 [ERROR] MÓDULO AUTENTICACAO: Sessão expirada pelo utilizador 'ana_silva'.
2026-07-02 09:37:55 [INFO] MÓDULO AUTENTICACAO: Falha na palavra-passe pelo utilizador 'admin'.
2026-07-02 09:38:34 [INFO] MÓDULO AUTENTICACAO: Login efetuado com sucesso pelo utilizador 'gestor_seguranca'.
2026-07-02 09:39:36 [CRITICAL] MÓDULO CAMARAS: Falha de armazenamento no DVR_02.
2026-07-02 09:40:21 [INFO] MÓDULO AUTENTICACAO: Sessão expirada pelo utilizador 'nuno_gomes'.
2026-07-02 09:41:00 [INFO] MÓDULO SENSORES: Movimento detetado no Corredor B.
2026-07-02 09:41:49 [INFO] MÓDULO SENSORES: Temperatura da Sala de Servidores acima do normal.
2026-07-02 09:43:14 [INFO] MÓDULO SENSORES: Sensor de fumos ativo.
2026-07-02 09:44:06 [ERROR] MÓDULO CAMARAS: Gravação iniciada por movimento na Câmara_01.
2026-07-02 09:44:55 [CRITICAL] MÓDULO CAMARAS: Gravação iniciada por movimento na Câmara_01.
2026-07-02 09:45:44 [INFO] MÓDULO CAMARAS: Falha de armazenamento no DVR_02.
2026-07-02 09:47:03 [INFO] MÓDULO BASE_DADOS: Erro de integridade referencial pelo utilizador 'gestor_seguranca'.
2026-07-02 09:48:31 [INFO] MÓDULO BASE_DADOS: Erro de integridade referencial pelo utilizador 'admin'.
2026-07-02 09:49:52 [INFO] MÓDULO AUTENTICACAO: Falha na palavra-passe pelo utilizador 'api_gateway'.
2026-07-02 09:50:54 [INFO] MÓDULO CAMARAS: Gravação iniciada por movimento na Câmara_01.
2026-07-02 09:51:41 [INFO] MÓDULO CAMARAS: Falha de armazenamento no DVR_02.
2026-07-02 09:52:24 [CRITICAL] MÓDULO AUTENTICACAO: Falha na palavra-passe pelo utilizador 'admin'.
2026-07-02 09:53:30 [ERROR] MÓDULO AUTENTICACAO: Falha na palavra-passe pelo utilizador 'ana_silva'.
2026-07-02 09:54:04 [CRITICAL] MÓDULO CAMARAS: Perda de sinal de vídeo na Câmara_04.
2026-07-02 09:54:52 [WARNING] MÓDULO BASE_DADOS: Query executada com sucesso pelo utilizador 'mauri'.
2026-07-02 09:55:35 [ERROR] MÓDULO CAMARAS: Gravação iniciada por movimento na Câmara_01.
2026-07-02 09:56:46 [INFO] MÓDULO SENSORES: Porta Principal aberta.
2026-07-02 09:57:31 [ERROR] MÓDULO AUTENTICACAO: Tentativa de brute-force bloqueada pelo utilizador 'mauri'.
2026-07-02 09:58:23 [INFO] MÓDULO SENSORES: Sensor de fumos ativo.
2026-07-02 09:59:00 [ERROR] MÓDULO BASE_DADOS: Query executada com sucesso pelo utilizador 'convidado_01'.
2026-07-02 10:00:11 [WARNING] MÓDULO SENSORES: Temperatura da Sala de Servidores acima do normal.
2026-07-02 10:00:42 [INFO] MÓDULO AUTENTICACAO: Login efetuado com sucesso pelo utilizador 'api_gateway'.
2026-07-02 10:01:33 [ERROR] MÓDULO AUTENTICACAO: Login efetuado com sucesso pelo utilizador 'ana_silva'.
2026-07-02 10:02:42 [INFO] MÓDULO AUTENTICACAO: Login efetuado com sucesso pelo utilizador 'api_gateway'.
2026-07-02 10:03:31 [INFO] MÓDULO SENSORES: Porta Principal aberta.
2026-07-02 10:04:03 [ERROR] MÓDULO SENSORES: Porta Principal aberta.
2026-07-02 10:05:17 [CRITICAL] MÓDULO SENSORES: Sensor de fumos ativo.
2026-07-02 10:05:50 [CRITICAL] MÓDULO CAMARAS: Perda de sinal de vídeo na Câmara_04.
2026-07-02 10:07:14 [INFO] MÓDULO SENSORES: Porta Principal aberta.
2026-07-02 10:07:56 [INFO] MÓDULO BASE_DADOS: Erro de integridade referencial pelo utilizador 'ana_silva'.
2026-07-02 10:09:18 [WARNING] MÓDULO SENSORES: Movimento detetado no Corredor B.
2026-07-02 10:10:17 [INFO] MÓDULO CAMARAS: Falha de armazenamento no DVR_02.
2026-07-02 10:11:45 [CRITICAL] MÓDULO CAMARAS: Gravação iniciada por movimento na Câmara_01.
2026-07-02 10:12:59 [WARNING] MÓDULO AUTENTICACAO: Falha na palavra-passe pelo utilizador 'api_gateway'.
2026-07-02 10:13:39 [ERROR] MÓDULO AUTENTICACAO: Falha na palavra-passe pelo utilizador 'gestor_seguranca'.
2026-07-02 10:15:01 [ERROR] MÓDULO SENSORES: Temperatura da Sala de Servidores acima do normal.
2026-07-02 10:16:27 [INFO] MÓDULO BASE_DADOS: Query executada com sucesso pelo utilizador 'gestor_seguranca'.
2026-07-02 10:17:50 [WARNING] MÓDULO AUTENTICACAO: Falha na palavra-passe pelo utilizador 'admin'.
2026-07-02 10:18:29 [ERROR] MÓDULO AUTENTICACAO: Tentativa de brute-force bloqueada pelo utilizador 'convidado_01'.
2026-07-02 10:19:19 [WARNING] MÓDULO AUTENTICACAO: Tentativa de brute-force bloqueada pelo utilizador 'convidado_01'.
2026-07-02 10:20:30 [WARNING] MÓDULO SENSORES: Movimento detetado no Corredor B.
2026-07-02 10:21:19 [INFO] MÓDULO BASE_DADOS: Query executada com sucesso pelo utilizador 'mauri'.
2026-07-02 10:22:28 [INFO] MÓDULO SENSORES: Movimento detetado no Corredor B.
2026-07-02 10:22:58 [WARNING] MÓDULO BASE_DADOS: Timeout na ligação pelo utilizador 'ana_silva'.
2026-07-02 10:24:06 [INFO] MÓDULO AUTENTICACAO: Login efetuado com sucesso pelo utilizador 'convidado_01'.
2026-07-02 10:24:55 [CRITICAL] MÓDULO BASE_DADOS: Query executada com sucesso pelo utilizador 'api_gateway'.
2026-07-02 10:25:52 [INFO] MÓDULO SENSORES: Movimento detetado no Corredor B.
2026-07-02 10:27:01 [CRITICAL] MÓDULO SENSORES: Porta Principal aberta.
2026-07-02 10:27:35 [INFO] MÓDULO CAMARAS: Falha de armazenamento no DVR_02.
2026-07-02 10:28:54 [INFO] MÓDULO BASE_DADOS: Query executada com sucesso pelo utilizador 'api_gateway'.
2026-07-02 10:30:01 [CRITICAL] MÓDULO SENSORES: Sensor de fumos ativo.
2026-07-02 10:31:15 [ERROR] MÓDULO BASE_DADOS: Cópia de segurança (Backup) concluída pelo utilizador 'ana_silva'.
2026-07-02 10:31:57 [WARNING] MÓDULO AUTENTICACAO: Tentativa de brute-force bloqueada pelo utilizador 'api_gateway'.
2026-07-02 10:32:55 [CRITICAL] MÓDULO CAMARAS: Gravação iniciada por movimento na Câmara_01.
2026-07-02 10:34:16 [INFO] MÓDULO BASE_DADOS: Cópia de segurança (Backup) concluída pelo utilizador 'convidado_01'.
2026-07-02 10:35:14 [INFO] MÓDULO SENSORES: Temperatura da Sala de Servidores acima do normal.
2026-07-02 10:35:47 [INFO] MÓDULO SENSORES: Temperatura da Sala de Servidores acima do normal.
2026-07-02 10:36:19 [WARNING] MÓDULO AUTENTICACAO: Sessão expirada pelo utilizador 'admin'.
2026-07-02 10:37:18 [CRITICAL] MÓDULO AUTENTICACAO: Sessão expirada pelo utilizador 'nuno_gomes'.
2026-07-02 10:38:13 [INFO] MÓDULO SENSORES: Porta Principal aberta.
2026-07-02 10:39:38 [INFO] MÓDULO AUTENTICACAO: Sessão expirada pelo utilizador 'ana_silva'.
2026-07-02 10:40:33 [INFO] MÓDULO SENSORES: Temperatura da Sala de Servidores acima do normal.
2026-07-02 10:41:47 [INFO] MÓDULO CAMARAS: Perda de sinal de vídeo na Câmara_04.
2026-07-02 10:43:06 [INFO] MÓDULO BASE_DADOS: Cópia de segurança (Backup) concluída pelo utilizador 'gestor_seguranca'.
2026-07-02 10:44:34 [WARNING] MÓDULO SENSORES: Sensor de fumos ativo.
2026-07-02 10:45:31 [ERROR] MÓDULO AUTENTICACAO: Tentativa de brute-force bloqueada pelo utilizador 'api_gateway'.
2026-07-02 10:46:24 [ERROR] MÓDULO CAMARAS: Falha de armazenamento no DVR_02.
2026-07-02 10:47:47 [INFO] MÓDULO AUTENTICACAO: Tentativa de brute-force bloqueada pelo utilizador 'convidado_01'.
2026-07-02 10:49:00 [ERROR] MÓDULO CAMARAS: Perda de sinal de vídeo na Câmara_04.
2026-07-02 10:49:51 [CRITICAL] MÓDULO BASE_DADOS: Query executada com sucesso pelo utilizador 'convidado_01'.
2026-07-02 10:50:56 [CRITICAL] MÓDULO BASE_DADOS: Erro de integridade referencial pelo utilizador 'gestor_seguranca'.
2026-07-02 10:51:29 [WARNING] MÓDULO CAMARAS: Falha de armazenamento no DVR_02.
2026-07-02 10:52:59 [INFO] MÓDULO CAMARAS: Falha de armazenamento no DVR_02.
2026-07-02 10:53:31 [WARNING] MÓDULO CAMARAS: Perda de sinal de vídeo na Câmara_04.
2026-07-02 10:54:37 [ERROR] MÓDULO SENSORES: Porta Principal aberta.
2026-07-02 10:55:47 [INFO] MÓDULO BASE_DADOS: Timeout na ligação pelo utilizador 'gestor_seguranca'.
2026-07-02 10:57:05 [INFO] MÓDULO AUTENTICACAO: Tentativa de brute-force bloqueada pelo utilizador 'ana_silva'.
2026-07-02 10:58:11 [WARNING] MÓDULO BASE_DADOS: Timeout na ligação pelo utilizador 'ana_silva'.
2026-07-02 10:58:41 [INFO] MÓDULO AUTENTICACAO: Sessão expirada pelo utilizador 'gestor_seguranca'.
2026-07-02 10:59:49 [INFO] MÓDULO BASE_DADOS: Query executada com sucesso pelo utilizador 'ana_silva'.
2026-07-02 11:01:01 [INFO] MÓDULO CAMARAS: Gravação iniciada por movimento na Câmara_01.
2026-07-02 11:02:22 [INFO] MÓDULO BASE_DADOS: Erro de integridade referencial pelo utilizador 'gestor_seguranca'.
2026-07-02 11:02:56 [CRITICAL] MÓDULO AUTENTICACAO: Sessão expirada pelo utilizador 'convidado_01'.
2026-07-02 11:04:16 [ERROR] MÓDULO SENSORES: Temperatura da Sala de Servidores acima do normal.
2026-07-02 11:05:29 [ERROR] MÓDULO SENSORES: Porta Principal aberta.
2026-07-02 11:06:40 [WARNING] MÓDULO BASE_DADOS: Timeout na ligação pelo utilizador 'convidado_01'.
2026-07-02 11:07:43 [CRITICAL] MÓDULO CAMARAS: Gravação iniciada por movimento na Câmara_01.
2026-07-02 11:08:37 [ERROR] MÓDULO BASE_DADOS: Timeout na ligação pelo utilizador 'nuno_gomes'.
2026-07-02 11:09:34 [CRITICAL] MÓDULO SENSORES: Porta Principal aberta.
2026-07-02 11:10:21 [ERROR] MÓDULO AUTENTICACAO: Falha na palavra-passe pelo utilizador 'mauri'.
2026-07-02 11:11:35 [INFO] MÓDULO AUTENTICACAO: Falha na palavra-passe pelo utilizador 'ana_silva'.
2026-07-02 11:12:59 [INFO] MÓDULO AUTENTICACAO: Sessão expirada pelo utilizador 'convidado_01'.
2026-07-02 11:14:26 [INFO] MÓDULO SENSORES: Porta Principal aberta.
2026-07-02 11:15:25 [INFO] MÓDULO CAMARAS: Gravação iniciada por movimento na Câmara_01.
2026-07-02 11:16:19 [INFO] MÓDULO SENSORES: Sensor de fumos ativo.
2026-07-02 11:16:53 [ERROR] MÓDULO CAMARAS: Perda de sinal de vídeo na Câmara_04.
2026-07-02 11:17:41 [ERROR] MÓDULO CAMARAS: Gravação iniciada por movimento na Câmara_01.
2026-07-02 11:18:37 [ERROR] MÓDULO SENSORES: Porta Principal aberta.
2026-07-02 11:19:23 [INFO] MÓDULO AUTENTICACAO: Sessão expirada pelo utilizador 'admin'.
2026-07-02 11:19:55 [ERROR] MÓDULO SENSORES: Movimento detetado no Corredor B.
2026-07-02 11:21:16 [INFO] MÓDULO CAMARAS: Perda de sinal de vídeo na Câmara_04.
2026-07-02 11:22:26 [INFO] MÓDULO CAMARAS: Falha de armazenamento no DVR_02.
2026-07-02 11:23:44 [CRITICAL] MÓDULO SENSORES: Sensor de fumos ativo.
2026-07-02 11:24:37 [INFO] MÓDULO BASE_DADOS: Timeout na ligação pelo utilizador 'ana_silva'.
2026-07-02 11:25:22 [INFO] MÓDULO BASE_DADOS: Erro de integridade referencial pelo utilizador 'ana_silva'.
2026-07-02 11:26:02 [ERROR] MÓDULO AUTENTICACAO: Sessão expirada pelo utilizador 'admin'.
2026-07-02 11:27:04 [ERROR] MÓDULO AUTENTICACAO: Sessão expirada pelo utilizador 'ana_silva'.
2026-07-02 11:28:24 [INFO] MÓDULO CAMARAS: Gravação iniciada por movimento na Câmara_01.
2026-07-02 11:29:25 [ERROR] MÓDULO AUTENTICACAO: Tentativa de brute-force bloqueada pelo utilizador 'admin'.
2026-07-02 11:29:57 [INFO] MÓDULO AUTENTICACAO: Login efetuado com sucesso pelo utilizador 'mauri'.
2026-07-02 11:30:52 [INFO] MÓDULO AUTENTICACAO: Tentativa de brute-force bloqueada pelo utilizador 'gestor_seguranca'.
2026-07-02 11:31:50 [ERROR] MÓDULO CAMARAS: Gravação iniciada por movimento na Câmara_01.
2026-07-02 11:32:22 [INFO] MÓDULO AUTENTICACAO: Login efetuado com sucesso pelo utilizador 'gestor_seguranca'.
2026-07-02 11:33:48 [CRITICAL] MÓDULO BASE_DADOS: Cópia de segurança (Backup) concluída pelo utilizador 'admin'.
2026-07-02 11:35:06 [INFO] MÓDULO SENSORES: Temperatura da Sala de Servidores acima do normal.
2026-07-02 11:36:28 [ERROR] MÓDULO BASE_DADOS: Erro de integridade referencial pelo utilizador 'admin'.
2026-07-02 11:37:40 [INFO] MÓDULO CAMARAS: Perda de sinal de vídeo na Câmara_04.
2026-07-02 11:38:15 [INFO] MÓDULO SENSORES: Temperatura da Sala de Servidores acima do normal.
2026-07-02 11:39:36 [INFO] MÓDULO AUTENTICACAO: Falha na palavra-passe pelo utilizador 'mauri'.
2026-07-02 11:41:04 [INFO] MÓDULO AUTENTICACAO: Sessão expirada pelo utilizador 'admin'.
2026-07-02 11:42:11 [INFO] MÓDULO SENSORES: Sensor de fumos ativo.
2026-07-02 11:43:38 [INFO] MÓDULO CAMARAS: Falha de armazenamento no DVR_02.
2026-07-02 11:44:31 [INFO] MÓDULO SENSORES: Sensor de fumos ativo.
2026-07-02 11:45:12 [ERROR] MÓDULO CAMARAS: Gravação iniciada por movimento na Câmara_01.
2026-07-02 11:46:20 [WARNING] MÓDULO AUTENTICACAO: Falha na palavra-passe pelo utilizador 'ana_silva'.
2026-07-02 11:47:26 [ERROR] MÓDULO BASE_DADOS: Query executada com sucesso pelo utilizador 'mauri'.
2026-07-02 11:48:01 [INFO] MÓDULO SENSORES: Sensor de fumos ativo.
2026-07-02 11:48:47 [INFO] MÓDULO BASE_DADOS: Cópia de segurança (Backup) concluída pelo utilizador 'gestor_seguranca'.
2026-07-02 11:49:50 [CRITICAL] MÓDULO SENSORES: Movimento detetado no Corredor B.
2026-07-02 11:51:16 [CRITICAL] MÓDULO BASE_DADOS: Erro de integridade referencial pelo utilizador 'api_gateway'.
2026-07-02 11:52:07 [INFO] MÓDULO SENSORES: Sensor de fumos ativo.
2026-07-02 11:53:14 [INFO] MÓDULO SENSORES: Porta Principal aberta.
2026-07-02 11:53:54 [WARNING] MÓDULO CAMARAS: Gravação iniciada por movimento na Câmara_01.
2026-07-02 11:54:53 [ERROR] MÓDULO AUTENTICACAO: Login efetuado com sucesso pelo utilizador 'nuno_gomes'.
2026-07-02 11:55:59 [INFO] MÓDULO CAMARAS: Perda de sinal de vídeo na Câmara_04.
2026-07-02 11:57:03 [WARNING] MÓDULO SENSORES: Temperatura da Sala de Servidores acima do normal.
2026-07-02 11:58:12 [ERROR] MÓDULO BASE_DADOS: Query executada com sucesso pelo utilizador 'admin'.
2026-07-02 11:59:36 [WARNING] MÓDULO AUTENTICACAO: Login efetuado com sucesso pelo utilizador 'api_gateway'.
2026-07-02 12:00:41 [INFO] MÓDULO AUTENTICACAO: Sessão expirada pelo utilizador 'api_gateway'.
2026-07-02 12:01:37 [INFO] MÓDULO CAMARAS: Perda de sinal de vídeo na Câmara_04.
2026-07-02 12:02:07 [INFO] MÓDULO BASE_DADOS: Cópia de segurança (Backup) concluída pelo utilizador 'admin'.
2026-07-02 12:03:25 [WARNING] MÓDULO SENSORES: Temperatura da Sala de Servidores acima do normal.
2026-07-02 12:04:23 [CRITICAL] MÓDULO BASE_DADOS: Query executada com sucesso pelo utilizador 'convidado_01'.
2026-07-02 12:04:57 [WARNING] MÓDULO SENSORES: Porta Principal aberta.
2026-07-02 12:06:05 [CRITICAL] MÓDULO CAMARAS: Perda de sinal de vídeo na Câmara_04.
2026-07-02 12:06:47 [WARNING] MÓDULO AUTENTICACAO: Sessão expirada pelo utilizador 'gestor_seguranca'.
2026-07-02 12:07:43 [INFO] MÓDULO AUTENTICACAO: Falha na palavra-passe pelo utilizador 'mauri'.
2026-07-02 12:09:04 [INFO] MÓDULO SENSORES: Temperatura da Sala de Servidores acima do normal.
2026-07-02 12:09:34 [INFO] MÓDULO SENSORES: Porta Principal aberta.
2026-07-02 12:10:20 [INFO] MÓDULO AUTENTICACAO: Falha na palavra-passe pelo utilizador 'ana_silva'.
2026-07-02 12:11:17 [INFO] MÓDULO BASE_DADOS: Erro de integridade referencial pelo utilizador 'convidado_01'.
2026-07-02 12:12:34 [ERROR] MÓDULO SENSORES: Sensor de fumos ativo.
2026-07-02 12:13:10 [INFO] MÓDULO CAMARAS: Gravação iniciada por movimento na Câmara_01.
2026-07-02 12:13:51 [CRITICAL] MÓDULO AUTENTICACAO: Sessão expirada pelo utilizador 'admin'.
2026-07-02 12:15:09 [CRITICAL] MÓDULO SENSORES: Movimento detetado no Corredor B.
2026-07-02 12:16:25 [INFO] MÓDULO BASE_DADOS: Erro de integridade referencial pelo utilizador 'nuno_gomes'.
2026-07-02 12:17:09 [ERROR] MÓDULO SENSORES: Porta Principal aberta.
2026-07-02 12:18:33 [ERROR] MÓDULO AUTENTICACAO: Tentativa de brute-force bloqueada pelo utilizador 'convidado_01'.
2026-07-02 12:19:35 [INFO] MÓDULO CAMARAS: Perda de sinal de vídeo na Câmara_04.
2026-07-02 12:20:52 [INFO] MÓDULO BASE_DADOS: Cópia de segurança (Backup) concluída pelo utilizador 'gestor_seguranca'.
2026-07-02 12:21:49 [WARNING] MÓDULO BASE_DADOS: Erro de integridade referencial pelo utilizador 'admin'.
2026-07-02 12:23:04 [ERROR] MÓDULO CAMARAS: Falha de armazenamento no DVR_02.
2026-07-02 12:24:05 [INFO] MÓDULO CAMARAS: Falha de armazenamento no DVR_02.
2026-07-02 12:24:50 [INFO] MÓDULO SENSORES: Sensor de fumos ativo.
2026-07-02 12:25:26 [ERROR] MÓDULO CAMARAS: Perda de sinal de vídeo na Câmara_04.
2026-07-02 12:26:24 [INFO] MÓDULO SENSORES: Porta Principal aberta.
2026-07-02 12:27:32 [CRITICAL] MÓDULO SENSORES: Sensor de fumos ativo.
2026-07-02 12:29:01 [ERROR] MÓDULO SENSORES: Temperatura da Sala de Servidores acima do normal.
2026-07-02 12:29:54 [CRITICAL] MÓDULO BASE_DADOS: Erro de integridade referencial pelo utilizador 'mauri'.
2026-07-02 12:31:12 [ERROR] MÓDULO AUTENTICACAO: Login efetuado com sucesso pelo utilizador 'mauri'.
2026-07-02 12:32:27 [CRITICAL] MÓDULO AUTENTICACAO: Sessão expirada pelo utilizador 'convidado_01'.
2026-07-02 12:33:25 [INFO] MÓDULO BASE_DADOS: Query executada com sucesso pelo utilizador 'admin'.
2026-07-02 12:34:33 [INFO] MÓDULO AUTENTICACAO: Login efetuado com sucesso pelo utilizador 'convidado_01'.
2026-07-02 12:35:53 [INFO] MÓDULO CAMARAS: Gravação iniciada por movimento na Câmara_01.
2026-07-02 12:37:13 [WARNING] MÓDULO SENSORES: Temperatura da Sala de Servidores acima do normal.
2026-07-02 12:38:38 [ERROR] MÓDULO SENSORES: Sensor de fumos ativo.
2026-07-02 12:39:44 [ERROR] MÓDULO SENSORES: Porta Principal aberta.
2026-07-02 12:40:31 [WARNING] MÓDULO AUTENTICACAO: Falha na palavra-passe pelo utilizador 'admin'.
2026-07-02 12:41:22 [ERROR] MÓDULO CAMARAS: Gravação iniciada por movimento na Câmara_01.
2026-07-02 12:42:16 [INFO] MÓDULO BASE_DADOS: Query executada com sucesso pelo utilizador 'ana_silva'.
2026-07-02 12:43:25 [WARNING] MÓDULO CAMARAS: Falha de armazenamento no DVR_02.
2026-07-02 12:44:20 [ERROR] MÓDULO CAMARAS: Perda de sinal de vídeo na Câmara_04.
2026-07-02 12:45:20 [INFO] MÓDULO CAMARAS: Perda de sinal de vídeo na Câmara_04.
2026-07-02 12:46:33 [ERROR] MÓDULO CAMARAS: Falha de armazenamento no DVR_02.
2026-07-02 12:47:38 [WARNING] MÓDULO SENSORES: Movimento detetado no Corredor B.
2026-07-02 12:48:23 [CRITICAL] MÓDULO AUTENTICACAO: Login efetuado com sucesso pelo utilizador 'nuno_gomes'.
2026-07-02 12:49:05 [WARNING] MÓDULO CAMARAS: Falha de armazenamento no DVR_02.
2026-07-02 12:50:33 [WARNING] MÓDULO SENSORES: Movimento detetado no Corredor B.
2026-07-02 12:51:30 [INFO] MÓDULO AUTENTICACAO: Login efetuado com sucesso pelo utilizador 'ana_silva'.
2026-07-02 12:52:51 [ERROR] MÓDULO CAMARAS: Perda de sinal de vídeo na Câmara_04.
2026-07-02 12:54:02 [INFO] MÓDULO CAMARAS: Gravação iniciada por movimento na Câmara_01.
2026-07-02 12:55:22 [CRITICAL] MÓDULO BASE_DADOS: Cópia de segurança (Backup) concluída pelo utilizador 'gestor_seguranca'.
2026-07-02 12:56:02 [CRITICAL] MÓDULO SENSORES: Sensor de fumos ativo.
2026-07-02 12:57:22 [ERROR] MÓDULO CAMARAS: Perda de sinal de vídeo na Câmara_04.
2026-07-02 12:58:09 [INFO] MÓDULO SENSORES: Movimento detetado no Corredor B.
2026-07-02 12:59:23 [INFO] MÓDULO BASE_DADOS: Timeout na ligação pelo utilizador 'mauri'.
2026-07-02 13:00:06 [WARNING] MÓDULO BASE_DADOS: Query executada com sucesso pelo utilizador 'nuno_gomes'.
2026-07-02 13:01:18 [ERROR] MÓDULO AUTENTICACAO: Falha na palavra-passe pelo utilizador 'api_gateway'.
2026-07-02 13:02:22 [ERROR] MÓDULO AUTENTICACAO: Falha na palavra-passe pelo utilizador 'gestor_seguranca'.
2026-07-02 13:03:30 [WARNING] MÓDULO SENSORES: Porta Principal aberta.
2026-07-02 13:04:52 [INFO] MÓDULO AUTENTICACAO: Sessão expirada pelo utilizador 'nuno_gomes'.
2026-07-02 13:05:42 [INFO] MÓDULO CAMARAS: Falha de armazenamento no DVR_02.
2026-07-02 13:07:08 [WARNING] MÓDULO CAMARAS: Perda de sinal de vídeo na Câmara_04.
2026-07-02 13:08:24 [CRITICAL] MÓDULO CAMARAS: Falha de armazenamento no DVR_02.
2026-07-02 13:08:59 [INFO] MÓDULO SENSORES: Porta Principal aberta.
2026-07-02 13:10:22 [INFO] MÓDULO AUTENTICACAO: Sessão expirada pelo utilizador 'convidado_01'.
2026-07-02 13:11:15 [INFO] MÓDULO SENSORES: Temperatura da Sala de Servidores acima do normal.
2026-07-02 13:11:53 [INFO] MÓDULO BASE_DADOS: Timeout na ligação pelo utilizador 'mauri'.
2026-07-02 13:13:17 [CRITICAL] MÓDULO CAMARAS: Gravação iniciada por movimento na Câmara_01.
2026-07-02 13:14:19 [INFO] MÓDULO CAMARAS: Gravação iniciada por movimento na Câmara_01.
2026-07-02 13:14:57 [ERROR] MÓDULO BASE_DADOS: Timeout na ligação pelo utilizador 'mauri'.
2026-07-02 13:16:02 [ERROR] MÓDULO SENSORES: Temperatura da Sala de Servidores acima do normal.
2026-07-02 13:16:46 [ERROR] MÓDULO SENSORES: Temperatura da Sala de Servidores acima do normal.
2026-07-02 13:18:02 [INFO] MÓDULO CAMARAS: Perda de sinal de vídeo na Câmara_04.
2026-07-02 13:19:08 [INFO] MÓDULO AUTENTICACAO: Tentativa de brute-force bloqueada pelo utilizador 'nuno_gomes'.
2026-07-02 13:20:26 [INFO] MÓDULO CAMARAS: Gravação iniciada por movimento na Câmara_01.
2026-07-02 13:21:44 [INFO] MÓDULO BASE_DADOS: Query executada com sucesso pelo utilizador 'admin'.
2026-07-02 13:22:51 [ERROR] MÓDULO CAMARAS: Perda de sinal de vídeo na Câmara_04.
2026-07-02 13:23:47 [ERROR] MÓDULO SENSORES: Porta Principal aberta.
2026-07-02 13:25:17 [ERROR] MÓDULO CAMARAS: Perda de sinal de vídeo na Câmara_04.
2026-07-02 13:26:18 [CRITICAL] MÓDULO AUTENTICACAO: Login efetuado com sucesso pelo utilizador 'convidado_01'.
2026-07-02 13:26:51 [WARNING] MÓDULO BASE_DADOS: Cópia de segurança (Backup) concluída pelo utilizador 'convidado_01'.
2026-07-02 13:27:51 [ERROR] MÓDULO BASE_DADOS: Erro de integridade referencial pelo utilizador 'nuno_gomes'.
2026-07-02 13:29:00 [INFO] MÓDULO SENSORES: Movimento detetado no Corredor B.
2026-07-02 13:29:53 [WARNING] MÓDULO AUTENTICACAO: Falha na palavra-passe pelo utilizador 'gestor_seguranca'.
2026-07-02 13:30:26 [WARNING] MÓDULO CAMARAS: Gravação iniciada por movimento na Câmara_01.
2026-07-02 13:31:51 [INFO] MÓDULO AUTENTICACAO: Tentativa de brute-force bloqueada pelo utilizador 'ana_silva'.
2026-07-02 13:32:56 [WARNING] MÓDULO CAMARAS: Perda de sinal de vídeo na Câmara_04.
2026-07-02 13:33:29 [INFO] MÓDULO CAMARAS: Gravação iniciada por movimento na Câmara_01.
2026-07-02 13:34:22 [WARNING] MÓDULO BASE_DADOS: Query executada com sucesso pelo utilizador 'convidado_01'.
2026-07-02 13:34:59 [ERROR] MÓDULO AUTENTICACAO: Tentativa de brute-force bloqueada pelo utilizador 'api_gateway'.
2026-07-02 13:35:54 [INFO] MÓDULO BASE_DADOS: Erro de integridade referencial pelo utilizador 'gestor_seguranca'.
2026-07-02 13:36:46 [CRITICAL] MÓDULO BASE_DADOS: Cópia de segurança (Backup) concluída pelo utilizador 'gestor_seguranca'.
2026-07-02 13:37:55 [WARNING] MÓDULO BASE_DADOS: Query executada com sucesso pelo utilizador 'nuno_gomes'.
2026-07-02 13:39:11 [WARNING] MÓDULO AUTENTICACAO: Sessão expirada pelo utilizador 'admin'.
2026-07-02 13:39:49 [INFO] MÓDULO CAMARAS: Falha de armazenamento no DVR_02.
2026-07-02 13:40:29 [INFO] MÓDULO AUTENTICACAO: Sessão expirada pelo utilizador 'admin'.
2026-07-02 13:41:56 [WARNING] MÓDULO BASE_DADOS: Erro de integridade referencial pelo utilizador 'gestor_seguranca'.
2026-07-02 13:43:09 [WARNING] MÓDULO CAMARAS: Gravação iniciada por movimento na Câmara_01.
2026-07-02 13:44:07 [WARNING] MÓDULO AUTENTICACAO: Falha na palavra-passe pelo utilizador 'convidado_01'.
2026-07-02 13:45:23 [ERROR] MÓDULO AUTENTICACAO: Login efetuado com sucesso pelo utilizador 'admin'.
2026-07-02 13:46:49 [INFO] MÓDULO CAMARAS: Falha de armazenamento no DVR_02.
2026-07-02 13:48:02 [ERROR] MÓDULO AUTENTICACAO: Falha na palavra-passe pelo utilizador 'admin'.
2026-07-02 13:48:47 [CRITICAL] MÓDULO SENSORES: Porta Principal aberta.
2026-07-02 13:49:40 [CRITICAL] MÓDULO CAMARAS: Falha de armazenamento no DVR_02.
2026-07-02 13:51:06 [INFO] MÓDULO BASE_DADOS: Erro de integridade referencial pelo utilizador 'gestor_seguranca'.
2026-07-02 13:52:22 [INFO] MÓDULO AUTENTICACAO: Login efetuado com sucesso pelo utilizador 'mauri'.
2026-07-02 13:53:04 [WARNING] MÓDULO AUTENTICACAO: Sessão expirada pelo utilizador 'api_gateway'.
2026-07-02 13:53:44 [INFO] MÓDULO CAMARAS: Falha de armazenamento no DVR_02.
2026-07-02 13:54:33 [ERROR] MÓDULO BASE_DADOS: Timeout na ligação pelo utilizador 'mauri'.
2026-07-02 13:55:49 [INFO] MÓDULO BASE_DADOS: Query executada com sucesso pelo utilizador 'admin'.
2026-07-02 13:56:56 [INFO] MÓDULO AUTENTICACAO: Tentativa de brute-force bloqueada pelo utilizador 'gestor_seguranca'.
2026-07-02 13:57:31 [CRITICAL] MÓDULO CAMARAS: Falha de armazenamento no DVR_02.
2026-07-02 13:58:01 [ERROR] MÓDULO SENSORES: Movimento detetado no Corredor B.
2026-07-02 13:59:12 [WARNING] MÓDULO CAMARAS: Falha de armazenamento no DVR_02.
2026-07-02 14:00:37 [WARNING] MÓDULO CAMARAS: Gravação iniciada por movimento na Câmara_01.
2026-07-02 14:01:29 [ERROR] MÓDULO SENSORES: Porta Principal aberta.
2026-07-02 14:02:15 [WARNING] MÓDULO AUTENTICACAO: Tentativa de brute-force bloqueada pelo utilizador 'nuno_gomes'.
2026-07-02 14:03:42 [WARNING] MÓDULO BASE_DADOS: Timeout na ligação pelo utilizador 'nuno_gomes'.
2026-07-02 14:04:35 [WARNING] MÓDULO AUTENTICACAO: Sessão expirada pelo utilizador 'admin'.
2026-07-02 14:05:54 [WARNING] MÓDULO SENSORES: Movimento detetado no Corredor B.
2026-07-02 14:07:05 [INFO] MÓDULO BASE_DADOS: Query executada com sucesso pelo utilizador 'gestor_seguranca'.
2026-07-02 14:08:12 [WARNING] MÓDULO SENSORES: Sensor de fumos ativo.
2026-07-02 14:09:26 [INFO] MÓDULO AUTENTICACAO: Login efetuado com sucesso pelo utilizador 'convidado_01'.
2026-07-02 14:10:37 [WARNING] MÓDULO AUTENTICACAO: Tentativa de brute-force bloqueada pelo utilizador 'mauri'.
2026-07-02 14:11:20 [CRITICAL] MÓDULO SENSORES: Sensor de fumos ativo.
2026-07-02 14:12:35 [CRITICAL] MÓDULO CAMARAS: Falha de armazenamento no DVR_02.
2026-07-02 14:14:00 [INFO] MÓDULO CAMARAS: Falha de armazenamento no DVR_02.
2026-07-02 14:15:27 [CRITICAL] MÓDULO SENSORES: Movimento detetado no Corredor B.
2026-07-02 14:16:56 [WARNING] MÓDULO CAMARAS: Gravação iniciada por movimento na Câmara_01.
2026-07-02 14:17:53 [INFO] MÓDULO CAMARAS: Gravação iniciada por movimento na Câmara_01.
2026-07-02 14:19:14 [INFO] MÓDULO CAMARAS: Perda de sinal de vídeo na Câmara_04.
2026-07-02 14:19:52 [WARNING] MÓDULO BASE_DADOS: Cópia de segurança (Backup) concluída pelo utilizador 'convidado_01'.
2026-07-02 14:21:00 [INFO] MÓDULO BASE_DADOS: Timeout na ligação pelo utilizador 'ana_silva'.
2026-07-02 14:22:06 [CRITICAL] MÓDULO BASE_DADOS: Timeout na ligação pelo utilizador 'mauri'.
2026-07-02 14:23:05 [ERROR] MÓDULO CAMARAS: Perda de sinal de vídeo na Câmara_04.
2026-07-02 14:24:15 [CRITICAL] MÓDULO SENSORES: Sensor de fumos ativo.
2026-07-02 14:25:07 [ERROR] MÓDULO BASE_DADOS: Timeout na ligação pelo utilizador 'mauri'.
2026-07-02 14:25:43 [WARNING] MÓDULO CAMARAS: Falha de armazenamento no DVR_02.
2026-07-02 14:26:57 [INFO] MÓDULO AUTENTICACAO: Sessão expirada pelo utilizador 'mauri'.
2026-07-02 14:27:29 [ERROR] MÓDULO CAMARAS: Perda de sinal de vídeo na Câmara_04.
2026-07-02 14:28:49 [CRITICAL] MÓDULO SENSORES: Temperatura da Sala de Servidores acima do normal.
2026-07-02 14:29:45 [INFO] MÓDULO CAMARAS: Gravação iniciada por movimento na Câmara_01.
2026-07-02 14:31:06 [ERROR] MÓDULO BASE_DADOS: Timeout na ligação pelo utilizador 'gestor_seguranca'.
2026-07-02 14:32:19 [INFO] MÓDULO CAMARAS: Falha de armazenamento no DVR_02.
2026-07-02 14:33:09 [INFO] MÓDULO CAMARAS: Gravação iniciada por movimento na Câmara_01.
2026-07-02 14:34:14 [INFO] MÓDULO AUTENTICACAO: Login efetuado com sucesso pelo utilizador 'api_gateway'.
2026-07-02 14:35:01 [INFO] MÓDULO CAMARAS: Perda de sinal de vídeo na Câmara_04.
2026-07-02 14:36:20 [CRITICAL] MÓDULO CAMARAS: Falha de armazenamento no DVR_02.
2026-07-02 14:37:19 [INFO] MÓDULO BASE_DADOS: Query executada com sucesso pelo utilizador 'api_gateway'.
2026-07-02 14:38:31 [INFO] MÓDULO AUTENTICACAO: Login efetuado com sucesso pelo utilizador 'admin'.
2026-07-02 14:39:55 [INFO] MÓDULO AUTENTICACAO: Tentativa de brute-force bloqueada pelo utilizador 'ana_silva'.
2026-07-02 14:40:36 [ERROR] MÓDULO CAMARAS: Falha de armazenamento no DVR_02.
2026-07-02 14:41:21 [INFO] MÓDULO BASE_DADOS: Timeout na ligação pelo utilizador 'nuno_gomes'.
2026-07-02 14:42:33 [INFO] MÓDULO CAMARAS: Falha de armazenamento no DVR_02.
2026-07-02 14:43:19 [ERROR] MÓDULO BASE_DADOS: Timeout na ligação pelo utilizador 'nuno_gomes'.
2026-07-02 14:44:44 [WARNING] MÓDULO CAMARAS: Perda de sinal de vídeo na Câmara_04.
2026-07-02 14:45:51 [WARNING] MÓDULO AUTENTICACAO: Falha na palavra-passe pelo utilizador 'convidado_01'.
2026-07-02 14:46:50 [ERROR] MÓDULO AUTENTICACAO: Falha na palavra-passe pelo utilizador 'admin'.
2026-07-02 14:47:20 [CRITICAL] MÓDULO SENSORES: Porta Principal aberta.
2026-07-02 14:48:14 [WARNING] MÓDULO SENSORES: Temperatura da Sala de Servidores acima do normal.
2026-07-02 14:49:36 [ERROR] MÓDULO BASE_DADOS: Query executada com sucesso pelo utilizador 'gestor_seguranca'.
2026-07-02 14:50:25 [CRITICAL] MÓDULO CAMARAS: Perda de sinal de vídeo na Câmara_04.
2026-07-02 14:51:30 [INFO] MÓDULO CAMARAS: Gravação iniciada por movimento na Câmara_01.
2026-07-02 14:52:56 [WARNING] MÓDULO BASE_DADOS: Query executada com sucesso pelo utilizador 'gestor_seguranca'.
2026-07-02 14:54:00 [WARNING] MÓDULO BASE_DADOS: Cópia de segurança (Backup) concluída pelo utilizador 'api_gateway'.
2026-07-02 14:54:51 [INFO] MÓDULO AUTENTICACAO: Tentativa de brute-force bloqueada pelo utilizador 'api_gateway'.
2026-07-02 14:55:29 [INFO] MÓDULO AUTENTICACAO: Login efetuado com sucesso pelo utilizador 'admin'.
2026-07-02 14:56:00 [CRITICAL] MÓDULO CAMARAS: Falha de armazenamento no DVR_02.
2026-07-02 14:56:42 [CRITICAL] MÓDULO BASE_DADOS: Cópia de segurança (Backup) concluída pelo utilizador 'admin'.
2026-07-02 14:57:31 [CRITICAL] MÓDULO CAMARAS: Gravação iniciada por movimento na Câmara_01.
2026-07-02 14:58:23 [ERROR] MÓDULO AUTENTICACAO: Sessão expirada pelo utilizador 'ana_silva'.
2026-07-02 14:59:13 [INFO] MÓDULO AUTENTICACAO: Tentativa de brute-force bloqueada pelo utilizador 'mauri'.
2026-07-02 15:00:20 [INFO] MÓDULO BASE_DADOS: Timeout na ligação pelo utilizador 'ana_silva'.
2026-07-02 15:01:38 [CRITICAL] MÓDULO BASE_DADOS: Timeout na ligação pelo utilizador 'mauri'.
2026-07-02 15:02:14 [WARNING] MÓDULO AUTENTICACAO: Sessão expirada pelo utilizador 'admin'.
2026-07-02 15:03:10 [INFO] MÓDULO AUTENTICACAO: Tentativa de brute-force bloqueada pelo utilizador 'mauri'.
2026-07-02 15:04:37 [WARNING] MÓDULO BASE_DADOS: Timeout na ligação pelo utilizador 'convidado_01'.
2026-07-02 15:05:09 [INFO] MÓDULO AUTENTICACAO: Sessão expirada pelo utilizador 'gestor_seguranca'.
2026-07-02 15:06:35 [WARNING] MÓDULO AUTENTICACAO: Login efetuado com sucesso pelo utilizador 'convidado_01'.
2026-07-02 15:07:44 [INFO] MÓDULO BASE_DADOS: Cópia de segurança (Backup) concluída pelo utilizador 'api_gateway'.
2026-07-02 15:08:38 [INFO] MÓDULO SENSORES: Movimento detetado no Corredor B.
2026-07-02 15:09:41 [ERROR] MÓDULO CAMARAS: Gravação iniciada por movimento na Câmara_01.
2026-07-02 15:11:02 [ERROR] MÓDULO SENSORES: Movimento detetado no Corredor B.
2026-07-02 15:12:09 [INFO] MÓDULO SENSORES: Movimento detetado no Corredor B.
2026-07-02 15:13:00 [ERROR] MÓDULO AUTENTICACAO: Falha na palavra-passe pelo utilizador 'admin'.
2026-07-02 15:14:05 [WARNING] MÓDULO SENSORES: Porta Principal aberta.
2026-07-02 15:14:36 [INFO] MÓDULO AUTENTICACAO: Falha na palavra-passe pelo utilizador 'api_gateway'.
2026-07-02 15:15:55 [ERROR] MÓDULO CAMARAS: Perda de sinal de vídeo na Câmara_04.
2026-07-02 15:17:08 [WARNING] MÓDULO BASE_DADOS: Query executada com sucesso pelo utilizador 'convidado_01'.
2026-07-02 15:17:56 [WARNING] MÓDULO AUTENTICACAO: Login efetuado com sucesso pelo utilizador 'mauri'.
2026-07-02 15:19:16 [INFO] MÓDULO CAMARAS: Gravação iniciada por movimento na Câmara_01.
2026-07-02 15:20:08 [WARNING] MÓDULO CAMARAS: Perda de sinal de vídeo na Câmara_04.
2026-07-02 15:20:52 [INFO] MÓDULO AUTENTICACAO: Tentativa de brute-force bloqueada pelo utilizador 'ana_silva'.
2026-07-02 15:21:23 [INFO] MÓDULO AUTENTICACAO: Tentativa de brute-force bloqueada pelo utilizador 'admin'.
2026-07-02 15:22:06 [ERROR] MÓDULO AUTENTICACAO: Sessão expirada pelo utilizador 'gestor_seguranca'.
2026-07-02 15:22:43 [INFO] MÓDULO AUTENTICACAO: Sessão expirada pelo utilizador 'ana_silva'.
2026-07-02 15:23:30 [INFO] MÓDULO SENSORES: Temperatura da Sala de Servidores acima do normal.
2026-07-02 15:24:33 [INFO] MÓDULO CAMARAS: Gravação iniciada por movimento na Câmara_01.
2026-07-02 15:25:31 [WARNING] MÓDULO BASE_DADOS: Timeout na ligação pelo utilizador 'gestor_seguranca'.
2026-07-02 15:26:45 [WARNING] MÓDULO BASE_DADOS: Erro de integridade referencial pelo utilizador 'convidado_01'.
2026-07-02 15:27:44 [WARNING] MÓDULO SENSORES: Temperatura da Sala de Servidores acima do normal.
2026-07-02 15:28:24 [INFO] MÓDULO BASE_DADOS: Query executada com sucesso pelo utilizador 'api_gateway'.
2026-07-02 15:29:04 [WARNING] MÓDULO SENSORES: Movimento detetado no Corredor B.
2026-07-02 15:30:14 [INFO] MÓDULO SENSORES: Movimento detetado no Corredor B.
2026-07-02 15:31:29 [ERROR] MÓDULO AUTENTICACAO: Sessão expirada pelo utilizador 'nuno_gomes'.
2026-07-02 15:32:08 [WARNING] MÓDULO AUTENTICACAO: Sessão expirada pelo utilizador 'api_gateway'.
2026-07-02 15:33:24 [INFO] MÓDULO CAMARAS: Falha de armazenamento no DVR_02.
2026-07-02 15:34:39 [INFO] MÓDULO CAMARAS: Perda de sinal de vídeo na Câmara_04.
2026-07-02 15:35:34 [WARNING] MÓDULO CAMARAS: Falha de armazenamento no DVR_02.
2026-07-02 15:36:51 [ERROR] MÓDULO BASE_DADOS: Cópia de segurança (Backup) concluída pelo utilizador 'nuno_gomes'.
2026-07-02 15:37:46 [INFO] MÓDULO AUTENTICACAO: Tentativa de brute-force bloqueada pelo utilizador 'ana_silva'.
2026-07-02 15:38:45 [CRITICAL] MÓDULO AUTENTICACAO: Falha na palavra-passe pelo utilizador 'mauri'.
2026-07-02 15:39:59 [CRITICAL] MÓDULO SENSORES: Movimento detetado no Corredor B.
2026-07-02 15:41:11 [ERROR] MÓDULO AUTENTICACAO: Falha na palavra-passe pelo utilizador 'convidado_01'.
2026-07-02 15:41:47 [INFO] MÓDULO SENSORES: Temperatura da Sala de Servidores acima do normal.
2026-07-02 15:42:58 [ERROR] MÓDULO CAMARAS: Gravação iniciada por movimento na Câmara_01.
2026-07-02 15:44:26 [INFO] MÓDULO AUTENTICACAO: Falha na palavra-passe pelo utilizador 'convidado_01'.
2026-07-02 15:45:29 [ERROR] MÓDULO CAMARAS: Perda de sinal de vídeo na Câmara_04.
2026-07-02 15:46:59 [ERROR] MÓDULO AUTENTICACAO: Tentativa de brute-force bloqueada pelo utilizador 'admin'.
2026-07-02 15:48:28 [ERROR] MÓDULO SENSORES: Sensor de fumos ativo.
2026-07-02 15:49:42 [WARNING] MÓDULO AUTENTICACAO: Falha na palavra-passe pelo utilizador 'gestor_seguranca'.
2026-07-02 15:50:19 [INFO] MÓDULO AUTENTICACAO: Login efetuado com sucesso pelo utilizador 'convidado_01'.
2026-07-02 15:51:17 [ERROR] MÓDULO CAMARAS: Gravação iniciada por movimento na Câmara_01.
2026-07-02 15:52:32 [INFO] MÓDULO BASE_DADOS: Cópia de segurança (Backup) concluída pelo utilizador 'mauri'.
2026-07-02 15:53:46 [CRITICAL] MÓDULO BASE_DADOS: Cópia de segurança (Backup) concluída pelo utilizador 'convidado_01'.
2026-07-02 15:54:51 [ERROR] MÓDULO SENSORES: Movimento detetado no Corredor B.
2026-07-02 15:55:45 [WARNING] MÓDULO CAMARAS: Falha de armazenamento no DVR_02.
2026-07-02 15:56:44 [INFO] MÓDULO AUTENTICACAO: Tentativa de brute-force bloqueada pelo utilizador 'nuno_gomes'.
2026-07-02 15:57:54 [ERROR] MÓDULO AUTENTICACAO: Login efetuado com sucesso pelo utilizador 'nuno_gomes'.
2026-07-02 15:59:06 [ERROR] MÓDULO SENSORES: Sensor de fumos ativo.
2026-07-02 16:00:18 [CRITICAL] MÓDULO CAMARAS: Falha de armazenamento no DVR_02.
2026-07-02 16:01:41 [ERROR] MÓDULO BASE_DADOS: Query executada com sucesso pelo utilizador 'api_gateway'.
2026-07-02 16:02:22 [WARNING] MÓDULO SENSORES: Movimento detetado no Corredor B.
2026-07-02 16:03:43 [INFO] MÓDULO SENSORES: Sensor de fumos ativo.
2026-07-02 16:04:45 [ERROR] MÓDULO AUTENTICACAO: Login efetuado com sucesso pelo utilizador 'convidado_01'.
2026-07-02 16:06:06 [CRITICAL] MÓDULO AUTENTICACAO: Sessão expirada pelo utilizador 'api_gateway'.
2026-07-02 16:07:27 [WARNING] MÓDULO AUTENTICACAO: Tentativa de brute-force bloqueada pelo utilizador 'nuno_gomes'.
2026-07-02 16:08:06 [INFO] MÓDULO BASE_DADOS: Timeout na ligação pelo utilizador 'convidado_01'.
2026-07-02 16:08:51 [INFO] MÓDULO CAMARAS: Falha de armazenamento no DVR_02.
2026-07-02 16:10:10 [INFO] MÓDULO CAMARAS: Perda de sinal de vídeo na Câmara_04.
2026-07-02 16:10:53 [INFO] MÓDULO CAMARAS: Falha de armazenamento no DVR_02.
2026-07-02 16:11:25 [INFO] MÓDULO AUTENTICACAO: Sessão expirada pelo utilizador 'admin'.
2026-07-02 16:12:02 [ERROR] MÓDULO SENSORES: Temperatura da Sala de Servidores acima do normal.
2026-07-02 16:13:29 [CRITICAL] MÓDULO SENSORES: Sensor de fumos ativo.
2026-07-02 16:14:27 [ERROR] MÓDULO BASE_DADOS: Erro de integridade referencial pelo utilizador 'admin'.
2026-07-02 16:15:04 [INFO] MÓDULO AUTENTICACAO: Tentativa de brute-force bloqueada pelo utilizador 'api_gateway'.
2026-07-02 16:15:43 [INFO] MÓDULO AUTENTICACAO: Falha na palavra-passe pelo utilizador 'nuno_gomes'.
2026-07-02 16:17:02 [INFO] MÓDULO AUTENTICACAO: Sessão expirada pelo utilizador 'ana_silva'.
2026-07-02 16:18:20 [INFO] MÓDULO AUTENTICACAO: Falha na palavra-passe pelo utilizador 'convidado_01'.
2026-07-02 16:19:00 [CRITICAL] MÓDULO BASE_DADOS: Erro de integridade referencial pelo utilizador 'mauri'.
2026-07-02 16:19:44 [INFO] MÓDULO SENSORES: Temperatura da Sala de Servidores acima do normal.
2026-07-02 16:20:36 [INFO] MÓDULO SENSORES: Sensor de fumos ativo.
2026-07-02 16:21:51 [INFO] MÓDULO SENSORES: Movimento detetado no Corredor B.
2026-07-02 16:23:13 [WARNING] MÓDULO CAMARAS: Falha de armazenamento no DVR_02.
2026-07-02 16:23:47 [CRITICAL] MÓDULO BASE_DADOS: Erro de integridade referencial pelo utilizador 'ana_silva'.
2026-07-02 16:24:56 [INFO] MÓDULO SENSORES: Porta Principal aberta.
2026-07-02 16:25:31 [WARNING] MÓDULO CAMARAS: Perda de sinal de vídeo na Câmara_04.
2026-07-02 16:26:22 [WARNING] MÓDULO AUTENTICACAO: Falha na palavra-passe pelo utilizador 'admin'.
2026-07-02 16:27:20 [CRITICAL] MÓDULO CAMARAS: Gravação iniciada por movimento na Câmara_01.
2026-07-02 16:28:39 [WARNING] MÓDULO AUTENTICACAO: Falha na palavra-passe pelo utilizador 'admin'.
2026-07-02 16:29:49 [WARNING] MÓDULO CAMARAS: Gravação iniciada por movimento na Câmara_01.
2026-07-02 16:30:23 [CRITICAL] MÓDULO SENSORES: Sensor de fumos ativo.
2026-07-02 16:31:43 [CRITICAL] MÓDULO AUTENTICACAO: Login efetuado com sucesso pelo utilizador 'api_gateway'.
2026-07-02 16:33:08 [INFO] MÓDULO CAMARAS: Perda de sinal de vídeo na Câmara_04.
2026-07-02 16:34:02 [INFO] MÓDULO AUTENTICACAO: Login efetuado com sucesso pelo utilizador 'api_gateway'.
2026-07-02 16:34:58 [WARNING] MÓDULO CAMARAS: Gravação iniciada por movimento na Câmara_01.
2026-07-02 16:36:11 [INFO] MÓDULO CAMARAS: Gravação iniciada por movimento na Câmara_01.
2026-07-02 16:36:58 [ERROR] MÓDULO AUTENTICACAO: Tentativa de brute-force bloqueada pelo utilizador 'nuno_gomes'.
2026-07-02 16:38:22 [WARNING] MÓDULO CAMARAS: Falha de armazenamento no DVR_02.
2026-07-02 16:39:36 [CRITICAL] MÓDULO BASE_DADOS: Query executada com sucesso pelo utilizador 'mauri'.
2026-07-02 16:41:02 [CRITICAL] MÓDULO CAMARAS: Perda de sinal de vídeo na Câmara_04.
2026-07-02 16:42:22 [INFO] MÓDULO BASE_DADOS: Erro de integridade referencial pelo utilizador 'mauri'.
2026-07-02 16:43:38 [INFO] MÓDULO AUTENTICACAO: Falha na palavra-passe pelo utilizador 'admin'.
2026-07-02 16:44:54 [ERROR] MÓDULO BASE_DADOS: Query executada com sucesso pelo utilizador 'admin'.
2026-07-02 16:46:23 [ERROR] MÓDULO BASE_DADOS: Cópia de segurança (Backup) concluída pelo utilizador 'nuno_gomes'.
2026-07-02 16:47:50 [ERROR] MÓDULO SENSORES: Porta Principal aberta.
2026-07-02 16:48:32 [INFO] MÓDULO AUTENTICACAO: Login efetuado com sucesso pelo utilizador 'convidado_01'.
2026-07-02 16:49:27 [INFO] MÓDULO BASE_DADOS: Erro de integridade referencial pelo utilizador 'nuno_gomes'.
2026-07-02 16:50:34 [ERROR] MÓDULO AUTENTICACAO: Sessão expirada pelo utilizador 'api_gateway'.
2026-07-02 16:52:02 [INFO] MÓDULO CAMARAS: Falha de armazenamento no DVR_02.
2026-07-02 16:52:43 [ERROR] MÓDULO CAMARAS: Gravação iniciada por movimento na Câmara_01.
2026-07-02 16:53:16 [WARNING] MÓDULO SENSORES: Temperatura da Sala de Servidores acima do normal.
2026-07-02 16:54:19 [CRITICAL] MÓDULO AUTENTICACAO: Tentativa de brute-force bloqueada pelo utilizador 'admin'.
2026-07-02 16:55:03 [ERROR] MÓDULO CAMARAS: Gravação iniciada por movimento na Câmara_01.
2026-07-02 16:55:58 [WARNING] MÓDULO SENSORES: Sensor de fumos ativo.
2026-07-02 16:56:55 [INFO] MÓDULO SENSORES: Porta Principal aberta.
2026-07-02 16:58:10 [CRITICAL] MÓDULO CAMARAS: Falha de armazenamento no DVR_02.
2026-07-02 16:59:05 [ERROR] MÓDULO BASE_DADOS: Timeout na ligação pelo utilizador 'admin'.
2026-07-02 17:00:02 [WARNING] MÓDULO BASE_DADOS: Cópia de segurança (Backup) concluída pelo utilizador 'gestor_seguranca'.
2026-07-02 17:00:43 [CRITICAL] MÓDULO SENSORES: Sensor de fumos ativo.
2026-07-02 17:01:35 [INFO] MÓDULO AUTENTICACAO: Sessão expirada pelo utilizador 'convidado_01'.
2026-07-02 17:03:02 [INFO] MÓDULO CAMARAS: Perda de sinal de vídeo na Câmara_04.
2026-07-02 17:04:16 [INFO] MÓDULO SENSORES: Sensor de fumos ativo.
2026-07-02 17:05:13 [INFO] MÓDULO BASE_DADOS: Timeout na ligação pelo utilizador 'nuno_gomes'.
2026-07-02 17:06:36 [INFO] MÓDULO BASE_DADOS: Timeout na ligação pelo utilizador 'mauri'.
2026-07-02 17:07:36 [ERROR] MÓDULO AUTENTICACAO: Falha na palavra-passe pelo utilizador 'nuno_gomes'.
2026-07-02 17:08:29 [CRITICAL] MÓDULO SENSORES: Porta Principal aberta.
2026-07-02 17:09:19 [CRITICAL] MÓDULO CAMARAS: Perda de sinal de vídeo na Câmara_04.
2026-07-02 17:10:32 [ERROR] MÓDULO SENSORES: Sensor de fumos ativo.
2026-07-02 17:11:30 [ERROR] MÓDULO CAMARAS: Gravação iniciada por movimento na Câmara_01.
2026-07-02 17:12:54 [CRITICAL] MÓDULO CAMARAS: Falha de armazenamento no DVR_02.
2026-07-02 17:13:39 [WARNING] MÓDULO CAMARAS: Falha de armazenamento no DVR_02.
2026-07-02 17:14:18 [ERROR] MÓDULO BASE_DADOS: Query executada com sucesso pelo utilizador 'gestor_seguranca'.
2026-07-02 17:15:21 [INFO] MÓDULO CAMARAS: Falha de armazenamento no DVR_02.
2026-07-02 17:15:55 [WARNING] MÓDULO BASE_DADOS: Timeout na ligação pelo utilizador 'api_gateway'.
2026-07-02 17:16:30 [INFO] MÓDULO AUTENTICACAO: Tentativa de brute-force bloqueada pelo utilizador 'nuno_gomes'.
2026-07-02 17:17:31 [CRITICAL] MÓDULO AUTENTICACAO: Sessão expirada pelo utilizador 'admin'.
2026-07-02 17:18:42 [INFO] MÓDULO SENSORES: Movimento detetado no Corredor B.
2026-07-02 17:19:49 [INFO] MÓDULO AUTENTICACAO: Falha na palavra-passe pelo utilizador 'api_gateway'.
2026-07-02 17:20:26 [INFO] MÓDULO AUTENTICACAO: Sessão expirada pelo utilizador 'api_gateway'.
2026-07-02 17:21:54 [ERROR] MÓDULO AUTENTICACAO: Falha na palavra-passe pelo utilizador 'mauri'.
2026-07-02 17:22:42 [CRITICAL] MÓDULO AUTENTICACAO: Login efetuado com sucesso pelo utilizador 'gestor_seguranca'.
2026-07-02 17:23:14 [CRITICAL] MÓDULO BASE_DADOS: Erro de integridade referencial pelo utilizador 'mauri'.
2026-07-02 17:24:10 [WARNING] MÓDULO CAMARAS: Falha de armazenamento no DVR_02.
2026-07-02 17:25:11 [INFO] MÓDULO SENSORES: Movimento detetado no Corredor B.
2026-07-02 17:25:42 [WARNING] MÓDULO AUTENTICACAO: Falha na palavra-passe pelo utilizador 'ana_silva'.
2026-07-02 17:26:48 [ERROR] MÓDULO CAMARAS: Perda de sinal de vídeo na Câmara_04.
2026-07-02 17:27:38 [ERROR] MÓDULO SENSORES: Movimento detetado no Corredor B.
2026-07-02 17:28:57 [INFO] MÓDULO AUTENTICACAO: Tentativa de brute-force bloqueada pelo utilizador 'mauri'.
2026-07-02 17:29:42 [INFO] MÓDULO SENSORES: Sensor de fumos ativo.
2026-07-02 17:30:16 [CRITICAL] MÓDULO CAMARAS: Perda de sinal de vídeo na Câmara_04.
2026-07-02 17:31:39 [INFO] MÓDULO CAMARAS: Perda de sinal de vídeo na Câmara_04.
2026-07-02 17:32:42 [ERROR] MÓDULO AUTENTICACAO: Tentativa de brute-force bloqueada pelo utilizador 'nuno_gomes'.
2026-07-02 17:33:35 [CRITICAL] MÓDULO SENSORES: Sensor de fumos ativo.
2026-07-02 17:34:55 [ERROR] MÓDULO AUTENTICACAO: Sessão expirada pelo utilizador 'api_gateway'.
2026-07-02 17:36:21 [ERROR] MÓDULO CAMARAS: Gravação iniciada por movimento na Câmara_01.
2026-07-02 17:37:20 [INFO] MÓDULO AUTENTICACAO: Tentativa de brute-force bloqueada pelo utilizador 'api_gateway'.
2026-07-02 17:38:03 [INFO] MÓDULO BASE_DADOS: Query executada com sucesso pelo utilizador 'nuno_gomes'.
2026-07-02 17:39:13 [WARNING] MÓDULO AUTENTICACAO: Sessão expirada pelo utilizador 'convidado_01'.
2026-07-02 17:39:46 [INFO] MÓDULO BASE_DADOS: Cópia de segurança (Backup) concluída pelo utilizador 'mauri'.
2026-07-02 17:40:34 [ERROR] MÓDULO AUTENTICACAO: Sessão expirada pelo utilizador 'admin'.
2026-07-02 17:41:21 [INFO] MÓDULO AUTENTICACAO: Sessão expirada pelo utilizador 'convidado_01'.
2026-07-02 17:42:22 [ERROR] MÓDULO CAMARAS: Perda de sinal de vídeo na Câmara_04.
2026-07-02 17:43:37 [ERROR] MÓDULO AUTENTICACAO: Tentativa de brute-force bloqueada pelo utilizador 'admin'.
2026-07-02 17:44:59 [CRITICAL] MÓDULO BASE_DADOS: Cópia de segurança (Backup) concluída pelo utilizador 'api_gateway'.
2026-07-02 17:46:10 [ERROR] MÓDULO SENSORES: Porta Principal aberta.
2026-07-02 17:47:32 [WARNING] MÓDULO AUTENTICACAO: Tentativa de brute-force bloqueada pelo utilizador 'convidado_01'.
2026-07-02 17:48:49 [WARNING] MÓDULO BASE_DADOS: Erro de integridade referencial pelo utilizador 'convidado_01'.
2026-07-02 17:49:19 [ERROR] MÓDULO CAMARAS: Gravação iniciada por movimento na Câmara_01.
2026-07-02 17:50:11 [CRITICAL] MÓDULO AUTENTICACAO: Sessão expirada pelo utilizador 'convidado_01'.
2026-07-02 17:51:13 [ERROR] MÓDULO CAMARAS: Perda de sinal de vídeo na Câmara_04.
2026-07-02 17:52:06 [CRITICAL] MÓDULO CAMARAS: Gravação iniciada por movimento na Câmara_01.
2026-07-02 17:53:29 [INFO] MÓDULO CAMARAS: Gravação iniciada por movimento na Câmara_01.
2026-07-02 17:54:24 [INFO] MÓDULO BASE_DADOS: Query executada com sucesso pelo utilizador 'convidado_01'.
2026-07-02 17:55:53 [ERROR] MÓDULO CAMARAS: Gravação iniciada por movimento na Câmara_01.
2026-07-02 17:57:20 [INFO] MÓDULO AUTENTICACAO: Sessão expirada pelo utilizador 'gestor_seguranca'.
2026-07-02 17:58:32 [WARNING] MÓDULO SENSORES: Sensor de fumos ativo.
2026-07-02 17:59:51 [ERROR] MÓDULO AUTENTICACAO: Tentativa de brute-force bloqueada pelo utilizador 'convidado_01'.
2026-07-02 18:01:00 [WARNING] MÓDULO SENSORES: Porta Principal aberta.
2026-07-02 18:01:30 [CRITICAL] MÓDULO BASE_DADOS: Timeout na ligação pelo utilizador 'api_gateway'.
2026-07-02 18:02:37 [ERROR] MÓDULO AUTENTICACAO: Sessão expirada pelo utilizador 'convidado_01'.
2026-07-02 18:03:58 [INFO] MÓDULO CAMARAS: Falha de armazenamento no DVR_02.
2026-07-02 18:04:34 [ERROR] MÓDULO CAMARAS: Perda de sinal de vídeo na Câmara_04.
2026-07-02 18:05:33 [INFO] MÓDULO CAMARAS: Perda de sinal de vídeo na Câmara_04.
2026-07-02 18:06:08 [INFO] MÓDULO BASE_DADOS: Query executada com sucesso pelo utilizador 'api_gateway'.
2026-07-02 18:07:18 [INFO] MÓDULO AUTENTICACAO: Sessão expirada pelo utilizador 'admin'.
2026-07-02 18:08:23 [ERROR] MÓDULO AUTENTICACAO: Tentativa de brute-force bloqueada pelo utilizador 'admin'.
2026-07-02 18:09:03 [WARNING] MÓDULO BASE_DADOS: Erro de integridade referencial pelo utilizador 'admin'.
2026-07-02 18:09:41 [INFO] MÓDULO BASE_DADOS: Query executada com sucesso pelo utilizador 'admin'.
2026-07-02 18:10:25 [ERROR] MÓDULO BASE_DADOS: Query executada com sucesso pelo utilizador 'ana_silva'.
2026-07-02 18:11:26 [WARNING] MÓDULO AUTENTICACAO: Falha na palavra-passe pelo utilizador 'ana_silva'.
2026-07-02 18:12:52 [INFO] MÓDULO CAMARAS: Perda de sinal de vídeo na Câmara_04.
2026-07-02 18:14:06 [INFO] MÓDULO AUTENTICACAO: Tentativa de brute-force bloqueada pelo utilizador 'nuno_gomes'.
2026-07-02 18:15:16 [CRITICAL] MÓDULO BASE_DADOS: Cópia de segurança (Backup) concluída pelo utilizador 'ana_silva'.
2026-07-02 18:16:17 [INFO] MÓDULO CAMARAS: Gravação iniciada por movimento na Câmara_01.
2026-07-02 18:16:47 [WARNING] MÓDULO CAMARAS: Falha de armazenamento no DVR_02.
2026-07-02 18:17:38 [WARNING] MÓDULO AUTENTICACAO: Sessão expirada pelo utilizador 'nuno_gomes'.
2026-07-02 18:18:22 [ERROR] MÓDULO BASE_DADOS: Query executada com sucesso pelo utilizador 'api_gateway'.
2026-07-02 18:19:26 [CRITICAL] MÓDULO SENSORES: Porta Principal aberta.
2026-07-02 18:20:53 [WARNING] MÓDULO BASE_DADOS: Erro de integridade referencial pelo utilizador 'mauri'.
2026-07-02 18:22:12 [CRITICAL] MÓDULO BASE_DADOS: Cópia de segurança (Backup) concluída pelo utilizador 'admin'.
2026-07-02 18:22:44 [INFO] MÓDULO AUTENTICACAO: Falha na palavra-passe pelo utilizador 'ana_silva'.
2026-07-02 18:23:56 [ERROR] MÓDULO SENSORES: Sensor de fumos ativo.
2026-07-02 18:25:18 [CRITICAL] MÓDULO SENSORES: Movimento detetado no Corredor B.
2026-07-02 18:26:32 [CRITICAL] MÓDULO BASE_DADOS: Query executada com sucesso pelo utilizador 'mauri'.
2026-07-02 18:27:40 [INFO] MÓDULO SENSORES: Porta Principal aberta.
2026-07-02 18:28:20 [INFO] MÓDULO BASE_DADOS: Timeout na ligação pelo utilizador 'gestor_seguranca'.
2026-07-02 18:29:18 [INFO] MÓDULO BASE_DADOS: Erro de integridade referencial pelo utilizador 'ana_silva'.
2026-07-02 18:30:12 [INFO] MÓDULO CAMARAS: Gravação iniciada por movimento na Câmara_01.
2026-07-02 18:31:20 [ERROR] MÓDULO CAMARAS: Gravação iniciada por movimento na Câmara_01.
2026-07-02 18:32:03 [INFO] MÓDULO CAMARAS: Perda de sinal de vídeo na Câmara_04.
2026-07-02 18:32:44 [WARNING] MÓDULO AUTENTICACAO: Sessão expirada pelo utilizador 'convidado_01'.
2026-07-02 18:33:29 [WARNING] MÓDULO CAMARAS: Gravação iniciada por movimento na Câmara_01.
2026-07-02 18:34:23 [CRITICAL] MÓDULO CAMARAS: Falha de armazenamento no DVR_02.
2026-07-02 18:35:34 [INFO] MÓDULO CAMARAS: Gravação iniciada por movimento na Câmara_01.
2026-07-02 18:36:38 [CRITICAL] MÓDULO SENSORES: Sensor de fumos ativo.
2026-07-02 18:37:36 [ERROR] MÓDULO AUTENTICACAO: Login efetuado com sucesso pelo utilizador 'ana_silva'.
2026-07-02 18:38:43 [ERROR] MÓDULO SENSORES: Movimento detetado no Corredor B.
2026-07-02 18:39:31 [WARNING] MÓDULO BASE_DADOS: Cópia de segurança (Backup) concluída pelo utilizador 'gestor_seguranca'.
2026-07-02 18:40:21 [CRITICAL] MÓDULO CAMARAS: Gravação iniciada por movimento na Câmara_01.
2026-07-02 18:41:07 [WARNING] MÓDULO CAMARAS: Gravação iniciada por movimento na Câmara_01.
2026-07-02 18:42:30 [INFO] MÓDULO CAMARAS: Perda de sinal de vídeo na Câmara_04.
2026-07-02 18:43:45 [WARNING] MÓDULO AUTENTICACAO: Tentativa de brute-force bloqueada pelo utilizador 'admin'.
2026-07-02 18:44:57 [INFO] MÓDULO BASE_DADOS: Query executada com sucesso pelo utilizador 'admin'.
2026-07-02 18:46:11 [INFO] MÓDULO SENSORES: Sensor de fumos ativo.
2026-07-02 18:46:53 [ERROR] MÓDULO SENSORES: Sensor de fumos ativo.
2026-07-02 18:48:05 [ERROR] MÓDULO AUTENTICACAO: Falha na palavra-passe pelo utilizador 'admin'.
2026-07-02 18:48:49 [WARNING] MÓDULO SENSORES: Sensor de fumos ativo.
2026-07-02 18:49:52 [CRITICAL] MÓDULO AUTENTICACAO: Login efetuado com sucesso pelo utilizador 'nuno_gomes'.
2026-07-02 18:51:12 [INFO] MÓDULO BASE_DADOS: Erro de integridade referencial pelo utilizador 'nuno_gomes'.
2026-07-02 18:51:56 [WARNING] MÓDULO BASE_DADOS: Query executada com sucesso pelo utilizador 'api_gateway'.
2026-07-02 18:52:29 [WARNING] MÓDULO AUTENTICACAO: Falha na palavra-passe pelo utilizador 'ana_silva'.
2026-07-02 18:53:17 [INFO] MÓDULO CAMARAS: Perda de sinal de vídeo na Câmara_04.
2026-07-02 18:54:30 [WARNING] MÓDULO SENSORES: Sensor de fumos ativo.
2026-07-02 18:55:46 [CRITICAL] MÓDULO SENSORES: Porta Principal aberta.
2026-07-02 18:56:54 [ERROR] MÓDULO SENSORES: Movimento detetado no Corredor B.
2026-07-02 18:58:23 [INFO] MÓDULO BASE_DADOS: Cópia de segurança (Backup) concluída pelo utilizador 'gestor_seguranca'.
2026-07-02 18:59:41 [INFO] MÓDULO BASE_DADOS: Cópia de segurança (Backup) concluída pelo utilizador 'mauri'.
2026-07-02 19:00:28 [CRITICAL] MÓDULO SENSORES: Porta Principal aberta.
2026-07-02 19:01:23 [CRITICAL] MÓDULO SENSORES: Porta Principal aberta.
2026-07-02 19:02:18 [CRITICAL] MÓDULO SENSORES: Porta Principal aberta.
2026-07-02 19:03:33 [INFO] MÓDULO SENSORES: Porta Principal aberta.
2026-07-02 19:04:28 [INFO] MÓDULO BASE_DADOS: Erro de integridade referencial pelo utilizador 'mauri'.
2026-07-02 19:05:18 [ERROR] MÓDULO AUTENTICACAO: Tentativa de brute-force bloqueada pelo utilizador 'admin'.
2026-07-02 19:06:16 [CRITICAL] MÓDULO AUTENTICACAO: Login efetuado com sucesso pelo utilizador 'mauri'.
2026-07-02 19:07:21 [CRITICAL] MÓDULO AUTENTICACAO: Login efetuado com sucesso pelo utilizador 'mauri'.
2026-07-02 19:08:44 [INFO] MÓDULO BASE_DADOS: Erro de integridade referencial pelo utilizador 'gestor_seguranca'.
2026-07-02 19:09:21 [ERROR] MÓDULO CAMARAS: Gravação iniciada por movimento na Câmara_01.
2026-07-02 19:09:51 [CRITICAL] MÓDULO CAMARAS: Perda de sinal de vídeo na Câmara_04.
2026-07-02 19:10:37 [ERROR] MÓDULO BASE_DADOS: Cópia de segurança (Backup) concluída pelo utilizador 'ana_silva'.
2026-07-02 19:12:04 [INFO] MÓDULO BASE_DADOS: Erro de integridade referencial pelo utilizador 'admin'.
2026-07-02 19:12:38 [CRITICAL] MÓDULO BASE_DADOS: Erro de integridade referencial pelo utilizador 'api_gateway'.
2026-07-02 19:13:39 [INFO] MÓDULO AUTENTICACAO: Login efetuado com sucesso pelo utilizador 'admin'.
2026-07-02 19:14:14 [ERROR] MÓDULO AUTENTICACAO: Tentativa de brute-force bloqueada pelo utilizador 'ana_silva'.
2026-07-02 19:15:12 [CRITICAL] MÓDULO SENSORES: Movimento detetado no Corredor B.
2026-07-02 19:16:33 [INFO] MÓDULO AUTENTICACAO: Falha na palavra-passe pelo utilizador 'api_gateway'.
2026-07-02 19:17:25 [INFO] MÓDULO BASE_DADOS: Cópia de segurança (Backup) concluída pelo utilizador 'api_gateway'.
2026-07-02 19:18:16 [ERROR] MÓDULO BASE_DADOS: Cópia de segurança (Backup) concluída pelo utilizador 'gestor_seguranca'.
2026-07-02 19:19:34 [INFO] MÓDULO AUTENTICACAO: Tentativa de brute-force bloqueada pelo utilizador 'api_gateway'.
2026-07-02 19:20:23 [INFO] MÓDULO SENSORES: Porta Principal aberta.
2026-07-02 19:21:50 [INFO] MÓDULO SENSORES: Porta Principal aberta.
2026-07-02 19:22:38 [INFO] MÓDULO BASE_DADOS: Query executada com sucesso pelo utilizador 'admin'.
2026-07-02 19:23:12 [INFO] MÓDULO AUTENTICACAO: Falha na palavra-passe pelo utilizador 'ana_silva'.
2026-07-02 19:23:49 [WARNING] MÓDULO CAMARAS: Perda de sinal de vídeo na Câmara_04.
2026-07-02 19:25:00 [CRITICAL] MÓDULO BASE_DADOS: Timeout na ligação pelo utilizador 'nuno_gomes'.
2026-07-02 19:26:05 [CRITICAL] MÓDULO BASE_DADOS: Erro de integridade referencial pelo utilizador 'gestor_seguranca'.
2026-07-02 19:27:08 [WARNING] MÓDULO SENSORES: Movimento detetado no Corredor B.
2026-07-02 19:28:10 [ERROR] MÓDULO BASE_DADOS: Cópia de segurança (Backup) concluída pelo utilizador 'admin'.
2026-07-02 19:29:12 [WARNING] MÓDULO SENSORES: Movimento detetado no Corredor B.
2026-07-02 19:30:03 [INFO] MÓDULO BASE_DADOS: Query executada com sucesso pelo utilizador 'gestor_seguranca'.
2026-07-02 19:31:09 [INFO] MÓDULO BASE_DADOS: Erro de integridade referencial pelo utilizador 'convidado_01'.
2026-07-02 19:32:16 [INFO] MÓDULO BASE_DADOS: Query executada com sucesso pelo utilizador 'convidado_01'.
2026-07-02 19:33:46 [INFO] MÓDULO CAMARAS: Falha de armazenamento no DVR_02.
2026-07-02 19:34:48 [CRITICAL] MÓDULO AUTENTICACAO: Login efetuado com sucesso pelo utilizador 'nuno_gomes'.
2026-07-02 19:36:08 [WARNING] MÓDULO SENSORES: Sensor de fumos ativo.
2026-07-02 19:36:56 [INFO] MÓDULO CAMARAS: Gravação iniciada por movimento na Câmara_01.
2026-07-02 19:37:47 [WARNING] MÓDULO CAMARAS: Perda de sinal de vídeo na Câmara_04.
2026-07-02 19:39:10 [CRITICAL] MÓDULO SENSORES: Movimento detetado no Corredor B.
2026-07-02 19:39:55 [INFO] MÓDULO AUTENTICACAO: Falha na palavra-passe pelo utilizador 'mauri'.
2026-07-02 19:40:59 [CRITICAL] MÓDULO AUTENTICACAO: Tentativa de brute-force bloqueada pelo utilizador 'gestor_seguranca'.
2026-07-02 19:42:15 [WARNING] MÓDULO CAMARAS: Falha de armazenamento no DVR_02.
2026-07-02 19:43:28 [WARNING] MÓDULO SENSORES: Sensor de fumos ativo.
2026-07-02 19:43:59 [CRITICAL] MÓDULO SENSORES: Temperatura da Sala de Servidores acima do normal.
2026-07-02 19:44:54 [ERROR] MÓDULO AUTENTICACAO: Tentativa de brute-force bloqueada pelo utilizador 'ana_silva'.
2026-07-02 19:45:55 [ERROR] MÓDULO SENSORES: Porta Principal aberta.
2026-07-02 19:46:48 [WARNING] MÓDULO SENSORES: Porta Principal aberta.
2026-07-02 19:47:27 [WARNING] MÓDULO SENSORES: Sensor de fumos ativo.
2026-07-02 19:48:54 [ERROR] MÓDULO CAMARAS: Gravação iniciada por movimento na Câmara_01.
2026-07-02 19:50:00 [INFO] MÓDULO CAMARAS: Falha de armazenamento no DVR_02.
2026-07-02 19:50:50 [CRITICAL] MÓDULO AUTENTICACAO: Tentativa de brute-force bloqueada pelo utilizador 'gestor_seguranca'.
2026-07-02 19:51:59 [INFO] MÓDULO SENSORES: Movimento detetado no Corredor B.
2026-07-02 19:53:14 [ERROR] MÓDULO BASE_DADOS: Query executada com sucesso pelo utilizador 'nuno_gomes'.
2026-07-02 19:54:42 [INFO] MÓDULO SENSORES: Sensor de fumos ativo.
2026-07-02 19:55:15 [INFO] MÓDULO BASE_DADOS: Query executada com sucesso pelo utilizador 'nuno_gomes'.
2026-07-02 19:55:53 [CRITICAL] MÓDULO SENSORES: Movimento detetado no Corredor B.
2026-07-02 19:57:09 [INFO] MÓDULO BASE_DADOS: Timeout na ligação pelo utilizador 'mauri'.
2026-07-02 19:58:25 [INFO] MÓDULO SENSORES: Movimento detetado no Corredor B.
2026-07-02 19:59:33 [CRITICAL] MÓDULO SENSORES: Sensor de fumos ativo.
2026-07-02 20:00:32 [INFO] MÓDULO CAMARAS: Gravação iniciada por movimento na Câmara_01.
2026-07-02 20:01:30 [INFO] MÓDULO AUTENTICACAO: Sessão expirada pelo utilizador 'convidado_01'.
2026-07-02 20:02:41 [INFO] MÓDULO BASE_DADOS: Erro de integridade referencial pelo utilizador 'admin'.
2026-07-02 20:04:09 [INFO] MÓDULO SENSORES: Porta Principal aberta.
2026-07-02 20:05:26 [WARNING] MÓDULO AUTENTICACAO: Login efetuado com sucesso pelo utilizador 'admin'.
2026-07-02 20:06:09 [ERROR] MÓDULO AUTENTICACAO: Login efetuado com sucesso pelo utilizador 'convidado_01'.
2026-07-02 20:06:56 [ERROR] MÓDULO AUTENTICACAO: Falha na palavra-passe pelo utilizador 'api_gateway'.
2026-07-02 20:08:10 [INFO] MÓDULO BASE_DADOS: Query executada com sucesso pelo utilizador 'mauri'.
2026-07-02 20:09:00 [INFO] MÓDULO SENSORES: Temperatura da Sala de Servidores acima do normal.
2026-07-02 20:09:31 [CRITICAL] MÓDULO BASE_DADOS: Cópia de segurança (Backup) concluída pelo utilizador 'nuno_gomes'.
2026-07-02 20:10:01 [ERROR] MÓDULO SENSORES: Temperatura da Sala de Servidores acima do normal.
2026-07-02 20:10:58 [WARNING] MÓDULO SENSORES: Temperatura da Sala de Servidores acima do normal.
2026-07-02 20:12:00 [WARNING] MÓDULO AUTENTICACAO: Tentativa de brute-force bloqueada pelo utilizador 'api_gateway'.
2026-07-02 20:12:43 [INFO] MÓDULO BASE_DADOS: Query executada com sucesso pelo utilizador 'mauri'.
2026-07-02 20:13:59 [INFO] MÓDULO CAMARAS: Perda de sinal de vídeo na Câmara_04.
2026-07-02 20:15:18 [INFO] MÓDULO SENSORES: Porta Principal aberta.
2026-07-02 20:16:09 [INFO] MÓDULO BASE_DADOS: Cópia de segurança (Backup) concluída pelo utilizador 'ana_silva'.
2026-07-02 20:17:06 [ERROR] MÓDULO AUTENTICACAO: Tentativa de brute-force bloqueada pelo utilizador 'admin'.
2026-07-02 20:17:57 [INFO] MÓDULO SENSORES: Temperatura da Sala de Servidores acima do normal.
2026-07-02 20:18:45 [INFO] MÓDULO SENSORES: Movimento detetado no Corredor B.
2026-07-02 20:20:02 [INFO] MÓDULO AUTENTICACAO: Login efetuado com sucesso pelo utilizador 'api_gateway'.
2026-07-02 20:21:05 [INFO] MÓDULO BASE_DADOS: Timeout na ligação pelo utilizador 'mauri'.
2026-07-02 20:22:06 [INFO] MÓDULO BASE_DADOS: Erro de integridade referencial pelo utilizador 'api_gateway'.
2026-07-02 20:23:07 [INFO] MÓDULO CAMARAS: Perda de sinal de vídeo na Câmara_04.
2026-07-02 20:24:13 [WARNING] MÓDULO CAMARAS: Gravação iniciada por movimento na Câmara_01.
2026-07-02 20:24:59 [INFO] MÓDULO SENSORES: Porta Principal aberta.
2026-07-02 20:25:32 [ERROR] MÓDULO BASE_DADOS: Cópia de segurança (Backup) concluída pelo utilizador 'convidado_01'.
2026-07-02 20:26:59 [INFO] MÓDULO SENSORES: Temperatura da Sala de Servidores acima do normal.
2026-07-02 20:27:36 [INFO] MÓDULO SENSORES: Sensor de fumos ativo.
2026-07-02 20:28:49 [INFO] MÓDULO BASE_DADOS: Query executada com sucesso pelo utilizador 'api_gateway'.
2026-07-02 20:29:28 [ERROR] MÓDULO SENSORES: Sensor de fumos ativo.
2026-07-02 20:30:17 [CRITICAL] MÓDULO AUTENTICACAO: Login efetuado com sucesso pelo utilizador 'mauri'.
2026-07-02 20:31:03 [ERROR] MÓDULO BASE_DADOS: Cópia de segurança (Backup) concluída pelo utilizador 'admin'.
2026-07-02 20:31:33 [CRITICAL] MÓDULO SENSORES: Movimento detetado no Corredor B.
2026-07-02 20:32:58 [ERROR] MÓDULO SENSORES: Temperatura da Sala de Servidores acima do normal.
2026-07-02 20:34:12 [INFO] MÓDULO CAMARAS: Perda de sinal de vídeo na Câmara_04.
2026-07-02 20:34:44 [ERROR] MÓDULO AUTENTICACAO: Tentativa de brute-force bloqueada pelo utilizador 'api_gateway'.
2026-07-02 20:35:46 [ERROR] MÓDULO CAMARAS: Gravação iniciada por movimento na Câmara_01.
2026-07-02 20:36:37 [INFO] MÓDULO AUTENTICACAO: Tentativa de brute-force bloqueada pelo utilizador 'api_gateway'.
2026-07-02 20:37:16 [CRITICAL] MÓDULO CAMARAS: Perda de sinal de vídeo na Câmara_04.
2026-07-02 20:38:03 [WARNING] MÓDULO BASE_DADOS: Timeout na ligação pelo utilizador 'mauri'.
2026-07-02 20:39:28 [CRITICAL] MÓDULO SENSORES: Sensor de fumos ativo.
2026-07-02 20:40:40 [CRITICAL] MÓDULO BASE_DADOS: Query executada com sucesso pelo utilizador 'nuno_gomes'.
2026-07-02 20:41:17 [CRITICAL] MÓDULO BASE_DADOS: Erro de integridade referencial pelo utilizador 'ana_silva'.
2026-07-02 20:42:36 [INFO] MÓDULO AUTENTICACAO: Falha na palavra-passe pelo utilizador 'admin'.
2026-07-02 20:43:37 [INFO] MÓDULO CAMARAS: Falha de armazenamento no DVR_02.
2026-07-02 20:44:32 [CRITICAL] MÓDULO BASE_DADOS: Query executada com sucesso pelo utilizador 'gestor_seguranca'.
2026-07-02 20:45:23 [INFO] MÓDULO AUTENTICACAO: Login efetuado com sucesso pelo utilizador 'ana_silva'.
2026-07-02 20:46:51 [ERROR] MÓDULO SENSORES: Sensor de fumos ativo.
2026-07-02 20:47:36 [INFO] MÓDULO AUTENTICACAO: Falha na palavra-passe pelo utilizador 'nuno_gomes'.
2026-07-02 20:48:42 [INFO] MÓDULO SENSORES: Temperatura da Sala de Servidores acima do normal.
2026-07-02 20:50:08 [INFO] MÓDULO SENSORES: Sensor de fumos ativo.
2026-07-02 20:51:12 [WARNING] MÓDULO SENSORES: Temperatura da Sala de Servidores acima do normal.
2026-07-02 20:52:24 [CRITICAL] MÓDULO CAMARAS: Falha de armazenamento no DVR_02.
2026-07-02 20:53:08 [INFO] MÓDULO CAMARAS: Perda de sinal de vídeo na Câmara_04.
2026-07-02 20:54:18 [CRITICAL] MÓDULO SENSORES: Sensor de fumos ativo.
2026-07-02 20:55:31 [INFO] MÓDULO BASE_DADOS: Query executada com sucesso pelo utilizador 'mauri'.
2026-07-02 20:56:03 [ERROR] MÓDULO CAMARAS: Gravação iniciada por movimento na Câmara_01.
2026-07-02 20:57:27 [ERROR] MÓDULO AUTENTICACAO: Falha na palavra-passe pelo utilizador 'convidado_01'.
2026-07-02 20:58:12 [ERROR] MÓDULO CAMARAS: Gravação iniciada por movimento na Câmara_01.
2026-07-02 20:59:15 [ERROR] MÓDULO BASE_DADOS: Cópia de segurança (Backup) concluída pelo utilizador 'api_gateway'.
2026-07-02 21:00:32 [INFO] MÓDULO AUTENTICACAO: Tentativa de brute-force bloqueada pelo utilizador 'nuno_gomes'.
2026-07-02 21:01:30 [CRITICAL] MÓDULO AUTENTICACAO: Tentativa de brute-force bloqueada pelo utilizador 'mauri'.
2026-07-02 21:02:48 [WARNING] MÓDULO SENSORES: Movimento detetado no Corredor B.
2026-07-02 21:04:16 [INFO] MÓDULO AUTENTICACAO: Falha na palavra-passe pelo utilizador 'gestor_seguranca'.
2026-07-02 21:05:01 [INFO] MÓDULO BASE_DADOS: Query executada com sucesso pelo utilizador 'nuno_gomes'.
2026-07-02 21:06:06 [INFO] MÓDULO AUTENTICACAO: Login efetuado com sucesso pelo utilizador 'mauri'.
2026-07-02 21:06:48 [WARNING] MÓDULO AUTENTICACAO: Login efetuado com sucesso pelo utilizador 'nuno_gomes'.
2026-07-02 21:07:51 [WARNING] MÓDULO BASE_DADOS: Erro de integridade referencial pelo utilizador 'nuno_gomes'.
2026-07-02 21:08:30 [CRITICAL] MÓDULO BASE_DADOS: Timeout na ligação pelo utilizador 'ana_silva'.
2026-07-02 21:09:05 [WARNING] MÓDULO AUTENTICACAO: Login efetuado com sucesso pelo utilizador 'mauri'.
2026-07-02 21:10:21 [INFO] MÓDULO AUTENTICACAO: Falha na palavra-passe pelo utilizador 'nuno_gomes'.
2026-07-02 21:11:00 [CRITICAL] MÓDULO SENSORES: Movimento detetado no Corredor B.
2026-07-02 21:12:13 [CRITICAL] MÓDULO CAMARAS: Falha de armazenamento no DVR_02.
2026-07-02 21:12:59 [CRITICAL] MÓDULO CAMARAS: Perda de sinal de vídeo na Câmara_04.
2026-07-02 21:13:32 [INFO] MÓDULO CAMARAS: Falha de armazenamento no DVR_02.
2026-07-02 21:14:55 [ERROR] MÓDULO CAMARAS: Falha de armazenamento no DVR_02.
2026-07-02 21:15:42 [WARNING] MÓDULO SENSORES: Sensor de fumos ativo.
2026-07-02 21:16:28 [CRITICAL] MÓDULO BASE_DADOS: Timeout na ligação pelo utilizador 'mauri'.
2026-07-02 21:17:52 [CRITICAL] MÓDULO AUTENTICACAO: Tentativa de brute-force bloqueada pelo utilizador 'api_gateway'.
2026-07-02 21:19:06 [INFO] MÓDULO SENSORES: Temperatura da Sala de Servidores acima do normal.
2026-07-02 21:19:55 [CRITICAL] MÓDULO CAMARAS: Gravação iniciada por movimento na Câmara_01.
2026-07-02 21:21:20 [WARNING] MÓDULO BASE_DADOS: Timeout na ligação pelo utilizador 'api_gateway'.
2026-07-02 21:22:32 [INFO] MÓDULO AUTENTICACAO: Sessão expirada pelo utilizador 'nuno_gomes'.
2026-07-02 21:23:36 [INFO] MÓDULO SENSORES: Movimento detetado no Corredor B.
2026-07-02 21:24:51 [INFO] MÓDULO CAMARAS: Gravação iniciada por movimento na Câmara_01.
2026-07-02 21:25:35 [ERROR] MÓDULO CAMARAS: Gravação iniciada por movimento na Câmara_01.
2026-07-02 21:26:22 [CRITICAL] MÓDULO AUTENTICACAO: Falha na palavra-passe pelo utilizador 'api_gateway'.
2026-07-02 21:27:02 [WARNING] MÓDULO AUTENTICACAO: Falha na palavra-passe pelo utilizador 'gestor_seguranca'.
2026-07-02 21:27:38 [WARNING] MÓDULO BASE_DADOS: Timeout na ligação pelo utilizador 'admin'.
2026-07-02 21:28:19 [CRITICAL] MÓDULO SENSORES: Movimento detetado no Corredor B.
2026-07-02 21:29:25 [WARNING] MÓDULO SENSORES: Sensor de fumos ativo.
2026-07-02 21:30:08 [ERROR] MÓDULO SENSORES: Movimento detetado no Corredor B.
2026-07-02 21:30:51 [ERROR] MÓDULO SENSORES: Sensor de fumos ativo.
2026-07-02 21:31:40 [INFO] MÓDULO CAMARAS: Gravação iniciada por movimento na Câmara_01.
2026-07-02 21:32:45 [CRITICAL] MÓDULO CAMARAS: Gravação iniciada por movimento na Câmara_01.
2026-07-02 21:33:36 [INFO] MÓDULO AUTENTICACAO: Tentativa de brute-force bloqueada pelo utilizador 'ana_silva'.
2026-07-02 21:34:34 [CRITICAL] MÓDULO AUTENTICACAO: Sessão expirada pelo utilizador 'mauri'.
2026-07-02 21:35:14 [CRITICAL] MÓDULO BASE_DADOS: Erro de integridade referencial pelo utilizador 'convidado_01'.
2026-07-02 21:36:23 [INFO] MÓDULO AUTENTICACAO: Falha na palavra-passe pelo utilizador 'api_gateway'.
2026-07-02 21:37:22 [WARNING] MÓDULO BASE_DADOS: Erro de integridade referencial pelo utilizador 'gestor_seguranca'.
2026-07-02 21:38:21 [WARNING] MÓDULO AUTENTICACAO: Sessão expirada pelo utilizador 'nuno_gomes'.
2026-07-02 21:39:43 [CRITICAL] MÓDULO SENSORES: Sensor de fumos ativo.
2026-07-02 21:40:54 [WARNING] MÓDULO AUTENTICACAO: Falha na palavra-passe pelo utilizador 'convidado_01'.
2026-07-02 21:42:02 [INFO] MÓDULO BASE_DADOS: Erro de integridade referencial pelo utilizador 'ana_silva'.
2026-07-02 21:43:00 [WARNING] MÓDULO AUTENTICACAO: Falha na palavra-passe pelo utilizador 'api_gateway'.
2026-07-02 21:43:38 [INFO] MÓDULO BASE_DADOS: Cópia de segurança (Backup) concluída pelo utilizador 'ana_silva'.
2026-07-02 21:45:03 [CRITICAL] MÓDULO CAMARAS: Gravação iniciada por movimento na Câmara_01.
2026-07-02 21:46:00 [INFO] MÓDULO BASE_DADOS: Cópia de segurança (Backup) concluída pelo utilizador 'gestor_seguranca'.
2026-07-02 21:46:38 [WARNING] MÓDULO CAMARAS: Perda de sinal de vídeo na Câmara_04.
2026-07-02 21:47:55 [WARNING] MÓDULO SENSORES: Porta Principal aberta.
2026-07-02 21:49:12 [ERROR] MÓDULO BASE_DADOS: Query executada com sucesso pelo utilizador 'admin'.
2026-07-02 21:50:06 [WARNING] MÓDULO AUTENTICACAO: Falha na palavra-passe pelo utilizador 'mauri'.
2026-07-02 21:51:02 [ERROR] MÓDULO BASE_DADOS: Query executada com sucesso pelo utilizador 'convidado_01'.
2026-07-02 21:52:29 [CRITICAL] MÓDULO CAMARAS: Gravação iniciada por movimento na Câmara_01.
2026-07-02 21:53:51 [INFO] MÓDULO CAMARAS: Gravação iniciada por movimento na Câmara_01.
2026-07-02 21:54:32 [INFO] MÓDULO AUTENTICACAO: Falha na palavra-passe pelo utilizador 'admin'.
2026-07-02 21:55:28 [INFO] MÓDULO CAMARAS: Perda de sinal de vídeo na Câmara_04.
2026-07-02 21:56:29 [WARNING] MÓDULO SENSORES: Sensor de fumos ativo.
2026-07-02 21:57:01 [WARNING] MÓDULO BASE_DADOS: Erro de integridade referencial pelo utilizador 'nuno_gomes'.
2026-07-02 21:58:26 [INFO] MÓDULO CAMARAS: Falha de armazenamento no DVR_02.
2026-07-02 21:59:46 [WARNING] MÓDULO BASE_DADOS: Timeout na ligação pelo utilizador 'convidado_01'.
2026-07-02 22:00:21 [ERROR] MÓDULO CAMARAS: Falha de armazenamento no DVR_02.
2026-07-02 22:00:58 [INFO] MÓDULO BASE_DADOS: Erro de integridade referencial pelo utilizador 'ana_silva'.
2026-07-02 22:01:59 [INFO] MÓDULO BASE_DADOS: Erro de integridade referencial pelo utilizador 'gestor_seguranca'.
2026-07-02 22:03:19 [WARNING] MÓDULO AUTENTICACAO: Login efetuado com sucesso pelo utilizador 'nuno_gomes'.
2026-07-02 22:04:28 [INFO] MÓDULO CAMARAS: Falha de armazenamento no DVR_02.
2026-07-02 22:05:05 [WARNING] MÓDULO SENSORES: Porta Principal aberta.
2026-07-02 22:05:47 [ERROR] MÓDULO BASE_DADOS: Query executada com sucesso pelo utilizador 'nuno_gomes'.
2026-07-02 22:06:39 [WARNING] MÓDULO BASE_DADOS: Erro de integridade referencial pelo utilizador 'admin'.
2026-07-02 22:08:01 [INFO] MÓDULO CAMARAS: Gravação iniciada por movimento na Câmara_01.
2026-07-02 22:09:03 [CRITICAL] MÓDULO AUTENTICACAO: Tentativa de brute-force bloqueada pelo utilizador 'api_gateway'.
2026-07-02 22:10:20 [WARNING] MÓDULO AUTENTICACAO: Sessão expirada pelo utilizador 'ana_silva'.
2026-07-02 22:11:09 [INFO] MÓDULO BASE_DADOS: Erro de integridade referencial pelo utilizador 'gestor_seguranca'.
2026-07-02 22:11:58 [INFO] MÓDULO BASE_DADOS: Cópia de segurança (Backup) concluída pelo utilizador 'ana_silva'.
2026-07-02 22:13:00 [INFO] MÓDULO CAMARAS: Falha de armazenamento no DVR_02.
2026-07-02 22:14:06 [CRITICAL] MÓDULO BASE_DADOS: Erro de integridade referencial pelo utilizador 'gestor_seguranca'.
2026-07-02 22:14:52 [WARNING] MÓDULO CAMARAS: Perda de sinal de vídeo na Câmara_04.
2026-07-02 22:16:07 [WARNING] MÓDULO BASE_DADOS: Erro de integridade referencial pelo utilizador 'admin'.
2026-07-02 22:17:07 [CRITICAL] MÓDULO CAMARAS: Falha de armazenamento no DVR_02.
2026-07-02 22:17:38 [ERROR] MÓDULO CAMARAS: Gravação iniciada por movimento na Câmara_01.
2026-07-02 22:18:10 [ERROR] MÓDULO CAMARAS: Gravação iniciada por movimento na Câmara_01.
2026-07-02 22:19:05 [CRITICAL] MÓDULO SENSORES: Sensor de fumos ativo.
2026-07-02 22:19:45 [WARNING] MÓDULO BASE_DADOS: Timeout na ligação pelo utilizador 'convidado_01'.
2026-07-02 22:20:51 [CRITICAL] MÓDULO BASE_DADOS: Erro de integridade referencial pelo utilizador 'admin'.
2026-07-02 22:21:55 [CRITICAL] MÓDULO CAMARAS: Falha de armazenamento no DVR_02.
2026-07-02 22:23:18 [CRITICAL] MÓDULO AUTENTICACAO: Login efetuado com sucesso pelo utilizador 'api_gateway'.
2026-07-02 22:24:24 [WARNING] MÓDULO SENSORES: Sensor de fumos ativo.
2026-07-02 22:25:19 [ERROR] MÓDULO AUTENTICACAO: Login efetuado com sucesso pelo utilizador 'ana_silva'.
2026-07-02 22:26:21 [INFO] MÓDULO BASE_DADOS: Timeout na ligação pelo utilizador 'convidado_01'.
2026-07-02 22:27:10 [INFO] MÓDULO CAMARAS: Gravação iniciada por movimento na Câmara_01.
2026-07-02 22:27:58 [INFO] MÓDULO BASE_DADOS: Erro de integridade referencial pelo utilizador 'admin'.
2026-07-02 22:28:55 [WARNING] MÓDULO SENSORES: Movimento detetado no Corredor B.
2026-07-02 22:29:53 [ERROR] MÓDULO BASE_DADOS: Cópia de segurança (Backup) concluída pelo utilizador 'mauri'.
2026-07-02 22:30:39 [WARNING] MÓDULO SENSORES: Movimento detetado no Corredor B.
2026-07-02 22:31:39 [CRITICAL] MÓDULO CAMARAS: Perda de sinal de vídeo na Câmara_04.
2026-07-02 22:32:35 [WARNING] MÓDULO AUTENTICACAO: Falha na palavra-passe pelo utilizador 'api_gateway'.
2026-07-02 22:33:44 [INFO] MÓDULO SENSORES: Temperatura da Sala de Servidores acima do normal.
2026-07-02 22:35:06 [WARNING] MÓDULO BASE_DADOS: Timeout na ligação pelo utilizador 'ana_silva'.
2026-07-02 22:35:43 [WARNING] MÓDULO AUTENTICACAO: Sessão expirada pelo utilizador 'nuno_gomes'.
2026-07-02 22:36:37 [ERROR] MÓDULO SENSORES: Movimento detetado no Corredor B.
2026-07-02 22:37:39 [INFO] MÓDULO CAMARAS: Perda de sinal de vídeo na Câmara_04.
2026-07-02 22:39:00 [INFO] MÓDULO AUTENTICACAO: Tentativa de brute-force bloqueada pelo utilizador 'api_gateway'.
2026-07-02 22:40:03 [INFO] MÓDULO CAMARAS: Perda de sinal de vídeo na Câmara_04.
2026-07-02 22:41:01 [ERROR] MÓDULO CAMARAS: Falha de armazenamento no DVR_02.
2026-07-02 22:41:40 [WARNING] MÓDULO CAMARAS: Gravação iniciada por movimento na Câmara_01.
2026-07-02 22:42:12 [INFO] MÓDULO AUTENTICACAO: Tentativa de brute-force bloqueada pelo utilizador 'api_gateway'.
2026-07-02 22:43:09 [INFO] MÓDULO CAMARAS: Falha de armazenamento no DVR_02.
2026-07-02 22:44:33 [CRITICAL] MÓDULO CAMARAS: Perda de sinal de vídeo na Câmara_04.
2026-07-02 22:45:35 [CRITICAL] MÓDULO AUTENTICACAO: Falha na palavra-passe pelo utilizador 'api_gateway'.
2026-07-02 22:46:49 [INFO] MÓDULO SENSORES: Movimento detetado no Corredor B.
2026-07-02 22:48:17 [INFO] MÓDULO CAMARAS: Falha de armazenamento no DVR_02.
2026-07-02 22:49:07 [INFO] MÓDULO SENSORES: Porta Principal aberta.
2026-07-02 22:50:16 [WARNING] MÓDULO CAMARAS: Falha de armazenamento no DVR_02.
2026-07-02 22:51:18 [ERROR] MÓDULO SENSORES: Temperatura da Sala de Servidores acima do normal.
2026-07-02 22:52:16 [INFO] MÓDULO BASE_DADOS: Timeout na ligação pelo utilizador 'nuno_gomes'.
2026-07-02 22:53:11 [CRITICAL] MÓDULO CAMARAS: Perda de sinal de vídeo na Câmara_04.
2026-07-02 22:53:53 [CRITICAL] MÓDULO BASE_DADOS: Timeout na ligação pelo utilizador 'api_gateway'.
2026-07-02 22:54:49 [ERROR] MÓDULO AUTENTICACAO: Falha na palavra-passe pelo utilizador 'nuno_gomes'.
2026-07-02 22:55:28 [INFO] MÓDULO SENSORES: Porta Principal aberta.
2026-07-02 22:56:16 [INFO] MÓDULO BASE_DADOS: Erro de integridade referencial pelo utilizador 'ana_silva'.
2026-07-02 22:57:38 [INFO] MÓDULO AUTENTICACAO: Login efetuado com sucesso pelo utilizador 'gestor_seguranca'.
2026-07-02 22:58:23 [INFO] MÓDULO AUTENTICACAO: Sessão expirada pelo utilizador 'gestor_seguranca'.
2026-07-02 22:59:13 [INFO] MÓDULO SENSORES: Movimento detetado no Corredor B.
2026-07-02 23:00:31 [CRITICAL] MÓDULO AUTENTICACAO: Sessão expirada pelo utilizador 'ana_silva'.
2026-07-02 23:01:39 [INFO] MÓDULO SENSORES: Porta Principal aberta.
2026-07-02 23:02:49 [ERROR] MÓDULO BASE_DADOS: Query executada com sucesso pelo utilizador 'ana_silva'.
2026-07-02 23:03:45 [WARNING] MÓDULO SENSORES: Temperatura da Sala de Servidores acima do normal.
2026-07-02 23:04:16 [CRITICAL] MÓDULO CAMARAS: Gravação iniciada por movimento na Câmara_01.
2026-07-02 23:04:46 [INFO] MÓDULO CAMARAS: Falha de armazenamento no DVR_02.
2026-07-02 23:05:50 [WARNING] MÓDULO CAMARAS: Gravação iniciada por movimento na Câmara_01.
2026-07-02 23:07:06 [INFO] MÓDULO SENSORES: Temperatura da Sala de Servidores acima do normal.
2026-07-02 23:07:38 [INFO] MÓDULO AUTENTICACAO: Sessão expirada pelo utilizador 'convidado_01'.
2026-07-02 23:08:11 [INFO] MÓDULO CAMARAS: Gravação iniciada por movimento na Câmara_01.
2026-07-02 23:09:25 [INFO] MÓDULO SENSORES: Movimento detetado no Corredor B.
2026-07-02 23:09:58 [INFO] MÓDULO SENSORES: Movimento detetado no Corredor B.
2026-07-02 23:11:01 [CRITICAL] MÓDULO BASE_DADOS: Cópia de segurança (Backup) concluída pelo utilizador 'api_gateway'.
2026-07-02 23:11:42 [ERROR] MÓDULO SENSORES: Sensor de fumos ativo.
2026-07-02 23:12:56 [CRITICAL] MÓDULO SENSORES: Porta Principal aberta.
2026-07-02 23:13:31 [CRITICAL] MÓDULO BASE_DADOS: Query executada com sucesso pelo utilizador 'mauri'.
2026-07-02 23:14:11 [CRITICAL] MÓDULO SENSORES: Movimento detetado no Corredor B.
2026-07-02 23:15:18 [ERROR] MÓDULO AUTENTICACAO: Falha na palavra-passe pelo utilizador 'ana_silva'.
2026-07-02 23:15:59 [WARNING] MÓDULO BASE_DADOS: Query executada com sucesso pelo utilizador 'admin'.
2026-07-02 23:16:38 [WARNING] MÓDULO BASE_DADOS: Query executada com sucesso pelo utilizador 'gestor_seguranca'.
2026-07-02 23:17:24 [ERROR] MÓDULO AUTENTICACAO: Falha na palavra-passe pelo utilizador 'api_gateway'.
2026-07-02 23:18:54 [INFO] MÓDULO BASE_DADOS: Query executada com sucesso pelo utilizador 'admin'.
2026-07-02 23:20:01 [INFO] MÓDULO AUTENTICACAO: Falha na palavra-passe pelo utilizador 'convidado_01'.
2026-07-02 23:20:56 [INFO] MÓDULO BASE_DADOS: Cópia de segurança (Backup) concluída pelo utilizador 'api_gateway'.
2026-07-02 23:21:39 [CRITICAL] MÓDULO CAMARAS: Falha de armazenamento no DVR_02.
2026-07-02 23:22:46 [ERROR] MÓDULO SENSORES: Temperatura da Sala de Servidores acima do normal.
2026-07-02 23:23:57 [INFO] MÓDULO AUTENTICACAO: Falha na palavra-passe pelo utilizador 'gestor_seguranca'.
2026-07-02 23:24:38 [WARNING] MÓDULO BASE_DADOS: Erro de integridade referencial pelo utilizador 'mauri'.
2026-07-02 23:25:39 [CRITICAL] MÓDULO AUTENTICACAO: Sessão expirada pelo utilizador 'gestor_seguranca'.
2026-07-02 23:26:52 [INFO] MÓDULO SENSORES: Sensor de fumos ativo.
2026-07-02 23:27:48 [CRITICAL] MÓDULO BASE_DADOS: Query executada com sucesso pelo utilizador 'mauri'.
2026-07-02 23:29:17 [ERROR] MÓDULO BASE_DADOS: Query executada com sucesso pelo utilizador 'gestor_seguranca'.
2026-07-02 23:30:04 [INFO] MÓDULO CAMARAS: Gravação iniciada por movimento na Câmara_01.
2026-07-02 23:30:50 [CRITICAL] MÓDULO SENSORES: Movimento detetado no Corredor B.
2026-07-02 23:32:09 [INFO] MÓDULO BASE_DADOS: Cópia de segurança (Backup) concluída pelo utilizador 'api_gateway'.
2026-07-02 23:32:42 [INFO] MÓDULO BASE_DADOS: Cópia de segurança (Backup) concluída pelo utilizador 'ana_silva'.
2026-07-02 23:34:10 [ERROR] MÓDULO BASE_DADOS: Query executada com sucesso pelo utilizador 'admin'.
2026-07-02 23:35:27 [ERROR] MÓDULO SENSORES: Temperatura da Sala de Servidores acima do normal.
2026-07-02 23:36:11 [INFO] MÓDULO CAMARAS: Perda de sinal de vídeo na Câmara_04.
2026-07-02 23:37:35 [INFO] MÓDULO CAMARAS: Gravação iniciada por movimento na Câmara_01.
2026-07-02 23:38:18 [INFO] MÓDULO CAMARAS: Perda de sinal de vídeo na Câmara_04.
2026-07-02 23:39:05 [INFO] MÓDULO SENSORES: Porta Principal aberta.
2026-07-02 23:40:29 [WARNING] MÓDULO BASE_DADOS: Erro de integridade referencial pelo utilizador 'gestor_seguranca'.
2026-07-02 23:41:53 [INFO] MÓDULO SENSORES: Temperatura da Sala de Servidores acima do normal.
2026-07-02 23:42:30 [INFO] MÓDULO BASE_DADOS: Cópia de segurança (Backup) concluída pelo utilizador 'nuno_gomes'.
2026-07-02 23:43:17 [INFO] MÓDULO CAMARAS: Falha de armazenamento no DVR_02.
2026-07-02 23:43:51 [INFO] MÓDULO AUTENTICACAO: Falha na palavra-passe pelo utilizador 'admin'.
2026-07-02 23:44:40 [INFO] MÓDULO BASE_DADOS: Timeout na ligação pelo utilizador 'api_gateway'.
2026-07-02 23:45:46 [WARNING] MÓDULO AUTENTICACAO: Falha na palavra-passe pelo utilizador 'nuno_gomes'.
2026-07-02 23:47:13 [ERROR] MÓDULO BASE_DADOS: Timeout na ligação pelo utilizador 'gestor_seguranca'.
2026-07-02 23:48:19 [INFO] MÓDULO CAMARAS: Falha de armazenamento no DVR_02.
2026-07-02 23:49:26 [ERROR] MÓDULO BASE_DADOS: Query executada com sucesso pelo utilizador 'api_gateway'.
2026-07-02 23:50:41 [WARNING] MÓDULO BASE_DADOS: Cópia de segurança (Backup) concluída pelo utilizador 'gestor_seguranca'.
2026-07-02 23:51:26 [WARNING] MÓDULO BASE_DADOS: Erro de integridade referencial pelo utilizador 'convidado_01'.
2026-07-02 23:52:01 [CRITICAL] MÓDULO SENSORES: Temperatura da Sala de Servidores acima do normal.
2026-07-02 23:52:43 [ERROR] MÓDULO SENSORES: Temperatura da Sala de Servidores acima do normal.
2026-07-02 23:53:36 [INFO] MÓDULO BASE_DADOS: Timeout na ligação pelo utilizador 'admin'.
2026-07-02 23:54:10 [INFO] MÓDULO CAMARAS: Perda de sinal de vídeo na Câmara_04.
2026-07-02 23:55:25 [INFO] MÓDULO AUTENTICACAO: Falha na palavra-passe pelo utilizador 'nuno_gomes'.
2026-07-02 23:56:28 [CRITICAL] MÓDULO BASE_DADOS: Erro de integridade referencial pelo utilizador 'nuno_gomes'.
2026-07-02 23:57:06 [WARNING] MÓDULO SENSORES: Movimento detetado no Corredor B.
2026-07-02 23:57:58 [CRITICAL] MÓDULO AUTENTICACAO: Sessão expirada pelo utilizador 'convidado_01'.
2026-07-02 23:58:35 [INFO] MÓDULO BASE_DADOS: Erro de integridade referencial pelo utilizador 'ana_silva'.
2026-07-02 23:59:54 [INFO] MÓDULO SENSORES: Temperatura da Sala de Servidores acima do normal.
2026-07-03 00:01:10 [WARNING] MÓDULO AUTENTICACAO: Falha na palavra-passe pelo utilizador 'gestor_seguranca'.
2026-07-03 00:02:15 [INFO] MÓDULO SENSORES: Porta Principal aberta.
2026-07-03 00:03:29 [ERROR] MÓDULO SENSORES: Movimento detetado no Corredor B.
2026-07-03 00:04:35 [CRITICAL] MÓDULO AUTENTICACAO: Falha na palavra-passe pelo utilizador 'api_gateway'.
2026-07-03 00:05:25 [CRITICAL] MÓDULO CAMARAS: Gravação iniciada por movimento na Câmara_01.
2026-07-03 00:06:53 [INFO] MÓDULO BASE_DADOS: Timeout na ligação pelo utilizador 'mauri'.
2026-07-03 00:07:39 [INFO] MÓDULO SENSORES: Sensor de fumos ativo.
2026-07-03 00:09:05 [WARNING] MÓDULO CAMARAS: Gravação iniciada por movimento na Câmara_01.
2026-07-03 00:09:36 [WARNING] MÓDULO SENSORES: Temperatura da Sala de Servidores acima do normal.
2026-07-03 00:10:29 [WARNING] MÓDULO AUTENTICACAO: Tentativa de brute-force bloqueada pelo utilizador 'admin'.
2026-07-03 00:11:52 [INFO] MÓDULO SENSORES: Sensor de fumos ativo.
2026-07-03 00:12:28 [INFO] MÓDULO CAMARAS: Gravação iniciada por movimento na Câmara_01.
2026-07-03 00:13:14 [ERROR] MÓDULO CAMARAS: Falha de armazenamento no DVR_02.
2026-07-03 00:14:26 [INFO] MÓDULO SENSORES: Porta Principal aberta.
2026-07-03 00:15:26 [WARNING] MÓDULO CAMARAS: Gravação iniciada por movimento na Câmara_01.
2026-07-03 00:16:20 [CRITICAL] MÓDULO AUTENTICACAO: Falha na palavra-passe pelo utilizador 'api_gateway'.
2026-07-03 00:17:24 [INFO] MÓDULO CAMARAS: Falha de armazenamento no DVR_02.
2026-07-03 00:18:11 [INFO] MÓDULO AUTENTICACAO: Login efetuado com sucesso pelo utilizador 'convidado_01'.
2026-07-03 00:19:04 [INFO] MÓDULO SENSORES: Porta Principal aberta.
2026-07-03 00:20:01 [INFO] MÓDULO CAMARAS: Falha de armazenamento no DVR_02.
2026-07-03 00:21:21 [CRITICAL] MÓDULO SENSORES: Porta Principal aberta.
2026-07-03 00:21:54 [ERROR] MÓDULO BASE_DADOS: Query executada com sucesso pelo utilizador 'convidado_01'.
2026-07-03 00:22:28 [CRITICAL] MÓDULO AUTENTICACAO: Falha na palavra-passe pelo utilizador 'mauri'.
2026-07-03 00:22:59 [INFO] MÓDULO SENSORES: Sensor de fumos ativo.
2026-07-03 00:24:24 [INFO] MÓDULO SENSORES: Sensor de fumos ativo.
2026-07-03 00:25:17 [INFO] MÓDULO BASE_DADOS: Timeout na ligação pelo utilizador 'nuno_gomes'.
2026-07-03 00:26:27 [INFO] MÓDULO CAMARAS: Gravação iniciada por movimento na Câmara_01.
2026-07-03 00:27:11 [INFO] MÓDULO CAMARAS: Gravação iniciada por movimento na Câmara_01.
2026-07-03 00:27:59 [INFO] MÓDULO SENSORES: Movimento detetado no Corredor B.
2026-07-03 00:28:40 [CRITICAL] MÓDULO CAMARAS: Falha de armazenamento no DVR_02.
2026-07-03 00:29:26 [WARNING] MÓDULO BASE_DADOS: Query executada com sucesso pelo utilizador 'api_gateway'.
2026-07-03 00:30:05 [WARNING] MÓDULO BASE_DADOS: Cópia de segurança (Backup) concluída pelo utilizador 'nuno_gomes'.
2026-07-03 00:30:50 [CRITICAL] MÓDULO SENSORES: Temperatura da Sala de Servidores acima do normal.
2026-07-03 00:31:38 [ERROR] MÓDULO AUTENTICACAO: Login efetuado com sucesso pelo utilizador 'convidado_01'.
2026-07-03 00:32:17 [CRITICAL] MÓDULO AUTENTICACAO: Falha na palavra-passe pelo utilizador 'api_gateway'.
2026-07-03 00:33:26 [INFO] MÓDULO BASE_DADOS: Timeout na ligação pelo utilizador 'ana_silva'.
2026-07-03 00:34:52 [CRITICAL] MÓDULO CAMARAS: Falha de armazenamento no DVR_02.
2026-07-03 00:36:15 [INFO] MÓDULO CAMARAS: Falha de armazenamento no DVR_02.
2026-07-03 00:37:23 [ERROR] MÓDULO BASE_DADOS: Erro de integridade referencial pelo utilizador 'api_gateway'.
2026-07-03 00:38:22 [INFO] MÓDULO BASE_DADOS: Query executada com sucesso pelo utilizador 'nuno_gomes'.
2026-07-03 00:39:45 [CRITICAL] MÓDULO AUTENTICACAO: Sessão expirada pelo utilizador 'admin'.
2026-07-03 00:40:47 [INFO] MÓDULO AUTENTICACAO: Sessão expirada pelo utilizador 'nuno_gomes'.
2026-07-03 00:41:27 [ERROR] MÓDULO AUTENTICACAO: Falha na palavra-passe pelo utilizador 'mauri'.
2026-07-03 00:42:50 [CRITICAL] MÓDULO BASE_DADOS: Cópia de segurança (Backup) concluída pelo utilizador 'ana_silva'.
2026-07-03 00:44:00 [CRITICAL] MÓDULO BASE_DADOS: Erro de integridade referencial pelo utilizador 'nuno_gomes'.
2026-07-03 00:44:36 [INFO] MÓDULO SENSORES: Movimento detetado no Corredor B.
2026-07-03 00:46:05 [INFO] MÓDULO BASE_DADOS: Erro de integridade referencial pelo utilizador 'nuno_gomes'.
2026-07-03 00:46:59 [ERROR] MÓDULO AUTENTICACAO: Falha na palavra-passe pelo utilizador 'admin'.
2026-07-03 00:48:26 [INFO] MÓDULO SENSORES: Movimento detetado no Corredor B.
2026-07-03 00:49:36 [WARNING] MÓDULO CAMARAS: Perda de sinal de vídeo na Câmara_04.
2026-07-03 00:50:28 [WARNING] MÓDULO CAMARAS: Falha de armazenamento no DVR_02.
2026-07-03 00:51:26 [INFO] MÓDULO CAMARAS: Falha de armazenamento no DVR_02.
2026-07-03 00:52:00 [INFO] MÓDULO CAMARAS: Falha de armazenamento no DVR_02.
2026-07-03 00:52:48 [INFO] MÓDULO AUTENTICACAO: Sessão expirada pelo utilizador 'mauri'.
2026-07-03 00:54:14 [CRITICAL] MÓDULO SENSORES: Movimento detetado no Corredor B.
2026-07-03 00:54:45 [INFO] MÓDULO BASE_DADOS: Cópia de segurança (Backup) concluída pelo utilizador 'admin'.
2026-07-03 00:55:49 [WARNING] MÓDULO BASE_DADOS: Query executada com sucesso pelo utilizador 'convidado_01'.
2026-07-03 00:56:29 [INFO] MÓDULO AUTENTICACAO: Falha na palavra-passe pelo utilizador 'convidado_01'.
2026-07-03 00:57:17 [INFO] MÓDULO AUTENTICACAO: Tentativa de brute-force bloqueada pelo utilizador 'admin'.
2026-07-03 00:58:24 [INFO] MÓDULO BASE_DADOS: Query executada com sucesso pelo utilizador 'nuno_gomes'.
2026-07-03 00:59:05 [WARNING] MÓDULO AUTENTICACAO: Sessão expirada pelo utilizador 'gestor_seguranca'.
2026-07-03 01:00:23 [WARNING] MÓDULO AUTENTICACAO: Login efetuado com sucesso pelo utilizador 'api_gateway'.
2026-07-03 01:01:11 [INFO] MÓDULO AUTENTICACAO: Falha na palavra-passe pelo utilizador 'ana_silva'.
2026-07-03 01:02:38 [INFO] MÓDULO BASE_DADOS: Timeout na ligação pelo utilizador 'admin'.
2026-07-03 01:03:30 [WARNING] MÓDULO CAMARAS: Falha de armazenamento no DVR_02.
2026-07-03 01:04:11 [WARNING] MÓDULO BASE_DADOS: Timeout na ligação pelo utilizador 'mauri'.
2026-07-03 01:05:03 [INFO] MÓDULO SENSORES: Porta Principal aberta.
2026-07-03 01:06:22 [INFO] MÓDULO BASE_DADOS: Cópia de segurança (Backup) concluída pelo utilizador 'mauri'.
2026-07-03 01:06:53 [INFO] MÓDULO AUTENTICACAO: Falha na palavra-passe pelo utilizador 'gestor_seguranca'.
2026-07-03 01:07:45 [INFO] MÓDULO CAMARAS: Perda de sinal de vídeo na Câmara_04.
2026-07-03 01:08:50 [WARNING] MÓDULO AUTENTICACAO: Falha na palavra-passe pelo utilizador 'mauri'.
2026-07-03 01:09:28 [CRITICAL] MÓDULO SENSORES: Temperatura da Sala de Servidores acima do normal.
2026-07-03 01:10:28 [WARNING] MÓDULO BASE_DADOS: Cópia de segurança (Backup) concluída pelo utilizador 'admin'.
2026-07-03 01:11:33 [CRITICAL] MÓDULO SENSORES: Sensor de fumos ativo.
2026-07-03 01:12:41 [CRITICAL] MÓDULO BASE_DADOS: Timeout na ligação pelo utilizador 'api_gateway'.
2026-07-03 01:13:23 [CRITICAL] MÓDULO BASE_DADOS: Query executada com sucesso pelo utilizador 'ana_silva'.
2026-07-03 01:14:33 [ERROR] MÓDULO SENSORES: Temperatura da Sala de Servidores acima do normal.
2026-07-03 01:15:42 [INFO] MÓDULO BASE_DADOS: Erro de integridade referencial pelo utilizador 'mauri'.
2026-07-03 01:16:26 [INFO] MÓDULO SENSORES: Porta Principal aberta.
2026-07-03 01:17:38 [WARNING] MÓDULO BASE_DADOS: Cópia de segurança (Backup) concluída pelo utilizador 'api_gateway'.
2026-07-03 01:18:46 [CRITICAL] MÓDULO SENSORES: Movimento detetado no Corredor B.
2026-07-03 01:19:30 [WARNING] MÓDULO BASE_DADOS: Timeout na ligação pelo utilizador 'mauri'.
2026-07-03 01:20:19 [WARNING] MÓDULO SENSORES: Sensor de fumos ativo.
2026-07-03 01:21:16 [ERROR] MÓDULO AUTENTICACAO: Login efetuado com sucesso pelo utilizador 'admin'.
2026-07-03 01:21:50 [WARNING] MÓDULO CAMARAS: Gravação iniciada por movimento na Câmara_01.
2026-07-03 01:23:16 [INFO] MÓDULO BASE_DADOS: Timeout na ligação pelo utilizador 'nuno_gomes'.
2026-07-03 01:24:28 [INFO] MÓDULO CAMARAS: Perda de sinal de vídeo na Câmara_04.
2026-07-03 01:25:00 [INFO] MÓDULO AUTENTICACAO: Tentativa de brute-force bloqueada pelo utilizador 'mauri'.
2026-07-03 01:25:33 [ERROR] MÓDULO CAMARAS: Falha de armazenamento no DVR_02.
2026-07-03 01:26:53 [WARNING] MÓDULO AUTENTICACAO: Login efetuado com sucesso pelo utilizador 'admin'.
2026-07-03 01:28:19 [INFO] MÓDULO SENSORES: Movimento detetado no Corredor B.
2026-07-03 01:29:08 [INFO] MÓDULO CAMARAS: Perda de sinal de vídeo na Câmara_04.
2026-07-03 01:30:20 [INFO] MÓDULO SENSORES: Temperatura da Sala de Servidores acima do normal.
2026-07-03 01:31:05 [WARNING] MÓDULO AUTENTICACAO: Tentativa de brute-force bloqueada pelo utilizador 'convidado_01'.
2026-07-03 01:32:10 [ERROR] MÓDULO SENSORES: Sensor de fumos ativo.
2026-07-03 01:33:12 [INFO] MÓDULO BASE_DADOS: Query executada com sucesso pelo utilizador 'ana_silva'.
2026-07-03 01:33:45 [CRITICAL] MÓDULO BASE_DADOS: Cópia de segurança (Backup) concluída pelo utilizador 'api_gateway'.
2026-07-03 01:35:04 [WARNING] MÓDULO SENSORES: Sensor de fumos ativo.
2026-07-03 01:36:23 [WARNING] MÓDULO CAMARAS: Falha de armazenamento no DVR_02.
2026-07-03 01:37:29 [WARNING] MÓDULO SENSORES: Sensor de fumos ativo.
2026-07-03 01:38:26 [WARNING] MÓDULO SENSORES: Porta Principal aberta.
2026-07-03 01:39:32 [INFO] MÓDULO BASE_DADOS: Query executada com sucesso pelo utilizador 'gestor_seguranca'.
2026-07-03 01:40:58 [WARNING] MÓDULO AUTENTICACAO: Tentativa de brute-force bloqueada pelo utilizador 'mauri'.
2026-07-03 01:41:55 [INFO] MÓDULO AUTENTICACAO: Sessão expirada pelo utilizador 'mauri'.
2026-07-03 01:43:18 [ERROR] MÓDULO AUTENTICACAO: Tentativa de brute-force bloqueada pelo utilizador 'nuno_gomes'.
2026-07-03 01:44:15 [CRITICAL] MÓDULO SENSORES: Temperatura da Sala de Servidores acima do normal.
2026-07-03 01:45:24 [INFO] MÓDULO AUTENTICACAO: Tentativa de brute-force bloqueada pelo utilizador 'gestor_seguranca'.
2026-07-03 01:46:08 [ERROR] MÓDULO SENSORES: Temperatura da Sala de Servidores acima do normal.
2026-07-03 01:47:09 [CRITICAL] MÓDULO BASE_DADOS: Query executada com sucesso pelo utilizador 'nuno_gomes'.
2026-07-03 01:47:52 [WARNING] MÓDULO CAMARAS: Gravação iniciada por movimento na Câmara_01.
2026-07-03 01:49:12 [CRITICAL] MÓDULO CAMARAS: Perda de sinal de vídeo na Câmara_04.
2026-07-03 01:50:39 [WARNING] MÓDULO BASE_DADOS: Timeout na ligação pelo utilizador 'mauri'.
2026-07-03 01:52:06 [CRITICAL] MÓDULO SENSORES: Sensor de fumos ativo.
2026-07-03 01:52:57 [CRITICAL] MÓDULO CAMARAS: Perda de sinal de vídeo na Câmara_04.
2026-07-03 01:53:33 [WARNING] MÓDULO BASE_DADOS: Cópia de segurança (Backup) concluída pelo utilizador 'admin'.
2026-07-03 01:54:47 [INFO] MÓDULO AUTENTICACAO: Login efetuado com sucesso pelo utilizador 'gestor_seguranca'.
2026-07-03 01:56:05 [ERROR] MÓDULO SENSORES: Sensor de fumos ativo.
2026-07-03 01:57:26 [ERROR] MÓDULO SENSORES: Porta Principal aberta.
2026-07-03 01:58:19 [WARNING] MÓDULO CAMARAS: Perda de sinal de vídeo na Câmara_04.
2026-07-03 01:59:37 [ERROR] MÓDULO AUTENTICACAO: Login efetuado com sucesso pelo utilizador 'mauri'.
2026-07-03 02:00:36 [INFO] MÓDULO SENSORES: Sensor de fumos ativo.
2026-07-03 02:01:08 [ERROR] MÓDULO AUTENTICACAO: Tentativa de brute-force bloqueada pelo utilizador 'mauri'.
2026-07-03 02:02:35 [WARNING] MÓDULO CAMARAS: Falha de armazenamento no DVR_02.
2026-07-03 02:03:25 [CRITICAL] MÓDULO BASE_DADOS: Cópia de segurança (Backup) concluída pelo utilizador 'gestor_seguranca'.
2026-07-03 02:04:55 [INFO] MÓDULO SENSORES: Porta Principal aberta.
2026-07-03 02:05:44 [CRITICAL] MÓDULO BASE_DADOS: Timeout na ligação pelo utilizador 'api_gateway'.
2026-07-03 02:06:43 [ERROR] MÓDULO CAMARAS: Falha de armazenamento no DVR_02.
2026-07-03 02:07:47 [CRITICAL] MÓDULO CAMARAS: Gravação iniciada por movimento na Câmara_01.
2026-07-03 02:09:17 [ERROR] MÓDULO SENSORES: Sensor de fumos ativo.
2026-07-03 02:10:24 [WARNING] MÓDULO SENSORES: Sensor de fumos ativo.
2026-07-03 02:11:15 [INFO] MÓDULO SENSORES: Movimento detetado no Corredor B.
2026-07-03 02:12:15 [ERROR] MÓDULO BASE_DADOS: Query executada com sucesso pelo utilizador 'admin'.
2026-07-03 02:13:21 [CRITICAL] MÓDULO BASE_DADOS: Query executada com sucesso pelo utilizador 'ana_silva'.
2026-07-03 02:14:24 [WARNING] MÓDULO AUTENTICACAO: Sessão expirada pelo utilizador 'convidado_01'.
2026-07-03 02:15:15 [INFO] MÓDULO CAMARAS: Gravação iniciada por movimento na Câmara_01.
2026-07-03 02:16:08 [INFO] MÓDULO AUTENTICACAO: Falha na palavra-passe pelo utilizador 'gestor_seguranca'.
2026-07-03 02:17:14 [INFO] MÓDULO SENSORES: Movimento detetado no Corredor B.
2026-07-03 02:17:44 [INFO] MÓDULO BASE_DADOS: Erro de integridade referencial pelo utilizador 'convidado_01'.
2026-07-03 02:18:25 [INFO] MÓDULO SENSORES: Porta Principal aberta.
2026-07-03 02:19:47 [INFO] MÓDULO AUTENTICACAO: Tentativa de brute-force bloqueada pelo utilizador 'admin'.
2026-07-03 02:21:14 [INFO] MÓDULO CAMARAS: Falha de armazenamento no DVR_02.
2026-07-03 02:22:15 [CRITICAL] MÓDULO AUTENTICACAO: Sessão expirada pelo utilizador 'nuno_gomes'.
2026-07-03 02:23:09 [WARNING] MÓDULO AUTENTICACAO: Falha na palavra-passe pelo utilizador 'nuno_gomes'.
2026-07-03 02:23:58 [ERROR] MÓDULO AUTENTICACAO: Sessão expirada pelo utilizador 'api_gateway'.
2026-07-03 02:25:20 [INFO] MÓDULO CAMARAS: Falha de armazenamento no DVR_02.
2026-07-03 02:26:07 [INFO] MÓDULO CAMARAS: Gravação iniciada por movimento na Câmara_01.
2026-07-03 02:26:57 [ERROR] MÓDULO BASE_DADOS: Erro de integridade referencial pelo utilizador 'nuno_gomes'.
2026-07-03 02:28:01 [CRITICAL] MÓDULO AUTENTICACAO: Falha na palavra-passe pelo utilizador 'api_gateway'.
2026-07-03 02:28:58 [INFO] MÓDULO CAMARAS: Gravação iniciada por movimento na Câmara_01.
2026-07-03 02:30:08 [INFO] MÓDULO CAMARAS: Gravação iniciada por movimento na Câmara_01.
2026-07-03 02:31:15 [WARNING] MÓDULO AUTENTICACAO: Tentativa de brute-force bloqueada pelo utilizador 'gestor_seguranca'.
2026-07-03 02:31:57 [CRITICAL] MÓDULO CAMARAS: Gravação iniciada por movimento na Câmara_01.
2026-07-03 02:32:49 [INFO] MÓDULO CAMARAS: Perda de sinal de vídeo na Câmara_04.
2026-07-03 02:33:42 [INFO] MÓDULO CAMARAS: Falha de armazenamento no DVR_02.
2026-07-03 02:34:43 [CRITICAL] MÓDULO AUTENTICACAO: Sessão expirada pelo utilizador 'convidado_01'.
2026-07-03 02:35:56 [WARNING] MÓDULO SENSORES: Sensor de fumos ativo.
2026-07-03 02:36:26 [INFO] MÓDULO SENSORES: Sensor de fumos ativo.
2026-07-03 02:37:40 [WARNING] MÓDULO SENSORES: Movimento detetado no Corredor B.
2026-07-03 02:38:57 [CRITICAL] MÓDULO BASE_DADOS: Erro de integridade referencial pelo utilizador 'mauri'.
2026-07-03 02:39:30 [WARNING] MÓDULO BASE_DADOS: Query executada com sucesso pelo utilizador 'ana_silva'.
2026-07-03 02:40:37 [INFO] MÓDULO SENSORES: Movimento detetado no Corredor B.
2026-07-03 02:41:44 [WARNING] MÓDULO SENSORES: Temperatura da Sala de Servidores acima do normal.
2026-07-03 02:42:19 [CRITICAL] MÓDULO AUTENTICACAO: Sessão expirada pelo utilizador 'ana_silva'.
2026-07-03 02:43:08 [ERROR] MÓDULO CAMARAS: Falha de armazenamento no DVR_02.
2026-07-03 02:44:30 [CRITICAL] MÓDULO BASE_DADOS: Erro de integridade referencial pelo utilizador 'ana_silva'.
2026-07-03 02:45:41 [INFO] MÓDULO AUTENTICACAO: Falha na palavra-passe pelo utilizador 'convidado_01'.
2026-07-03 02:46:53 [ERROR] MÓDULO CAMARAS: Falha de armazenamento no DVR_02.
2026-07-03 02:47:40 [CRITICAL] MÓDULO BASE_DADOS: Query executada com sucesso pelo utilizador 'nuno_gomes'.
2026-07-03 02:48:15 [CRITICAL] MÓDULO BASE_DADOS: Timeout na ligação pelo utilizador 'convidado_01'.
2026-07-03 02:49:34 [INFO] MÓDULO SENSORES: Sensor de fumos ativo.
2026-07-03 02:50:43 [WARNING] MÓDULO AUTENTICACAO: Tentativa de brute-force bloqueada pelo utilizador 'nuno_gomes'.
2026-07-03 02:51:26 [WARNING] MÓDULO BASE_DADOS: Cópia de segurança (Backup) concluída pelo utilizador 'ana_silva'.
2026-07-03 02:52:40 [WARNING] MÓDULO BASE_DADOS: Query executada com sucesso pelo utilizador 'gestor_seguranca'.
2026-07-03 02:53:54 [INFO] MÓDULO CAMARAS: Perda de sinal de vídeo na Câmara_04.
2026-07-03 02:54:57 [CRITICAL] MÓDULO BASE_DADOS: Timeout na ligação pelo utilizador 'nuno_gomes'.
2026-07-03 02:55:34 [CRITICAL] MÓDULO AUTENTICACAO: Falha na palavra-passe pelo utilizador 'api_gateway'.
2026-07-03 02:56:26 [INFO] MÓDULO CAMARAS: Gravação iniciada por movimento na Câmara_01.
2026-07-03 02:57:21 [INFO] MÓDULO AUTENTICACAO: Sessão expirada pelo utilizador 'api_gateway'.
2026-07-03 02:58:13 [ERROR] MÓDULO AUTENTICACAO: Sessão expirada pelo utilizador 'admin'.
2026-07-03 02:59:05 [INFO] MÓDULO BASE_DADOS: Timeout na ligação pelo utilizador 'mauri'.
2026-07-03 02:59:47 [INFO] MÓDULO AUTENTICACAO: Sessão expirada pelo utilizador 'mauri'.
2026-07-03 03:01:03 [INFO] MÓDULO SENSORES: Sensor de fumos ativo.
2026-07-03 03:02:05 [WARNING] MÓDULO SENSORES: Temperatura da Sala de Servidores acima do normal.
2026-07-03 03:02:46 [WARNING] MÓDULO AUTENTICACAO: Sessão expirada pelo utilizador 'ana_silva'.
2026-07-03 03:04:12 [CRITICAL] MÓDULO SENSORES: Porta Principal aberta.
2026-07-03 03:05:32 [INFO] MÓDULO BASE_DADOS: Erro de integridade referencial pelo utilizador 'gestor_seguranca'.
2026-07-03 03:06:36 [INFO] MÓDULO AUTENTICACAO: Login efetuado com sucesso pelo utilizador 'mauri'.
2026-07-03 03:08:04 [INFO] MÓDULO AUTENTICACAO: Login efetuado com sucesso pelo utilizador 'api_gateway'.
2026-07-03 03:08:45 [INFO] MÓDULO BASE_DADOS: Query executada com sucesso pelo utilizador 'ana_silva'.
2026-07-03 03:09:59 [INFO] MÓDULO SENSORES: Porta Principal aberta.
2026-07-03 03:10:39 [INFO] MÓDULO AUTENTICACAO: Falha na palavra-passe pelo utilizador 'api_gateway'.
2026-07-03 03:12:05 [CRITICAL] MÓDULO AUTENTICACAO: Tentativa de brute-force bloqueada pelo utilizador 'ana_silva'.
2026-07-03 03:13:33 [INFO] MÓDULO BASE_DADOS: Cópia de segurança (Backup) concluída pelo utilizador 'nuno_gomes'.
2026-07-03 03:14:51 [ERROR] MÓDULO AUTENTICACAO: Falha na palavra-passe pelo utilizador 'convidado_01'.
2026-07-03 03:15:36 [INFO] MÓDULO AUTENTICACAO: Falha na palavra-passe pelo utilizador 'convidado_01'.
2026-07-03 03:16:10 [INFO] MÓDULO CAMARAS: Gravação iniciada por movimento na Câmara_01.
2026-07-03 03:16:56 [WARNING] MÓDULO CAMARAS: Falha de armazenamento no DVR_02.
2026-07-03 03:18:07 [CRITICAL] MÓDULO AUTENTICACAO: Login efetuado com sucesso pelo utilizador 'admin'.
2026-07-03 03:19:21 [INFO] MÓDULO CAMARAS: Perda de sinal de vídeo na Câmara_04.
2026-07-03 03:20:00 [INFO] MÓDULO AUTENTICACAO: Sessão expirada pelo utilizador 'api_gateway'.
2026-07-03 03:21:03 [INFO] MÓDULO BASE_DADOS: Query executada com sucesso pelo utilizador 'ana_silva'.
2026-07-03 03:22:07 [INFO] MÓDULO BASE_DADOS: Timeout na ligação pelo utilizador 'admin'.
2026-07-03 03:23:33 [WARNING] MÓDULO BASE_DADOS: Timeout na ligação pelo utilizador 'ana_silva'.
2026-07-03 03:24:09 [WARNING] MÓDULO SENSORES: Temperatura da Sala de Servidores acima do normal.
2026-07-03 03:24:43 [WARNING] MÓDULO BASE_DADOS: Cópia de segurança (Backup) concluída pelo utilizador 'api_gateway'.
2026-07-03 03:25:57 [INFO] MÓDULO SENSORES: Sensor de fumos ativo.
2026-07-03 03:27:24 [ERROR] MÓDULO BASE_DADOS: Cópia de segurança (Backup) concluída pelo utilizador 'mauri'.
2026-07-03 03:27:58 [INFO] MÓDULO AUTENTICACAO: Tentativa de brute-force bloqueada pelo utilizador 'ana_silva'.
2026-07-03 03:29:19 [WARNING] MÓDULO CAMARAS: Falha de armazenamento no DVR_02.
2026-07-03 03:29:51 [ERROR] MÓDULO BASE_DADOS: Query executada com sucesso pelo utilizador 'mauri'.
2026-07-03 03:30:28 [ERROR] MÓDULO CAMARAS: Gravação iniciada por movimento na Câmara_01.
2026-07-03 03:31:08 [INFO] MÓDULO AUTENTICACAO: Sessão expirada pelo utilizador 'nuno_gomes'.
2026-07-03 03:31:50 [CRITICAL] MÓDULO BASE_DADOS: Timeout na ligação pelo utilizador 'ana_silva'.
2026-07-03 03:33:01 [INFO] MÓDULO SENSORES: Porta Principal aberta.
2026-07-03 03:34:26 [INFO] MÓDULO SENSORES: Porta Principal aberta.
2026-07-03 03:35:19 [INFO] MÓDULO BASE_DADOS: Erro de integridade referencial pelo utilizador 'gestor_seguranca'.
2026-07-03 03:35:53 [ERROR] MÓDULO BASE_DADOS: Timeout na ligação pelo utilizador 'convidado_01'.
2026-07-03 03:36:23 [INFO] MÓDULO CAMARAS: Gravação iniciada por movimento na Câmara_01.
2026-07-03 03:37:06 [INFO] MÓDULO SENSORES: Movimento detetado no Corredor B.
2026-07-03 03:38:31 [CRITICAL] MÓDULO BASE_DADOS: Erro de integridade referencial pelo utilizador 'admin'.
2026-07-03 03:39:43 [INFO] MÓDULO CAMARAS: Gravação iniciada por movimento na Câmara_01.
2026-07-03 03:41:13 [CRITICAL] MÓDULO AUTENTICACAO: Sessão expirada pelo utilizador 'gestor_seguranca'.
2026-07-03 03:42:21 [WARNING] MÓDULO AUTENTICACAO: Login efetuado com sucesso pelo utilizador 'mauri'.
2026-07-03 03:43:47 [CRITICAL] MÓDULO AUTENTICACAO: Sessão expirada pelo utilizador 'ana_silva'.
2026-07-03 03:44:40 [ERROR] MÓDULO AUTENTICACAO: Login efetuado com sucesso pelo utilizador 'mauri'.
2026-07-03 03:45:15 [WARNING] MÓDULO SENSORES: Porta Principal aberta.
2026-07-03 03:46:37 [WARNING] MÓDULO SENSORES: Porta Principal aberta.
2026-07-03 03:47:43 [WARNING] MÓDULO SENSORES: Sensor de fumos ativo.
2026-07-03 03:48:31 [CRITICAL] MÓDULO CAMARAS: Gravação iniciada por movimento na Câmara_01.
2026-07-03 03:49:48 [CRITICAL] MÓDULO BASE_DADOS: Erro de integridade referencial pelo utilizador 'convidado_01'.
2026-07-03 03:51:03 [ERROR] MÓDULO AUTENTICACAO: Tentativa de brute-force bloqueada pelo utilizador 'ana_silva'.
2026-07-03 03:52:21 [INFO] MÓDULO CAMARAS: Falha de armazenamento no DVR_02.
2026-07-03 03:52:54 [INFO] MÓDULO BASE_DADOS: Cópia de segurança (Backup) concluída pelo utilizador 'mauri'.
2026-07-03 03:54:11 [ERROR] MÓDULO AUTENTICACAO: Falha na palavra-passe pelo utilizador 'mauri'.
2026-07-03 03:55:12 [ERROR] MÓDULO BASE_DADOS: Erro de integridade referencial pelo utilizador 'nuno_gomes'.
2026-07-03 03:56:17 [WARNING] MÓDULO AUTENTICACAO: Sessão expirada pelo utilizador 'mauri'.
2026-07-03 03:57:45 [INFO] MÓDULO SENSORES: Porta Principal aberta.
2026-07-03 03:58:57 [WARNING] MÓDULO BASE_DADOS: Timeout na ligação pelo utilizador 'admin'.
2026-07-03 03:59:44 [CRITICAL] MÓDULO AUTENTICACAO: Login efetuado com sucesso pelo utilizador 'nuno_gomes'.
2026-07-03 04:00:40 [WARNING] MÓDULO SENSORES: Sensor de fumos ativo.
2026-07-03 04:01:46 [ERROR] MÓDULO AUTENTICACAO: Login efetuado com sucesso pelo utilizador 'gestor_seguranca'.
2026-07-03 04:02:54 [WARNING] MÓDULO AUTENTICACAO: Tentativa de brute-force bloqueada pelo utilizador 'nuno_gomes'.
2026-07-03 04:03:53 [INFO] MÓDULO AUTENTICACAO: Falha na palavra-passe pelo utilizador 'ana_silva'.
2026-07-03 04:05:05 [INFO] MÓDULO AUTENTICACAO: Login efetuado com sucesso pelo utilizador 'gestor_seguranca'.
2026-07-03 04:05:51 [WARNING] MÓDULO BASE_DADOS: Query executada com sucesso pelo utilizador 'admin'.
2026-07-03 04:06:58 [CRITICAL] MÓDULO BASE_DADOS: Timeout na ligação pelo utilizador 'admin'.
2026-07-03 04:07:51 [INFO] MÓDULO SENSORES: Sensor de fumos ativo.
2026-07-03 04:09:19 [INFO] MÓDULO AUTENTICACAO: Sessão expirada pelo utilizador 'api_gateway'.
2026-07-03 04:09:59 [ERROR] MÓDULO CAMARAS: Gravação iniciada por movimento na Câmara_01.
2026-07-03 04:10:38 [INFO] MÓDULO SENSORES: Movimento detetado no Corredor B.
2026-07-03 04:11:11 [INFO] MÓDULO BASE_DADOS: Cópia de segurança (Backup) concluída pelo utilizador 'convidado_01'.
2026-07-03 04:11:47 [INFO] MÓDULO SENSORES: Temperatura da Sala de Servidores acima do normal.
2026-07-03 04:13:17 [INFO] MÓDULO AUTENTICACAO: Tentativa de brute-force bloqueada pelo utilizador 'gestor_seguranca'.
2026-07-03 04:14:23 [INFO] MÓDULO BASE_DADOS: Cópia de segurança (Backup) concluída pelo utilizador 'ana_silva'.
2026-07-03 04:15:13 [INFO] MÓDULO AUTENTICACAO: Falha na palavra-passe pelo utilizador 'api_gateway'.
2026-07-03 04:16:28 [WARNING] MÓDULO CAMARAS: Gravação iniciada por movimento na Câmara_01.
2026-07-03 04:17:12 [INFO] MÓDULO AUTENTICACAO: Sessão expirada pelo utilizador 'api_gateway'.
2026-07-03 04:18:05 [WARNING] MÓDULO CAMARAS: Perda de sinal de vídeo na Câmara_04.
2026-07-03 04:18:46 [CRITICAL] MÓDULO BASE_DADOS: Timeout na ligação pelo utilizador 'api_gateway'.
2026-07-03 04:19:52 [WARNING] MÓDULO AUTENTICACAO: Sessão expirada pelo utilizador 'gestor_seguranca'.
2026-07-03 04:20:59 [INFO] MÓDULO SENSORES: Movimento detetado no Corredor B.
2026-07-03 04:22:29 [INFO] MÓDULO SENSORES: Temperatura da Sala de Servidores acima do normal.
2026-07-03 04:23:52 [WARNING] MÓDULO CAMARAS: Gravação iniciada por movimento na Câmara_01.
2026-07-03 04:24:38 [ERROR] MÓDULO AUTENTICACAO: Falha na palavra-passe pelo utilizador 'convidado_01'.
2026-07-03 04:25:08 [INFO] MÓDULO CAMARAS: Falha de armazenamento no DVR_02.
2026-07-03 04:26:23 [INFO] MÓDULO CAMARAS: Falha de armazenamento no DVR_02.
2026-07-03 04:27:18 [INFO] MÓDULO BASE_DADOS: Timeout na ligação pelo utilizador 'api_gateway'.
2026-07-03 04:27:51 [WARNING] MÓDULO CAMARAS: Gravação iniciada por movimento na Câmara_01.
2026-07-03 04:28:23 [ERROR] MÓDULO CAMARAS: Falha de armazenamento no DVR_02.
2026-07-03 04:29:27 [WARNING] MÓDULO AUTENTICACAO: Login efetuado com sucesso pelo utilizador 'convidado_01'.
2026-07-03 04:30:01 [WARNING] MÓDULO SENSORES: Movimento detetado no Corredor B.
2026-07-03 04:31:01 [WARNING] MÓDULO BASE_DADOS: Cópia de segurança (Backup) concluída pelo utilizador 'ana_silva'.
2026-07-03 04:31:42 [CRITICAL] MÓDULO SENSORES: Sensor de fumos ativo.
2026-07-03 04:32:18 [INFO] MÓDULO BASE_DADOS: Timeout na ligação pelo utilizador 'convidado_01'.
2026-07-03 04:32:51 [WARNING] MÓDULO BASE_DADOS: Cópia de segurança (Backup) concluída pelo utilizador 'api_gateway'.
2026-07-03 04:33:52 [INFO] MÓDULO BASE_DADOS: Timeout na ligação pelo utilizador 'gestor_seguranca'.
2026-07-03 04:35:19 [ERROR] MÓDULO BASE_DADOS: Cópia de segurança (Backup) concluída pelo utilizador 'nuno_gomes'.
2026-07-03 04:36:08 [INFO] MÓDULO CAMARAS: Perda de sinal de vídeo na Câmara_04.
2026-07-03 04:36:43 [CRITICAL] MÓDULO CAMARAS: Gravação iniciada por movimento na Câmara_01.
2026-07-03 04:37:28 [ERROR] MÓDULO SENSORES: Movimento detetado no Corredor B.
2026-07-03 04:38:29 [WARNING] MÓDULO SENSORES: Movimento detetado no Corredor B.
2026-07-03 04:39:36 [WARNING] MÓDULO AUTENTICACAO: Tentativa de brute-force bloqueada pelo utilizador 'gestor_seguranca'.
2026-07-03 04:40:47 [ERROR] MÓDULO AUTENTICACAO: Tentativa de brute-force bloqueada pelo utilizador 'gestor_seguranca'.
2026-07-03 04:41:33 [INFO] MÓDULO CAMARAS: Gravação iniciada por movimento na Câmara_01.
2026-07-03 04:42:04 [CRITICAL] MÓDULO CAMARAS: Perda de sinal de vídeo na Câmara_04.
2026-07-03 04:43:27 [WARNING] MÓDULO BASE_DADOS: Cópia de segurança (Backup) concluída pelo utilizador 'admin'.
2026-07-03 04:44:57 [WARNING] MÓDULO AUTENTICACAO: Tentativa de brute-force bloqueada pelo utilizador 'gestor_seguranca'.
2026-07-03 04:45:28 [CRITICAL] MÓDULO CAMARAS: Perda de sinal de vídeo na Câmara_04.
2026-07-03 04:46:16 [ERROR] MÓDULO BASE_DADOS: Query executada com sucesso pelo utilizador 'nuno_gomes'.
2026-07-03 04:47:21 [ERROR] MÓDULO SENSORES: Sensor de fumos ativo.
2026-07-03 04:48:42 [INFO] MÓDULO SENSORES: Sensor de fumos ativo.
2026-07-03 04:49:37 [WARNING] MÓDULO CAMARAS: Gravação iniciada por movimento na Câmara_01.
2026-07-03 04:50:54 [WARNING] MÓDULO AUTENTICACAO: Login efetuado com sucesso pelo utilizador 'convidado_01'.
2026-07-03 04:52:19 [ERROR] MÓDULO CAMARAS: Falha de armazenamento no DVR_02.
2026-07-03 04:53:36 [CRITICAL] MÓDULO SENSORES: Porta Principal aberta.
2026-07-03 04:54:15 [INFO] MÓDULO BASE_DADOS: Cópia de segurança (Backup) concluída pelo utilizador 'convidado_01'.
2026-07-03 04:54:49 [ERROR] MÓDULO AUTENTICACAO: Sessão expirada pelo utilizador 'convidado_01'.
2026-07-03 04:55:29 [CRITICAL] MÓDULO AUTENTICACAO: Login efetuado com sucesso pelo utilizador 'nuno_gomes'.
2026-07-03 04:56:46 [INFO] MÓDULO CAMARAS: Gravação iniciada por movimento na Câmara_01.
2026-07-03 04:57:37 [CRITICAL] MÓDULO CAMARAS: Perda de sinal de vídeo na Câmara_04.
2026-07-03 04:58:32 [WARNING] MÓDULO CAMARAS: Perda de sinal de vídeo na Câmara_04.
2026-07-03 04:59:20 [INFO] MÓDULO AUTENTICACAO: Falha na palavra-passe pelo utilizador 'convidado_01'.
2026-07-03 05:00:11 [ERROR] MÓDULO BASE_DADOS: Query executada com sucesso pelo utilizador 'nuno_gomes'.
2026-07-03 05:00:51 [ERROR] MÓDULO SENSORES: Porta Principal aberta.
2026-07-03 05:01:54 [INFO] MÓDULO AUTENTICACAO: Falha na palavra-passe pelo utilizador 'mauri'.
2026-07-03 05:02:53 [INFO] MÓDULO SENSORES: Sensor de fumos ativo.
2026-07-03 05:04:21 [ERROR] MÓDULO BASE_DADOS: Query executada com sucesso pelo utilizador 'nuno_gomes'.
2026-07-03 05:05:12 [ERROR] MÓDULO SENSORES: Movimento detetado no Corredor B.
2026-07-03 05:06:25 [ERROR] MÓDULO SENSORES: Porta Principal aberta.
2026-07-03 05:07:39 [CRITICAL] MÓDULO SENSORES: Porta Principal aberta.
2026-07-03 05:08:31 [INFO] MÓDULO BASE_DADOS: Timeout na ligação pelo utilizador 'api_gateway'.
2026-07-03 05:09:57 [INFO] MÓDULO SENSORES: Sensor de fumos ativo.
2026-07-03 05:10:39 [INFO] MÓDULO CAMARAS: Gravação iniciada por movimento na Câmara_01.
2026-07-03 05:11:42 [INFO] MÓDULO BASE_DADOS: Cópia de segurança (Backup) concluída pelo utilizador 'gestor_seguranca'.
2026-07-03 05:12:42 [CRITICAL] MÓDULO SENSORES: Porta Principal aberta.
2026-07-03 05:13:33 [INFO] MÓDULO SENSORES: Sensor de fumos ativo.
2026-07-03 05:14:27 [WARNING] MÓDULO SENSORES: Temperatura da Sala de Servidores acima do normal.
2026-07-03 05:15:21 [INFO] MÓDULO CAMARAS: Perda de sinal de vídeo na Câmara_04.
2026-07-03 05:16:04 [CRITICAL] MÓDULO CAMARAS: Perda de sinal de vídeo na Câmara_04.
2026-07-03 05:16:47 [WARNING] MÓDULO CAMARAS: Perda de sinal de vídeo na Câmara_04.
2026-07-03 05:17:45 [ERROR] MÓDULO CAMARAS: Perda de sinal de vídeo na Câmara_04.
2026-07-03 05:18:32 [INFO] MÓDULO BASE_DADOS: Timeout na ligação pelo utilizador 'nuno_gomes'.
2026-07-03 05:19:24 [INFO] MÓDULO BASE_DADOS: Query executada com sucesso pelo utilizador 'convidado_01'.
2026-07-03 05:20:54 [CRITICAL] MÓDULO SENSORES: Temperatura da Sala de Servidores acima do normal.
2026-07-03 05:21:28 [ERROR] MÓDULO AUTENTICACAO: Tentativa de brute-force bloqueada pelo utilizador 'api_gateway'.
2026-07-03 05:22:58 [CRITICAL] MÓDULO AUTENTICACAO: Tentativa de brute-force bloqueada pelo utilizador 'admin'.
2026-07-03 05:24:12 [ERROR] MÓDULO CAMARAS: Perda de sinal de vídeo na Câmara_04.
2026-07-03 05:25:26 [INFO] MÓDULO CAMARAS: Perda de sinal de vídeo na Câmara_04.
2026-07-03 05:26:50 [INFO] MÓDULO AUTENTICACAO: Login efetuado com sucesso pelo utilizador 'admin'.
2026-07-03 05:27:56 [CRITICAL] MÓDULO BASE_DADOS: Cópia de segurança (Backup) concluída pelo utilizador 'nuno_gomes'.
2026-07-03 05:28:32 [WARNING] MÓDULO CAMARAS: Gravação iniciada por movimento na Câmara_01.
2026-07-03 05:29:42 [CRITICAL] MÓDULO BASE_DADOS: Query executada com sucesso pelo utilizador 'ana_silva'.
2026-07-03 05:30:22 [INFO] MÓDULO SENSORES: Sensor de fumos ativo.
2026-07-03 05:31:46 [CRITICAL] MÓDULO SENSORES: Movimento detetado no Corredor B.
2026-07-03 05:32:18 [ERROR] MÓDULO SENSORES: Porta Principal aberta.
2026-07-03 05:33:23 [INFO] MÓDULO AUTENTICACAO: Falha na palavra-passe pelo utilizador 'mauri'.
2026-07-03 05:34:03 [WARNING] MÓDULO BASE_DADOS: Timeout na ligação pelo utilizador 'mauri'.
2026-07-03 05:35:11 [INFO] MÓDULO SENSORES: Sensor de fumos ativo.
2026-07-03 05:36:05 [ERROR] MÓDULO CAMARAS: Falha de armazenamento no DVR_02.
2026-07-03 05:37:20 [INFO] MÓDULO CAMARAS: Perda de sinal de vídeo na Câmara_04.
2026-07-03 05:38:18 [ERROR] MÓDULO AUTENTICACAO: Sessão expirada pelo utilizador 'mauri'.
2026-07-03 05:38:56 [WARNING] MÓDULO CAMARAS: Falha de armazenamento no DVR_02.
2026-07-03 05:40:04 [WARNING] MÓDULO AUTENTICACAO: Falha na palavra-passe pelo utilizador 'api_gateway'.
2026-07-03 05:41:02 [WARNING] MÓDULO SENSORES: Movimento detetado no Corredor B.
2026-07-03 05:42:25 [CRITICAL] MÓDULO AUTENTICACAO: Falha na palavra-passe pelo utilizador 'admin'.
2026-07-03 05:43:22 [ERROR] MÓDULO AUTENTICACAO: Sessão expirada pelo utilizador 'mauri'.
2026-07-03 05:44:17 [INFO] MÓDULO AUTENTICACAO: Sessão expirada pelo utilizador 'mauri'.
2026-07-03 05:45:30 [INFO] MÓDULO CAMARAS: Falha de armazenamento no DVR_02.
2026-07-03 05:46:54 [WARNING] MÓDULO AUTENTICACAO: Tentativa de brute-force bloqueada pelo utilizador 'gestor_seguranca'.
2026-07-03 05:47:28 [CRITICAL] MÓDULO SENSORES: Porta Principal aberta.
2026-07-03 05:48:20 [CRITICAL] MÓDULO SENSORES: Sensor de fumos ativo.
2026-07-03 05:49:31 [ERROR] MÓDULO BASE_DADOS: Query executada com sucesso pelo utilizador 'api_gateway'.
2026-07-03 05:50:31 [CRITICAL] MÓDULO SENSORES: Porta Principal aberta.
2026-07-03 05:51:49 [CRITICAL] MÓDULO CAMARAS: Falha de armazenamento no DVR_02.
2026-07-03 05:52:39 [CRITICAL] MÓDULO AUTENTICACAO: Sessão expirada pelo utilizador 'mauri'.
2026-07-03 05:54:03 [ERROR] MÓDULO AUTENTICACAO: Falha na palavra-passe pelo utilizador 'api_gateway'.
2026-07-03 05:55:24 [INFO] MÓDULO SENSORES: Temperatura da Sala de Servidores acima do normal.
2026-07-03 05:56:46 [INFO] MÓDULO BASE_DADOS: Timeout na ligação pelo utilizador 'gestor_seguranca'.
2026-07-03 05:57:59 [INFO] MÓDULO AUTENTICACAO: Falha na palavra-passe pelo utilizador 'convidado_01'.
2026-07-03 05:58:51 [WARNING] MÓDULO AUTENTICACAO: Login efetuado com sucesso pelo utilizador 'convidado_01'.
2026-07-03 05:59:35 [INFO] MÓDULO AUTENTICACAO: Falha na palavra-passe pelo utilizador 'convidado_01'.
2026-07-03 06:00:38 [INFO] MÓDULO BASE_DADOS: Cópia de segurança (Backup) concluída pelo utilizador 'ana_silva'.
2026-07-03 06:01:35 [ERROR] MÓDULO CAMARAS: Falha de armazenamento no DVR_02.
2026-07-03 06:02:30 [INFO] MÓDULO BASE_DADOS: Query executada com sucesso pelo utilizador 'api_gateway'.
2026-07-03 06:03:48 [CRITICAL] MÓDULO BASE_DADOS: Timeout na ligação pelo utilizador 'mauri'.
2026-07-03 06:04:27 [ERROR] MÓDULO CAMARAS: Perda de sinal de vídeo na Câmara_04.
2026-07-03 06:05:08 [INFO] MÓDULO SENSORES: Sensor de fumos ativo.
2026-07-03 06:06:06 [CRITICAL] MÓDULO AUTENTICACAO: Falha na palavra-passe pelo utilizador 'gestor_seguranca'.
2026-07-03 06:06:44 [INFO] MÓDULO SENSORES: Temperatura da Sala de Servidores acima do normal.
2026-07-03 06:07:40 [INFO] MÓDULO BASE_DADOS: Timeout na ligação pelo utilizador 'api_gateway'.
2026-07-03 06:08:42 [WARNING] MÓDULO SENSORES: Movimento detetado no Corredor B.
2026-07-03 06:09:35 [WARNING] MÓDULO BASE_DADOS: Cópia de segurança (Backup) concluída pelo utilizador 'api_gateway'.
2026-07-03 06:10:51 [INFO] MÓDULO BASE_DADOS: Erro de integridade referencial pelo utilizador 'nuno_gomes'.
2026-07-03 06:11:54 [CRITICAL] MÓDULO SENSORES: Porta Principal aberta.
2026-07-03 06:13:17 [INFO] MÓDULO BASE_DADOS: Query executada com sucesso pelo utilizador 'admin'.
2026-07-03 06:14:47 [ERROR] MÓDULO AUTENTICACAO: Sessão expirada pelo utilizador 'gestor_seguranca'.
2026-07-03 06:16:01 [ERROR] MÓDULO BASE_DADOS: Erro de integridade referencial pelo utilizador 'nuno_gomes'.
2026-07-03 06:16:55 [INFO] MÓDULO BASE_DADOS: Erro de integridade referencial pelo utilizador 'ana_silva'.
2026-07-03 06:17:54 [CRITICAL] MÓDULO AUTENTICACAO: Sessão expirada pelo utilizador 'admin'.
2026-07-03 06:19:06 [WARNING] MÓDULO SENSORES: Movimento detetado no Corredor B.
2026-07-03 06:20:21 [CRITICAL] MÓDULO AUTENTICACAO: Sessão expirada pelo utilizador 'convidado_01'.
2026-07-03 06:21:42 [ERROR] MÓDULO SENSORES: Temperatura da Sala de Servidores acima do normal.
2026-07-03 06:22:32 [CRITICAL] MÓDULO CAMARAS: Gravação iniciada por movimento na Câmara_01.
2026-07-03 06:23:50 [ERROR] MÓDULO AUTENTICACAO: Falha na palavra-passe pelo utilizador 'admin'.
2026-07-03 06:25:12 [WARNING] MÓDULO AUTENTICACAO: Sessão expirada pelo utilizador 'ana_silva'.
2026-07-03 06:26:03 [CRITICAL] MÓDULO AUTENTICACAO: Sessão expirada pelo utilizador 'admin'.
2026-07-03 06:27:31 [WARNING] MÓDULO CAMARAS: Falha de armazenamento no DVR_02.
2026-07-03 06:28:23 [INFO] MÓDULO CAMARAS: Gravação iniciada por movimento na Câmara_01.
2026-07-03 06:29:37 [WARNING] MÓDULO BASE_DADOS: Cópia de segurança (Backup) concluída pelo utilizador 'api_gateway'.
2026-07-03 06:31:02 [INFO] MÓDULO CAMARAS: Falha de armazenamento no DVR_02.
2026-07-03 06:32:03 [INFO] MÓDULO SENSORES: Temperatura da Sala de Servidores acima do normal.
2026-07-03 06:33:25 [INFO] MÓDULO BASE_DADOS: Query executada com sucesso pelo utilizador 'gestor_seguranca'.
2026-07-03 06:34:35 [INFO] MÓDULO AUTENTICACAO: Sessão expirada pelo utilizador 'convidado_01'.
2026-07-03 06:35:27 [INFO] MÓDULO BASE_DADOS: Query executada com sucesso pelo utilizador 'ana_silva'.
2026-07-03 06:36:21 [CRITICAL] MÓDULO CAMARAS: Gravação iniciada por movimento na Câmara_01.
2026-07-03 06:37:05 [WARNING] MÓDULO CAMARAS: Gravação iniciada por movimento na Câmara_01.
2026-07-03 06:38:21 [INFO] MÓDULO AUTENTICACAO: Login efetuado com sucesso pelo utilizador 'api_gateway'.
2026-07-03 06:39:09 [WARNING] MÓDULO BASE_DADOS: Query executada com sucesso pelo utilizador 'convidado_01'.
2026-07-03 06:40:00 [CRITICAL] MÓDULO BASE_DADOS: Query executada com sucesso pelo utilizador 'api_gateway'.
2026-07-03 06:40:56 [CRITICAL] MÓDULO AUTENTICACAO: Tentativa de brute-force bloqueada pelo utilizador 'api_gateway'.
2026-07-03 06:41:44 [INFO] MÓDULO SENSORES: Sensor de fumos ativo.
2026-07-03 06:42:31 [ERROR] MÓDULO AUTENTICACAO: Login efetuado com sucesso pelo utilizador 'convidado_01'.
2026-07-03 06:43:28 [WARNING] MÓDULO CAMARAS: Falha de armazenamento no DVR_02.
2026-07-03 06:44:30 [CRITICAL] MÓDULO BASE_DADOS: Timeout na ligação pelo utilizador 'api_gateway'.
2026-07-03 06:45:12 [CRITICAL] MÓDULO BASE_DADOS: Cópia de segurança (Backup) concluída pelo utilizador 'api_gateway'.
2026-07-03 06:46:38 [CRITICAL] MÓDULO AUTENTICACAO: Tentativa de brute-force bloqueada pelo utilizador 'nuno_gomes'.
2026-07-03 06:47:25 [INFO] MÓDULO AUTENTICACAO: Falha na palavra-passe pelo utilizador 'ana_silva'.
2026-07-03 06:48:17 [ERROR] MÓDULO CAMARAS: Falha de armazenamento no DVR_02.
2026-07-03 06:49:39 [WARNING] MÓDULO SENSORES: Sensor de fumos ativo.
2026-07-03 06:50:53 [ERROR] MÓDULO SENSORES: Movimento detetado no Corredor B.
2026-07-03 06:51:47 [WARNING] MÓDULO SENSORES: Sensor de fumos ativo.
2026-07-03 06:52:21 [CRITICAL] MÓDULO BASE_DADOS: Timeout na ligação pelo utilizador 'convidado_01'.
2026-07-03 06:53:25 [WARNING] MÓDULO BASE_DADOS: Erro de integridade referencial pelo utilizador 'gestor_seguranca'.
2026-07-03 06:54:24 [CRITICAL] MÓDULO AUTENTICACAO: Login efetuado com sucesso pelo utilizador 'gestor_seguranca'.
2026-07-03 06:55:27 [CRITICAL] MÓDULO CAMARAS: Gravação iniciada por movimento na Câmara_01.
2026-07-03 06:56:31 [INFO] MÓDULO SENSORES: Movimento detetado no Corredor B.
2026-07-03 06:57:09 [INFO] MÓDULO BASE_DADOS: Cópia de segurança (Backup) concluída pelo utilizador 'api_gateway'.
2026-07-03 06:58:27 [ERROR] MÓDULO BASE_DADOS: Timeout na ligação pelo utilizador 'mauri'.
2026-07-03 06:59:32 [CRITICAL] MÓDULO AUTENTICACAO: Tentativa de brute-force bloqueada pelo utilizador 'nuno_gomes'.
2026-07-03 07:00:57 [ERROR] MÓDULO SENSORES: Temperatura da Sala de Servidores acima do normal.
2026-07-03 07:02:00 [ERROR] MÓDULO CAMARAS: Falha de armazenamento no DVR_02.
2026-07-03 07:02:52 [ERROR] MÓDULO SENSORES: Movimento detetado no Corredor B.
2026-07-03 07:04:02 [ERROR] MÓDULO SENSORES: Porta Principal aberta.
2026-07-03 07:04:43 [INFO] MÓDULO SENSORES: Movimento detetado no Corredor B.
2026-07-03 07:05:20 [WARNING] MÓDULO CAMARAS: Gravação iniciada por movimento na Câmara_01.
2026-07-03 07:05:53 [CRITICAL] MÓDULO AUTENTICACAO: Tentativa de brute-force bloqueada pelo utilizador 'ana_silva'.
2026-07-03 07:07:11 [INFO] MÓDULO CAMARAS: Perda de sinal de vídeo na Câmara_04.
2026-07-03 07:07:41 [CRITICAL] MÓDULO BASE_DADOS: Query executada com sucesso pelo utilizador 'nuno_gomes'.
2026-07-03 07:09:01 [WARNING] MÓDULO AUTENTICACAO: Sessão expirada pelo utilizador 'mauri'.
2026-07-03 07:09:35 [INFO] MÓDULO AUTENTICACAO: Login efetuado com sucesso pelo utilizador 'gestor_seguranca'.
2026-07-03 07:10:05 [INFO] MÓDULO BASE_DADOS: Timeout na ligação pelo utilizador 'admin'.
2026-07-03 07:11:19 [INFO] MÓDULO SENSORES: Porta Principal aberta.
2026-07-03 07:12:47 [ERROR] MÓDULO CAMARAS: Falha de armazenamento no DVR_02.
2026-07-03 07:14:09 [ERROR] MÓDULO SENSORES: Movimento detetado no Corredor B.
2026-07-03 07:15:21 [INFO] MÓDULO SENSORES: Temperatura da Sala de Servidores acima do normal.
2026-07-03 07:16:11 [INFO] MÓDULO SENSORES: Porta Principal aberta.
2026-07-03 07:17:08 [CRITICAL] MÓDULO SENSORES: Movimento detetado no Corredor B.
2026-07-03 07:17:56 [CRITICAL] MÓDULO SENSORES: Temperatura da Sala de Servidores acima do normal.
2026-07-03 07:18:29 [CRITICAL] MÓDULO BASE_DADOS: Query executada com sucesso pelo utilizador 'nuno_gomes'.
2026-07-03 07:19:26 [INFO] MÓDULO BASE_DADOS: Query executada com sucesso pelo utilizador 'nuno_gomes'.
2026-07-03 07:20:09 [CRITICAL] MÓDULO SENSORES: Temperatura da Sala de Servidores acima do normal.
2026-07-03 07:20:49 [INFO] MÓDULO AUTENTICACAO: Tentativa de brute-force bloqueada pelo utilizador 'convidado_01'.
2026-07-03 07:21:49 [WARNING] MÓDULO SENSORES: Sensor de fumos ativo.
2026-07-03 07:23:10 [INFO] MÓDULO CAMARAS: Gravação iniciada por movimento na Câmara_01.
2026-07-03 07:23:42 [INFO] MÓDULO CAMARAS: Falha de armazenamento no DVR_02.
2026-07-03 07:25:02 [ERROR] MÓDULO AUTENTICACAO: Sessão expirada pelo utilizador 'nuno_gomes'.
2026-07-03 07:26:10 [WARNING] MÓDULO AUTENTICACAO: Login efetuado com sucesso pelo utilizador 'gestor_seguranca'.
2026-07-03 07:27:03 [INFO] MÓDULO AUTENTICACAO: Sessão expirada pelo utilizador 'gestor_seguranca'.
2026-07-03 07:28:15 [ERROR] MÓDULO AUTENTICACAO: Sessão expirada pelo utilizador 'admin'.
2026-07-03 07:29:34 [INFO] MÓDULO CAMARAS: Falha de armazenamento no DVR_02.
2026-07-03 07:30:36 [INFO] MÓDULO SENSORES: Porta Principal aberta.
2026-07-03 07:32:00 [WARNING] MÓDULO AUTENTICACAO: Falha na palavra-passe pelo utilizador 'gestor_seguranca'.
2026-07-03 07:32:59 [INFO] MÓDULO AUTENTICACAO: Login efetuado com sucesso pelo utilizador 'mauri'.
2026-07-03 07:33:39 [INFO] MÓDULO CAMARAS: Perda de sinal de vídeo na Câmara_04.
2026-07-03 07:34:29 [INFO] MÓDULO BASE_DADOS: Cópia de segurança (Backup) concluída pelo utilizador 'admin'.
2026-07-03 07:35:23 [CRITICAL] MÓDULO BASE_DADOS: Timeout na ligação pelo utilizador 'convidado_01'.
2026-07-03 07:36:10 [INFO] MÓDULO SENSORES: Sensor de fumos ativo.
2026-07-03 07:37:05 [WARNING] MÓDULO AUTENTICACAO: Falha na palavra-passe pelo utilizador 'convidado_01'.
2026-07-03 07:38:24 [CRITICAL] MÓDULO BASE_DADOS: Timeout na ligação pelo utilizador 'mauri'.
2026-07-03 07:39:03 [INFO] MÓDULO BASE_DADOS: Timeout na ligação pelo utilizador 'nuno_gomes'.
2026-07-03 07:39:43 [WARNING] MÓDULO CAMARAS: Gravação iniciada por movimento na Câmara_01.
2026-07-03 07:40:29 [INFO] MÓDULO SENSORES: Movimento detetado no Corredor B.
2026-07-03 07:41:40 [INFO] MÓDULO AUTENTICACAO: Falha na palavra-passe pelo utilizador 'ana_silva'.
2026-07-03 07:42:49 [INFO] MÓDULO BASE_DADOS: Query executada com sucesso pelo utilizador 'convidado_01'.
2026-07-03 07:43:47 [CRITICAL] MÓDULO SENSORES: Sensor de fumos ativo.
2026-07-03 07:44:27 [INFO] MÓDULO SENSORES: Porta Principal aberta.
2026-07-03 07:44:59 [INFO] MÓDULO SENSORES: Temperatura da Sala de Servidores acima do normal.
2026-07-03 07:45:54 [ERROR] MÓDULO BASE_DADOS: Cópia de segurança (Backup) concluída pelo utilizador 'admin'.
2026-07-03 07:46:43 [WARNING] MÓDULO CAMARAS: Falha de armazenamento no DVR_02.
2026-07-03 07:47:42 [INFO] MÓDULO AUTENTICACAO: Tentativa de brute-force bloqueada pelo utilizador 'ana_silva'.
2026-07-03 07:49:11 [INFO] MÓDULO AUTENTICACAO: Falha na palavra-passe pelo utilizador 'ana_silva'.
2026-07-03 07:50:36 [CRITICAL] MÓDULO SENSORES: Temperatura da Sala de Servidores acima do normal.
2026-07-03 07:51:37 [INFO] MÓDULO AUTENTICACAO: Falha na palavra-passe pelo utilizador 'api_gateway'.
2026-07-03 07:52:49 [WARNING] MÓDULO CAMARAS: Gravação iniciada por movimento na Câmara_01.
2026-07-03 07:53:23 [WARNING] MÓDULO CAMARAS: Falha de armazenamento no DVR_02.
2026-07-03 07:54:14 [WARNING] MÓDULO SENSORES: Temperatura da Sala de Servidores acima do normal.
2026-07-03 07:55:35 [ERROR] MÓDULO AUTENTICACAO: Falha na palavra-passe pelo utilizador 'nuno_gomes'.
2026-07-03 07:56:36 [CRITICAL] MÓDULO CAMARAS: Perda de sinal de vídeo na Câmara_04.
2026-07-03 07:58:01 [ERROR] MÓDULO AUTENTICACAO: Tentativa de brute-force bloqueada pelo utilizador 'gestor_seguranca'.
2026-07-03 07:59:00 [INFO] MÓDULO SENSORES: Porta Principal aberta.
2026-07-03 07:59:51 [WARNING] MÓDULO AUTENTICACAO: Falha na palavra-passe pelo utilizador 'api_gateway'.
2026-07-03 08:01:09 [INFO] MÓDULO AUTENTICACAO: Sessão expirada pelo utilizador 'nuno_gomes'.
2026-07-03 08:02:01 [ERROR] MÓDULO AUTENTICACAO: Sessão expirada pelo utilizador 'mauri'.
2026-07-03 08:02:55 [CRITICAL] MÓDULO CAMARAS: Gravação iniciada por movimento na Câmara_01.
2026-07-03 08:04:21 [WARNING] MÓDULO BASE_DADOS: Erro de integridade referencial pelo utilizador 'nuno_gomes'.
2026-07-03 08:05:45 [INFO] MÓDULO CAMARAS: Gravação iniciada por movimento na Câmara_01.
2026-07-03 08:07:05 [CRITICAL] MÓDULO AUTENTICACAO: Falha na palavra-passe pelo utilizador 'gestor_seguranca'.
2026-07-03 08:08:32 [ERROR] MÓDULO CAMARAS: Gravação iniciada por movimento na Câmara_01.
2026-07-03 08:09:59 [CRITICAL] MÓDULO AUTENTICACAO: Tentativa de brute-force bloqueada pelo utilizador 'api_gateway'.
2026-07-03 08:10:34 [WARNING] MÓDULO AUTENTICACAO: Sessão expirada pelo utilizador 'ana_silva'.
2026-07-03 08:11:50 [INFO] MÓDULO CAMARAS: Gravação iniciada por movimento na Câmara_01.
2026-07-03 08:13:13 [INFO] MÓDULO SENSORES: Sensor de fumos ativo.
2026-07-03 08:13:55 [ERROR] MÓDULO CAMARAS: Gravação iniciada por movimento na Câmara_01.
2026-07-03 08:15:05 [CRITICAL] MÓDULO BASE_DADOS: Cópia de segurança (Backup) concluída pelo utilizador 'admin'.
2026-07-03 08:16:07 [CRITICAL] MÓDULO BASE_DADOS: Cópia de segurança (Backup) concluída pelo utilizador 'admin'.
2026-07-03 08:16:41 [INFO] MÓDULO SENSORES: Porta Principal aberta.
2026-07-03 08:17:50 [CRITICAL] MÓDULO SENSORES: Temperatura da Sala de Servidores acima do normal.
2026-07-03 08:18:53 [ERROR] MÓDULO AUTENTICACAO: Sessão expirada pelo utilizador 'nuno_gomes'.
2026-07-03 08:19:27 [CRITICAL] MÓDULO SENSORES: Temperatura da Sala de Servidores acima do normal.
2026-07-03 08:20:32 [INFO] MÓDULO AUTENTICACAO: Falha na palavra-passe pelo utilizador 'convidado_01'.
2026-07-03 08:21:07 [WARNING] MÓDULO SENSORES: Temperatura da Sala de Servidores acima do normal.
2026-07-03 08:22:03 [WARNING] MÓDULO BASE_DADOS: Cópia de segurança (Backup) concluída pelo utilizador 'mauri'.
2026-07-03 08:23:00 [ERROR] MÓDULO AUTENTICACAO: Sessão expirada pelo utilizador 'mauri'.
2026-07-03 08:24:09 [ERROR] MÓDULO AUTENTICACAO: Login efetuado com sucesso pelo utilizador 'ana_silva'.
2026-07-03 08:25:28 [INFO] MÓDULO BASE_DADOS: Erro de integridade referencial pelo utilizador 'mauri'.
2026-07-03 08:26:13 [ERROR] MÓDULO AUTENTICACAO: Login efetuado com sucesso pelo utilizador 'mauri'.
2026-07-03 08:27:19 [ERROR] MÓDULO SENSORES: Movimento detetado no Corredor B.
2026-07-03 08:27:58 [INFO] MÓDULO BASE_DADOS: Query executada com sucesso pelo utilizador 'gestor_seguranca'.
2026-07-03 08:29:15 [INFO] MÓDULO SENSORES: Temperatura da Sala de Servidores acima do normal.
2026-07-03 08:29:59 [WARNING] MÓDULO AUTENTICACAO: Falha na palavra-passe pelo utilizador 'mauri'.
2026-07-03 08:31:15 [ERROR] MÓDULO SENSORES: Movimento detetado no Corredor B.
2026-07-03 08:32:28 [CRITICAL] MÓDULO CAMARAS: Gravação iniciada por movimento na Câmara_01.
2026-07-03 08:33:11 [INFO] MÓDULO AUTENTICACAO: Tentativa de brute-force bloqueada pelo utilizador 'ana_silva'.
2026-07-03 08:34:19 [INFO] MÓDULO BASE_DADOS: Timeout na ligação pelo utilizador 'admin'.
2026-07-03 08:35:49 [CRITICAL] MÓDULO BASE_DADOS: Cópia de segurança (Backup) concluída pelo utilizador 'api_gateway'.
2026-07-03 08:36:44 [INFO] MÓDULO BASE_DADOS: Cópia de segurança (Backup) concluída pelo utilizador 'ana_silva'.
2026-07-03 08:37:50 [WARNING] MÓDULO AUTENTICACAO: Login efetuado com sucesso pelo utilizador 'gestor_seguranca'.
2026-07-03 08:39:13 [ERROR] MÓDULO SENSORES: Porta Principal aberta.
2026-07-03 08:40:34 [CRITICAL] MÓDULO BASE_DADOS: Timeout na ligação pelo utilizador 'convidado_01'.
2026-07-03 08:41:50 [ERROR] MÓDULO AUTENTICACAO: Falha na palavra-passe pelo utilizador 'convidado_01'.
2026-07-03 08:43:11 [INFO] MÓDULO SENSORES: Movimento detetado no Corredor B.
2026-07-03 08:43:51 [ERROR] MÓDULO BASE_DADOS: Erro de integridade referencial pelo utilizador 'nuno_gomes'.
2026-07-03 08:44:24 [WARNING] MÓDULO CAMARAS: Perda de sinal de vídeo na Câmara_04.
2026-07-03 08:45:28 [INFO] MÓDULO SENSORES: Sensor de fumos ativo.
2026-07-03 08:46:03 [WARNING] MÓDULO AUTENTICACAO: Tentativa de brute-force bloqueada pelo utilizador 'nuno_gomes'.
2026-07-03 08:46:57 [INFO] MÓDULO BASE_DADOS: Cópia de segurança (Backup) concluída pelo utilizador 'mauri'.
2026-07-03 08:48:04 [WARNING] MÓDULO SENSORES: Movimento detetado no Corredor B.
2026-07-03 08:49:05 [INFO] MÓDULO SENSORES: Porta Principal aberta.
2026-07-03 08:49:51 [INFO] MÓDULO CAMARAS: Perda de sinal de vídeo na Câmara_04.
2026-07-03 08:50:50 [WARNING] MÓDULO SENSORES: Porta Principal aberta.
2026-07-03 08:51:53 [WARNING] MÓDULO AUTENTICACAO: Login efetuado com sucesso pelo utilizador 'ana_silva'.
2026-07-03 08:52:53 [INFO] MÓDULO AUTENTICACAO: Tentativa de brute-force bloqueada pelo utilizador 'admin'.
2026-07-03 08:53:54 [ERROR] MÓDULO SENSORES: Movimento detetado no Corredor B.
2026-07-03 08:54:32 [ERROR] MÓDULO BASE_DADOS: Timeout na ligação pelo utilizador 'nuno_gomes'.
2026-07-03 08:55:02 [CRITICAL] MÓDULO AUTENTICACAO: Login efetuado com sucesso pelo utilizador 'convidado_01'.
2026-07-03 08:55:43 [WARNING] MÓDULO CAMARAS: Falha de armazenamento no DVR_02.
2026-07-03 08:56:58 [INFO] MÓDULO CAMARAS: Perda de sinal de vídeo na Câmara_04.
2026-07-03 08:57:31 [CRITICAL] MÓDULO CAMARAS: Falha de armazenamento no DVR_02.
2026-07-03 08:58:48 [INFO] MÓDULO BASE_DADOS: Erro de integridade referencial pelo utilizador 'admin'.
2026-07-03 08:59:20 [ERROR] MÓDULO BASE_DADOS: Timeout na ligação pelo utilizador 'admin'.
2026-07-03 09:00:32 [INFO] MÓDULO CAMARAS: Gravação iniciada por movimento na Câmara_01.
2026-07-03 09:01:24 [INFO] MÓDULO SENSORES: Porta Principal aberta.
2026-07-03 09:01:55 [INFO] MÓDULO CAMARAS: Perda de sinal de vídeo na Câmara_04.
2026-07-03 09:02:52 [INFO] MÓDULO CAMARAS: Perda de sinal de vídeo na Câmara_04.
2026-07-03 09:03:57 [WARNING] MÓDULO BASE_DADOS: Query executada com sucesso pelo utilizador 'convidado_01'.
2026-07-03 09:05:27 [INFO] MÓDULO AUTENTICACAO: Falha na palavra-passe pelo utilizador 'gestor_seguranca'.
2026-07-03 09:06:21 [INFO] MÓDULO AUTENTICACAO: Login efetuado com sucesso pelo utilizador 'nuno_gomes'.
2026-07-03 09:07:45 [INFO] MÓDULO AUTENTICACAO: Sessão expirada pelo utilizador 'admin'.
2026-07-03 09:09:03 [INFO] MÓDULO BASE_DADOS: Timeout na ligação pelo utilizador 'gestor_seguranca'.
2026-07-03 09:10:24 [ERROR] MÓDULO BASE_DADOS: Timeout na ligação pelo utilizador 'admin'.
2026-07-03 09:11:14 [INFO] MÓDULO SENSORES: Sensor de fumos ativo.
2026-07-03 09:11:45 [INFO] MÓDULO CAMARAS: Falha de armazenamento no DVR_02.
2026-07-03 09:12:19 [WARNING] MÓDULO BASE_DADOS: Query executada com sucesso pelo utilizador 'gestor_seguranca'.
2026-07-03 09:13:44 [INFO] MÓDULO AUTENTICACAO: Falha na palavra-passe pelo utilizador 'nuno_gomes'.
2026-07-03 09:14:47 [CRITICAL] MÓDULO CAMARAS: Perda de sinal de vídeo na Câmara_04.
2026-07-03 09:15:28 [WARNING] MÓDULO SENSORES: Movimento detetado no Corredor B.
2026-07-03 09:15:59 [INFO] MÓDULO CAMARAS: Falha de armazenamento no DVR_02.
2026-07-03 09:17:10 [WARNING] MÓDULO CAMARAS: Perda de sinal de vídeo na Câmara_04.
2026-07-03 09:17:40 [CRITICAL] MÓDULO CAMARAS: Gravação iniciada por movimento na Câmara_01.
2026-07-03 09:18:27 [ERROR] MÓDULO BASE_DADOS: Query executada com sucesso pelo utilizador 'ana_silva'.
2026-07-03 09:19:48 [INFO] MÓDULO CAMARAS: Falha de armazenamento no DVR_02.
2026-07-03 09:20:21 [CRITICAL] MÓDULO BASE_DADOS: Timeout na ligação pelo utilizador 'gestor_seguranca'.
2026-07-03 09:21:33 [WARNING] MÓDULO AUTENTICACAO: Falha na palavra-passe pelo utilizador 'admin'.
2026-07-03 09:22:26 [INFO] MÓDULO CAMARAS: Falha de armazenamento no DVR_02.
2026-07-03 09:23:35 [CRITICAL] MÓDULO CAMARAS: Falha de armazenamento no DVR_02.
2026-07-03 09:24:58 [CRITICAL] MÓDULO AUTENTICACAO: Sessão expirada pelo utilizador 'mauri'.
2026-07-03 09:26:25 [CRITICAL] MÓDULO SENSORES: Movimento detetado no Corredor B.
2026-07-03 09:27:05 [CRITICAL] MÓDULO CAMARAS: Gravação iniciada por movimento na Câmara_01.
2026-07-03 09:28:19 [ERROR] MÓDULO SENSORES: Porta Principal aberta.
2026-07-03 09:28:50 [ERROR] MÓDULO AUTENTICACAO: Sessão expirada pelo utilizador 'api_gateway'.
2026-07-03 09:30:06 [INFO] MÓDULO CAMARAS: Falha de armazenamento no DVR_02.
2026-07-03 09:31:13 [INFO] MÓDULO CAMARAS: Falha de armazenamento no DVR_02.
2026-07-03 09:31:56 [WARNING] MÓDULO AUTENTICACAO: Sessão expirada pelo utilizador 'api_gateway'.
2026-07-03 09:33:26 [CRITICAL] MÓDULO BASE_DADOS: Query executada com sucesso pelo utilizador 'ana_silva'.
2026-07-03 09:34:45 [ERROR] MÓDULO CAMARAS: Falha de armazenamento no DVR_02.
2026-07-03 09:35:55 [CRITICAL] MÓDULO AUTENTICACAO: Falha na palavra-passe pelo utilizador 'nuno_gomes'.
2026-07-03 09:36:45 [INFO] MÓDULO BASE_DADOS: Query executada com sucesso pelo utilizador 'gestor_seguranca'.
2026-07-03 09:37:25 [WARNING] MÓDULO AUTENTICACAO: Tentativa de brute-force bloqueada pelo utilizador 'mauri'.
2026-07-03 09:38:18 [CRITICAL] MÓDULO BASE_DADOS: Timeout na ligação pelo utilizador 'convidado_01'.
2026-07-03 09:39:21 [CRITICAL] MÓDULO AUTENTICACAO: Falha na palavra-passe pelo utilizador 'api_gateway'.
2026-07-03 09:39:52 [INFO] MÓDULO SENSORES: Porta Principal aberta.
2026-07-03 09:40:54 [INFO] MÓDULO CAMARAS: Falha de armazenamento no DVR_02.
2026-07-03 09:42:05 [WARNING] MÓDULO CAMARAS: Perda de sinal de vídeo na Câmara_04.
2026-07-03 09:43:24 [INFO] MÓDULO SENSORES: Movimento detetado no Corredor B.
2026-07-03 09:44:03 [CRITICAL] MÓDULO AUTENTICACAO: Login efetuado com sucesso pelo utilizador 'mauri'.
2026-07-03 09:44:53 [CRITICAL] MÓDULO AUTENTICACAO: Falha na palavra-passe pelo utilizador 'admin'.
2026-07-03 09:45:47 [ERROR] MÓDULO CAMARAS: Falha de armazenamento no DVR_02.
2026-07-03 09:46:35 [INFO] MÓDULO SENSORES: Sensor de fumos ativo.
2026-07-03 09:47:51 [ERROR] MÓDULO SENSORES: Temperatura da Sala de Servidores acima do normal.
2026-07-03 09:48:56 [CRITICAL] MÓDULO SENSORES: Sensor de fumos ativo.
2026-07-03 09:49:47 [ERROR] MÓDULO CAMARAS: Perda de sinal de vídeo na Câmara_04.
2026-07-03 09:50:39 [WARNING] MÓDULO SENSORES: Movimento detetado no Corredor B.
2026-07-03 09:51:58 [ERROR] MÓDULO SENSORES: Sensor de fumos ativo.
2026-07-03 09:52:43 [WARNING] MÓDULO CAMARAS: Gravação iniciada por movimento na Câmara_01.
2026-07-03 09:53:19 [INFO] MÓDULO SENSORES: Sensor de fumos ativo.
2026-07-03 09:54:24 [INFO] MÓDULO AUTENTICACAO: Tentativa de brute-force bloqueada pelo utilizador 'gestor_seguranca'.
2026-07-03 09:55:32 [WARNING] MÓDULO SENSORES: Temperatura da Sala de Servidores acima do normal.
2026-07-03 09:56:46 [INFO] MÓDULO CAMARAS: Gravação iniciada por movimento na Câmara_01.
2026-07-03 09:57:24 [WARNING] MÓDULO AUTENTICACAO: Login efetuado com sucesso pelo utilizador 'gestor_seguranca'.
2026-07-03 09:58:34 [INFO] MÓDULO CAMARAS: Gravação iniciada por movimento na Câmara_01.
2026-07-03 09:59:37 [INFO] MÓDULO SENSORES: Movimento detetado no Corredor B.
2026-07-03 10:00:09 [WARNING] MÓDULO CAMARAS: Perda de sinal de vídeo na Câmara_04.
2026-07-03 10:01:13 [CRITICAL] MÓDULO AUTENTICACAO: Sessão expirada pelo utilizador 'ana_silva'.
2026-07-03 10:02:06 [WARNING] MÓDULO BASE_DADOS: Timeout na ligação pelo utilizador 'ana_silva'.
2026-07-03 10:03:15 [ERROR] MÓDULO BASE_DADOS: Erro de integridade referencial pelo utilizador 'api_gateway'.
2026-07-03 10:03:47 [INFO] MÓDULO BASE_DADOS: Erro de integridade referencial pelo utilizador 'nuno_gomes'.
2026-07-03 10:04:54 [INFO] MÓDULO SENSORES: Porta Principal aberta.
2026-07-03 10:05:58 [ERROR] MÓDULO BASE_DADOS: Query executada com sucesso pelo utilizador 'ana_silva'.
2026-07-03 10:07:20 [INFO] MÓDULO SENSORES: Porta Principal aberta.
2026-07-03 10:08:17 [ERROR] MÓDULO CAMARAS: Gravação iniciada por movimento na Câmara_01.
2026-07-03 10:09:04 [WARNING] MÓDULO SENSORES: Porta Principal aberta.
2026-07-03 10:10:25 [INFO] MÓDULO BASE_DADOS: Timeout na ligação pelo utilizador 'gestor_seguranca'.
2026-07-03 10:11:29 [INFO] MÓDULO AUTENTICACAO: Falha na palavra-passe pelo utilizador 'mauri'.
2026-07-03 10:12:25 [INFO] MÓDULO CAMARAS: Falha de armazenamento no DVR_02.
2026-07-03 10:13:32 [INFO] MÓDULO AUTENTICACAO: Sessão expirada pelo utilizador 'nuno_gomes'.
2026-07-03 10:14:11 [WARNING] MÓDULO AUTENTICACAO: Falha na palavra-passe pelo utilizador 'convidado_01'.
2026-07-03 10:15:05 [INFO] MÓDULO CAMARAS: Falha de armazenamento no DVR_02.
2026-07-03 10:15:39 [ERROR] MÓDULO BASE_DADOS: Cópia de segurança (Backup) concluída pelo utilizador 'mauri'.
2026-07-03 10:16:36 [INFO] MÓDULO SENSORES: Porta Principal aberta.
2026-07-03 10:17:50 [INFO] MÓDULO SENSORES: Porta Principal aberta.
2026-07-03 10:18:54 [INFO] MÓDULO AUTENTICACAO: Login efetuado com sucesso pelo utilizador 'admin'.
2026-07-03 10:19:30 [INFO] MÓDULO AUTENTICACAO: Login efetuado com sucesso pelo utilizador 'gestor_seguranca'.
2026-07-03 10:20:42 [INFO] MÓDULO BASE_DADOS: Erro de integridade referencial pelo utilizador 'nuno_gomes'.
2026-07-03 10:21:54 [INFO] MÓDULO AUTENTICACAO: Sessão expirada pelo utilizador 'ana_silva'.
2026-07-03 10:23:06 [INFO] MÓDULO CAMARAS: Gravação iniciada por movimento na Câmara_01.
2026-07-03 10:24:17 [INFO] MÓDULO AUTENTICACAO: Falha na palavra-passe pelo utilizador 'api_gateway'.
2026-07-03 10:25:17 [INFO] MÓDULO SENSORES: Temperatura da Sala de Servidores acima do normal.
2026-07-03 10:25:58 [INFO] MÓDULO AUTENTICACAO: Tentativa de brute-force bloqueada pelo utilizador 'gestor_seguranca'.
2026-07-03 10:26:52 [WARNING] MÓDULO BASE_DADOS: Query executada com sucesso pelo utilizador 'ana_silva'.
2026-07-03 10:27:34 [ERROR] MÓDULO SENSORES: Sensor de fumos ativo.
2026-07-03 10:28:04 [WARNING] MÓDULO CAMARAS: Perda de sinal de vídeo na Câmara_04.
2026-07-03 10:29:17 [ERROR] MÓDULO CAMARAS: Falha de armazenamento no DVR_02.
2026-07-03 10:30:40 [INFO] MÓDULO BASE_DADOS: Query executada com sucesso pelo utilizador 'mauri'.
2026-07-03 10:32:06 [WARNING] MÓDULO BASE_DADOS: Query executada com sucesso pelo utilizador 'convidado_01'.
2026-07-03 10:33:29 [CRITICAL] MÓDULO BASE_DADOS: Cópia de segurança (Backup) concluída pelo utilizador 'admin'.
2026-07-03 10:34:18 [INFO] MÓDULO SENSORES: Sensor de fumos ativo.
2026-07-03 10:35:12 [INFO] MÓDULO CAMARAS: Falha de armazenamento no DVR_02.
2026-07-03 10:36:25 [WARNING] MÓDULO BASE_DADOS: Cópia de segurança (Backup) concluída pelo utilizador 'nuno_gomes'.
2026-07-03 10:37:29 [ERROR] MÓDULO AUTENTICACAO: Falha na palavra-passe pelo utilizador 'convidado_01'.
2026-07-03 10:38:59 [INFO] MÓDULO AUTENTICACAO: Falha na palavra-passe pelo utilizador 'gestor_seguranca'.
2026-07-03 10:39:30 [INFO] MÓDULO CAMARAS: Gravação iniciada por movimento na Câmara_01.
2026-07-03 10:40:18 [INFO] MÓDULO SENSORES: Temperatura da Sala de Servidores acima do normal.
2026-07-03 10:41:29 [WARNING] MÓDULO SENSORES: Movimento detetado no Corredor B.
2026-07-03 10:42:48 [ERROR] MÓDULO CAMARAS: Falha de armazenamento no DVR_02.
2026-07-03 10:44:17 [WARNING] MÓDULO CAMARAS: Falha de armazenamento no DVR_02.
2026-07-03 10:45:03 [WARNING] MÓDULO BASE_DADOS: Cópia de segurança (Backup) concluída pelo utilizador 'api_gateway'.
2026-07-03 10:46:12 [INFO] MÓDULO CAMARAS: Gravação iniciada por movimento na Câmara_01.
2026-07-03 10:46:45 [INFO] MÓDULO BASE_DADOS: Erro de integridade referencial pelo utilizador 'api_gateway'.
2026-07-03 10:47:55 [WARNING] MÓDULO SENSORES: Temperatura da Sala de Servidores acima do normal.
2026-07-03 10:48:48 [WARNING] MÓDULO AUTENTICACAO: Sessão expirada pelo utilizador 'convidado_01'.
2026-07-03 10:49:29 [INFO] MÓDULO CAMARAS: Falha de armazenamento no DVR_02.
2026-07-03 10:50:45 [INFO] MÓDULO AUTENTICACAO: Falha na palavra-passe pelo utilizador 'api_gateway'.
2026-07-03 10:51:52 [ERROR] MÓDULO CAMARAS: Gravação iniciada por movimento na Câmara_01.
2026-07-03 10:52:32 [INFO] MÓDULO AUTENTICACAO: Falha na palavra-passe pelo utilizador 'convidado_01'.
2026-07-03 10:53:59 [ERROR] MÓDULO CAMARAS: Gravação iniciada por movimento na Câmara_01.
2026-07-03 10:55:14 [INFO] MÓDULO BASE_DADOS: Timeout na ligação pelo utilizador 'ana_silva'.
2026-07-03 10:56:31 [INFO] MÓDULO SENSORES: Movimento detetado no Corredor B.
2026-07-03 10:57:39 [INFO] MÓDULO SENSORES: Movimento detetado no Corredor B.
2026-07-03 10:58:35 [CRITICAL] MÓDULO SENSORES: Movimento detetado no Corredor B.
2026-07-03 10:59:45 [WARNING] MÓDULO BASE_DADOS: Query executada com sucesso pelo utilizador 'ana_silva'.
2026-07-03 11:00:50 [ERROR] MÓDULO CAMARAS: Perda de sinal de vídeo na Câmara_04.
2026-07-03 11:01:29 [INFO] MÓDULO SENSORES: Sensor de fumos ativo.
2026-07-03 11:02:19 [INFO] MÓDULO AUTENTICACAO: Sessão expirada pelo utilizador 'admin'.
2026-07-03 11:03:37 [INFO] MÓDULO CAMARAS: Perda de sinal de vídeo na Câmara_04.
2026-07-03 11:04:22 [WARNING] MÓDULO SENSORES: Temperatura da Sala de Servidores acima do normal.
2026-07-03 11:05:13 [INFO] MÓDULO BASE_DADOS: Query executada com sucesso pelo utilizador 'nuno_gomes'.
2026-07-03 11:05:47 [WARNING] MÓDULO SENSORES: Temperatura da Sala de Servidores acima do normal.
2026-07-03 11:07:04 [ERROR] MÓDULO BASE_DADOS: Query executada com sucesso pelo utilizador 'nuno_gomes'.
2026-07-03 11:08:14 [INFO] MÓDULO BASE_DADOS: Erro de integridade referencial pelo utilizador 'mauri'.
2026-07-03 11:09:33 [CRITICAL] MÓDULO BASE_DADOS: Erro de integridade referencial pelo utilizador 'admin'.
2026-07-03 11:10:28 [INFO] MÓDULO CAMARAS: Gravação iniciada por movimento na Câmara_01.
2026-07-03 11:11:22 [CRITICAL] MÓDULO CAMARAS: Perda de sinal de vídeo na Câmara_04.
2026-07-03 11:12:24 [INFO] MÓDULO CAMARAS: Gravação iniciada por movimento na Câmara_01.
2026-07-03 11:13:51 [INFO] MÓDULO AUTENTICACAO: Sessão expirada pelo utilizador 'nuno_gomes'.
2026-07-03 11:14:30 [WARNING] MÓDULO CAMARAS: Perda de sinal de vídeo na Câmara_04.
2026-07-03 11:15:22 [CRITICAL] MÓDULO CAMARAS: Perda de sinal de vídeo na Câmara_04.
2026-07-03 11:16:07 [INFO] MÓDULO AUTENTICACAO: Login efetuado com sucesso pelo utilizador 'api_gateway'.
2026-07-03 11:17:22 [ERROR] MÓDULO BASE_DADOS: Query executada com sucesso pelo utilizador 'nuno_gomes'.
2026-07-03 11:18:16 [WARNING] MÓDULO SENSORES: Porta Principal aberta.
2026-07-03 11:19:02 [CRITICAL] MÓDULO CAMARAS: Falha de armazenamento no DVR_02.
2026-07-03 11:19:50 [INFO] MÓDULO CAMARAS: Gravação iniciada por movimento na Câmara_01.
2026-07-03 11:21:15 [ERROR] MÓDULO CAMARAS: Perda de sinal de vídeo na Câmara_04.
2026-07-03 11:22:05 [ERROR] MÓDULO CAMARAS: Falha de armazenamento no DVR_02.
2026-07-03 11:22:52 [ERROR] MÓDULO CAMARAS: Falha de armazenamento no DVR_02.
2026-07-03 11:24:22 [ERROR] MÓDULO AUTENTICACAO: Login efetuado com sucesso pelo utilizador 'ana_silva'.
2026-07-03 11:25:34 [WARNING] MÓDULO CAMARAS: Gravação iniciada por movimento na Câmara_01.
2026-07-03 11:26:59 [INFO] MÓDULO AUTENTICACAO: Sessão expirada pelo utilizador 'nuno_gomes'.
2026-07-03 11:27:32 [CRITICAL] MÓDULO CAMARAS: Perda de sinal de vídeo na Câmara_04.
2026-07-03 11:28:30 [CRITICAL] MÓDULO CAMARAS: Perda de sinal de vídeo na Câmara_04.
2026-07-03 11:29:28 [CRITICAL] MÓDULO CAMARAS: Perda de sinal de vídeo na Câmara_04.
2026-07-03 11:30:35 [INFO] MÓDULO SENSORES: Sensor de fumos ativo.
2026-07-03 11:31:50 [ERROR] MÓDULO BASE_DADOS: Query executada com sucesso pelo utilizador 'admin'.
2026-07-03 11:32:44 [ERROR] MÓDULO AUTENTICACAO: Falha na palavra-passe pelo utilizador 'ana_silva'.
2026-07-03 11:34:04 [INFO] MÓDULO AUTENTICACAO: Falha na palavra-passe pelo utilizador 'admin'.
2026-07-03 11:35:11 [ERROR] MÓDULO SENSORES: Sensor de fumos ativo.
2026-07-03 11:35:48 [INFO] MÓDULO BASE_DADOS: Cópia de segurança (Backup) concluída pelo utilizador 'api_gateway'.
2026-07-03 11:36:41 [ERROR] MÓDULO BASE_DADOS: Erro de integridade referencial pelo utilizador 'gestor_seguranca'.
2026-07-03 11:37:30 [WARNING] MÓDULO CAMARAS: Falha de armazenamento no DVR_02.
2026-07-03 11:38:09 [CRITICAL] MÓDULO AUTENTICACAO: Login efetuado com sucesso pelo utilizador 'gestor_seguranca'.
2026-07-03 11:39:32 [ERROR] MÓDULO CAMARAS: Gravação iniciada por movimento na Câmara_01.
2026-07-03 11:40:52 [INFO] MÓDULO AUTENTICACAO: Login efetuado com sucesso pelo utilizador 'mauri'.
2026-07-03 11:42:21 [WARNING] MÓDULO CAMARAS: Perda de sinal de vídeo na Câmara_04.
2026-07-03 11:43:41 [CRITICAL] MÓDULO BASE_DADOS: Query executada com sucesso pelo utilizador 'convidado_01'.
2026-07-03 11:44:46 [WARNING] MÓDULO SENSORES: Porta Principal aberta.
2026-07-03 11:46:08 [CRITICAL] MÓDULO AUTENTICACAO: Login efetuado com sucesso pelo utilizador 'gestor_seguranca'.
2026-07-03 11:47:03 [INFO] MÓDULO SENSORES: Porta Principal aberta.
2026-07-03 11:47:34 [ERROR] MÓDULO AUTENTICACAO: Login efetuado com sucesso pelo utilizador 'nuno_gomes'.
2026-07-03 11:48:36 [ERROR] MÓDULO CAMARAS: Perda de sinal de vídeo na Câmara_04.
2026-07-03 11:49:31 [WARNING] MÓDULO BASE_DADOS: Erro de integridade referencial pelo utilizador 'mauri'.
2026-07-03 11:50:49 [CRITICAL] MÓDULO BASE_DADOS: Erro de integridade referencial pelo utilizador 'mauri'.
2026-07-03 11:51:24 [INFO] MÓDULO AUTENTICACAO: Tentativa de brute-force bloqueada pelo utilizador 'api_gateway'.
2026-07-03 11:52:32 [ERROR] MÓDULO CAMARAS: Perda de sinal de vídeo na Câmara_04.
2026-07-03 11:53:09 [CRITICAL] MÓDULO CAMARAS: Perda de sinal de vídeo na Câmara_04.
2026-07-03 11:53:48 [ERROR] MÓDULO CAMARAS: Gravação iniciada por movimento na Câmara_01.
2026-07-03 11:55:09 [ERROR] MÓDULO SENSORES: Movimento detetado no Corredor B.
2026-07-03 11:56:11 [INFO] MÓDULO CAMARAS: Perda de sinal de vídeo na Câmara_04.
2026-07-03 11:57:27 [ERROR] MÓDULO CAMARAS: Perda de sinal de vídeo na Câmara_04.
2026-07-03 11:58:47 [WARNING] MÓDULO BASE_DADOS: Erro de integridade referencial pelo utilizador 'admin'.
2026-07-03 11:59:31 [INFO] MÓDULO AUTENTICACAO: Falha na palavra-passe pelo utilizador 'ana_silva'.
2026-07-03 12:00:13 [CRITICAL] MÓDULO AUTENTICACAO: Login efetuado com sucesso pelo utilizador 'admin'.
2026-07-03 12:01:17 [CRITICAL] MÓDULO BASE_DADOS: Timeout na ligação pelo utilizador 'nuno_gomes'.
2026-07-03 12:01:47 [ERROR] MÓDULO AUTENTICACAO: Tentativa de brute-force bloqueada pelo utilizador 'ana_silva'.
2026-07-03 12:03:12 [INFO] MÓDULO SENSORES: Movimento detetado no Corredor B.
2026-07-03 12:04:08 [ERROR] MÓDULO CAMARAS: Falha de armazenamento no DVR_02.
2026-07-03 12:05:09 [INFO] MÓDULO SENSORES: Sensor de fumos ativo.
2026-07-03 12:06:30 [INFO] MÓDULO AUTENTICACAO: Falha na palavra-passe pelo utilizador 'mauri'.
2026-07-03 12:07:16 [CRITICAL] MÓDULO CAMARAS: Perda de sinal de vídeo na Câmara_04.
2026-07-03 12:07:51 [INFO] MÓDULO CAMARAS: Gravação iniciada por movimento na Câmara_01.
2026-07-03 12:08:41 [WARNING] MÓDULO BASE_DADOS: Timeout na ligação pelo utilizador 'nuno_gomes'.
2026-07-03 12:09:40 [WARNING] MÓDULO AUTENTICACAO: Tentativa de brute-force bloqueada pelo utilizador 'ana_silva'.
2026-07-03 12:10:41 [INFO] MÓDULO AUTENTICACAO: Sessão expirada pelo utilizador 'nuno_gomes'.
2026-07-03 12:11:51 [CRITICAL] MÓDULO CAMARAS: Perda de sinal de vídeo na Câmara_04.
2026-07-03 12:12:59 [INFO] MÓDULO SENSORES: Porta Principal aberta.
2026-07-03 12:13:37 [INFO] MÓDULO CAMARAS: Gravação iniciada por movimento na Câmara_01.
2026-07-03 12:14:42 [INFO] MÓDULO CAMARAS: Perda de sinal de vídeo na Câmara_04.
2026-07-03 12:15:27 [ERROR] MÓDULO CAMARAS: Gravação iniciada por movimento na Câmara_01.
2026-07-03 12:16:35 [ERROR] MÓDULO AUTENTICACAO: Sessão expirada pelo utilizador 'ana_silva'.
2026-07-03 12:17:39 [INFO] MÓDULO SENSORES: Movimento detetado no Corredor B.
2026-07-03 12:18:17 [ERROR] MÓDULO AUTENTICACAO: Login efetuado com sucesso pelo utilizador 'admin'.
2026-07-03 12:19:18 [ERROR] MÓDULO AUTENTICACAO: Tentativa de brute-force bloqueada pelo utilizador 'gestor_seguranca'.
2026-07-03 12:20:09 [INFO] MÓDULO BASE_DADOS: Erro de integridade referencial pelo utilizador 'mauri'.
2026-07-03 12:20:43 [WARNING] MÓDULO AUTENTICACAO: Tentativa de brute-force bloqueada pelo utilizador 'gestor_seguranca'.
2026-07-03 12:21:28 [CRITICAL] MÓDULO AUTENTICACAO: Tentativa de brute-force bloqueada pelo utilizador 'api_gateway'.
2026-07-03 12:22:15 [ERROR] MÓDULO CAMARAS: Perda de sinal de vídeo na Câmara_04.
2026-07-03 12:23:09 [ERROR] MÓDULO AUTENTICACAO: Falha na palavra-passe pelo utilizador 'convidado_01'.
2026-07-03 12:24:20 [INFO] MÓDULO BASE_DADOS: Erro de integridade referencial pelo utilizador 'ana_silva'.
2026-07-03 12:24:54 [WARNING] MÓDULO BASE_DADOS: Query executada com sucesso pelo utilizador 'gestor_seguranca'.
2026-07-03 12:26:00 [WARNING] MÓDULO AUTENTICACAO: Falha na palavra-passe pelo utilizador 'ana_silva'.
2026-07-03 12:27:04 [INFO] MÓDULO BASE_DADOS: Timeout na ligação pelo utilizador 'admin'.
2026-07-03 12:28:24 [WARNING] MÓDULO BASE_DADOS: Cópia de segurança (Backup) concluída pelo utilizador 'nuno_gomes'.
2026-07-03 12:29:05 [ERROR] MÓDULO CAMARAS: Gravação iniciada por movimento na Câmara_01.
2026-07-03 12:30:10 [INFO] MÓDULO AUTENTICACAO: Sessão expirada pelo utilizador 'gestor_seguranca'.
2026-07-03 12:31:26 [ERROR] MÓDULO SENSORES: Temperatura da Sala de Servidores acima do normal.
2026-07-03 12:31:59 [INFO] MÓDULO BASE_DADOS: Timeout na ligação pelo utilizador 'gestor_seguranca'.
2026-07-03 12:32:41 [WARNING] MÓDULO SENSORES: Movimento detetado no Corredor B.
2026-07-03 12:33:12 [WARNING] MÓDULO BASE_DADOS: Timeout na ligação pelo utilizador 'mauri'.
2026-07-03 12:33:54 [INFO] MÓDULO CAMARAS: Gravação iniciada por movimento na Câmara_01.
2026-07-03 12:34:53 [INFO] MÓDULO SENSORES: Porta Principal aberta.
2026-07-03 12:35:33 [INFO] MÓDULO SENSORES: Sensor de fumos ativo.
2026-07-03 12:36:07 [WARNING] MÓDULO BASE_DADOS: Cópia de segurança (Backup) concluída pelo utilizador 'ana_silva'.
2026-07-03 12:37:07 [WARNING] MÓDULO SENSORES: Movimento detetado no Corredor B.
2026-07-03 12:38:33 [INFO] MÓDULO AUTENTICACAO: Sessão expirada pelo utilizador 'nuno_gomes'.
2026-07-03 12:40:02 [INFO] MÓDULO SENSORES: Temperatura da Sala de Servidores acima do normal.
2026-07-03 12:40:50 [ERROR] MÓDULO CAMARAS: Perda de sinal de vídeo na Câmara_04.
2026-07-03 12:41:23 [INFO] MÓDULO CAMARAS: Perda de sinal de vídeo na Câmara_04.
2026-07-03 12:42:02 [INFO] MÓDULO BASE_DADOS: Erro de integridade referencial pelo utilizador 'admin'.
2026-07-03 12:43:03 [ERROR] MÓDULO AUTENTICACAO: Falha na palavra-passe pelo utilizador 'api_gateway'.
2026-07-03 12:44:14 [ERROR] MÓDULO CAMARAS: Perda de sinal de vídeo na Câmara_04.
2026-07-03 12:45:01 [CRITICAL] MÓDULO SENSORES: Temperatura da Sala de Servidores acima do normal.
2026-07-03 12:46:25 [WARNING] MÓDULO BASE_DADOS: Query executada com sucesso pelo utilizador 'nuno_gomes'.
2026-07-03 12:47:37 [WARNING] MÓDULO SENSORES: Temperatura da Sala de Servidores acima do normal.
2026-07-03 12:48:42 [WARNING] MÓDULO BASE_DADOS: Cópia de segurança (Backup) concluída pelo utilizador 'gestor_seguranca'.
2026-07-03 12:50:10 [CRITICAL] MÓDULO CAMARAS: Gravação iniciada por movimento na Câmara_01.
2026-07-03 12:50:43 [WARNING] MÓDULO CAMARAS: Falha de armazenamento no DVR_02.
2026-07-03 12:51:26 [INFO] MÓDULO CAMARAS: Falha de armazenamento no DVR_02.
2026-07-03 12:52:00 [ERROR] MÓDULO CAMARAS: Falha de armazenamento no DVR_02.
2026-07-03 12:53:20 [INFO] MÓDULO BASE_DADOS: Timeout na ligação pelo utilizador 'mauri'.
2026-07-03 12:54:11 [ERROR] MÓDULO BASE_DADOS: Query executada com sucesso pelo utilizador 'nuno_gomes'.
2026-07-03 12:55:06 [INFO] MÓDULO BASE_DADOS: Erro de integridade referencial pelo utilizador 'nuno_gomes'.
2026-07-03 12:55:53 [ERROR] MÓDULO SENSORES: Sensor de fumos ativo.
2026-07-03 12:56:52 [ERROR] MÓDULO CAMARAS: Gravação iniciada por movimento na Câmara_01.
2026-07-03 12:57:48 [INFO] MÓDULO SENSORES: Movimento detetado no Corredor B.
2026-07-03 12:59:06 [INFO] MÓDULO SENSORES: Temperatura da Sala de Servidores acima do normal.
2026-07-03 13:00:05 [ERROR] MÓDULO BASE_DADOS: Timeout na ligação pelo utilizador 'mauri'.
2026-07-03 13:01:17 [INFO] MÓDULO SENSORES: Movimento detetado no Corredor B.
2026-07-03 13:01:55 [CRITICAL] MÓDULO SENSORES: Temperatura da Sala de Servidores acima do normal.
2026-07-03 13:02:35 [INFO] MÓDULO SENSORES: Porta Principal aberta.
2026-07-03 13:03:22 [INFO] MÓDULO CAMARAS: Falha de armazenamento no DVR_02.
2026-07-03 13:04:07 [WARNING] MÓDULO SENSORES: Porta Principal aberta.
2026-07-03 13:05:04 [INFO] MÓDULO SENSORES: Sensor de fumos ativo.
2026-07-03 13:06:18 [CRITICAL] MÓDULO SENSORES: Movimento detetado no Corredor B.
2026-07-03 13:07:10 [WARNING] MÓDULO BASE_DADOS: Cópia de segurança (Backup) concluída pelo utilizador 'ana_silva'.
2026-07-03 13:07:48 [ERROR] MÓDULO BASE_DADOS: Erro de integridade referencial pelo utilizador 'nuno_gomes'.
2026-07-03 13:08:40 [WARNING] MÓDULO BASE_DADOS: Query executada com sucesso pelo utilizador 'ana_silva'.
2026-07-03 13:09:52 [INFO] MÓDULO CAMARAS: Perda de sinal de vídeo na Câmara_04.
2026-07-03 13:11:18 [INFO] MÓDULO BASE_DADOS: Cópia de segurança (Backup) concluída pelo utilizador 'convidado_01'.
2026-07-03 13:11:58 [CRITICAL] MÓDULO AUTENTICACAO: Falha na palavra-passe pelo utilizador 'nuno_gomes'.
2026-07-03 13:12:45 [WARNING] MÓDULO AUTENTICACAO: Falha na palavra-passe pelo utilizador 'gestor_seguranca'.
2026-07-03 13:13:17 [CRITICAL] MÓDULO CAMARAS: Falha de armazenamento no DVR_02.
2026-07-03 13:13:51 [INFO] MÓDULO CAMARAS: Falha de armazenamento no DVR_02.
2026-07-03 13:14:32 [WARNING] MÓDULO SENSORES: Sensor de fumos ativo.
2026-07-03 13:15:48 [WARNING] MÓDULO CAMARAS: Perda de sinal de vídeo na Câmara_04.
2026-07-03 13:16:55 [ERROR] MÓDULO BASE_DADOS: Timeout na ligação pelo utilizador 'gestor_seguranca'.
2026-07-03 13:18:12 [ERROR] MÓDULO BASE_DADOS: Erro de integridade referencial pelo utilizador 'gestor_seguranca'.
2026-07-03 13:19:02 [CRITICAL] MÓDULO CAMARAS: Perda de sinal de vídeo na Câmara_04.
2026-07-03 13:20:02 [CRITICAL] MÓDULO CAMARAS: Gravação iniciada por movimento na Câmara_01.
2026-07-03 13:21:01 [ERROR] MÓDULO SENSORES: Temperatura da Sala de Servidores acima do normal.
2026-07-03 13:22:22 [CRITICAL] MÓDULO BASE_DADOS: Query executada com sucesso pelo utilizador 'nuno_gomes'.
2026-07-03 13:23:06 [INFO] MÓDULO CAMARAS: Gravação iniciada por movimento na Câmara_01.
2026-07-03 13:23:41 [ERROR] MÓDULO AUTENTICACAO: Login efetuado com sucesso pelo utilizador 'api_gateway'.
2026-07-03 13:24:40 [ERROR] MÓDULO BASE_DADOS: Erro de integridade referencial pelo utilizador 'ana_silva'.
2026-07-03 13:25:43 [ERROR] MÓDULO SENSORES: Porta Principal aberta.
2026-07-03 13:26:37 [CRITICAL] MÓDULO AUTENTICACAO: Login efetuado com sucesso pelo utilizador 'nuno_gomes'.
2026-07-03 13:27:16 [CRITICAL] MÓDULO AUTENTICACAO: Tentativa de brute-force bloqueada pelo utilizador 'api_gateway'.
2026-07-03 13:27:53 [WARNING] MÓDULO SENSORES: Sensor de fumos ativo.
2026-07-03 13:28:43 [ERROR] MÓDULO AUTENTICACAO: Sessão expirada pelo utilizador 'nuno_gomes'.
2026-07-03 13:29:35 [INFO] MÓDULO CAMARAS: Falha de armazenamento no DVR_02.
2026-07-03 13:30:08 [WARNING] MÓDULO SENSORES: Temperatura da Sala de Servidores acima do normal.
2026-07-03 13:31:15 [ERROR] MÓDULO BASE_DADOS: Query executada com sucesso pelo utilizador 'convidado_01'.
2026-07-03 13:31:55 [INFO] MÓDULO SENSORES: Sensor de fumos ativo.
2026-07-03 13:33:21 [INFO] MÓDULO SENSORES: Sensor de fumos ativo.
2026-07-03 13:34:46 [ERROR] MÓDULO AUTENTICACAO: Falha na palavra-passe pelo utilizador 'nuno_gomes'.
2026-07-03 13:35:40 [CRITICAL] MÓDULO SENSORES: Temperatura da Sala de Servidores acima do normal.
2026-07-03 13:36:58 [WARNING] MÓDULO BASE_DADOS: Cópia de segurança (Backup) concluída pelo utilizador 'api_gateway'.
2026-07-03 13:37:44 [INFO] MÓDULO AUTENTICACAO: Tentativa de brute-force bloqueada pelo utilizador 'convidado_01'.
2026-07-03 13:38:17 [WARNING] MÓDULO BASE_DADOS: Erro de integridade referencial pelo utilizador 'convidado_01'.
2026-07-03 13:39:14 [INFO] MÓDULO CAMARAS: Gravação iniciada por movimento na Câmara_01.
2026-07-03 13:40:38 [WARNING] MÓDULO CAMARAS: Falha de armazenamento no DVR_02.
2026-07-03 13:41:13 [ERROR] MÓDULO BASE_DADOS: Erro de integridade referencial pelo utilizador 'gestor_seguranca'.
2026-07-03 13:42:29 [ERROR] MÓDULO CAMARAS: Perda de sinal de vídeo na Câmara_04.
2026-07-03 13:43:37 [CRITICAL] MÓDULO CAMARAS: Perda de sinal de vídeo na Câmara_04.
2026-07-03 13:44:14 [CRITICAL] MÓDULO CAMARAS: Perda de sinal de vídeo na Câmara_04.
2026-07-03 13:44:45 [INFO] MÓDULO AUTENTICACAO: Tentativa de brute-force bloqueada pelo utilizador 'gestor_seguranca'.
2026-07-03 13:45:44 [WARNING] MÓDULO SENSORES: Temperatura da Sala de Servidores acima do normal.
2026-07-03 13:46:31 [ERROR] MÓDULO BASE_DADOS: Erro de integridade referencial pelo utilizador 'gestor_seguranca'.
2026-07-03 13:47:21 [WARNING] MÓDULO CAMARAS: Falha de armazenamento no DVR_02.
2026-07-03 13:48:12 [INFO] MÓDULO AUTENTICACAO: Sessão expirada pelo utilizador 'nuno_gomes'.
2026-07-03 13:49:07 [ERROR] MÓDULO BASE_DADOS: Query executada com sucesso pelo utilizador 'mauri'.
2026-07-03 13:49:51 [WARNING] MÓDULO CAMARAS: Gravação iniciada por movimento na Câmara_01.
2026-07-03 13:50:39 [INFO] MÓDULO AUTENTICACAO: Login efetuado com sucesso pelo utilizador 'mauri'.
2026-07-03 13:51:29 [ERROR] MÓDULO SENSORES: Movimento detetado no Corredor B.
2026-07-03 13:52:05 [CRITICAL] MÓDULO CAMARAS: Gravação iniciada por movimento na Câmara_01.
2026-07-03 13:53:34 [INFO] MÓDULO SENSORES: Movimento detetado no Corredor B.
2026-07-03 13:54:15 [INFO] MÓDULO AUTENTICACAO: Login efetuado com sucesso pelo utilizador 'gestor_seguranca'.
2026-07-03 13:55:42 [CRITICAL] MÓDULO CAMARAS: Perda de sinal de vídeo na Câmara_04.
2026-07-03 13:56:26 [INFO] MÓDULO SENSORES: Porta Principal aberta.
2026-07-03 13:57:30 [INFO] MÓDULO BASE_DADOS: Erro de integridade referencial pelo utilizador 'gestor_seguranca'.
2026-07-03 13:58:25 [ERROR] MÓDULO SENSORES: Movimento detetado no Corredor B.
2026-07-03 13:59:54 [WARNING] MÓDULO BASE_DADOS: Query executada com sucesso pelo utilizador 'mauri'.
2026-07-03 14:00:40 [CRITICAL] MÓDULO BASE_DADOS: Erro de integridade referencial pelo utilizador 'ana_silva'.
2026-07-03 14:01:13 [ERROR] MÓDULO CAMARAS: Perda de sinal de vídeo na Câmara_04.
2026-07-03 14:01:57 [WARNING] MÓDULO AUTENTICACAO: Tentativa de brute-force bloqueada pelo utilizador 'ana_silva'.
2026-07-03 14:03:03 [ERROR] MÓDULO CAMARAS: Falha de armazenamento no DVR_02.
2026-07-03 14:04:11 [CRITICAL] MÓDULO AUTENTICACAO: Sessão expirada pelo utilizador 'nuno_gomes'.
2026-07-03 14:04:52 [CRITICAL] MÓDULO AUTENTICACAO: Sessão expirada pelo utilizador 'nuno_gomes'.
2026-07-03 14:05:36 [ERROR] MÓDULO SENSORES: Sensor de fumos ativo.
2026-07-03 14:06:54 [INFO] MÓDULO SENSORES: Temperatura da Sala de Servidores acima do normal.
2026-07-03 14:07:38 [ERROR] MÓDULO AUTENTICACAO: Login efetuado com sucesso pelo utilizador 'convidado_01'.
2026-07-03 14:08:53 [CRITICAL] MÓDULO AUTENTICACAO: Login efetuado com sucesso pelo utilizador 'ana_silva'.
2026-07-03 14:10:20 [ERROR] MÓDULO SENSORES: Movimento detetado no Corredor B.
2026-07-03 14:10:57 [WARNING] MÓDULO CAMARAS: Gravação iniciada por movimento na Câmara_01.
2026-07-03 14:11:28 [CRITICAL] MÓDULO CAMARAS: Falha de armazenamento no DVR_02.
2026-07-03 14:12:23 [INFO] MÓDULO CAMARAS: Gravação iniciada por movimento na Câmara_01.
2026-07-03 14:13:33 [INFO] MÓDULO BASE_DADOS: Query executada com sucesso pelo utilizador 'admin'.
2026-07-03 14:14:46 [INFO] MÓDULO SENSORES: Porta Principal aberta.
2026-07-03 14:15:34 [INFO] MÓDULO SENSORES: Movimento detetado no Corredor B.
2026-07-03 14:16:12 [WARNING] MÓDULO AUTENTICACAO: Sessão expirada pelo utilizador 'convidado_01'.
2026-07-03 14:17:15 [INFO] MÓDULO AUTENTICACAO: Falha na palavra-passe pelo utilizador 'api_gateway'.
2026-07-03 14:18:07 [CRITICAL] MÓDULO SENSORES: Temperatura da Sala de Servidores acima do normal.
2026-07-03 14:19:14 [ERROR] MÓDULO SENSORES: Movimento detetado no Corredor B.
2026-07-03 14:19:47 [ERROR] MÓDULO SENSORES: Temperatura da Sala de Servidores acima do normal.
2026-07-03 14:20:32 [WARNING] MÓDULO AUTENTICACAO: Login efetuado com sucesso pelo utilizador 'api_gateway'.
2026-07-03 14:21:23 [ERROR] MÓDULO SENSORES: Movimento detetado no Corredor B.
2026-07-03 14:22:37 [ERROR] MÓDULO BASE_DADOS: Query executada com sucesso pelo utilizador 'api_gateway'.
2026-07-03 14:23:09 [INFO] MÓDULO CAMARAS: Falha de armazenamento no DVR_02.
2026-07-03 14:23:49 [INFO] MÓDULO BASE_DADOS: Erro de integridade referencial pelo utilizador 'admin'.
2026-07-03 14:24:55 [CRITICAL] MÓDULO CAMARAS: Gravação iniciada por movimento na Câmara_01.
2026-07-03 14:25:32 [CRITICAL] MÓDULO CAMARAS: Gravação iniciada por movimento na Câmara_01.
2026-07-03 14:26:44 [CRITICAL] MÓDULO BASE_DADOS: Erro de integridade referencial pelo utilizador 'mauri'.
2026-07-03 14:27:28 [INFO] MÓDULO BASE_DADOS: Cópia de segurança (Backup) concluída pelo utilizador 'mauri'.
2026-07-03 14:28:02 [CRITICAL] MÓDULO BASE_DADOS: Erro de integridade referencial pelo utilizador 'mauri'.
2026-07-03 14:28:33 [CRITICAL] MÓDULO AUTENTICACAO: Falha na palavra-passe pelo utilizador 'ana_silva'.
2026-07-03 14:29:53 [ERROR] MÓDULO AUTENTICACAO: Tentativa de brute-force bloqueada pelo utilizador 'mauri'.
2026-07-03 14:31:05 [CRITICAL] MÓDULO SENSORES: Porta Principal aberta.
2026-07-03 14:31:55 [INFO] MÓDULO CAMARAS: Gravação iniciada por movimento na Câmara_01.
2026-07-03 14:32:46 [WARNING] MÓDULO SENSORES: Temperatura da Sala de Servidores acima do normal.
2026-07-03 14:33:55 [INFO] MÓDULO AUTENTICACAO: Login efetuado com sucesso pelo utilizador 'convidado_01'.
2026-07-03 14:35:06 [INFO] MÓDULO CAMARAS: Gravação iniciada por movimento na Câmara_01.
2026-07-03 14:36:11 [CRITICAL] MÓDULO SENSORES: Porta Principal aberta.
2026-07-03 14:36:52 [INFO] MÓDULO BASE_DADOS: Erro de integridade referencial pelo utilizador 'convidado_01'.
2026-07-03 14:37:27 [CRITICAL] MÓDULO AUTENTICACAO: Sessão expirada pelo utilizador 'admin'.
2026-07-03 14:38:32 [INFO] MÓDULO BASE_DADOS: Query executada com sucesso pelo utilizador 'api_gateway'.
2026-07-03 14:39:30 [INFO] MÓDULO AUTENTICACAO: Tentativa de brute-force bloqueada pelo utilizador 'ana_silva'.
2026-07-03 14:40:35 [WARNING] MÓDULO AUTENTICACAO: Tentativa de brute-force bloqueada pelo utilizador 'ana_silva'.
2026-07-03 14:42:04 [INFO] MÓDULO BASE_DADOS: Erro de integridade referencial pelo utilizador 'ana_silva'.
2026-07-03 14:43:25 [CRITICAL] MÓDULO BASE_DADOS: Query executada com sucesso pelo utilizador 'mauri'.
2026-07-03 14:44:24 [INFO] MÓDULO SENSORES: Porta Principal aberta.
2026-07-03 14:45:13 [WARNING] MÓDULO BASE_DADOS: Timeout na ligação pelo utilizador 'gestor_seguranca'.
2026-07-03 14:46:38 [INFO] MÓDULO AUTENTICACAO: Sessão expirada pelo utilizador 'ana_silva'.
2026-07-03 14:47:42 [WARNING] MÓDULO CAMARAS: Falha de armazenamento no DVR_02.
2026-07-03 14:48:26 [CRITICAL] MÓDULO CAMARAS: Falha de armazenamento no DVR_02.
2026-07-03 14:49:07 [INFO] MÓDULO AUTENTICACAO: Login efetuado com sucesso pelo utilizador 'admin'.
2026-07-03 14:50:07 [INFO] MÓDULO AUTENTICACAO: Sessão expirada pelo utilizador 'nuno_gomes'.
2026-07-03 14:51:18 [INFO] MÓDULO CAMARAS: Perda de sinal de vídeo na Câmara_04.
2026-07-03 14:51:58 [ERROR] MÓDULO AUTENTICACAO: Falha na palavra-passe pelo utilizador 'convidado_01'.
2026-07-03 14:52:31 [CRITICAL] MÓDULO BASE_DADOS: Query executada com sucesso pelo utilizador 'gestor_seguranca'.
2026-07-03 14:53:21 [ERROR] MÓDULO CAMARAS: Falha de armazenamento no DVR_02.
2026-07-03 14:54:21 [ERROR] MÓDULO AUTENTICACAO: Tentativa de brute-force bloqueada pelo utilizador 'convidado_01'.
2026-07-03 14:55:12 [ERROR] MÓDULO BASE_DADOS: Timeout na ligação pelo utilizador 'mauri'.
2026-07-03 14:56:08 [WARNING] MÓDULO SENSORES: Sensor de fumos ativo.
2026-07-03 14:57:36 [INFO] MÓDULO AUTENTICACAO: Falha na palavra-passe pelo utilizador 'ana_silva'.
2026-07-03 14:58:30 [INFO] MÓDULO SENSORES: Temperatura da Sala de Servidores acima do normal.
2026-07-03 14:59:24 [CRITICAL] MÓDULO SENSORES: Sensor de fumos ativo.
2026-07-03 15:00:21 [WARNING] MÓDULO BASE_DADOS: Erro de integridade referencial pelo utilizador 'ana_silva'.
2026-07-03 15:01:44 [WARNING] MÓDULO SENSORES: Movimento detetado no Corredor B.
2026-07-03 15:02:44 [WARNING] MÓDULO BASE_DADOS: Timeout na ligação pelo utilizador 'convidado_01'.
2026-07-03 15:03:17 [INFO] MÓDULO SENSORES: Sensor de fumos ativo.
2026-07-03 15:04:47 [WARNING] MÓDULO SENSORES: Sensor de fumos ativo.
2026-07-03 15:05:58 [WARNING] MÓDULO SENSORES: Movimento detetado no Corredor B.
2026-07-03 15:07:01 [WARNING] MÓDULO BASE_DADOS: Cópia de segurança (Backup) concluída pelo utilizador 'gestor_seguranca'.
2026-07-03 15:08:27 [INFO] MÓDULO AUTENTICACAO: Falha na palavra-passe pelo utilizador 'api_gateway'.
2026-07-03 15:09:28 [WARNING] MÓDULO CAMARAS: Perda de sinal de vídeo na Câmara_04.
2026-07-03 15:10:15 [ERROR] MÓDULO SENSORES: Sensor de fumos ativo.
2026-07-03 15:11:43 [CRITICAL] MÓDULO AUTENTICACAO: Falha na palavra-passe pelo utilizador 'mauri'.
2026-07-03 15:12:40 [INFO] MÓDULO CAMARAS: Gravação iniciada por movimento na Câmara_01.
2026-07-03 15:14:05 [ERROR] MÓDULO AUTENTICACAO: Tentativa de brute-force bloqueada pelo utilizador 'convidado_01'.
2026-07-03 15:14:57 [INFO] MÓDULO BASE_DADOS: Erro de integridade referencial pelo utilizador 'ana_silva'.
2026-07-03 15:16:23 [INFO] MÓDULO AUTENTICACAO: Tentativa de brute-force bloqueada pelo utilizador 'mauri'.
2026-07-03 15:17:22 [ERROR] MÓDULO AUTENTICACAO: Login efetuado com sucesso pelo utilizador 'ana_silva'.
2026-07-03 15:18:31 [CRITICAL] MÓDULO AUTENTICACAO: Falha na palavra-passe pelo utilizador 'gestor_seguranca'.
2026-07-03 15:19:44 [ERROR] MÓDULO SENSORES: Movimento detetado no Corredor B.
2026-07-03 15:20:45 [INFO] MÓDULO BASE_DADOS: Timeout na ligação pelo utilizador 'admin'.
2026-07-03 15:21:19 [INFO] MÓDULO CAMARAS: Falha de armazenamento no DVR_02.
2026-07-03 15:21:50 [ERROR] MÓDULO BASE_DADOS: Timeout na ligação pelo utilizador 'convidado_01'.
2026-07-03 15:22:38 [CRITICAL] MÓDULO BASE_DADOS: Query executada com sucesso pelo utilizador 'ana_silva'.
2026-07-03 15:23:08 [INFO] MÓDULO AUTENTICACAO: Sessão expirada pelo utilizador 'convidado_01'.
2026-07-03 15:24:08 [ERROR] MÓDULO SENSORES: Temperatura da Sala de Servidores acima do normal.
2026-07-03 15:25:22 [INFO] MÓDULO BASE_DADOS: Cópia de segurança (Backup) concluída pelo utilizador 'mauri'.
2026-07-03 15:26:02 [INFO] MÓDULO SENSORES: Movimento detetado no Corredor B.
2026-07-03 15:26:49 [INFO] MÓDULO SENSORES: Porta Principal aberta.
2026-07-03 15:28:07 [CRITICAL] MÓDULO AUTENTICACAO: Login efetuado com sucesso pelo utilizador 'admin'.
2026-07-03 15:29:16 [CRITICAL] MÓDULO SENSORES: Temperatura da Sala de Servidores acima do normal.
2026-07-03 15:30:30 [WARNING] MÓDULO SENSORES: Movimento detetado no Corredor B.
2026-07-03 15:31:25 [CRITICAL] MÓDULO AUTENTICACAO: Falha na palavra-passe pelo utilizador 'nuno_gomes'.
2026-07-03 15:32:33 [CRITICAL] MÓDULO CAMARAS: Gravação iniciada por movimento na Câmara_01.
2026-07-03 15:34:03 [INFO] MÓDULO BASE_DADOS: Query executada com sucesso pelo utilizador 'admin'.
2026-07-03 15:35:05 [INFO] MÓDULO CAMARAS: Perda de sinal de vídeo na Câmara_04.
2026-07-03 15:35:46 [INFO] MÓDULO AUTENTICACAO: Tentativa de brute-force bloqueada pelo utilizador 'mauri'.
2026-07-03 15:36:34 [CRITICAL] MÓDULO SENSORES: Sensor de fumos ativo.
2026-07-03 15:38:01 [CRITICAL] MÓDULO SENSORES: Temperatura da Sala de Servidores acima do normal.
2026-07-03 15:39:27 [ERROR] MÓDULO BASE_DADOS: Timeout na ligação pelo utilizador 'ana_silva'.
2026-07-03 15:40:29 [CRITICAL] MÓDULO SENSORES: Porta Principal aberta.
2026-07-03 15:41:59 [WARNING] MÓDULO CAMARAS: Falha de armazenamento no DVR_02.
2026-07-03 15:42:56 [WARNING] MÓDULO CAMARAS: Falha de armazenamento no DVR_02.
2026-07-03 15:44:26 [ERROR] MÓDULO AUTENTICACAO: Login efetuado com sucesso pelo utilizador 'gestor_seguranca'.
2026-07-03 15:45:17 [INFO] MÓDULO AUTENTICACAO: Falha na palavra-passe pelo utilizador 'ana_silva'.
2026-07-03 15:46:32 [INFO] MÓDULO CAMARAS: Gravação iniciada por movimento na Câmara_01.
2026-07-03 15:47:33 [INFO] MÓDULO BASE_DADOS: Timeout na ligação pelo utilizador 'api_gateway'.
2026-07-03 15:48:24 [WARNING] MÓDULO CAMARAS: Gravação iniciada por movimento na Câmara_01.
2026-07-03 15:49:10 [ERROR] MÓDULO BASE_DADOS: Cópia de segurança (Backup) concluída pelo utilizador 'admin'.
2026-07-03 15:49:50 [CRITICAL] MÓDULO SENSORES: Sensor de fumos ativo.
2026-07-03 15:50:52 [WARNING] MÓDULO AUTENTICACAO: Sessão expirada pelo utilizador 'nuno_gomes'.
2026-07-03 15:51:47 [INFO] MÓDULO SENSORES: Temperatura da Sala de Servidores acima do normal.
2026-07-03 15:53:11 [CRITICAL] MÓDULO SENSORES: Porta Principal aberta.
2026-07-03 15:53:46 [WARNING] MÓDULO SENSORES: Porta Principal aberta.
2026-07-03 15:54:48 [INFO] MÓDULO BASE_DADOS: Query executada com sucesso pelo utilizador 'convidado_01'.
2026-07-03 15:55:21 [INFO] MÓDULO CAMARAS: Gravação iniciada por movimento na Câmara_01.
2026-07-03 15:56:24 [WARNING] MÓDULO SENSORES: Porta Principal aberta.
2026-07-03 15:57:46 [INFO] MÓDULO AUTENTICACAO: Tentativa de brute-force bloqueada pelo utilizador 'api_gateway'.
2026-07-03 15:58:40 [INFO] MÓDULO AUTENTICACAO: Tentativa de brute-force bloqueada pelo utilizador 'api_gateway'.
2026-07-03 15:59:59 [INFO] MÓDULO BASE_DADOS: Timeout na ligação pelo utilizador 'api_gateway'.
2026-07-03 16:01:14 [CRITICAL] MÓDULO CAMARAS: Falha de armazenamento no DVR_02.
2026-07-03 16:02:35 [INFO] MÓDULO AUTENTICACAO: Tentativa de brute-force bloqueada pelo utilizador 'admin'.
2026-07-03 16:03:36 [INFO] MÓDULO BASE_DADOS: Cópia de segurança (Backup) concluída pelo utilizador 'convidado_01'.
2026-07-03 16:04:36 [CRITICAL] MÓDULO CAMARAS: Falha de armazenamento no DVR_02.
2026-07-03 16:06:06 [ERROR] MÓDULO BASE_DADOS: Timeout na ligação pelo utilizador 'ana_silva'.
2026-07-03 16:07:04 [INFO] MÓDULO AUTENTICACAO: Login efetuado com sucesso pelo utilizador 'ana_silva'.
2026-07-03 16:08:22 [INFO] MÓDULO BASE_DADOS: Cópia de segurança (Backup) concluída pelo utilizador 'api_gateway'.
2026-07-03 16:08:59 [ERROR] MÓDULO AUTENTICACAO: Falha na palavra-passe pelo utilizador 'gestor_seguranca'.
2026-07-03 16:09:33 [INFO] MÓDULO AUTENTICACAO: Login efetuado com sucesso pelo utilizador 'ana_silva'.
2026-07-03 16:10:52 [ERROR] MÓDULO CAMARAS: Perda de sinal de vídeo na Câmara_04.
2026-07-03 16:12:12 [ERROR] MÓDULO SENSORES: Sensor de fumos ativo.
2026-07-03 16:13:15 [INFO] MÓDULO BASE_DADOS: Cópia de segurança (Backup) concluída pelo utilizador 'gestor_seguranca'.
2026-07-03 16:14:36 [WARNING] MÓDULO AUTENTICACAO: Login efetuado com sucesso pelo utilizador 'gestor_seguranca'.
2026-07-03 16:15:15 [ERROR] MÓDULO BASE_DADOS: Cópia de segurança (Backup) concluída pelo utilizador 'ana_silva'.
2026-07-03 16:16:01 [INFO] MÓDULO SENSORES: Porta Principal aberta.
2026-07-03 16:17:19 [INFO] MÓDULO SENSORES: Sensor de fumos ativo.
2026-07-03 16:18:16 [ERROR] MÓDULO BASE_DADOS: Timeout na ligação pelo utilizador 'mauri'.
2026-07-03 16:18:52 [CRITICAL] MÓDULO AUTENTICACAO: Falha na palavra-passe pelo utilizador 'nuno_gomes'.
2026-07-03 16:20:00 [ERROR] MÓDULO CAMARAS: Falha de armazenamento no DVR_02.
2026-07-03 16:21:04 [ERROR] MÓDULO BASE_DADOS: Erro de integridade referencial pelo utilizador 'api_gateway'.
2026-07-03 16:22:24 [WARNING] MÓDULO BASE_DADOS: Erro de integridade referencial pelo utilizador 'api_gateway'.
2026-07-03 16:23:46 [WARNING] MÓDULO CAMARAS: Gravação iniciada por movimento na Câmara_01.
2026-07-03 16:25:09 [CRITICAL] MÓDULO SENSORES: Porta Principal aberta.
2026-07-03 16:25:52 [CRITICAL] MÓDULO CAMARAS: Falha de armazenamento no DVR_02.
2026-07-03 16:27:14 [WARNING] MÓDULO SENSORES: Movimento detetado no Corredor B.
2026-07-03 16:27:51 [CRITICAL] MÓDULO AUTENTICACAO: Login efetuado com sucesso pelo utilizador 'api_gateway'.
2026-07-03 16:28:52 [ERROR] MÓDULO CAMARAS: Falha de armazenamento no DVR_02.
2026-07-03 16:29:59 [ERROR] MÓDULO SENSORES: Sensor de fumos ativo.
2026-07-03 16:31:29 [ERROR] MÓDULO SENSORES: Porta Principal aberta.
2026-07-03 16:32:28 [INFO] MÓDULO CAMARAS: Gravação iniciada por movimento na Câmara_01.
2026-07-03 16:33:10 [ERROR] MÓDULO SENSORES: Movimento detetado no Corredor B.
2026-07-03 16:34:05 [INFO] MÓDULO BASE_DADOS: Timeout na ligação pelo utilizador 'api_gateway'.
2026-07-03 16:34:53 [INFO] MÓDULO AUTENTICACAO: Tentativa de brute-force bloqueada pelo utilizador 'gestor_seguranca'.
2026-07-03 16:35:38 [WARNING] MÓDULO AUTENTICACAO: Falha na palavra-passe pelo utilizador 'convidado_01'.
2026-07-03 16:36:21 [CRITICAL] MÓDULO AUTENTICACAO: Tentativa de brute-force bloqueada pelo utilizador 'ana_silva'.
2026-07-03 16:37:12 [CRITICAL] MÓDULO SENSORES: Porta Principal aberta.
2026-07-03 16:37:44 [WARNING] MÓDULO BASE_DADOS: Cópia de segurança (Backup) concluída pelo utilizador 'nuno_gomes'.
2026-07-03 16:38:23 [CRITICAL] MÓDULO BASE_DADOS: Query executada com sucesso pelo utilizador 'mauri'.
2026-07-03 16:39:43 [INFO] MÓDULO SENSORES: Movimento detetado no Corredor B.
2026-07-03 16:41:02 [ERROR] MÓDULO SENSORES: Sensor de fumos ativo.
2026-07-03 16:42:16 [INFO] MÓDULO SENSORES: Porta Principal aberta.
2026-07-03 16:43:27 [ERROR] MÓDULO BASE_DADOS: Cópia de segurança (Backup) concluída pelo utilizador 'api_gateway'.
2026-07-03 16:43:58 [WARNING] MÓDULO BASE_DADOS: Timeout na ligação pelo utilizador 'nuno_gomes'.
2026-07-03 16:45:17 [INFO] MÓDULO CAMARAS: Perda de sinal de vídeo na Câmara_04.
2026-07-03 16:46:10 [INFO] MÓDULO CAMARAS: Gravação iniciada por movimento na Câmara_01.
2026-07-03 16:47:00 [INFO] MÓDULO AUTENTICACAO: Sessão expirada pelo utilizador 'gestor_seguranca'.
2026-07-03 16:47:31 [INFO] MÓDULO CAMARAS: Gravação iniciada por movimento na Câmara_01.
2026-07-03 16:48:34 [INFO] MÓDULO AUTENTICACAO: Sessão expirada pelo utilizador 'nuno_gomes'.
2026-07-03 16:49:04 [WARNING] MÓDULO BASE_DADOS: Erro de integridade referencial pelo utilizador 'mauri'.
2026-07-03 16:50:05 [CRITICAL] MÓDULO AUTENTICACAO: Falha na palavra-passe pelo utilizador 'ana_silva'.
2026-07-03 16:50:54 [INFO] MÓDULO BASE_DADOS: Cópia de segurança (Backup) concluída pelo utilizador 'api_gateway'.
2026-07-03 16:51:25 [ERROR] MÓDULO BASE_DADOS: Timeout na ligação pelo utilizador 'admin'.
2026-07-03 16:52:24 [WARNING] MÓDULO SENSORES: Movimento detetado no Corredor B.
2026-07-03 16:53:34 [WARNING] MÓDULO SENSORES: Movimento detetado no Corredor B.
2026-07-03 16:54:17 [CRITICAL] MÓDULO CAMARAS: Gravação iniciada por movimento na Câmara_01.
2026-07-03 16:54:47 [INFO] MÓDULO BASE_DADOS: Erro de integridade referencial pelo utilizador 'gestor_seguranca'.
2026-07-03 16:55:52 [INFO] MÓDULO CAMARAS: Falha de armazenamento no DVR_02.
2026-07-03 16:56:45 [CRITICAL] MÓDULO SENSORES: Temperatura da Sala de Servidores acima do normal.
2026-07-03 16:57:59 [CRITICAL] MÓDULO AUTENTICACAO: Sessão expirada pelo utilizador 'convidado_01'.
2026-07-03 16:58:46 [INFO] MÓDULO BASE_DADOS: Timeout na ligação pelo utilizador 'convidado_01'.
2026-07-03 16:59:29 [INFO] MÓDULO CAMARAS: Falha de armazenamento no DVR_02.
2026-07-03 17:00:33 [INFO] MÓDULO AUTENTICACAO: Sessão expirada pelo utilizador 'mauri'.
2026-07-03 17:01:34 [CRITICAL] MÓDULO SENSORES: Sensor de fumos ativo.
2026-07-03 17:02:54 [INFO] MÓDULO CAMARAS: Perda de sinal de vídeo na Câmara_04.
2026-07-03 17:04:18 [INFO] MÓDULO AUTENTICACAO: Falha na palavra-passe pelo utilizador 'nuno_gomes'.
2026-07-03 17:05:14 [INFO] MÓDULO CAMARAS: Falha de armazenamento no DVR_02.
2026-07-03 17:05:59 [ERROR] MÓDULO SENSORES: Movimento detetado no Corredor B.
2026-07-03 17:06:53 [ERROR] MÓDULO AUTENTICACAO: Login efetuado com sucesso pelo utilizador 'ana_silva'.
2026-07-03 17:07:38 [ERROR] MÓDULO AUTENTICACAO: Sessão expirada pelo utilizador 'gestor_seguranca'.
2026-07-03 17:08:38 [ERROR] MÓDULO BASE_DADOS: Timeout na ligação pelo utilizador 'api_gateway'.
2026-07-03 17:09:16 [CRITICAL] MÓDULO CAMARAS: Perda de sinal de vídeo na Câmara_04.
2026-07-03 17:10:30 [INFO] MÓDULO BASE_DADOS: Query executada com sucesso pelo utilizador 'admin'.
2026-07-03 17:11:45 [ERROR] MÓDULO BASE_DADOS: Erro de integridade referencial pelo utilizador 'gestor_seguranca'.
2026-07-03 17:12:26 [INFO] MÓDULO CAMARAS: Perda de sinal de vídeo na Câmara_04.
2026-07-03 17:13:20 [CRITICAL] MÓDULO BASE_DADOS: Erro de integridade referencial pelo utilizador 'ana_silva'.
2026-07-03 17:14:46 [ERROR] MÓDULO SENSORES: Sensor de fumos ativo.
2026-07-03 17:15:46 [CRITICAL] MÓDULO SENSORES: Temperatura da Sala de Servidores acima do normal.
2026-07-03 17:17:03 [WARNING] MÓDULO SENSORES: Temperatura da Sala de Servidores acima do normal.
2026-07-03 17:18:17 [INFO] MÓDULO AUTENTICACAO: Falha na palavra-passe pelo utilizador 'api_gateway'.
2026-07-03 17:19:31 [WARNING] MÓDULO SENSORES: Sensor de fumos ativo.
2026-07-03 17:20:39 [CRITICAL] MÓDULO BASE_DADOS: Cópia de segurança (Backup) concluída pelo utilizador 'ana_silva'.
2026-07-03 17:22:07 [INFO] MÓDULO CAMARAS: Gravação iniciada por movimento na Câmara_01.
2026-07-03 17:22:54 [INFO] MÓDULO SENSORES: Movimento detetado no Corredor B.
2026-07-03 17:23:27 [ERROR] MÓDULO CAMARAS: Gravação iniciada por movimento na Câmara_01.
2026-07-03 17:24:11 [INFO] MÓDULO AUTENTICACAO: Falha na palavra-passe pelo utilizador 'nuno_gomes'.
2026-07-03 17:25:39 [CRITICAL] MÓDULO SENSORES: Movimento detetado no Corredor B.
2026-07-03 17:26:59 [WARNING] MÓDULO BASE_DADOS: Timeout na ligação pelo utilizador 'gestor_seguranca'.
2026-07-03 17:28:16 [WARNING] MÓDULO SENSORES: Porta Principal aberta.
2026-07-03 17:29:24 [CRITICAL] MÓDULO AUTENTICACAO: Login efetuado com sucesso pelo utilizador 'admin'.
2026-07-03 17:30:41 [INFO] MÓDULO BASE_DADOS: Query executada com sucesso pelo utilizador 'gestor_seguranca'.
2026-07-03 17:31:35 [INFO] MÓDULO SENSORES: Porta Principal aberta.
2026-07-03 17:32:28 [CRITICAL] MÓDULO CAMARAS: Gravação iniciada por movimento na Câmara_01.
2026-07-03 17:33:39 [CRITICAL] MÓDULO CAMARAS: Gravação iniciada por movimento na Câmara_01.
2026-07-03 17:34:43 [INFO] MÓDULO CAMARAS: Perda de sinal de vídeo na Câmara_04.
2026-07-03 17:35:53 [ERROR] MÓDULO AUTENTICACAO: Login efetuado com sucesso pelo utilizador 'mauri'.
2026-07-03 17:36:43 [CRITICAL] MÓDULO BASE_DADOS: Cópia de segurança (Backup) concluída pelo utilizador 'admin'.
2026-07-03 17:38:04 [CRITICAL] MÓDULO BASE_DADOS: Query executada com sucesso pelo utilizador 'mauri'.
2026-07-03 17:38:49 [ERROR] MÓDULO SENSORES: Porta Principal aberta.
2026-07-03 17:39:32 [CRITICAL] MÓDULO SENSORES: Movimento detetado no Corredor B.
2026-07-03 17:41:01 [ERROR] MÓDULO AUTENTICACAO: Falha na palavra-passe pelo utilizador 'admin'.
2026-07-03 17:41:36 [INFO] MÓDULO BASE_DADOS: Query executada com sucesso pelo utilizador 'ana_silva'.
2026-07-03 17:42:47 [ERROR] MÓDULO BASE_DADOS: Timeout na ligação pelo utilizador 'admin'.
2026-07-03 17:43:40 [WARNING] MÓDULO AUTENTICACAO: Falha na palavra-passe pelo utilizador 'api_gateway'.
2026-07-03 17:45:08 [ERROR] MÓDULO CAMARAS: Gravação iniciada por movimento na Câmara_01.
2026-07-03 17:46:26 [CRITICAL] MÓDULO AUTENTICACAO: Falha na palavra-passe pelo utilizador 'api_gateway'.
2026-07-03 17:47:42 [INFO] MÓDULO SENSORES: Temperatura da Sala de Servidores acima do normal.
2026-07-03 17:48:40 [INFO] MÓDULO CAMARAS: Gravação iniciada por movimento na Câmara_01.
2026-07-03 17:49:53 [CRITICAL] MÓDULO SENSORES: Sensor de fumos ativo.
2026-07-03 17:50:30 [CRITICAL] MÓDULO AUTENTICACAO: Sessão expirada pelo utilizador 'gestor_seguranca'.
2026-07-03 17:51:07 [CRITICAL] MÓDULO CAMARAS: Gravação iniciada por movimento na Câmara_01.
2026-07-03 17:52:33 [INFO] MÓDULO BASE_DADOS: Cópia de segurança (Backup) concluída pelo utilizador 'convidado_01'.
2026-07-03 17:53:30 [INFO] MÓDULO CAMARAS: Gravação iniciada por movimento na Câmara_01.
2026-07-03 17:54:09 [INFO] MÓDULO SENSORES: Movimento detetado no Corredor B.
2026-07-03 17:54:39 [WARNING] MÓDULO BASE_DADOS: Timeout na ligação pelo utilizador 'admin'.
2026-07-03 17:55:17 [ERROR] MÓDULO BASE_DADOS: Erro de integridade referencial pelo utilizador 'gestor_seguranca'.
2026-07-03 17:56:33 [ERROR] MÓDULO CAMARAS: Falha de armazenamento no DVR_02.
2026-07-03 17:57:47 [ERROR] MÓDULO BASE_DADOS: Cópia de segurança (Backup) concluída pelo utilizador 'nuno_gomes'.
2026-07-03 17:58:44 [CRITICAL] MÓDULO BASE_DADOS: Query executada com sucesso pelo utilizador 'api_gateway'.
2026-07-03 17:59:42 [ERROR] MÓDULO CAMARAS: Perda de sinal de vídeo na Câmara_04.
2026-07-03 18:00:44 [INFO] MÓDULO SENSORES: Temperatura da Sala de Servidores acima do normal.
2026-07-03 18:01:26 [ERROR] MÓDULO CAMARAS: Gravação iniciada por movimento na Câmara_01.
2026-07-03 18:01:57 [CRITICAL] MÓDULO SENSORES: Temperatura da Sala de Servidores acima do normal.
2026-07-03 18:03:09 [WARNING] MÓDULO CAMARAS: Falha de armazenamento no DVR_02.
2026-07-03 18:04:15 [ERROR] MÓDULO CAMARAS: Perda de sinal de vídeo na Câmara_04.
2026-07-03 18:05:02 [CRITICAL] MÓDULO AUTENTICACAO: Login efetuado com sucesso pelo utilizador 'convidado_01'.
2026-07-03 18:06:21 [INFO] MÓDULO AUTENTICACAO: Login efetuado com sucesso pelo utilizador 'gestor_seguranca'.
2026-07-03 18:07:40 [INFO] MÓDULO BASE_DADOS: Erro de integridade referencial pelo utilizador 'mauri'.
2026-07-03 18:08:39 [INFO] MÓDULO AUTENTICACAO: Falha na palavra-passe pelo utilizador 'ana_silva'.
2026-07-03 18:10:08 [INFO] MÓDULO AUTENTICACAO: Sessão expirada pelo utilizador 'nuno_gomes'.
2026-07-03 18:11:11 [INFO] MÓDULO AUTENTICACAO: Sessão expirada pelo utilizador 'admin'.
2026-07-03 18:12:34 [INFO] MÓDULO BASE_DADOS: Cópia de segurança (Backup) concluída pelo utilizador 'convidado_01'.
2026-07-03 18:13:39 [INFO] MÓDULO CAMARAS: Falha de armazenamento no DVR_02.
2026-07-03 18:14:52 [CRITICAL] MÓDULO SENSORES: Temperatura da Sala de Servidores acima do normal.
2026-07-03 18:15:58 [CRITICAL] MÓDULO AUTENTICACAO: Tentativa de brute-force bloqueada pelo utilizador 'admin'.
2026-07-03 18:17:28 [WARNING] MÓDULO BASE_DADOS: Cópia de segurança (Backup) concluída pelo utilizador 'ana_silva'.
2026-07-03 18:18:04 [INFO] MÓDULO BASE_DADOS: Timeout na ligação pelo utilizador 'convidado_01'.
2026-07-03 18:18:51 [INFO] MÓDULO BASE_DADOS: Timeout na ligação pelo utilizador 'gestor_seguranca'.
2026-07-03 18:19:33 [INFO] MÓDULO SENSORES: Movimento detetado no Corredor B.
2026-07-03 18:20:31 [CRITICAL] MÓDULO SENSORES: Temperatura da Sala de Servidores acima do normal.
2026-07-03 18:21:43 [ERROR] MÓDULO SENSORES: Movimento detetado no Corredor B.
2026-07-03 18:22:52 [CRITICAL] MÓDULO SENSORES: Porta Principal aberta.
2026-07-03 18:24:01 [INFO] MÓDULO SENSORES: Sensor de fumos ativo.
2026-07-03 18:24:40 [ERROR] MÓDULO BASE_DADOS: Timeout na ligação pelo utilizador 'ana_silva'.
2026-07-03 18:25:53 [INFO] MÓDULO BASE_DADOS: Cópia de segurança (Backup) concluída pelo utilizador 'mauri'.
2026-07-03 18:26:56 [WARNING] MÓDULO SENSORES: Porta Principal aberta.
2026-07-03 18:28:18 [INFO] MÓDULO BASE_DADOS: Query executada com sucesso pelo utilizador 'mauri'.
2026-07-03 18:29:10 [INFO] MÓDULO AUTENTICACAO: Login efetuado com sucesso pelo utilizador 'ana_silva'.
2026-07-03 18:29:42 [ERROR] MÓDULO CAMARAS: Gravação iniciada por movimento na Câmara_01.
2026-07-03 18:30:38 [ERROR] MÓDULO BASE_DADOS: Timeout na ligação pelo utilizador 'mauri'.
2026-07-03 18:32:05 [ERROR] MÓDULO SENSORES: Porta Principal aberta.
2026-07-03 18:33:30 [INFO] MÓDULO AUTENTICACAO: Sessão expirada pelo utilizador 'ana_silva'.
2026-07-03 18:34:27 [WARNING] MÓDULO SENSORES: Porta Principal aberta.
2026-07-03 18:35:13 [ERROR] MÓDULO AUTENTICACAO: Sessão expirada pelo utilizador 'admin'.
2026-07-03 18:36:43 [WARNING] MÓDULO BASE_DADOS: Query executada com sucesso pelo utilizador 'ana_silva'.
2026-07-03 18:37:33 [INFO] MÓDULO BASE_DADOS: Erro de integridade referencial pelo utilizador 'admin'.
2026-07-03 18:38:43 [ERROR] MÓDULO AUTENTICACAO: Falha na palavra-passe pelo utilizador 'ana_silva'.
2026-07-03 18:39:16 [INFO] MÓDULO BASE_DADOS: Cópia de segurança (Backup) concluída pelo utilizador 'nuno_gomes'.
2026-07-03 18:40:41 [WARNING] MÓDULO CAMARAS: Perda de sinal de vídeo na Câmara_04.
2026-07-03 18:41:42 [ERROR] MÓDULO AUTENTICACAO: Sessão expirada pelo utilizador 'ana_silva'.
2026-07-03 18:42:13 [ERROR] MÓDULO CAMARAS: Gravação iniciada por movimento na Câmara_01.
2026-07-03 18:43:27 [INFO] MÓDULO BASE_DADOS: Cópia de segurança (Backup) concluída pelo utilizador 'api_gateway'.
2026-07-03 18:44:18 [ERROR] MÓDULO BASE_DADOS: Cópia de segurança (Backup) concluída pelo utilizador 'admin'.
2026-07-03 18:45:04 [INFO] MÓDULO AUTENTICACAO: Falha na palavra-passe pelo utilizador 'api_gateway'.
2026-07-03 18:46:24 [CRITICAL] MÓDULO CAMARAS: Perda de sinal de vídeo na Câmara_04.
2026-07-03 18:47:48 [INFO] MÓDULO CAMARAS: Gravação iniciada por movimento na Câmara_01.
2026-07-03 18:48:34 [CRITICAL] MÓDULO SENSORES: Porta Principal aberta.
2026-07-03 18:49:21 [CRITICAL] MÓDULO CAMARAS: Gravação iniciada por movimento na Câmara_01.
2026-07-03 18:50:38 [CRITICAL] MÓDULO CAMARAS: Gravação iniciada por movimento na Câmara_01.
2026-07-03 18:52:06 [WARNING] MÓDULO AUTENTICACAO: Login efetuado com sucesso pelo utilizador 'nuno_gomes'.
2026-07-03 18:52:53 [INFO] MÓDULO BASE_DADOS: Query executada com sucesso pelo utilizador 'mauri'.
2026-07-03 18:53:50 [INFO] MÓDULO BASE_DADOS: Timeout na ligação pelo utilizador 'admin'.
2026-07-03 18:55:14 [INFO] MÓDULO CAMARAS: Falha de armazenamento no DVR_02.
2026-07-03 18:56:06 [CRITICAL] MÓDULO AUTENTICACAO: Sessão expirada pelo utilizador 'convidado_01'.
2026-07-03 18:57:13 [INFO] MÓDULO SENSORES: Porta Principal aberta.
2026-07-03 18:58:30 [INFO] MÓDULO AUTENTICACAO: Sessão expirada pelo utilizador 'convidado_01'.
2026-07-03 18:59:42 [WARNING] MÓDULO BASE_DADOS: Erro de integridade referencial pelo utilizador 'ana_silva'.
2026-07-03 19:01:10 [CRITICAL] MÓDULO CAMARAS: Falha de armazenamento no DVR_02.
2026-07-03 19:02:17 [INFO] MÓDULO SENSORES: Porta Principal aberta.
2026-07-03 19:03:10 [WARNING] MÓDULO AUTENTICACAO: Tentativa de brute-force bloqueada pelo utilizador 'nuno_gomes'.
2026-07-03 19:04:00 [INFO] MÓDULO SENSORES: Temperatura da Sala de Servidores acima do normal.
2026-07-03 19:05:12 [ERROR] MÓDULO SENSORES: Sensor de fumos ativo.
2026-07-03 19:06:15 [WARNING] MÓDULO BASE_DADOS: Erro de integridade referencial pelo utilizador 'mauri'.
2026-07-03 19:07:19 [INFO] MÓDULO SENSORES: Movimento detetado no Corredor B.
2026-07-03 19:08:21 [CRITICAL] MÓDULO AUTENTICACAO: Sessão expirada pelo utilizador 'gestor_seguranca'.
2026-07-03 19:09:46 [CRITICAL] MÓDULO AUTENTICACAO: Login efetuado com sucesso pelo utilizador 'admin'.
2026-07-03 19:10:18 [INFO] MÓDULO SENSORES: Sensor de fumos ativo.
2026-07-03 19:11:47 [ERROR] MÓDULO SENSORES: Temperatura da Sala de Servidores acima do normal.
2026-07-03 19:13:09 [INFO] MÓDULO BASE_DADOS: Query executada com sucesso pelo utilizador 'mauri'.
2026-07-03 19:14:11 [CRITICAL] MÓDULO BASE_DADOS: Timeout na ligação pelo utilizador 'admin'.
2026-07-03 19:14:56 [CRITICAL] MÓDULO CAMARAS: Perda de sinal de vídeo na Câmara_04.
2026-07-03 19:15:59 [WARNING] MÓDULO SENSORES: Movimento detetado no Corredor B.
2026-07-03 19:16:44 [ERROR] MÓDULO AUTENTICACAO: Login efetuado com sucesso pelo utilizador 'nuno_gomes'.
2026-07-03 19:17:38 [INFO] MÓDULO SENSORES: Sensor de fumos ativo.
2026-07-03 19:18:48 [ERROR] MÓDULO AUTENTICACAO: Sessão expirada pelo utilizador 'admin'.
2026-07-03 19:20:00 [INFO] MÓDULO AUTENTICACAO: Falha na palavra-passe pelo utilizador 'gestor_seguranca'.
2026-07-03 19:20:43 [CRITICAL] MÓDULO SENSORES: Sensor de fumos ativo.
2026-07-03 19:22:13 [WARNING] MÓDULO BASE_DADOS: Erro de integridade referencial pelo utilizador 'mauri'.
2026-07-03 19:23:03 [INFO] MÓDULO CAMARAS: Gravação iniciada por movimento na Câmara_01.
2026-07-03 19:23:38 [CRITICAL] MÓDULO BASE_DADOS: Query executada com sucesso pelo utilizador 'api_gateway'.
2026-07-03 19:24:24 [ERROR] MÓDULO AUTENTICACAO: Login efetuado com sucesso pelo utilizador 'admin'.
2026-07-03 19:25:16 [INFO] MÓDULO CAMARAS: Perda de sinal de vídeo na Câmara_04.
2026-07-03 19:26:15 [ERROR] MÓDULO BASE_DADOS: Query executada com sucesso pelo utilizador 'convidado_01'.
2026-07-03 19:27:02 [INFO] MÓDULO AUTENTICACAO: Login efetuado com sucesso pelo utilizador 'ana_silva'.
2026-07-03 19:27:55 [INFO] MÓDULO AUTENTICACAO: Tentativa de brute-force bloqueada pelo utilizador 'admin'.
2026-07-03 19:28:32 [INFO] MÓDULO AUTENTICACAO: Tentativa de brute-force bloqueada pelo utilizador 'ana_silva'.
2026-07-03 19:29:08 [WARNING] MÓDULO SENSORES: Porta Principal aberta.
2026-07-03 19:30:17 [WARNING] MÓDULO SENSORES: Movimento detetado no Corredor B.
2026-07-03 19:31:35 [INFO] MÓDULO BASE_DADOS: Erro de integridade referencial pelo utilizador 'ana_silva'.
2026-07-03 19:32:44 [CRITICAL] MÓDULO AUTENTICACAO: Falha na palavra-passe pelo utilizador 'admin'.
2026-07-03 19:34:07 [INFO] MÓDULO SENSORES: Temperatura da Sala de Servidores acima do normal.
2026-07-03 19:35:20 [CRITICAL] MÓDULO BASE_DADOS: Timeout na ligação pelo utilizador 'nuno_gomes'.
2026-07-03 19:36:29 [CRITICAL] MÓDULO BASE_DADOS: Erro de integridade referencial pelo utilizador 'ana_silva'.
2026-07-03 19:37:12 [CRITICAL] MÓDULO SENSORES: Temperatura da Sala de Servidores acima do normal.
2026-07-03 19:37:59 [INFO] MÓDULO SENSORES: Movimento detetado no Corredor B.
2026-07-03 19:38:38 [ERROR] MÓDULO BASE_DADOS: Query executada com sucesso pelo utilizador 'convidado_01'.
2026-07-03 19:39:32 [ERROR] MÓDULO SENSORES: Movimento detetado no Corredor B.
2026-07-03 19:40:15 [CRITICAL] MÓDULO BASE_DADOS: Query executada com sucesso pelo utilizador 'nuno_gomes'.
2026-07-03 19:41:35 [CRITICAL] MÓDULO CAMARAS: Falha de armazenamento no DVR_02.
2026-07-03 19:42:31 [INFO] MÓDULO BASE_DADOS: Query executada com sucesso pelo utilizador 'ana_silva'.
2026-07-03 19:43:09 [INFO] MÓDULO AUTENTICACAO: Falha na palavra-passe pelo utilizador 'gestor_seguranca'.
2026-07-03 19:44:21 [WARNING] MÓDULO BASE_DADOS: Query executada com sucesso pelo utilizador 'ana_silva'.
2026-07-03 19:45:25 [INFO] MÓDULO BASE_DADOS: Timeout na ligação pelo utilizador 'api_gateway'.
2026-07-03 19:46:14 [ERROR] MÓDULO BASE_DADOS: Erro de integridade referencial pelo utilizador 'api_gateway'.
2026-07-03 19:47:27 [ERROR] MÓDULO AUTENTICACAO: Falha na palavra-passe pelo utilizador 'gestor_seguranca'.
2026-07-03 19:48:20 [CRITICAL] MÓDULO SENSORES: Sensor de fumos ativo.
2026-07-03 19:49:44 [CRITICAL] MÓDULO BASE_DADOS: Query executada com sucesso pelo utilizador 'ana_silva'.
2026-07-03 19:51:00 [CRITICAL] MÓDULO BASE_DADOS: Erro de integridade referencial pelo utilizador 'convidado_01'.
2026-07-03 19:51:32 [INFO] MÓDULO AUTENTICACAO: Sessão expirada pelo utilizador 'admin'.
2026-07-03 19:52:17 [CRITICAL] MÓDULO SENSORES: Sensor de fumos ativo.
2026-07-03 19:53:01 [INFO] MÓDULO SENSORES: Temperatura da Sala de Servidores acima do normal.
2026-07-03 19:53:54 [ERROR] MÓDULO CAMARAS: Perda de sinal de vídeo na Câmara_04.
2026-07-03 19:54:41 [ERROR] MÓDULO BASE_DADOS: Timeout na ligação pelo utilizador 'gestor_seguranca'.
2026-07-03 19:56:03 [INFO] MÓDULO SENSORES: Sensor de fumos ativo.
2026-07-03 19:57:24 [ERROR] MÓDULO BASE_DADOS: Cópia de segurança (Backup) concluída pelo utilizador 'ana_silva'.
2026-07-03 19:58:47 [CRITICAL] MÓDULO SENSORES: Movimento detetado no Corredor B.
2026-07-03 19:59:24 [CRITICAL] MÓDULO AUTENTICACAO: Tentativa de brute-force bloqueada pelo utilizador 'convidado_01'.
2026-07-03 19:59:54 [INFO] MÓDULO CAMARAS: Falha de armazenamento no DVR_02.
2026-07-03 20:00:24 [WARNING] MÓDULO SENSORES: Porta Principal aberta.
2026-07-03 20:01:25 [CRITICAL] MÓDULO SENSORES: Sensor de fumos ativo.
2026-07-03 20:02:11 [INFO] MÓDULO AUTENTICACAO: Login efetuado com sucesso pelo utilizador 'admin'.
2026-07-03 20:03:38 [INFO] MÓDULO CAMARAS: Falha de armazenamento no DVR_02.
2026-07-03 20:04:14 [WARNING] MÓDULO CAMARAS: Perda de sinal de vídeo na Câmara_04.
2026-07-03 20:04:46 [ERROR] MÓDULO SENSORES: Porta Principal aberta.
2026-07-03 20:05:17 [INFO] MÓDULO BASE_DADOS: Query executada com sucesso pelo utilizador 'mauri'.
2026-07-03 20:06:38 [INFO] MÓDULO AUTENTICACAO: Sessão expirada pelo utilizador 'ana_silva'.
2026-07-03 20:07:36 [ERROR] MÓDULO BASE_DADOS: Cópia de segurança (Backup) concluída pelo utilizador 'nuno_gomes'.
2026-07-03 20:08:57 [ERROR] MÓDULO AUTENTICACAO: Tentativa de brute-force bloqueada pelo utilizador 'gestor_seguranca'.
2026-07-03 20:10:24 [WARNING] MÓDULO BASE_DADOS: Query executada com sucesso pelo utilizador 'admin'.
2026-07-03 20:11:02 [INFO] MÓDULO BASE_DADOS: Query executada com sucesso pelo utilizador 'admin'.
2026-07-03 20:11:56 [INFO] MÓDULO CAMARAS: Perda de sinal de vídeo na Câmara_04.
2026-07-03 20:12:27 [CRITICAL] MÓDULO BASE_DADOS: Timeout na ligação pelo utilizador 'admin'.
2026-07-03 20:13:51 [INFO] MÓDULO SENSORES: Movimento detetado no Corredor B.
2026-07-03 20:14:59 [CRITICAL] MÓDULO CAMARAS: Perda de sinal de vídeo na Câmara_04.
2026-07-03 20:16:05 [INFO] MÓDULO CAMARAS: Gravação iniciada por movimento na Câmara_01.
2026-07-03 20:17:01 [INFO] MÓDULO SENSORES: Temperatura da Sala de Servidores acima do normal.
2026-07-03 20:18:08 [CRITICAL] MÓDULO BASE_DADOS: Query executada com sucesso pelo utilizador 'gestor_seguranca'.
2026-07-03 20:19:27 [WARNING] MÓDULO AUTENTICACAO: Login efetuado com sucesso pelo utilizador 'api_gateway'.
2026-07-03 20:20:07 [INFO] MÓDULO SENSORES: Sensor de fumos ativo.
2026-07-03 20:20:41 [INFO] MÓDULO AUTENTICACAO: Tentativa de brute-force bloqueada pelo utilizador 'ana_silva'.
2026-07-03 20:21:55 [ERROR] MÓDULO SENSORES: Temperatura da Sala de Servidores acima do normal.
2026-07-03 20:22:25 [CRITICAL] MÓDULO SENSORES: Movimento detetado no Corredor B.
2026-07-03 20:23:42 [ERROR] MÓDULO CAMARAS: Falha de armazenamento no DVR_02.
2026-07-03 20:24:38 [ERROR] MÓDULO SENSORES: Movimento detetado no Corredor B.
2026-07-03 20:26:02 [INFO] MÓDULO CAMARAS: Perda de sinal de vídeo na Câmara_04.
2026-07-03 20:27:07 [CRITICAL] MÓDULO CAMARAS: Gravação iniciada por movimento na Câmara_01.
2026-07-03 20:28:22 [ERROR] MÓDULO SENSORES: Movimento detetado no Corredor B.
2026-07-03 20:29:21 [WARNING] MÓDULO CAMARAS: Gravação iniciada por movimento na Câmara_01.
2026-07-03 20:30:03 [INFO] MÓDULO SENSORES: Movimento detetado no Corredor B.
2026-07-03 20:31:27 [INFO] MÓDULO CAMARAS: Gravação iniciada por movimento na Câmara_01.
2026-07-03 20:32:55 [INFO] MÓDULO BASE_DADOS: Erro de integridade referencial pelo utilizador 'admin'.
2026-07-03 20:33:47 [ERROR] MÓDULO BASE_DADOS: Query executada com sucesso pelo utilizador 'nuno_gomes'.
2026-07-03 20:34:52 [WARNING] MÓDULO CAMARAS: Falha de armazenamento no DVR_02.
2026-07-03 20:36:21 [WARNING] MÓDULO AUTENTICACAO: Login efetuado com sucesso pelo utilizador 'nuno_gomes'.
2026-07-03 20:37:05 [CRITICAL] MÓDULO BASE_DADOS: Erro de integridade referencial pelo utilizador 'api_gateway'.
2026-07-03 20:38:05 [ERROR] MÓDULO AUTENTICACAO: Sessão expirada pelo utilizador 'mauri'.
2026-07-03 20:39:32 [CRITICAL] MÓDULO CAMARAS: Perda de sinal de vídeo na Câmara_04.
2026-07-03 20:40:08 [WARNING] MÓDULO AUTENTICACAO: Login efetuado com sucesso pelo utilizador 'gestor_seguranca'.
2026-07-03 20:41:17 [INFO] MÓDULO CAMARAS: Gravação iniciada por movimento na Câmara_01.
2026-07-03 20:42:45 [INFO] MÓDULO SENSORES: Porta Principal aberta.
2026-07-03 20:43:47 [INFO] MÓDULO BASE_DADOS: Cópia de segurança (Backup) concluída pelo utilizador 'nuno_gomes'.
2026-07-03 20:44:44 [INFO] MÓDULO CAMARAS: Gravação iniciada por movimento na Câmara_01.
2026-07-03 20:45:55 [INFO] MÓDULO CAMARAS: Perda de sinal de vídeo na Câmara_04.
2026-07-03 20:47:18 [INFO] MÓDULO BASE_DADOS: Erro de integridade referencial pelo utilizador 'mauri'.
2026-07-03 20:48:40 [WARNING] MÓDULO CAMARAS: Falha de armazenamento no DVR_02.
2026-07-03 20:49:52 [WARNING] MÓDULO SENSORES: Porta Principal aberta.
2026-07-03 20:51:15 [CRITICAL] MÓDULO AUTENTICACAO: Falha na palavra-passe pelo utilizador 'convidado_01'.
2026-07-03 20:52:01 [WARNING] MÓDULO BASE_DADOS: Cópia de segurança (Backup) concluída pelo utilizador 'gestor_seguranca'.
2026-07-03 20:52:56 [WARNING] MÓDULO AUTENTICACAO: Falha na palavra-passe pelo utilizador 'api_gateway'.
2026-07-03 20:53:57 [CRITICAL] MÓDULO BASE_DADOS: Timeout na ligação pelo utilizador 'admin'.
2026-07-03 20:55:16 [CRITICAL] MÓDULO BASE_DADOS: Timeout na ligação pelo utilizador 'gestor_seguranca'.
2026-07-03 20:56:00 [INFO] MÓDULO CAMARAS: Falha de armazenamento no DVR_02.
2026-07-03 20:57:01 [CRITICAL] MÓDULO CAMARAS: Perda de sinal de vídeo na Câmara_04.
2026-07-03 20:57:45 [CRITICAL] MÓDULO BASE_DADOS: Timeout na ligação pelo utilizador 'mauri'.
2026-07-03 20:58:22 [ERROR] MÓDULO AUTENTICACAO: Sessão expirada pelo utilizador 'convidado_01'.
2026-07-03 20:59:44 [CRITICAL] MÓDULO BASE_DADOS: Cópia de segurança (Backup) concluída pelo utilizador 'api_gateway'.
2026-07-03 21:01:07 [INFO] MÓDULO CAMARAS: Falha de armazenamento no DVR_02.
2026-07-03 21:02:00 [INFO] MÓDULO BASE_DADOS: Erro de integridade referencial pelo utilizador 'nuno_gomes'.
2026-07-03 21:02:30 [WARNING] MÓDULO AUTENTICACAO: Sessão expirada pelo utilizador 'ana_silva'.
2026-07-03 21:03:38 [WARNING] MÓDULO SENSORES: Movimento detetado no Corredor B.
2026-07-03 21:04:58 [WARNING] MÓDULO AUTENTICACAO: Falha na palavra-passe pelo utilizador 'convidado_01'.
2026-07-03 21:06:02 [ERROR] MÓDULO SENSORES: Sensor de fumos ativo.
2026-07-03 21:06:50 [CRITICAL] MÓDULO AUTENTICACAO: Login efetuado com sucesso pelo utilizador 'gestor_seguranca'.
2026-07-03 21:08:19 [WARNING] MÓDULO AUTENTICACAO: Falha na palavra-passe pelo utilizador 'ana_silva'.
2026-07-03 21:09:40 [CRITICAL] MÓDULO AUTENTICACAO: Login efetuado com sucesso pelo utilizador 'gestor_seguranca'.
2026-07-03 21:10:58 [INFO] MÓDULO AUTENTICACAO: Login efetuado com sucesso pelo utilizador 'ana_silva'.
2026-07-03 21:11:43 [CRITICAL] MÓDULO SENSORES: Sensor de fumos ativo.
2026-07-03 21:13:01 [ERROR] MÓDULO SENSORES: Porta Principal aberta.
2026-07-03 21:14:21 [INFO] MÓDULO AUTENTICACAO: Login efetuado com sucesso pelo utilizador 'gestor_seguranca'.
2026-07-03 21:14:53 [INFO] MÓDULO CAMARAS: Falha de armazenamento no DVR_02.
2026-07-03 21:15:35 [INFO] MÓDULO CAMARAS: Perda de sinal de vídeo na Câmara_04.
2026-07-03 21:16:28 [INFO] MÓDULO CAMARAS: Falha de armazenamento no DVR_02.
2026-07-03 21:17:42 [ERROR] MÓDULO SENSORES: Temperatura da Sala de Servidores acima do normal.
2026-07-03 21:18:50 [INFO] MÓDULO BASE_DADOS: Cópia de segurança (Backup) concluída pelo utilizador 'mauri'.
2026-07-03 21:19:29 [INFO] MÓDULO SENSORES: Porta Principal aberta.
2026-07-03 21:20:04 [CRITICAL] MÓDULO BASE_DADOS: Timeout na ligação pelo utilizador 'admin'.
2026-07-03 21:21:24 [CRITICAL] MÓDULO CAMARAS: Falha de armazenamento no DVR_02.
2026-07-03 21:22:16 [ERROR] MÓDULO BASE_DADOS: Timeout na ligação pelo utilizador 'ana_silva'.
2026-07-03 21:23:29 [CRITICAL] MÓDULO BASE_DADOS: Query executada com sucesso pelo utilizador 'gestor_seguranca'.
2026-07-03 21:24:48 [CRITICAL] MÓDULO BASE_DADOS: Query executada com sucesso pelo utilizador 'api_gateway'.
2026-07-03 21:26:01 [CRITICAL] MÓDULO SENSORES: Movimento detetado no Corredor B.
2026-07-03 21:26:48 [INFO] MÓDULO AUTENTICACAO: Login efetuado com sucesso pelo utilizador 'nuno_gomes'.
2026-07-03 21:28:09 [ERROR] MÓDULO BASE_DADOS: Cópia de segurança (Backup) concluída pelo utilizador 'mauri'.
2026-07-03 21:29:08 [CRITICAL] MÓDULO AUTENTICACAO: Login efetuado com sucesso pelo utilizador 'nuno_gomes'.
2026-07-03 21:30:29 [CRITICAL] MÓDULO AUTENTICACAO: Tentativa de brute-force bloqueada pelo utilizador 'admin'.
2026-07-03 21:31:13 [CRITICAL] MÓDULO CAMARAS: Perda de sinal de vídeo na Câmara_04.
2026-07-03 21:32:20 [INFO] MÓDULO AUTENTICACAO: Falha na palavra-passe pelo utilizador 'gestor_seguranca'.
2026-07-03 21:33:13 [INFO] MÓDULO SENSORES: Sensor de fumos ativo.
2026-07-03 21:34:22 [CRITICAL] MÓDULO SENSORES: Sensor de fumos ativo.
2026-07-03 21:35:28 [INFO] MÓDULO AUTENTICACAO: Tentativa de brute-force bloqueada pelo utilizador 'gestor_seguranca'.
2026-07-03 21:36:00 [CRITICAL] MÓDULO AUTENTICACAO: Tentativa de brute-force bloqueada pelo utilizador 'api_gateway'.
2026-07-03 21:37:29 [CRITICAL] MÓDULO BASE_DADOS: Timeout na ligação pelo utilizador 'mauri'.
2026-07-03 21:38:35 [INFO] MÓDULO AUTENTICACAO: Falha na palavra-passe pelo utilizador 'mauri'.
2026-07-03 21:39:45 [INFO] MÓDULO AUTENTICACAO: Sessão expirada pelo utilizador 'mauri'.
2026-07-03 21:41:02 [INFO] MÓDULO CAMARAS: Falha de armazenamento no DVR_02.
2026-07-03 21:42:15 [WARNING] MÓDULO AUTENTICACAO: Login efetuado com sucesso pelo utilizador 'admin'.
2026-07-03 21:43:03 [INFO] MÓDULO CAMARAS: Gravação iniciada por movimento na Câmara_01.
2026-07-03 21:44:00 [INFO] MÓDULO CAMARAS: Gravação iniciada por movimento na Câmara_01.
2026-07-03 21:45:00 [INFO] MÓDULO SENSORES: Movimento detetado no Corredor B.
2026-07-03 21:45:41 [INFO] MÓDULO CAMARAS: Falha de armazenamento no DVR_02.
2026-07-03 21:46:15 [WARNING] MÓDULO CAMARAS: Perda de sinal de vídeo na Câmara_04.
2026-07-03 21:47:02 [WARNING] MÓDULO BASE_DADOS: Query executada com sucesso pelo utilizador 'api_gateway'.
2026-07-03 21:48:32 [WARNING] MÓDULO CAMARAS: Gravação iniciada por movimento na Câmara_01.
2026-07-03 21:49:53 [INFO] MÓDULO CAMARAS: Gravação iniciada por movimento na Câmara_01.
2026-07-03 21:50:52 [ERROR] MÓDULO BASE_DADOS: Timeout na ligação pelo utilizador 'ana_silva'.
2026-07-03 21:52:18 [WARNING] MÓDULO SENSORES: Movimento detetado no Corredor B.
2026-07-03 21:52:48 [INFO] MÓDULO SENSORES: Movimento detetado no Corredor B.
2026-07-03 21:53:20 [INFO] MÓDULO SENSORES: Porta Principal aberta.
2026-07-03 21:53:52 [INFO] MÓDULO SENSORES: Porta Principal aberta.
2026-07-03 21:54:46 [WARNING] MÓDULO BASE_DADOS: Cópia de segurança (Backup) concluída pelo utilizador 'gestor_seguranca'.
2026-07-03 21:55:30 [INFO] MÓDULO SENSORES: Temperatura da Sala de Servidores acima do normal.
2026-07-03 21:56:00 [ERROR] MÓDULO BASE_DADOS: Query executada com sucesso pelo utilizador 'api_gateway'.
2026-07-03 21:56:36 [WARNING] MÓDULO BASE_DADOS: Query executada com sucesso pelo utilizador 'mauri'.
2026-07-03 21:57:11 [CRITICAL] MÓDULO AUTENTICACAO: Tentativa de brute-force bloqueada pelo utilizador 'admin'.
2026-07-03 21:58:21 [WARNING] MÓDULO CAMARAS: Perda de sinal de vídeo na Câmara_04.
2026-07-03 21:59:32 [WARNING] MÓDULO CAMARAS: Perda de sinal de vídeo na Câmara_04.
2026-07-03 22:00:03 [INFO] MÓDULO AUTENTICACAO: Login efetuado com sucesso pelo utilizador 'admin'.
2026-07-03 22:00:40 [WARNING] MÓDULO SENSORES: Porta Principal aberta.
2026-07-03 22:01:46 [WARNING] MÓDULO CAMARAS: Falha de armazenamento no DVR_02.
2026-07-03 22:02:51 [WARNING] MÓDULO BASE_DADOS: Cópia de segurança (Backup) concluída pelo utilizador 'admin'.
2026-07-03 22:03:35 [ERROR] MÓDULO SENSORES: Porta Principal aberta.
2026-07-03 22:04:35 [ERROR] MÓDULO SENSORES: Sensor de fumos ativo.
2026-07-03 22:05:08 [ERROR] MÓDULO BASE_DADOS: Timeout na ligação pelo utilizador 'gestor_seguranca'.
2026-07-03 22:06:26 [ERROR] MÓDULO BASE_DADOS: Query executada com sucesso pelo utilizador 'nuno_gomes'.
2026-07-03 22:07:16 [CRITICAL] MÓDULO AUTENTICACAO: Tentativa de brute-force bloqueada pelo utilizador 'api_gateway'.
2026-07-03 22:08:02 [CRITICAL] MÓDULO CAMARAS: Falha de armazenamento no DVR_02.
2026-07-03 22:08:52 [CRITICAL] MÓDULO AUTENTICACAO: Login efetuado com sucesso pelo utilizador 'convidado_01'.
2026-07-03 22:10:00 [INFO] MÓDULO AUTENTICACAO: Sessão expirada pelo utilizador 'convidado_01'.
2026-07-03 22:11:12 [ERROR] MÓDULO SENSORES: Sensor de fumos ativo.
2026-07-03 22:12:06 [INFO] MÓDULO CAMARAS: Falha de armazenamento no DVR_02.
2026-07-03 22:12:47 [CRITICAL] MÓDULO CAMARAS: Perda de sinal de vídeo na Câmara_04.
2026-07-03 22:13:32 [INFO] MÓDULO AUTENTICACAO: Login efetuado com sucesso pelo utilizador 'nuno_gomes'.
2026-07-03 22:14:31 [WARNING] MÓDULO BASE_DADOS: Query executada com sucesso pelo utilizador 'nuno_gomes'.
2026-07-03 22:15:30 [INFO] MÓDULO AUTENTICACAO: Tentativa de brute-force bloqueada pelo utilizador 'admin'.
2026-07-03 22:16:25 [ERROR] MÓDULO AUTENTICACAO: Tentativa de brute-force bloqueada pelo utilizador 'gestor_seguranca'.
2026-07-03 22:17:30 [CRITICAL] MÓDULO CAMARAS: Gravação iniciada por movimento na Câmara_01.
2026-07-03 22:18:04 [ERROR] MÓDULO CAMARAS: Perda de sinal de vídeo na Câmara_04.
2026-07-03 22:18:48 [WARNING] MÓDULO SENSORES: Porta Principal aberta.
2026-07-03 22:19:30 [INFO] MÓDULO CAMARAS: Falha de armazenamento no DVR_02.
2026-07-03 22:20:38 [INFO] MÓDULO CAMARAS: Gravação iniciada por movimento na Câmara_01.
2026-07-03 22:21:25 [WARNING] MÓDULO AUTENTICACAO: Sessão expirada pelo utilizador 'nuno_gomes'.
2026-07-03 22:22:03 [INFO] MÓDULO BASE_DADOS: Cópia de segurança (Backup) concluída pelo utilizador 'ana_silva'.
2026-07-03 22:23:14 [ERROR] MÓDULO CAMARAS: Falha de armazenamento no DVR_02.
2026-07-03 22:23:57 [INFO] MÓDULO AUTENTICACAO: Tentativa de brute-force bloqueada pelo utilizador 'admin'.
2026-07-03 22:24:46 [INFO] MÓDULO AUTENTICACAO: Tentativa de brute-force bloqueada pelo utilizador 'ana_silva'.
2026-07-03 22:25:53 [CRITICAL] MÓDULO CAMARAS: Perda de sinal de vídeo na Câmara_04.
2026-07-03 22:27:02 [INFO] MÓDULO CAMARAS: Gravação iniciada por movimento na Câmara_01.
2026-07-03 22:28:21 [INFO] MÓDULO BASE_DADOS: Erro de integridade referencial pelo utilizador 'api_gateway'.
2026-07-03 22:29:35 [ERROR] MÓDULO CAMARAS: Falha de armazenamento no DVR_02.
2026-07-03 22:30:27 [INFO] MÓDULO BASE_DADOS: Erro de integridade referencial pelo utilizador 'ana_silva'.
2026-07-03 22:30:59 [ERROR] MÓDULO CAMARAS: Falha de armazenamento no DVR_02.
2026-07-03 22:31:41 [CRITICAL] MÓDULO BASE_DADOS: Erro de integridade referencial pelo utilizador 'ana_silva'.
2026-07-03 22:32:41 [INFO] MÓDULO AUTENTICACAO: Falha na palavra-passe pelo utilizador 'nuno_gomes'.
2026-07-03 22:33:56 [ERROR] MÓDULO BASE_DADOS: Timeout na ligação pelo utilizador 'api_gateway'.
2026-07-03 22:35:24 [ERROR] MÓDULO SENSORES: Sensor de fumos ativo.
2026-07-03 22:36:29 [INFO] MÓDULO CAMARAS: Gravação iniciada por movimento na Câmara_01.
2026-07-03 22:37:54 [INFO] MÓDULO CAMARAS: Gravação iniciada por movimento na Câmara_01.
2026-07-03 22:38:25 [ERROR] MÓDULO CAMARAS: Gravação iniciada por movimento na Câmara_01.
2026-07-03 22:39:40 [WARNING] MÓDULO CAMARAS: Gravação iniciada por movimento na Câmara_01.
2026-07-03 22:40:42 [ERROR] MÓDULO SENSORES: Sensor de fumos ativo.
2026-07-03 22:41:46 [WARNING] MÓDULO CAMARAS: Gravação iniciada por movimento na Câmara_01.
2026-07-03 22:42:43 [WARNING] MÓDULO SENSORES: Porta Principal aberta.
2026-07-03 22:44:04 [INFO] MÓDULO BASE_DADOS: Timeout na ligação pelo utilizador 'mauri'.
2026-07-03 22:45:01 [ERROR] MÓDULO CAMARAS: Falha de armazenamento no DVR_02.
2026-07-03 22:45:45 [INFO] MÓDULO SENSORES: Sensor de fumos ativo.
2026-07-03 22:47:03 [INFO] MÓDULO BASE_DADOS: Erro de integridade referencial pelo utilizador 'gestor_seguranca'.
2026-07-03 22:48:20 [WARNING] MÓDULO AUTENTICACAO: Tentativa de brute-force bloqueada pelo utilizador 'ana_silva'.
2026-07-03 22:49:14 [INFO] MÓDULO AUTENTICACAO: Sessão expirada pelo utilizador 'convidado_01'.
2026-07-03 22:49:47 [CRITICAL] MÓDULO CAMARAS: Gravação iniciada por movimento na Câmara_01.
2026-07-03 22:51:14 [INFO] MÓDULO AUTENTICACAO: Login efetuado com sucesso pelo utilizador 'admin'.
2026-07-03 22:52:34 [CRITICAL] MÓDULO AUTENTICACAO: Falha na palavra-passe pelo utilizador 'api_gateway'.
2026-07-03 22:54:02 [INFO] MÓDULO SENSORES: Movimento detetado no Corredor B.
2026-07-03 22:55:32 [CRITICAL] MÓDULO BASE_DADOS: Timeout na ligação pelo utilizador 'ana_silva'.
2026-07-03 22:56:12 [INFO] MÓDULO BASE_DADOS: Erro de integridade referencial pelo utilizador 'ana_silva'.
2026-07-03 22:56:58 [CRITICAL] MÓDULO CAMARAS: Falha de armazenamento no DVR_02.
2026-07-03 22:58:22 [CRITICAL] MÓDULO SENSORES: Temperatura da Sala de Servidores acima do normal.
2026-07-03 22:59:37 [WARNING] MÓDULO SENSORES: Temperatura da Sala de Servidores acima do normal.
2026-07-03 23:00:27 [CRITICAL] MÓDULO CAMARAS: Gravação iniciada por movimento na Câmara_01.
2026-07-03 23:01:51 [CRITICAL] MÓDULO BASE_DADOS: Cópia de segurança (Backup) concluída pelo utilizador 'ana_silva'.
2026-07-03 23:03:05 [CRITICAL] MÓDULO SENSORES: Sensor de fumos ativo.
2026-07-03 23:04:32 [CRITICAL] MÓDULO AUTENTICACAO: Login efetuado com sucesso pelo utilizador 'ana_silva'.
2026-07-03 23:05:35 [INFO] MÓDULO CAMARAS: Falha de armazenamento no DVR_02.
2026-07-03 23:06:30 [WARNING] MÓDULO AUTENTICACAO: Login efetuado com sucesso pelo utilizador 'gestor_seguranca'.
2026-07-03 23:07:18 [WARNING] MÓDULO CAMARAS: Perda de sinal de vídeo na Câmara_04.
2026-07-03 23:08:46 [INFO] MÓDULO BASE_DADOS: Timeout na ligação pelo utilizador 'ana_silva'.
2026-07-03 23:09:59 [INFO] MÓDULO BASE_DADOS: Query executada com sucesso pelo utilizador 'api_gateway'.
2026-07-03 23:10:41 [INFO] MÓDULO CAMARAS: Perda de sinal de vídeo na Câmara_04.
2026-07-03 23:11:13 [WARNING] MÓDULO CAMARAS: Gravação iniciada por movimento na Câmara_01.
2026-07-03 23:11:46 [WARNING] MÓDULO CAMARAS: Falha de armazenamento no DVR_02.
2026-07-03 23:12:22 [INFO] MÓDULO AUTENTICACAO: Sessão expirada pelo utilizador 'api_gateway'.
2026-07-03 23:13:32 [CRITICAL] MÓDULO CAMARAS: Perda de sinal de vídeo na Câmara_04.
2026-07-03 23:14:39 [INFO] MÓDULO AUTENTICACAO: Falha na palavra-passe pelo utilizador 'ana_silva'.
2026-07-03 23:15:14 [INFO] MÓDULO BASE_DADOS: Erro de integridade referencial pelo utilizador 'gestor_seguranca'.
2026-07-03 23:15:46 [INFO] MÓDULO BASE_DADOS: Erro de integridade referencial pelo utilizador 'ana_silva'.
2026-07-03 23:16:25 [ERROR] MÓDULO SENSORES: Sensor de fumos ativo.
2026-07-03 23:17:35 [CRITICAL] MÓDULO CAMARAS: Falha de armazenamento no DVR_02.
2026-07-03 23:18:37 [WARNING] MÓDULO BASE_DADOS: Timeout na ligação pelo utilizador 'mauri'.
2026-07-03 23:19:39 [INFO] MÓDULO SENSORES: Movimento detetado no Corredor B.
2026-07-03 23:20:39 [INFO] MÓDULO SENSORES: Porta Principal aberta.
2026-07-03 23:21:41 [ERROR] MÓDULO SENSORES: Movimento detetado no Corredor B.
2026-07-03 23:22:34 [ERROR] MÓDULO CAMARAS: Falha de armazenamento no DVR_02.
2026-07-03 23:23:11 [ERROR] MÓDULO SENSORES: Porta Principal aberta.
2026-07-03 23:24:07 [WARNING] MÓDULO BASE_DADOS: Cópia de segurança (Backup) concluída pelo utilizador 'ana_silva'.
2026-07-03 23:25:08 [INFO] MÓDULO SENSORES: Temperatura da Sala de Servidores acima do normal.
2026-07-03 23:25:44 [ERROR] MÓDULO AUTENTICACAO: Tentativa de brute-force bloqueada pelo utilizador 'ana_silva'.
2026-07-03 23:27:07 [INFO] MÓDULO AUTENTICACAO: Sessão expirada pelo utilizador 'admin'.
2026-07-03 23:27:42 [CRITICAL] MÓDULO AUTENTICACAO: Tentativa de brute-force bloqueada pelo utilizador 'convidado_01'.
2026-07-03 23:28:29 [WARNING] MÓDULO SENSORES: Porta Principal aberta.
2026-07-03 23:29:45 [CRITICAL] MÓDULO SENSORES: Temperatura da Sala de Servidores acima do normal.
2026-07-03 23:30:42 [ERROR] MÓDULO CAMARAS: Falha de armazenamento no DVR_02.
2026-07-03 23:31:55 [CRITICAL] MÓDULO BASE_DADOS: Erro de integridade referencial pelo utilizador 'api_gateway'.
2026-07-03 23:32:27 [INFO] MÓDULO CAMARAS: Falha de armazenamento no DVR_02.
2026-07-03 23:33:11 [ERROR] MÓDULO SENSORES: Sensor de fumos ativo.
2026-07-03 23:34:05 [CRITICAL] MÓDULO CAMARAS: Perda de sinal de vídeo na Câmara_04.
2026-07-03 23:35:21 [INFO] MÓDULO CAMARAS: Gravação iniciada por movimento na Câmara_01.
2026-07-03 23:36:01 [INFO] MÓDULO AUTENTICACAO: Tentativa de brute-force bloqueada pelo utilizador 'mauri'.
2026-07-03 23:37:03 [WARNING] MÓDULO CAMARAS: Gravação iniciada por movimento na Câmara_01.
2026-07-03 23:38:08 [CRITICAL] MÓDULO SENSORES: Temperatura da Sala de Servidores acima do normal.
2026-07-03 23:39:00 [WARNING] MÓDULO SENSORES: Porta Principal aberta.
2026-07-03 23:39:48 [INFO] MÓDULO SENSORES: Movimento detetado no Corredor B.
2026-07-03 23:41:15 [INFO] MÓDULO BASE_DADOS: Cópia de segurança (Backup) concluída pelo utilizador 'admin'.
2026-07-03 23:42:10 [ERROR] MÓDULO BASE_DADOS: Query executada com sucesso pelo utilizador 'nuno_gomes'.
2026-07-03 23:43:05 [INFO] MÓDULO BASE_DADOS: Timeout na ligação pelo utilizador 'convidado_01'.
2026-07-03 23:44:05 [INFO] MÓDULO CAMARAS: Falha de armazenamento no DVR_02.
2026-07-03 23:44:40 [CRITICAL] MÓDULO AUTENTICACAO: Login efetuado com sucesso pelo utilizador 'nuno_gomes'.
2026-07-03 23:45:17 [WARNING] MÓDULO BASE_DADOS: Query executada com sucesso pelo utilizador 'convidado_01'.
2026-07-03 23:46:04 [WARNING] MÓDULO AUTENTICACAO: Tentativa de brute-force bloqueada pelo utilizador 'gestor_seguranca'.
2026-07-03 23:46:50 [CRITICAL] MÓDULO SENSORES: Porta Principal aberta.
2026-07-03 23:47:25 [ERROR] MÓDULO CAMARAS: Falha de armazenamento no DVR_02.
2026-07-03 23:48:03 [ERROR] MÓDULO BASE_DADOS: Erro de integridade referencial pelo utilizador 'nuno_gomes'.
2026-07-03 23:48:36 [WARNING] MÓDULO SENSORES: Porta Principal aberta.
2026-07-03 23:49:46 [ERROR] MÓDULO CAMARAS: Perda de sinal de vídeo na Câmara_04.
2026-07-03 23:50:59 [INFO] MÓDULO CAMARAS: Falha de armazenamento no DVR_02.
2026-07-03 23:51:48 [INFO] MÓDULO AUTENTICACAO: Tentativa de brute-force bloqueada pelo utilizador 'api_gateway'.
2026-07-03 23:53:12 [INFO] MÓDULO BASE_DADOS: Cópia de segurança (Backup) concluída pelo utilizador 'api_gateway'.
2026-07-03 23:53:42 [INFO] MÓDULO AUTENTICACAO: Tentativa de brute-force bloqueada pelo utilizador 'gestor_seguranca'.
2026-07-03 23:54:15 [WARNING] MÓDULO SENSORES: Temperatura da Sala de Servidores acima do normal.
2026-07-03 23:54:51 [INFO] MÓDULO SENSORES: Sensor de fumos ativo.
2026-07-03 23:55:59 [INFO] MÓDULO SENSORES: Sensor de fumos ativo.
2026-07-03 23:57:29 [CRITICAL] MÓDULO BASE_DADOS: Query executada com sucesso pelo utilizador 'admin'.
2026-07-03 23:58:01 [INFO] MÓDULO CAMARAS: Perda de sinal de vídeo na Câmara_04.
2026-07-03 23:59:02 [CRITICAL] MÓDULO CAMARAS: Gravação iniciada por movimento na Câmara_01.
2026-07-03 23:59:37 [CRITICAL] MÓDULO BASE_DADOS: Timeout na ligação pelo utilizador 'nuno_gomes'.
2026-07-04 00:01:03 [INFO] MÓDULO SENSORES: Sensor de fumos ativo.
2026-07-04 00:02:10 [CRITICAL] MÓDULO AUTENTICACAO: Sessão expirada pelo utilizador 'gestor_seguranca'.
2026-07-04 00:02:49 [INFO] MÓDULO BASE_DADOS: Query executada com sucesso pelo utilizador 'nuno_gomes'.
2026-07-04 00:03:36 [INFO] MÓDULO SENSORES: Movimento detetado no Corredor B.
2026-07-04 00:04:28 [WARNING] MÓDULO SENSORES: Movimento detetado no Corredor B.
2026-07-04 00:05:10 [INFO] MÓDULO SENSORES: Movimento detetado no Corredor B.
2026-07-04 00:05:48 [INFO] MÓDULO CAMARAS: Falha de armazenamento no DVR_02.
2026-07-04 00:07:17 [INFO] MÓDULO SENSORES: Porta Principal aberta.
2026-07-04 00:08:21 [ERROR] MÓDULO AUTENTICACAO: Sessão expirada pelo utilizador 'admin'.
2026-07-04 00:08:57 [INFO] MÓDULO CAMARAS: Gravação iniciada por movimento na Câmara_01.
2026-07-04 00:10:03 [ERROR] MÓDULO BASE_DADOS: Cópia de segurança (Backup) concluída pelo utilizador 'convidado_01'.
2026-07-04 00:11:31 [CRITICAL] MÓDULO SENSORES: Porta Principal aberta.
2026-07-04 00:12:57 [WARNING] MÓDULO CAMARAS: Perda de sinal de vídeo na Câmara_04.
2026-07-04 00:14:05 [INFO] MÓDULO CAMARAS: Gravação iniciada por movimento na Câmara_01.
2026-07-04 00:14:41 [ERROR] MÓDULO BASE_DADOS: Cópia de segurança (Backup) concluída pelo utilizador 'api_gateway'.
2026-07-04 00:15:32 [INFO] MÓDULO CAMARAS: Falha de armazenamento no DVR_02.
2026-07-04 00:16:21 [INFO] MÓDULO CAMARAS: Perda de sinal de vídeo na Câmara_04.
2026-07-04 00:17:40 [WARNING] MÓDULO BASE_DADOS: Cópia de segurança (Backup) concluída pelo utilizador 'nuno_gomes'.
2026-07-04 00:18:27 [WARNING] MÓDULO AUTENTICACAO: Sessão expirada pelo utilizador 'mauri'.
2026-07-04 00:19:03 [INFO] MÓDULO AUTENTICACAO: Login efetuado com sucesso pelo utilizador 'admin'.
2026-07-04 00:19:43 [INFO] MÓDULO AUTENTICACAO: Login efetuado com sucesso pelo utilizador 'nuno_gomes'.
2026-07-04 00:21:05 [ERROR] MÓDULO CAMARAS: Falha de armazenamento no DVR_02.
2026-07-04 00:22:34 [INFO] MÓDULO CAMARAS: Perda de sinal de vídeo na Câmara_04.
2026-07-04 00:23:25 [INFO] MÓDULO BASE_DADOS: Erro de integridade referencial pelo utilizador 'mauri'.
2026-07-04 00:24:41 [INFO] MÓDULO CAMARAS: Gravação iniciada por movimento na Câmara_01.
2026-07-04 00:25:56 [CRITICAL] MÓDULO AUTENTICACAO: Falha na palavra-passe pelo utilizador 'mauri'.
2026-07-04 00:26:48 [WARNING] MÓDULO SENSORES: Movimento detetado no Corredor B.
2026-07-04 00:28:02 [ERROR] MÓDULO CAMARAS: Perda de sinal de vídeo na Câmara_04.
2026-07-04 00:28:36 [CRITICAL] MÓDULO BASE_DADOS: Query executada com sucesso pelo utilizador 'nuno_gomes'.
2026-07-04 00:29:28 [INFO] MÓDULO BASE_DADOS: Cópia de segurança (Backup) concluída pelo utilizador 'api_gateway'.
2026-07-04 00:30:14 [WARNING] MÓDULO CAMARAS: Gravação iniciada por movimento na Câmara_01.
2026-07-04 00:30:52 [INFO] MÓDULO BASE_DADOS: Erro de integridade referencial pelo utilizador 'ana_silva'.
2026-07-04 00:31:37 [INFO] MÓDULO CAMARAS: Gravação iniciada por movimento na Câmara_01.
2026-07-04 00:32:26 [INFO] MÓDULO AUTENTICACAO: Falha na palavra-passe pelo utilizador 'ana_silva'.
2026-07-04 00:32:59 [INFO] MÓDULO SENSORES: Movimento detetado no Corredor B.
2026-07-04 00:33:36 [ERROR] MÓDULO AUTENTICACAO: Sessão expirada pelo utilizador 'convidado_01'.
2026-07-04 00:34:32 [INFO] MÓDULO CAMARAS: Gravação iniciada por movimento na Câmara_01.
2026-07-04 00:35:39 [CRITICAL] MÓDULO AUTENTICACAO: Tentativa de brute-force bloqueada pelo utilizador 'mauri'.
2026-07-04 00:36:18 [INFO] MÓDULO AUTENTICACAO: Falha na palavra-passe pelo utilizador 'admin'.
2026-07-04 00:37:02 [CRITICAL] MÓDULO BASE_DADOS: Timeout na ligação pelo utilizador 'gestor_seguranca'.
2026-07-04 00:37:57 [CRITICAL] MÓDULO CAMARAS: Perda de sinal de vídeo na Câmara_04.
2026-07-04 00:39:04 [ERROR] MÓDULO AUTENTICACAO: Login efetuado com sucesso pelo utilizador 'api_gateway'.
2026-07-04 00:40:20 [ERROR] MÓDULO BASE_DADOS: Query executada com sucesso pelo utilizador 'nuno_gomes'.
2026-07-04 00:41:18 [CRITICAL] MÓDULO SENSORES: Sensor de fumos ativo.
2026-07-04 00:42:20 [INFO] MÓDULO AUTENTICACAO: Login efetuado com sucesso pelo utilizador 'admin'.
2026-07-04 00:42:50 [WARNING] MÓDULO AUTENTICACAO: Sessão expirada pelo utilizador 'mauri'.
2026-07-04 00:44:13 [INFO] MÓDULO AUTENTICACAO: Falha na palavra-passe pelo utilizador 'ana_silva'.
2026-07-04 00:45:40 [INFO] MÓDULO SENSORES: Temperatura da Sala de Servidores acima do normal.
2026-07-04 00:47:09 [WARNING] MÓDULO BASE_DADOS: Timeout na ligação pelo utilizador 'api_gateway'.
2026-07-04 00:47:41 [ERROR] MÓDULO BASE_DADOS: Timeout na ligação pelo utilizador 'convidado_01'.
2026-07-04 00:48:56 [ERROR] MÓDULO CAMARAS: Perda de sinal de vídeo na Câmara_04.
2026-07-04 00:50:08 [INFO] MÓDULO CAMARAS: Falha de armazenamento no DVR_02.
2026-07-04 00:50:48 [INFO] MÓDULO BASE_DADOS: Timeout na ligação pelo utilizador 'ana_silva'.
2026-07-04 00:51:26 [INFO] MÓDULO CAMARAS: Falha de armazenamento no DVR_02.
2026-07-04 00:52:18 [INFO] MÓDULO CAMARAS: Perda de sinal de vídeo na Câmara_04.
2026-07-04 00:52:49 [CRITICAL] MÓDULO BASE_DADOS: Timeout na ligação pelo utilizador 'ana_silva'.
2026-07-04 00:53:49 [ERROR] MÓDULO SENSORES: Sensor de fumos ativo.
2026-07-04 00:54:21 [INFO] MÓDULO AUTENTICACAO: Tentativa de brute-force bloqueada pelo utilizador 'convidado_01'.
2026-07-04 00:55:30 [WARNING] MÓDULO SENSORES: Movimento detetado no Corredor B.
2026-07-04 00:56:20 [ERROR] MÓDULO AUTENTICACAO: Sessão expirada pelo utilizador 'admin'.
2026-07-04 00:57:04 [INFO] MÓDULO BASE_DADOS: Erro de integridade referencial pelo utilizador 'admin'.
2026-07-04 00:57:41 [INFO] MÓDULO BASE_DADOS: Timeout na ligação pelo utilizador 'mauri'.
2026-07-04 00:58:19 [INFO] MÓDULO SENSORES: Porta Principal aberta.
2026-07-04 00:59:28 [INFO] MÓDULO AUTENTICACAO: Sessão expirada pelo utilizador 'nuno_gomes'.
2026-07-04 00:59:59 [CRITICAL] MÓDULO AUTENTICACAO: Login efetuado com sucesso pelo utilizador 'mauri'.
2026-07-04 01:00:40 [ERROR] MÓDULO BASE_DADOS: Cópia de segurança (Backup) concluída pelo utilizador 'ana_silva'.
2026-07-04 01:01:12 [WARNING] MÓDULO CAMARAS: Falha de armazenamento no DVR_02.
2026-07-04 01:02:11 [INFO] MÓDULO SENSORES: Porta Principal aberta.
2026-07-04 01:03:14 [ERROR] MÓDULO SENSORES: Temperatura da Sala de Servidores acima do normal.
2026-07-04 01:04:37 [INFO] MÓDULO AUTENTICACAO: Tentativa de brute-force bloqueada pelo utilizador 'gestor_seguranca'.
2026-07-04 01:05:58 [ERROR] MÓDULO BASE_DADOS: Cópia de segurança (Backup) concluída pelo utilizador 'gestor_seguranca'.
2026-07-04 01:06:48 [INFO] MÓDULO AUTENTICACAO: Tentativa de brute-force bloqueada pelo utilizador 'admin'.
2026-07-04 01:07:53 [INFO] MÓDULO BASE_DADOS: Cópia de segurança (Backup) concluída pelo utilizador 'api_gateway'.
2026-07-04 01:09:02 [INFO] MÓDULO BASE_DADOS: Query executada com sucesso pelo utilizador 'nuno_gomes'.
2026-07-04 01:10:20 [ERROR] MÓDULO AUTENTICACAO: Tentativa de brute-force bloqueada pelo utilizador 'nuno_gomes'.
2026-07-04 01:11:40 [WARNING] MÓDULO CAMARAS: Perda de sinal de vídeo na Câmara_04.
2026-07-04 01:12:18 [ERROR] MÓDULO AUTENTICACAO: Falha na palavra-passe pelo utilizador 'admin'.
2026-07-04 01:13:28 [INFO] MÓDULO CAMARAS: Perda de sinal de vídeo na Câmara_04.
2026-07-04 01:14:31 [CRITICAL] MÓDULO SENSORES: Movimento detetado no Corredor B.
2026-07-04 01:15:09 [INFO] MÓDULO BASE_DADOS: Erro de integridade referencial pelo utilizador 'convidado_01'.
2026-07-04 01:15:45 [INFO] MÓDULO SENSORES: Sensor de fumos ativo.
2026-07-04 01:17:13 [ERROR] MÓDULO AUTENTICACAO: Login efetuado com sucesso pelo utilizador 'nuno_gomes'.
2026-07-04 01:17:51 [ERROR] MÓDULO AUTENTICACAO: Tentativa de brute-force bloqueada pelo utilizador 'mauri'.
2026-07-04 01:18:25 [WARNING] MÓDULO CAMARAS: Gravação iniciada por movimento na Câmara_01.
2026-07-04 01:19:10 [INFO] MÓDULO BASE_DADOS: Cópia de segurança (Backup) concluída pelo utilizador 'convidado_01'.
2026-07-04 01:20:05 [WARNING] MÓDULO CAMARAS: Gravação iniciada por movimento na Câmara_01.
2026-07-04 01:21:29 [CRITICAL] MÓDULO AUTENTICACAO: Tentativa de brute-force bloqueada pelo utilizador 'admin'.
2026-07-04 01:22:48 [ERROR] MÓDULO SENSORES: Movimento detetado no Corredor B.
2026-07-04 01:23:55 [INFO] MÓDULO BASE_DADOS: Timeout na ligação pelo utilizador 'gestor_seguranca'.
2026-07-04 01:24:26 [CRITICAL] MÓDULO BASE_DADOS: Query executada com sucesso pelo utilizador 'mauri'.
2026-07-04 01:25:16 [CRITICAL] MÓDULO CAMARAS: Perda de sinal de vídeo na Câmara_04.
2026-07-04 01:26:32 [CRITICAL] MÓDULO CAMARAS: Falha de armazenamento no DVR_02.
2026-07-04 01:27:48 [INFO] MÓDULO CAMARAS: Perda de sinal de vídeo na Câmara_04.
2026-07-04 01:28:58 [WARNING] MÓDULO BASE_DADOS: Query executada com sucesso pelo utilizador 'gestor_seguranca'.
2026-07-04 01:29:49 [WARNING] MÓDULO BASE_DADOS: Cópia de segurança (Backup) concluída pelo utilizador 'nuno_gomes'.
2026-07-04 01:31:07 [CRITICAL] MÓDULO AUTENTICACAO: Login efetuado com sucesso pelo utilizador 'api_gateway'.
2026-07-04 01:31:50 [INFO] MÓDULO CAMARAS: Gravação iniciada por movimento na Câmara_01.
2026-07-04 01:32:28 [INFO] MÓDULO SENSORES: Sensor de fumos ativo.
2026-07-04 01:33:33 [ERROR] MÓDULO BASE_DADOS: Timeout na ligação pelo utilizador 'nuno_gomes'.
2026-07-04 01:34:43 [CRITICAL] MÓDULO BASE_DADOS: Erro de integridade referencial pelo utilizador 'admin'.
2026-07-04 01:35:35 [ERROR] MÓDULO BASE_DADOS: Erro de integridade referencial pelo utilizador 'api_gateway'.
2026-07-04 01:36:13 [INFO] MÓDULO BASE_DADOS: Timeout na ligação pelo utilizador 'gestor_seguranca'.
2026-07-04 01:37:15 [INFO] MÓDULO BASE_DADOS: Erro de integridade referencial pelo utilizador 'convidado_01'.
2026-07-04 01:38:34 [INFO] MÓDULO SENSORES: Movimento detetado no Corredor B.
2026-07-04 01:39:05 [CRITICAL] MÓDULO AUTENTICACAO: Tentativa de brute-force bloqueada pelo utilizador 'api_gateway'.
2026-07-04 01:39:48 [ERROR] MÓDULO SENSORES: Movimento detetado no Corredor B.
2026-07-04 01:40:38 [WARNING] MÓDULO BASE_DADOS: Timeout na ligação pelo utilizador 'convidado_01'.
2026-07-04 01:41:28 [INFO] MÓDULO SENSORES: Movimento detetado no Corredor B.
2026-07-04 01:42:02 [CRITICAL] MÓDULO SENSORES: Temperatura da Sala de Servidores acima do normal.
2026-07-04 01:43:16 [INFO] MÓDULO BASE_DADOS: Timeout na ligação pelo utilizador 'mauri'.
2026-07-04 01:43:58 [INFO] MÓDULO CAMARAS: Falha de armazenamento no DVR_02.
2026-07-04 01:45:09 [CRITICAL] MÓDULO SENSORES: Porta Principal aberta.
2026-07-04 01:46:31 [ERROR] MÓDULO SENSORES: Temperatura da Sala de Servidores acima do normal.
2026-07-04 01:47:24 [WARNING] MÓDULO AUTENTICACAO: Sessão expirada pelo utilizador 'admin'.
2026-07-04 01:48:12 [WARNING] MÓDULO SENSORES: Sensor de fumos ativo.
2026-07-04 01:49:01 [WARNING] MÓDULO SENSORES: Movimento detetado no Corredor B.
2026-07-04 01:49:50 [CRITICAL] MÓDULO CAMARAS: Gravação iniciada por movimento na Câmara_01.
2026-07-04 01:50:20 [INFO] MÓDULO BASE_DADOS: Timeout na ligação pelo utilizador 'ana_silva'.
2026-07-04 01:51:17 [INFO] MÓDULO SENSORES: Porta Principal aberta.
2026-07-04 01:52:19 [ERROR] MÓDULO AUTENTICACAO: Falha na palavra-passe pelo utilizador 'nuno_gomes'.
2026-07-04 01:53:25 [INFO] MÓDULO BASE_DADOS: Cópia de segurança (Backup) concluída pelo utilizador 'nuno_gomes'.
2026-07-04 01:54:29 [ERROR] MÓDULO CAMARAS: Perda de sinal de vídeo na Câmara_04.
2026-07-04 01:55:47 [INFO] MÓDULO AUTENTICACAO: Sessão expirada pelo utilizador 'convidado_01'.
2026-07-04 01:56:26 [ERROR] MÓDULO BASE_DADOS: Query executada com sucesso pelo utilizador 'nuno_gomes'.
2026-07-04 01:57:11 [CRITICAL] MÓDULO SENSORES: Sensor de fumos ativo.
2026-07-04 01:58:12 [CRITICAL] MÓDULO AUTENTICACAO: Sessão expirada pelo utilizador 'ana_silva'.
2026-07-04 01:59:40 [INFO] MÓDULO CAMARAS: Falha de armazenamento no DVR_02.
2026-07-04 02:01:02 [WARNING] MÓDULO BASE_DADOS: Cópia de segurança (Backup) concluída pelo utilizador 'admin'.
2026-07-04 02:01:46 [ERROR] MÓDULO BASE_DADOS: Erro de integridade referencial pelo utilizador 'nuno_gomes'.
2026-07-04 02:02:50 [INFO] MÓDULO SENSORES: Movimento detetado no Corredor B.
2026-07-04 02:03:28 [INFO] MÓDULO CAMARAS: Gravação iniciada por movimento na Câmara_01.
2026-07-04 02:04:33 [ERROR] MÓDULO BASE_DADOS: Query executada com sucesso pelo utilizador 'gestor_seguranca'.
2026-07-04 02:05:37 [INFO] MÓDULO CAMARAS: Perda de sinal de vídeo na Câmara_04.
2026-07-04 02:06:09 [ERROR] MÓDULO SENSORES: Porta Principal aberta.
2026-07-04 02:07:26 [ERROR] MÓDULO BASE_DADOS: Timeout na ligação pelo utilizador 'convidado_01'.
2026-07-04 02:08:02 [WARNING] MÓDULO BASE_DADOS: Cópia de segurança (Backup) concluída pelo utilizador 'admin'.
2026-07-04 02:08:59 [WARNING] MÓDULO SENSORES: Porta Principal aberta.
2026-07-04 02:10:25 [INFO] MÓDULO BASE_DADOS: Timeout na ligação pelo utilizador 'nuno_gomes'.
2026-07-04 02:11:40 [CRITICAL] MÓDULO BASE_DADOS: Timeout na ligação pelo utilizador 'ana_silva'.
2026-07-04 02:13:10 [INFO] MÓDULO BASE_DADOS: Erro de integridade referencial pelo utilizador 'api_gateway'.
2026-07-04 02:14:24 [CRITICAL] MÓDULO BASE_DADOS: Cópia de segurança (Backup) concluída pelo utilizador 'mauri'.
2026-07-04 02:15:47 [ERROR] MÓDULO AUTENTICACAO: Falha na palavra-passe pelo utilizador 'mauri'.
2026-07-04 02:17:09 [CRITICAL] MÓDULO BASE_DADOS: Timeout na ligação pelo utilizador 'nuno_gomes'.
2026-07-04 02:17:58 [INFO] MÓDULO CAMARAS: Gravação iniciada por movimento na Câmara_01.
2026-07-04 02:19:14 [INFO] MÓDULO AUTENTICACAO: Sessão expirada pelo utilizador 'convidado_01'.
2026-07-04 02:20:09 [CRITICAL] MÓDULO AUTENTICACAO: Sessão expirada pelo utilizador 'mauri'.
2026-07-04 02:20:59 [CRITICAL] MÓDULO AUTENTICACAO: Falha na palavra-passe pelo utilizador 'api_gateway'.
2026-07-04 02:22:05 [INFO] MÓDULO SENSORES: Porta Principal aberta.
2026-07-04 02:22:51 [WARNING] MÓDULO SENSORES: Porta Principal aberta.
2026-07-04 02:23:32 [ERROR] MÓDULO BASE_DADOS: Cópia de segurança (Backup) concluída pelo utilizador 'api_gateway'.
2026-07-04 02:24:23 [ERROR] MÓDULO AUTENTICACAO: Tentativa de brute-force bloqueada pelo utilizador 'gestor_seguranca'.
2026-07-04 02:25:36 [INFO] MÓDULO CAMARAS: Gravação iniciada por movimento na Câmara_01.
2026-07-04 02:26:16 [WARNING] MÓDULO SENSORES: Temperatura da Sala de Servidores acima do normal.
2026-07-04 02:27:23 [CRITICAL] MÓDULO SENSORES: Sensor de fumos ativo.
2026-07-04 02:27:58 [WARNING] MÓDULO BASE_DADOS: Erro de integridade referencial pelo utilizador 'admin'.
2026-07-04 02:29:19 [INFO] MÓDULO SENSORES: Temperatura da Sala de Servidores acima do normal.
2026-07-04 02:30:44 [WARNING] MÓDULO CAMARAS: Perda de sinal de vídeo na Câmara_04.
2026-07-04 02:31:54 [WARNING] MÓDULO SENSORES: Porta Principal aberta.
2026-07-04 02:32:50 [ERROR] MÓDULO BASE_DADOS: Timeout na ligação pelo utilizador 'convidado_01'.
2026-07-04 02:33:30 [INFO] MÓDULO AUTENTICACAO: Falha na palavra-passe pelo utilizador 'ana_silva'.
2026-07-04 02:34:35 [INFO] MÓDULO SENSORES: Movimento detetado no Corredor B.
2026-07-04 02:36:00 [ERROR] MÓDULO CAMARAS: Falha de armazenamento no DVR_02.
2026-07-04 02:37:05 [INFO] MÓDULO SENSORES: Sensor de fumos ativo.
2026-07-04 02:37:36 [INFO] MÓDULO SENSORES: Sensor de fumos ativo.
2026-07-04 02:38:43 [ERROR] MÓDULO AUTENTICACAO: Sessão expirada pelo utilizador 'ana_silva'.
2026-07-04 02:40:01 [CRITICAL] MÓDULO AUTENTICACAO: Tentativa de brute-force bloqueada pelo utilizador 'convidado_01'.
2026-07-04 02:41:31 [WARNING] MÓDULO CAMARAS: Falha de armazenamento no DVR_02.
2026-07-04 02:42:54 [WARNING] MÓDULO SENSORES: Temperatura da Sala de Servidores acima do normal.
2026-07-04 02:44:18 [ERROR] MÓDULO AUTENTICACAO: Falha na palavra-passe pelo utilizador 'gestor_seguranca'.
2026-07-04 02:45:15 [INFO] MÓDULO AUTENTICACAO: Login efetuado com sucesso pelo utilizador 'convidado_01'.
2026-07-04 02:46:23 [CRITICAL] MÓDULO CAMARAS: Falha de armazenamento no DVR_02.
2026-07-04 02:47:07 [WARNING] MÓDULO SENSORES: Movimento detetado no Corredor B.
2026-07-04 02:47:55 [WARNING] MÓDULO AUTENTICACAO: Tentativa de brute-force bloqueada pelo utilizador 'admin'.
2026-07-04 02:48:51 [WARNING] MÓDULO BASE_DADOS: Query executada com sucesso pelo utilizador 'ana_silva'.
2026-07-04 02:50:02 [ERROR] MÓDULO AUTENTICACAO: Login efetuado com sucesso pelo utilizador 'api_gateway'.
2026-07-04 02:51:28 [WARNING] MÓDULO AUTENTICACAO: Login efetuado com sucesso pelo utilizador 'nuno_gomes'.
2026-07-04 02:52:30 [INFO] MÓDULO SENSORES: Temperatura da Sala de Servidores acima do normal.
2026-07-04 02:53:07 [WARNING] MÓDULO CAMARAS: Gravação iniciada por movimento na Câmara_01.
2026-07-04 02:54:26 [INFO] MÓDULO AUTENTICACAO: Login efetuado com sucesso pelo utilizador 'ana_silva'.
2026-07-04 02:55:18 [INFO] MÓDULO AUTENTICACAO: Login efetuado com sucesso pelo utilizador 'mauri'.
2026-07-04 02:56:17 [INFO] MÓDULO AUTENTICACAO: Tentativa de brute-force bloqueada pelo utilizador 'gestor_seguranca'.
2026-07-04 02:57:28 [INFO] MÓDULO CAMARAS: Gravação iniciada por movimento na Câmara_01.
2026-07-04 02:58:27 [WARNING] MÓDULO BASE_DADOS: Cópia de segurança (Backup) concluída pelo utilizador 'admin'.
2026-07-04 02:59:56 [ERROR] MÓDULO SENSORES: Sensor de fumos ativo.
2026-07-04 03:00:37 [WARNING] MÓDULO AUTENTICACAO: Falha na palavra-passe pelo utilizador 'ana_silva'.
2026-07-04 03:01:15 [INFO] MÓDULO SENSORES: Sensor de fumos ativo.
2026-07-04 03:01:47 [INFO] MÓDULO AUTENTICACAO: Tentativa de brute-force bloqueada pelo utilizador 'api_gateway'.
2026-07-04 03:03:07 [INFO] MÓDULO CAMARAS: Falha de armazenamento no DVR_02.
2026-07-04 03:03:49 [INFO] MÓDULO BASE_DADOS: Timeout na ligação pelo utilizador 'nuno_gomes'.
2026-07-04 03:04:55 [INFO] MÓDULO CAMARAS: Gravação iniciada por movimento na Câmara_01.
2026-07-04 03:05:32 [INFO] MÓDULO AUTENTICACAO: Sessão expirada pelo utilizador 'ana_silva'.
2026-07-04 03:06:20 [CRITICAL] MÓDULO BASE_DADOS: Query executada com sucesso pelo utilizador 'convidado_01'.
2026-07-04 03:07:39 [INFO] MÓDULO SENSORES: Temperatura da Sala de Servidores acima do normal.
2026-07-04 03:09:03 [ERROR] MÓDULO BASE_DADOS: Cópia de segurança (Backup) concluída pelo utilizador 'admin'.
2026-07-04 03:10:00 [WARNING] MÓDULO SENSORES: Sensor de fumos ativo.
2026-07-04 03:11:17 [CRITICAL] MÓDULO SENSORES: Temperatura da Sala de Servidores acima do normal.
2026-07-04 03:12:07 [INFO] MÓDULO CAMARAS: Gravação iniciada por movimento na Câmara_01.
2026-07-04 03:13:13 [CRITICAL] MÓDULO CAMARAS: Gravação iniciada por movimento na Câmara_01.
2026-07-04 03:13:58 [INFO] MÓDULO SENSORES: Temperatura da Sala de Servidores acima do normal.
2026-07-04 03:15:00 [WARNING] MÓDULO BASE_DADOS: Query executada com sucesso pelo utilizador 'nuno_gomes'.
2026-07-04 03:16:18 [INFO] MÓDULO BASE_DADOS: Timeout na ligação pelo utilizador 'ana_silva'.
2026-07-04 03:17:27 [INFO] MÓDULO CAMARAS: Perda de sinal de vídeo na Câmara_04.
2026-07-04 03:18:00 [INFO] MÓDULO BASE_DADOS: Cópia de segurança (Backup) concluída pelo utilizador 'admin'.
2026-07-04 03:19:17 [WARNING] MÓDULO BASE_DADOS: Cópia de segurança (Backup) concluída pelo utilizador 'ana_silva'.
2026-07-04 03:20:15 [CRITICAL] MÓDULO AUTENTICACAO: Falha na palavra-passe pelo utilizador 'ana_silva'.
2026-07-04 03:21:29 [WARNING] MÓDULO AUTENTICACAO: Login efetuado com sucesso pelo utilizador 'ana_silva'.
2026-07-04 03:22:26 [CRITICAL] MÓDULO BASE_DADOS: Timeout na ligação pelo utilizador 'admin'.
2026-07-04 03:23:22 [INFO] MÓDULO SENSORES: Movimento detetado no Corredor B.
2026-07-04 03:24:33 [ERROR] MÓDULO AUTENTICACAO: Falha na palavra-passe pelo utilizador 'nuno_gomes'.
2026-07-04 03:25:41 [INFO] MÓDULO CAMARAS: Falha de armazenamento no DVR_02.
2026-07-04 03:27:11 [INFO] MÓDULO BASE_DADOS: Timeout na ligação pelo utilizador 'convidado_01'.
2026-07-04 03:27:44 [ERROR] MÓDULO CAMARAS: Falha de armazenamento no DVR_02.
2026-07-04 03:28:27 [ERROR] MÓDULO SENSORES: Sensor de fumos ativo.
2026-07-04 03:29:55 [CRITICAL] MÓDULO AUTENTICACAO: Tentativa de brute-force bloqueada pelo utilizador 'ana_silva'.
2026-07-04 03:30:48 [CRITICAL] MÓDULO AUTENTICACAO: Sessão expirada pelo utilizador 'convidado_01'.
2026-07-04 03:31:22 [WARNING] MÓDULO SENSORES: Temperatura da Sala de Servidores acima do normal.
2026-07-04 03:32:03 [CRITICAL] MÓDULO BASE_DADOS: Query executada com sucesso pelo utilizador 'ana_silva'.
2026-07-04 03:32:55 [INFO] MÓDULO SENSORES: Sensor de fumos ativo.
2026-07-04 03:34:24 [CRITICAL] MÓDULO SENSORES: Sensor de fumos ativo.
2026-07-04 03:35:08 [ERROR] MÓDULO BASE_DADOS: Query executada com sucesso pelo utilizador 'ana_silva'.
2026-07-04 03:36:03 [WARNING] MÓDULO AUTENTICACAO: Tentativa de brute-force bloqueada pelo utilizador 'ana_silva'.
2026-07-04 03:37:18 [INFO] MÓDULO BASE_DADOS: Timeout na ligação pelo utilizador 'nuno_gomes'.
2026-07-04 03:38:33 [WARNING] MÓDULO BASE_DADOS: Query executada com sucesso pelo utilizador 'gestor_seguranca'.
2026-07-04 03:39:46 [CRITICAL] MÓDULO AUTENTICACAO: Login efetuado com sucesso pelo utilizador 'ana_silva'.
2026-07-04 03:40:51 [CRITICAL] MÓDULO AUTENTICACAO: Falha na palavra-passe pelo utilizador 'admin'.
2026-07-04 03:41:30 [CRITICAL] MÓDULO SENSORES: Movimento detetado no Corredor B.
2026-07-04 03:42:31 [WARNING] MÓDULO BASE_DADOS: Erro de integridade referencial pelo utilizador 'api_gateway'.
2026-07-04 03:43:30 [WARNING] MÓDULO AUTENTICACAO: Falha na palavra-passe pelo utilizador 'gestor_seguranca'.
2026-07-04 03:44:37 [INFO] MÓDULO AUTENTICACAO: Login efetuado com sucesso pelo utilizador 'admin'.
2026-07-04 03:45:21 [ERROR] MÓDULO CAMARAS: Gravação iniciada por movimento na Câmara_01.
2026-07-04 03:46:43 [ERROR] MÓDULO BASE_DADOS: Cópia de segurança (Backup) concluída pelo utilizador 'convidado_01'.
2026-07-04 03:47:24 [INFO] MÓDULO CAMARAS: Gravação iniciada por movimento na Câmara_01.
2026-07-04 03:47:56 [ERROR] MÓDULO AUTENTICACAO: Falha na palavra-passe pelo utilizador 'ana_silva'.
2026-07-04 03:48:31 [INFO] MÓDULO AUTENTICACAO: Sessão expirada pelo utilizador 'ana_silva'.
2026-07-04 03:49:33 [INFO] MÓDULO CAMARAS: Falha de armazenamento no DVR_02.
2026-07-04 03:50:46 [INFO] MÓDULO AUTENTICACAO: Login efetuado com sucesso pelo utilizador 'convidado_01'.
2026-07-04 03:51:28 [CRITICAL] MÓDULO CAMARAS: Gravação iniciada por movimento na Câmara_01.
2026-07-04 03:52:02 [CRITICAL] MÓDULO CAMARAS: Falha de armazenamento no DVR_02.
2026-07-04 03:52:57 [CRITICAL] MÓDULO BASE_DADOS: Timeout na ligação pelo utilizador 'api_gateway'.
2026-07-04 03:53:39 [ERROR] MÓDULO SENSORES: Movimento detetado no Corredor B.
2026-07-04 03:54:51 [INFO] MÓDULO SENSORES: Porta Principal aberta.
2026-07-04 03:55:25 [ERROR] MÓDULO BASE_DADOS: Timeout na ligação pelo utilizador 'ana_silva'.
2026-07-04 03:56:23 [ERROR] MÓDULO SENSORES: Porta Principal aberta.
2026-07-04 03:57:46 [ERROR] MÓDULO AUTENTICACAO: Falha na palavra-passe pelo utilizador 'api_gateway'.
2026-07-04 03:58:28 [CRITICAL] MÓDULO SENSORES: Porta Principal aberta.
2026-07-04 03:58:58 [INFO] MÓDULO BASE_DADOS: Query executada com sucesso pelo utilizador 'convidado_01'.
2026-07-04 04:00:22 [INFO] MÓDULO SENSORES: Temperatura da Sala de Servidores acima do normal.
2026-07-04 04:01:35 [CRITICAL] MÓDULO AUTENTICACAO: Falha na palavra-passe pelo utilizador 'mauri'.
2026-07-04 04:03:02 [ERROR] MÓDULO SENSORES: Temperatura da Sala de Servidores acima do normal.
2026-07-04 04:03:48 [CRITICAL] MÓDULO CAMARAS: Gravação iniciada por movimento na Câmara_01.
2026-07-04 04:05:16 [INFO] MÓDULO BASE_DADOS: Cópia de segurança (Backup) concluída pelo utilizador 'nuno_gomes'.
2026-07-04 04:05:53 [INFO] MÓDULO SENSORES: Porta Principal aberta.
2026-07-04 04:06:57 [INFO] MÓDULO BASE_DADOS: Timeout na ligação pelo utilizador 'mauri'.
2026-07-04 04:07:29 [ERROR] MÓDULO BASE_DADOS: Timeout na ligação pelo utilizador 'api_gateway'.
2026-07-04 04:08:59 [CRITICAL] MÓDULO SENSORES: Porta Principal aberta.
2026-07-04 04:09:56 [CRITICAL] MÓDULO CAMARAS: Perda de sinal de vídeo na Câmara_04.
2026-07-04 04:11:26 [INFO] MÓDULO AUTENTICACAO: Tentativa de brute-force bloqueada pelo utilizador 'mauri'.
2026-07-04 04:12:25 [WARNING] MÓDULO AUTENTICACAO: Tentativa de brute-force bloqueada pelo utilizador 'admin'.
2026-07-04 04:13:28 [ERROR] MÓDULO SENSORES: Sensor de fumos ativo.
2026-07-04 04:14:47 [ERROR] MÓDULO CAMARAS: Gravação iniciada por movimento na Câmara_01.
2026-07-04 04:15:53 [WARNING] MÓDULO BASE_DADOS: Timeout na ligação pelo utilizador 'admin'.
2026-07-04 04:16:57 [CRITICAL] MÓDULO CAMARAS: Perda de sinal de vídeo na Câmara_04.
2026-07-04 04:18:23 [ERROR] MÓDULO SENSORES: Porta Principal aberta.
2026-07-04 04:18:54 [INFO] MÓDULO BASE_DADOS: Timeout na ligação pelo utilizador 'admin'.
2026-07-04 04:19:29 [ERROR] MÓDULO AUTENTICACAO: Login efetuado com sucesso pelo utilizador 'api_gateway'.
2026-07-04 04:20:40 [WARNING] MÓDULO SENSORES: Movimento detetado no Corredor B.
2026-07-04 04:21:20 [WARNING] MÓDULO AUTENTICACAO: Tentativa de brute-force bloqueada pelo utilizador 'convidado_01'.
2026-07-04 04:22:48 [INFO] MÓDULO CAMARAS: Gravação iniciada por movimento na Câmara_01.
2026-07-04 04:24:07 [INFO] MÓDULO CAMARAS: Falha de armazenamento no DVR_02.
2026-07-04 04:25:12 [CRITICAL] MÓDULO BASE_DADOS: Cópia de segurança (Backup) concluída pelo utilizador 'mauri'.
2026-07-04 04:26:09 [INFO] MÓDULO SENSORES: Sensor de fumos ativo.
2026-07-04 04:26:39 [WARNING] MÓDULO BASE_DADOS: Erro de integridade referencial pelo utilizador 'api_gateway'.
2026-07-04 04:27:14 [INFO] MÓDULO SENSORES: Temperatura da Sala de Servidores acima do normal.
2026-07-04 04:27:56 [WARNING] MÓDULO CAMARAS: Perda de sinal de vídeo na Câmara_04.
2026-07-04 04:28:57 [ERROR] MÓDULO SENSORES: Temperatura da Sala de Servidores acima do normal.
2026-07-04 04:29:57 [WARNING] MÓDULO AUTENTICACAO: Tentativa de brute-force bloqueada pelo utilizador 'admin'.
2026-07-04 04:30:28 [ERROR] MÓDULO BASE_DADOS: Cópia de segurança (Backup) concluída pelo utilizador 'admin'.
2026-07-04 04:31:49 [ERROR] MÓDULO AUTENTICACAO: Tentativa de brute-force bloqueada pelo utilizador 'api_gateway'.
2026-07-04 04:32:48 [INFO] MÓDULO AUTENTICACAO: Sessão expirada pelo utilizador 'convidado_01'.
2026-07-04 04:34:10 [INFO] MÓDULO CAMARAS: Falha de armazenamento no DVR_02.
2026-07-04 04:34:58 [ERROR] MÓDULO CAMARAS: Falha de armazenamento no DVR_02.
2026-07-04 04:36:09 [ERROR] MÓDULO AUTENTICACAO: Sessão expirada pelo utilizador 'ana_silva'.
2026-07-04 04:37:24 [ERROR] MÓDULO SENSORES: Sensor de fumos ativo.
2026-07-04 04:38:39 [INFO] MÓDULO SENSORES: Sensor de fumos ativo.
2026-07-04 04:40:05 [INFO] MÓDULO BASE_DADOS: Timeout na ligação pelo utilizador 'mauri'.
2026-07-04 04:40:55 [ERROR] MÓDULO BASE_DADOS: Erro de integridade referencial pelo utilizador 'nuno_gomes'.
2026-07-04 04:42:15 [ERROR] MÓDULO BASE_DADOS: Erro de integridade referencial pelo utilizador 'nuno_gomes'.
2026-07-04 04:43:10 [CRITICAL] MÓDULO CAMARAS: Perda de sinal de vídeo na Câmara_04.
2026-07-04 04:43:51 [INFO] MÓDULO CAMARAS: Perda de sinal de vídeo na Câmara_04.
2026-07-04 04:44:35 [CRITICAL] MÓDULO BASE_DADOS: Timeout na ligação pelo utilizador 'ana_silva'.
2026-07-04 04:45:22 [WARNING] MÓDULO SENSORES: Porta Principal aberta.
2026-07-04 04:46:31 [ERROR] MÓDULO AUTENTICACAO: Tentativa de brute-force bloqueada pelo utilizador 'ana_silva'.
2026-07-04 04:47:27 [INFO] MÓDULO SENSORES: Temperatura da Sala de Servidores acima do normal.
2026-07-04 04:48:27 [ERROR] MÓDULO CAMARAS: Gravação iniciada por movimento na Câmara_01.
2026-07-04 04:49:12 [CRITICAL] MÓDULO AUTENTICACAO: Sessão expirada pelo utilizador 'ana_silva'.
2026-07-04 04:49:55 [WARNING] MÓDULO SENSORES: Movimento detetado no Corredor B.
2026-07-04 04:51:04 [INFO] MÓDULO AUTENTICACAO: Login efetuado com sucesso pelo utilizador 'nuno_gomes'.
2026-07-04 04:52:00 [CRITICAL] MÓDULO BASE_DADOS: Query executada com sucesso pelo utilizador 'mauri'.
2026-07-04 04:52:37 [CRITICAL] MÓDULO CAMARAS: Perda de sinal de vídeo na Câmara_04.
2026-07-04 04:53:08 [INFO] MÓDULO AUTENTICACAO: Falha na palavra-passe pelo utilizador 'nuno_gomes'.
2026-07-04 04:54:18 [ERROR] MÓDULO BASE_DADOS: Query executada com sucesso pelo utilizador 'admin'.
2026-07-04 04:55:41 [ERROR] MÓDULO BASE_DADOS: Timeout na ligação pelo utilizador 'api_gateway'.
2026-07-04 04:56:41 [ERROR] MÓDULO BASE_DADOS: Timeout na ligação pelo utilizador 'admin'.
2026-07-04 04:58:01 [ERROR] MÓDULO CAMARAS: Gravação iniciada por movimento na Câmara_01.
2026-07-04 04:58:44 [ERROR] MÓDULO CAMARAS: Perda de sinal de vídeo na Câmara_04.
2026-07-04 04:59:24 [INFO] MÓDULO AUTENTICACAO: Login efetuado com sucesso pelo utilizador 'admin'.
2026-07-04 05:00:11 [WARNING] MÓDULO SENSORES: Sensor de fumos ativo.
2026-07-04 05:01:37 [CRITICAL] MÓDULO CAMARAS: Falha de armazenamento no DVR_02.
2026-07-04 05:02:13 [WARNING] MÓDULO CAMARAS: Falha de armazenamento no DVR_02.
2026-07-04 05:02:50 [INFO] MÓDULO BASE_DADOS: Cópia de segurança (Backup) concluída pelo utilizador 'mauri'.
2026-07-04 05:03:25 [ERROR] MÓDULO BASE_DADOS: Timeout na ligação pelo utilizador 'admin'.
2026-07-04 05:04:09 [INFO] MÓDULO CAMARAS: Gravação iniciada por movimento na Câmara_01.
2026-07-04 05:05:09 [INFO] MÓDULO SENSORES: Temperatura da Sala de Servidores acima do normal.
2026-07-04 05:05:55 [INFO] MÓDULO SENSORES: Movimento detetado no Corredor B.
2026-07-04 05:07:19 [INFO] MÓDULO AUTENTICACAO: Falha na palavra-passe pelo utilizador 'convidado_01'.
2026-07-04 05:08:03 [INFO] MÓDULO CAMARAS: Perda de sinal de vídeo na Câmara_04.
2026-07-04 05:09:05 [INFO] MÓDULO SENSORES: Temperatura da Sala de Servidores acima do normal.
2026-07-04 05:09:39 [WARNING] MÓDULO BASE_DADOS: Timeout na ligação pelo utilizador 'nuno_gomes'.
2026-07-04 05:10:40 [WARNING] MÓDULO BASE_DADOS: Query executada com sucesso pelo utilizador 'convidado_01'.
2026-07-04 05:11:26 [CRITICAL] MÓDULO SENSORES: Temperatura da Sala de Servidores acima do normal.
2026-07-04 05:12:35 [INFO] MÓDULO BASE_DADOS: Timeout na ligação pelo utilizador 'api_gateway'.
2026-07-04 05:13:13 [ERROR] MÓDULO BASE_DADOS: Query executada com sucesso pelo utilizador 'ana_silva'.
2026-07-04 05:14:24 [ERROR] MÓDULO CAMARAS: Gravação iniciada por movimento na Câmara_01.
2026-07-04 05:14:57 [CRITICAL] MÓDULO AUTENTICACAO: Tentativa de brute-force bloqueada pelo utilizador 'admin'.
2026-07-04 05:16:10 [INFO] MÓDULO AUTENTICACAO: Falha na palavra-passe pelo utilizador 'gestor_seguranca'.
2026-07-04 05:17:09 [CRITICAL] MÓDULO AUTENTICACAO: Sessão expirada pelo utilizador 'convidado_01'.
2026-07-04 05:18:29 [INFO] MÓDULO AUTENTICACAO: Login efetuado com sucesso pelo utilizador 'ana_silva'.
2026-07-04 05:19:46 [CRITICAL] MÓDULO BASE_DADOS: Timeout na ligação pelo utilizador 'convidado_01'.
2026-07-04 05:20:54 [INFO] MÓDULO AUTENTICACAO: Tentativa de brute-force bloqueada pelo utilizador 'convidado_01'.
2026-07-04 05:21:34 [ERROR] MÓDULO CAMARAS: Perda de sinal de vídeo na Câmara_04.
2026-07-04 05:22:34 [INFO] MÓDULO AUTENTICACAO: Falha na palavra-passe pelo utilizador 'admin'.
2026-07-04 05:23:12 [ERROR] MÓDULO SENSORES: Sensor de fumos ativo.
2026-07-04 05:24:11 [WARNING] MÓDULO BASE_DADOS: Cópia de segurança (Backup) concluída pelo utilizador 'convidado_01'.
2026-07-04 05:24:57 [INFO] MÓDULO SENSORES: Temperatura da Sala de Servidores acima do normal.
2026-07-04 05:25:28 [WARNING] MÓDULO BASE_DADOS: Timeout na ligação pelo utilizador 'nuno_gomes'.
2026-07-04 05:26:22 [ERROR] MÓDULO BASE_DADOS: Query executada com sucesso pelo utilizador 'nuno_gomes'.
2026-07-04 05:27:02 [INFO] MÓDULO SENSORES: Sensor de fumos ativo.
2026-07-04 05:28:05 [WARNING] MÓDULO SENSORES: Movimento detetado no Corredor B.
2026-07-04 05:29:22 [INFO] MÓDULO AUTENTICACAO: Tentativa de brute-force bloqueada pelo utilizador 'api_gateway'.
2026-07-04 05:30:18 [INFO] MÓDULO BASE_DADOS: Cópia de segurança (Backup) concluída pelo utilizador 'convidado_01'.
2026-07-04 05:31:27 [INFO] MÓDULO BASE_DADOS: Timeout na ligação pelo utilizador 'gestor_seguranca'.
2026-07-04 05:32:38 [CRITICAL] MÓDULO BASE_DADOS: Cópia de segurança (Backup) concluída pelo utilizador 'convidado_01'.
2026-07-04 05:33:38 [CRITICAL] MÓDULO CAMARAS: Falha de armazenamento no DVR_02.
2026-07-04 05:34:59 [WARNING] MÓDULO AUTENTICACAO: Login efetuado com sucesso pelo utilizador 'api_gateway'.
2026-07-04 05:35:47 [INFO] MÓDULO SENSORES: Movimento detetado no Corredor B.
2026-07-04 05:36:41 [ERROR] MÓDULO BASE_DADOS: Query executada com sucesso pelo utilizador 'ana_silva'.
2026-07-04 05:38:02 [INFO] MÓDULO AUTENTICACAO: Falha na palavra-passe pelo utilizador 'admin'.
2026-07-04 05:39:25 [INFO] MÓDULO CAMARAS: Perda de sinal de vídeo na Câmara_04.
2026-07-04 05:40:17 [CRITICAL] MÓDULO CAMARAS: Falha de armazenamento no DVR_02.
2026-07-04 05:41:40 [WARNING] MÓDULO AUTENTICACAO: Tentativa de brute-force bloqueada pelo utilizador 'nuno_gomes'.
2026-07-04 05:42:29 [ERROR] MÓDULO SENSORES: Porta Principal aberta.
2026-07-04 05:43:34 [WARNING] MÓDULO CAMARAS: Perda de sinal de vídeo na Câmara_04.
2026-07-04 05:44:50 [WARNING] MÓDULO AUTENTICACAO: Falha na palavra-passe pelo utilizador 'mauri'.
2026-07-04 05:46:04 [INFO] MÓDULO CAMARAS: Falha de armazenamento no DVR_02.
2026-07-04 05:47:20 [ERROR] MÓDULO BASE_DADOS: Erro de integridade referencial pelo utilizador 'admin'.
2026-07-04 05:48:11 [ERROR] MÓDULO SENSORES: Movimento detetado no Corredor B.
2026-07-04 05:49:26 [CRITICAL] MÓDULO SENSORES: Porta Principal aberta.
2026-07-04 05:50:42 [INFO] MÓDULO BASE_DADOS: Query executada com sucesso pelo utilizador 'gestor_seguranca'.
2026-07-04 05:51:29 [WARNING] MÓDULO BASE_DADOS: Query executada com sucesso pelo utilizador 'ana_silva'.
2026-07-04 05:52:52 [ERROR] MÓDULO AUTENTICACAO: Falha na palavra-passe pelo utilizador 'convidado_01'.
2026-07-04 05:53:52 [WARNING] MÓDULO BASE_DADOS: Erro de integridade referencial pelo utilizador 'ana_silva'.
2026-07-04 05:54:24 [INFO] MÓDULO CAMARAS: Perda de sinal de vídeo na Câmara_04.
2026-07-04 05:55:00 [INFO] MÓDULO CAMARAS: Gravação iniciada por movimento na Câmara_01.
2026-07-04 05:55:56 [WARNING] MÓDULO CAMARAS: Perda de sinal de vídeo na Câmara_04.
2026-07-04 05:56:30 [INFO] MÓDULO BASE_DADOS: Cópia de segurança (Backup) concluída pelo utilizador 'admin'.
2026-07-04 05:57:44 [ERROR] MÓDULO SENSORES: Porta Principal aberta.
2026-07-04 05:58:48 [ERROR] MÓDULO CAMARAS: Gravação iniciada por movimento na Câmara_01.
2026-07-04 05:59:35 [CRITICAL] MÓDULO CAMARAS: Falha de armazenamento no DVR_02.
2026-07-04 06:01:00 [ERROR] MÓDULO BASE_DADOS: Erro de integridade referencial pelo utilizador 'nuno_gomes'.
2026-07-04 06:02:07 [WARNING] MÓDULO CAMARAS: Gravação iniciada por movimento na Câmara_01.
2026-07-04 06:03:32 [CRITICAL] MÓDULO AUTENTICACAO: Tentativa de brute-force bloqueada pelo utilizador 'mauri'.
2026-07-04 06:04:51 [INFO] MÓDULO CAMARAS: Falha de armazenamento no DVR_02.
2026-07-04 06:05:41 [WARNING] MÓDULO CAMARAS: Gravação iniciada por movimento na Câmara_01.
2026-07-04 06:07:05 [INFO] MÓDULO CAMARAS: Perda de sinal de vídeo na Câmara_04.
2026-07-04 06:08:19 [INFO] MÓDULO SENSORES: Movimento detetado no Corredor B.
2026-07-04 06:09:49 [CRITICAL] MÓDULO AUTENTICACAO: Sessão expirada pelo utilizador 'mauri'.
2026-07-04 06:10:55 [ERROR] MÓDULO BASE_DADOS: Query executada com sucesso pelo utilizador 'convidado_01'.
2026-07-04 06:12:19 [INFO] MÓDULO AUTENTICACAO: Falha na palavra-passe pelo utilizador 'admin'.
2026-07-04 06:13:45 [CRITICAL] MÓDULO CAMARAS: Falha de armazenamento no DVR_02.
2026-07-04 06:15:09 [WARNING] MÓDULO AUTENTICACAO: Login efetuado com sucesso pelo utilizador 'nuno_gomes'.
2026-07-04 06:16:26 [CRITICAL] MÓDULO SENSORES: Temperatura da Sala de Servidores acima do normal.
2026-07-04 06:17:08 [INFO] MÓDULO BASE_DADOS: Erro de integridade referencial pelo utilizador 'mauri'.
2026-07-04 06:17:54 [WARNING] MÓDULO BASE_DADOS: Cópia de segurança (Backup) concluída pelo utilizador 'nuno_gomes'.
2026-07-04 06:18:46 [CRITICAL] MÓDULO SENSORES: Porta Principal aberta.
2026-07-04 06:19:50 [CRITICAL] MÓDULO BASE_DADOS: Cópia de segurança (Backup) concluída pelo utilizador 'gestor_seguranca'.
2026-07-04 06:20:36 [WARNING] MÓDULO AUTENTICACAO: Tentativa de brute-force bloqueada pelo utilizador 'gestor_seguranca'.
2026-07-04 06:21:28 [CRITICAL] MÓDULO BASE_DADOS: Erro de integridade referencial pelo utilizador 'ana_silva'.
2026-07-04 06:22:17 [INFO] MÓDULO SENSORES: Sensor de fumos ativo.
2026-07-04 06:23:04 [ERROR] MÓDULO AUTENTICACAO: Falha na palavra-passe pelo utilizador 'ana_silva'.
2026-07-04 06:23:37 [INFO] MÓDULO BASE_DADOS: Query executada com sucesso pelo utilizador 'ana_silva'.
2026-07-04 06:24:17 [INFO] MÓDULO CAMARAS: Falha de armazenamento no DVR_02.
2026-07-04 06:25:15 [INFO] MÓDULO CAMARAS: Perda de sinal de vídeo na Câmara_04.
2026-07-04 06:25:51 [CRITICAL] MÓDULO BASE_DADOS: Cópia de segurança (Backup) concluída pelo utilizador 'gestor_seguranca'.
2026-07-04 06:27:07 [WARNING] MÓDULO BASE_DADOS: Cópia de segurança (Backup) concluída pelo utilizador 'ana_silva'.
2026-07-04 06:28:05 [ERROR] MÓDULO CAMARAS: Gravação iniciada por movimento na Câmara_01.
2026-07-04 06:29:24 [INFO] MÓDULO AUTENTICACAO: Sessão expirada pelo utilizador 'nuno_gomes'.
2026-07-04 06:30:01 [ERROR] MÓDULO CAMARAS: Gravação iniciada por movimento na Câmara_01.
2026-07-04 06:31:00 [WARNING] MÓDULO CAMARAS: Perda de sinal de vídeo na Câmara_04.
2026-07-04 06:32:28 [CRITICAL] MÓDULO CAMARAS: Perda de sinal de vídeo na Câmara_04.
2026-07-04 06:33:05 [CRITICAL] MÓDULO CAMARAS: Falha de armazenamento no DVR_02.
2026-07-04 06:34:24 [INFO] MÓDULO CAMARAS: Gravação iniciada por movimento na Câmara_01.
2026-07-04 06:35:20 [INFO] MÓDULO BASE_DADOS: Query executada com sucesso pelo utilizador 'convidado_01'.
2026-07-04 06:36:24 [INFO] MÓDULO AUTENTICACAO: Falha na palavra-passe pelo utilizador 'convidado_01'.
2026-07-04 06:37:31 [INFO] MÓDULO SENSORES: Movimento detetado no Corredor B.
2026-07-04 06:38:26 [CRITICAL] MÓDULO AUTENTICACAO: Sessão expirada pelo utilizador 'nuno_gomes'.
2026-07-04 06:39:48 [ERROR] MÓDULO SENSORES: Movimento detetado no Corredor B.
2026-07-04 06:41:13 [WARNING] MÓDULO BASE_DADOS: Query executada com sucesso pelo utilizador 'convidado_01'.
2026-07-04 06:42:18 [CRITICAL] MÓDULO BASE_DADOS: Query executada com sucesso pelo utilizador 'gestor_seguranca'.
2026-07-04 06:43:10 [ERROR] MÓDULO CAMARAS: Falha de armazenamento no DVR_02.
2026-07-04 06:44:35 [WARNING] MÓDULO BASE_DADOS: Query executada com sucesso pelo utilizador 'api_gateway'.
2026-07-04 06:45:42 [INFO] MÓDULO SENSORES: Porta Principal aberta.
2026-07-04 06:46:39 [INFO] MÓDULO SENSORES: Porta Principal aberta.
2026-07-04 06:47:47 [ERROR] MÓDULO BASE_DADOS: Query executada com sucesso pelo utilizador 'api_gateway'.
2026-07-04 06:48:53 [CRITICAL] MÓDULO AUTENTICACAO: Login efetuado com sucesso pelo utilizador 'mauri'.
2026-07-04 06:49:38 [INFO] MÓDULO AUTENTICACAO: Sessão expirada pelo utilizador 'mauri'.
2026-07-04 06:50:26 [WARNING] MÓDULO BASE_DADOS: Timeout na ligação pelo utilizador 'mauri'.
2026-07-04 06:51:39 [ERROR] MÓDULO CAMARAS: Falha de armazenamento no DVR_02.
2026-07-04 06:52:34 [ERROR] MÓDULO SENSORES: Porta Principal aberta.
2026-07-04 06:53:18 [INFO] MÓDULO SENSORES: Movimento detetado no Corredor B.
2026-07-04 06:53:52 [INFO] MÓDULO AUTENTICACAO: Falha na palavra-passe pelo utilizador 'ana_silva'.
2026-07-04 06:54:29 [WARNING] MÓDULO BASE_DADOS: Erro de integridade referencial pelo utilizador 'nuno_gomes'.
2026-07-04 06:55:19 [WARNING] MÓDULO SENSORES: Movimento detetado no Corredor B.
2026-07-04 06:56:24 [CRITICAL] MÓDULO AUTENTICACAO: Tentativa de brute-force bloqueada pelo utilizador 'convidado_01'.
2026-07-04 06:56:55 [INFO] MÓDULO BASE_DADOS: Query executada com sucesso pelo utilizador 'gestor_seguranca'.
2026-07-04 06:57:36 [INFO] MÓDULO SENSORES: Porta Principal aberta.
2026-07-04 06:58:09 [CRITICAL] MÓDULO CAMARAS: Gravação iniciada por movimento na Câmara_01.
2026-07-04 06:59:35 [ERROR] MÓDULO AUTENTICACAO: Sessão expirada pelo utilizador 'ana_silva'.
2026-07-04 07:00:26 [WARNING] MÓDULO AUTENTICACAO: Sessão expirada pelo utilizador 'gestor_seguranca'.
2026-07-04 07:01:37 [INFO] MÓDULO AUTENTICACAO: Tentativa de brute-force bloqueada pelo utilizador 'ana_silva'.
2026-07-04 07:02:23 [INFO] MÓDULO AUTENTICACAO: Falha na palavra-passe pelo utilizador 'convidado_01'.
2026-07-04 07:03:43 [WARNING] MÓDULO AUTENTICACAO: Sessão expirada pelo utilizador 'gestor_seguranca'.
2026-07-04 07:04:30 [INFO] MÓDULO SENSORES: Porta Principal aberta.
2026-07-04 07:05:59 [CRITICAL] MÓDULO AUTENTICACAO: Sessão expirada pelo utilizador 'api_gateway'.
2026-07-04 07:06:56 [ERROR] MÓDULO SENSORES: Porta Principal aberta.
2026-07-04 07:08:20 [INFO] MÓDULO AUTENTICACAO: Sessão expirada pelo utilizador 'mauri'.
2026-07-04 07:09:29 [ERROR] MÓDULO SENSORES: Temperatura da Sala de Servidores acima do normal.
2026-07-04 07:10:31 [INFO] MÓDULO BASE_DADOS: Cópia de segurança (Backup) concluída pelo utilizador 'gestor_seguranca'.
2026-07-04 07:11:06 [INFO] MÓDULO BASE_DADOS: Query executada com sucesso pelo utilizador 'nuno_gomes'.
2026-07-04 07:11:56 [INFO] MÓDULO AUTENTICACAO: Sessão expirada pelo utilizador 'nuno_gomes'.
2026-07-04 07:13:05 [CRITICAL] MÓDULO BASE_DADOS: Erro de integridade referencial pelo utilizador 'gestor_seguranca'.
2026-07-04 07:14:33 [CRITICAL] MÓDULO CAMARAS: Perda de sinal de vídeo na Câmara_04.
2026-07-04 07:15:58 [WARNING] MÓDULO AUTENTICACAO: Sessão expirada pelo utilizador 'gestor_seguranca'.
2026-07-04 07:16:58 [CRITICAL] MÓDULO AUTENTICACAO: Tentativa de brute-force bloqueada pelo utilizador 'convidado_01'.
2026-07-04 07:18:04 [WARNING] MÓDULO SENSORES: Temperatura da Sala de Servidores acima do normal.
2026-07-04 07:19:03 [WARNING] MÓDULO SENSORES: Temperatura da Sala de Servidores acima do normal.
2026-07-04 07:20:16 [WARNING] MÓDULO SENSORES: Porta Principal aberta.
2026-07-04 07:20:46 [ERROR] MÓDULO BASE_DADOS: Erro de integridade referencial pelo utilizador 'api_gateway'.
2026-07-04 07:21:29 [CRITICAL] MÓDULO AUTENTICACAO: Falha na palavra-passe pelo utilizador 'convidado_01'.
2026-07-04 07:22:31 [INFO] MÓDULO CAMARAS: Falha de armazenamento no DVR_02.
2026-07-04 07:23:14 [INFO] MÓDULO BASE_DADOS: Cópia de segurança (Backup) concluída pelo utilizador 'convidado_01'.
2026-07-04 07:23:51 [CRITICAL] MÓDULO CAMARAS: Gravação iniciada por movimento na Câmara_01.
2026-07-04 07:25:12 [CRITICAL] MÓDULO SENSORES: Movimento detetado no Corredor B.
2026-07-04 07:26:24 [INFO] MÓDULO CAMARAS: Perda de sinal de vídeo na Câmara_04.
2026-07-04 07:27:17 [ERROR] MÓDULO BASE_DADOS: Timeout na ligação pelo utilizador 'convidado_01'.
2026-07-04 07:28:08 [WARNING] MÓDULO BASE_DADOS: Erro de integridade referencial pelo utilizador 'nuno_gomes'.
2026-07-04 07:28:38 [WARNING] MÓDULO CAMARAS: Falha de armazenamento no DVR_02.
2026-07-04 07:29:25 [INFO] MÓDULO BASE_DADOS: Erro de integridade referencial pelo utilizador 'api_gateway'.
2026-07-04 07:30:18 [INFO] MÓDULO CAMARAS: Falha de armazenamento no DVR_02.
2026-07-04 07:31:05 [INFO] MÓDULO SENSORES: Porta Principal aberta.
2026-07-04 07:32:23 [WARNING] MÓDULO CAMARAS: Perda de sinal de vídeo na Câmara_04.
2026-07-04 07:33:36 [CRITICAL] MÓDULO CAMARAS: Falha de armazenamento no DVR_02.
2026-07-04 07:34:32 [WARNING] MÓDULO CAMARAS: Perda de sinal de vídeo na Câmara_04.
2026-07-04 07:35:06 [ERROR] MÓDULO SENSORES: Movimento detetado no Corredor B.
2026-07-04 07:35:41 [INFO] MÓDULO SENSORES: Movimento detetado no Corredor B.
2026-07-04 07:37:01 [WARNING] MÓDULO CAMARAS: Perda de sinal de vídeo na Câmara_04.
2026-07-04 07:38:10 [WARNING] MÓDULO CAMARAS: Perda de sinal de vídeo na Câmara_04.
2026-07-04 07:39:35 [ERROR] MÓDULO AUTENTICACAO: Falha na palavra-passe pelo utilizador 'admin'.
2026-07-04 07:41:02 [CRITICAL] MÓDULO CAMARAS: Perda de sinal de vídeo na Câmara_04.
2026-07-04 07:42:02 [INFO] MÓDULO AUTENTICACAO: Tentativa de brute-force bloqueada pelo utilizador 'convidado_01'.
2026-07-04 07:43:22 [WARNING] MÓDULO CAMARAS: Falha de armazenamento no DVR_02.
2026-07-04 07:44:32 [INFO] MÓDULO SENSORES: Movimento detetado no Corredor B.
2026-07-04 07:45:16 [INFO] MÓDULO SENSORES: Temperatura da Sala de Servidores acima do normal.
2026-07-04 07:46:35 [CRITICAL] MÓDULO AUTENTICACAO: Sessão expirada pelo utilizador 'convidado_01'.
2026-07-04 07:47:44 [ERROR] MÓDULO SENSORES: Temperatura da Sala de Servidores acima do normal.
2026-07-04 07:49:13 [INFO] MÓDULO AUTENTICACAO: Login efetuado com sucesso pelo utilizador 'ana_silva'.
2026-07-04 07:49:50 [INFO] MÓDULO CAMARAS: Gravação iniciada por movimento na Câmara_01.
2026-07-04 07:50:57 [WARNING] MÓDULO AUTENTICACAO: Login efetuado com sucesso pelo utilizador 'gestor_seguranca'.
2026-07-04 07:52:06 [WARNING] MÓDULO CAMARAS: Perda de sinal de vídeo na Câmara_04.
2026-07-04 07:53:32 [WARNING] MÓDULO AUTENTICACAO: Falha na palavra-passe pelo utilizador 'api_gateway'.
2026-07-04 07:54:27 [INFO] MÓDULO SENSORES: Sensor de fumos ativo.
2026-07-04 07:55:40 [ERROR] MÓDULO AUTENTICACAO: Falha na palavra-passe pelo utilizador 'convidado_01'.
2026-07-04 07:56:46 [INFO] MÓDULO AUTENTICACAO: Tentativa de brute-force bloqueada pelo utilizador 'mauri'.
2026-07-04 07:57:48 [INFO] MÓDULO BASE_DADOS: Query executada com sucesso pelo utilizador 'ana_silva'.
2026-07-04 07:58:21 [INFO] MÓDULO AUTENTICACAO: Tentativa de brute-force bloqueada pelo utilizador 'nuno_gomes'.
2026-07-04 07:59:46 [INFO] MÓDULO SENSORES: Movimento detetado no Corredor B.
2026-07-04 08:00:34 [ERROR] MÓDULO BASE_DADOS: Timeout na ligação pelo utilizador 'api_gateway'.
2026-07-04 08:01:50 [INFO] MÓDULO SENSORES: Movimento detetado no Corredor B.
2026-07-04 08:02:30 [ERROR] MÓDULO BASE_DADOS: Query executada com sucesso pelo utilizador 'mauri'.
2026-07-04 08:03:12 [CRITICAL] MÓDULO CAMARAS: Falha de armazenamento no DVR_02.
2026-07-04 08:04:03 [INFO] MÓDULO SENSORES: Sensor de fumos ativo.
2026-07-04 08:04:53 [WARNING] MÓDULO BASE_DADOS: Query executada com sucesso pelo utilizador 'gestor_seguranca'.
2026-07-04 08:06:18 [INFO] MÓDULO BASE_DADOS: Query executada com sucesso pelo utilizador 'nuno_gomes'.
2026-07-04 08:06:57 [WARNING] MÓDULO BASE_DADOS: Query executada com sucesso pelo utilizador 'api_gateway'.
2026-07-04 08:08:17 [CRITICAL] MÓDULO CAMARAS: Perda de sinal de vídeo na Câmara_04.
2026-07-04 08:09:09 [INFO] MÓDULO CAMARAS: Gravação iniciada por movimento na Câmara_01.
2026-07-04 08:09:43 [INFO] MÓDULO CAMARAS: Falha de armazenamento no DVR_02.
2026-07-04 08:10:43 [INFO] MÓDULO SENSORES: Temperatura da Sala de Servidores acima do normal.
2026-07-04 08:12:04 [CRITICAL] MÓDULO AUTENTICACAO: Sessão expirada pelo utilizador 'nuno_gomes'.
2026-07-04 08:12:45 [INFO] MÓDULO CAMARAS: Falha de armazenamento no DVR_02.
2026-07-04 08:13:56 [INFO] MÓDULO BASE_DADOS: Query executada com sucesso pelo utilizador 'admin'.
2026-07-04 08:15:05 [INFO] MÓDULO BASE_DADOS: Query executada com sucesso pelo utilizador 'api_gateway'.
2026-07-04 08:15:44 [WARNING] MÓDULO BASE_DADOS: Erro de integridade referencial pelo utilizador 'admin'.
2026-07-04 08:16:52 [INFO] MÓDULO AUTENTICACAO: Sessão expirada pelo utilizador 'mauri'.
2026-07-04 08:17:49 [WARNING] MÓDULO AUTENTICACAO: Sessão expirada pelo utilizador 'gestor_seguranca'.
2026-07-04 08:19:06 [ERROR] MÓDULO SENSORES: Temperatura da Sala de Servidores acima do normal.
2026-07-04 08:19:40 [CRITICAL] MÓDULO CAMARAS: Falha de armazenamento no DVR_02.
2026-07-04 08:20:25 [INFO] MÓDULO AUTENTICACAO: Login efetuado com sucesso pelo utilizador 'ana_silva'.
2026-07-04 08:21:23 [WARNING] MÓDULO BASE_DADOS: Timeout na ligação pelo utilizador 'admin'.
2026-07-04 08:22:14 [WARNING] MÓDULO BASE_DADOS: Erro de integridade referencial pelo utilizador 'admin'.
2026-07-04 08:23:32 [INFO] MÓDULO BASE_DADOS: Erro de integridade referencial pelo utilizador 'ana_silva'.
2026-07-04 08:24:21 [INFO] MÓDULO CAMARAS: Perda de sinal de vídeo na Câmara_04.
2026-07-04 08:25:37 [INFO] MÓDULO SENSORES: Porta Principal aberta.
2026-07-04 08:26:57 [ERROR] MÓDULO SENSORES: Movimento detetado no Corredor B.
2026-07-04 08:28:02 [CRITICAL] MÓDULO CAMARAS: Gravação iniciada por movimento na Câmara_01.
2026-07-04 08:29:13 [CRITICAL] MÓDULO SENSORES: Movimento detetado no Corredor B.
2026-07-04 08:30:05 [INFO] MÓDULO BASE_DADOS: Cópia de segurança (Backup) concluída pelo utilizador 'admin'.
2026-07-04 08:30:42 [INFO] MÓDULO CAMARAS: Falha de armazenamento no DVR_02.
2026-07-04 08:31:22 [WARNING] MÓDULO BASE_DADOS: Cópia de segurança (Backup) concluída pelo utilizador 'ana_silva'.
2026-07-04 08:32:38 [WARNING] MÓDULO SENSORES: Porta Principal aberta.
2026-07-04 08:33:14 [ERROR] MÓDULO SENSORES: Porta Principal aberta.
2026-07-04 08:34:04 [CRITICAL] MÓDULO BASE_DADOS: Query executada com sucesso pelo utilizador 'mauri'.
2026-07-04 08:35:12 [CRITICAL] MÓDULO CAMARAS: Gravação iniciada por movimento na Câmara_01.
2026-07-04 08:36:24 [INFO] MÓDULO CAMARAS: Falha de armazenamento no DVR_02.
2026-07-04 08:36:55 [WARNING] MÓDULO BASE_DADOS: Erro de integridade referencial pelo utilizador 'admin'.
2026-07-04 08:38:12 [INFO] MÓDULO BASE_DADOS: Timeout na ligação pelo utilizador 'convidado_01'.
2026-07-04 08:39:21 [INFO] MÓDULO AUTENTICACAO: Sessão expirada pelo utilizador 'nuno_gomes'.
2026-07-04 08:40:05 [WARNING] MÓDULO BASE_DADOS: Erro de integridade referencial pelo utilizador 'admin'.
2026-07-04 08:41:01 [ERROR] MÓDULO CAMARAS: Gravação iniciada por movimento na Câmara_01.
2026-07-04 08:42:21 [ERROR] MÓDULO AUTENTICACAO: Login efetuado com sucesso pelo utilizador 'api_gateway'.
2026-07-04 08:43:29 [INFO] MÓDULO BASE_DADOS: Cópia de segurança (Backup) concluída pelo utilizador 'nuno_gomes'.
2026-07-04 08:44:50 [ERROR] MÓDULO SENSORES: Porta Principal aberta.
2026-07-04 08:46:11 [ERROR] MÓDULO BASE_DADOS: Erro de integridade referencial pelo utilizador 'api_gateway'.
2026-07-04 08:47:24 [INFO] MÓDULO AUTENTICACAO: Falha na palavra-passe pelo utilizador 'admin'.
2026-07-04 08:48:21 [CRITICAL] MÓDULO AUTENTICACAO: Login efetuado com sucesso pelo utilizador 'convidado_01'.
2026-07-04 08:49:23 [INFO] MÓDULO AUTENTICACAO: Falha na palavra-passe pelo utilizador 'convidado_01'.
2026-07-04 08:50:42 [ERROR] MÓDULO SENSORES: Porta Principal aberta.
2026-07-04 08:52:00 [WARNING] MÓDULO AUTENTICACAO: Tentativa de brute-force bloqueada pelo utilizador 'ana_silva'.
2026-07-04 08:52:49 [WARNING] MÓDULO CAMARAS: Perda de sinal de vídeo na Câmara_04.
2026-07-04 08:54:01 [WARNING] MÓDULO CAMARAS: Gravação iniciada por movimento na Câmara_01.
2026-07-04 08:55:22 [INFO] MÓDULO BASE_DADOS: Timeout na ligação pelo utilizador 'mauri'.
2026-07-04 08:56:16 [CRITICAL] MÓDULO SENSORES: Movimento detetado no Corredor B.
2026-07-04 08:57:00 [ERROR] MÓDULO SENSORES: Porta Principal aberta.
2026-07-04 08:58:23 [INFO] MÓDULO CAMARAS: Gravação iniciada por movimento na Câmara_01.
2026-07-04 08:59:13 [WARNING] MÓDULO CAMARAS: Perda de sinal de vídeo na Câmara_04.
2026-07-04 09:00:27 [CRITICAL] MÓDULO CAMARAS: Falha de armazenamento no DVR_02.
2026-07-04 09:01:21 [WARNING] MÓDULO SENSORES: Movimento detetado no Corredor B.
2026-07-04 09:02:11 [INFO] MÓDULO BASE_DADOS: Query executada com sucesso pelo utilizador 'convidado_01'.
2026-07-04 09:03:01 [CRITICAL] MÓDULO CAMARAS: Falha de armazenamento no DVR_02.
2026-07-04 09:03:58 [ERROR] MÓDULO CAMARAS: Perda de sinal de vídeo na Câmara_04.
2026-07-04 09:04:30 [CRITICAL] MÓDULO BASE_DADOS: Timeout na ligação pelo utilizador 'admin'.
2026-07-04 09:05:13 [INFO] MÓDULO CAMARAS: Perda de sinal de vídeo na Câmara_04.
2026-07-04 09:06:29 [ERROR] MÓDULO BASE_DADOS: Query executada com sucesso pelo utilizador 'ana_silva'.
2026-07-04 09:07:22 [CRITICAL] MÓDULO AUTENTICACAO: Falha na palavra-passe pelo utilizador 'gestor_seguranca'.
2026-07-04 09:08:28 [WARNING] MÓDULO CAMARAS: Falha de armazenamento no DVR_02.
2026-07-04 09:09:00 [ERROR] MÓDULO BASE_DADOS: Query executada com sucesso pelo utilizador 'api_gateway'.
2026-07-04 09:10:19 [WARNING] MÓDULO CAMARAS: Gravação iniciada por movimento na Câmara_01.
2026-07-04 09:11:37 [INFO] MÓDULO BASE_DADOS: Query executada com sucesso pelo utilizador 'api_gateway'.
2026-07-04 09:13:03 [INFO] MÓDULO CAMARAS: Perda de sinal de vídeo na Câmara_04.
2026-07-04 09:14:00 [WARNING] MÓDULO SENSORES: Temperatura da Sala de Servidores acima do normal.
2026-07-04 09:15:04 [WARNING] MÓDULO CAMARAS: Falha de armazenamento no DVR_02.
2026-07-04 09:16:19 [INFO] MÓDULO BASE_DADOS: Erro de integridade referencial pelo utilizador 'api_gateway'.
2026-07-04 09:17:30 [WARNING] MÓDULO SENSORES: Sensor de fumos ativo.
2026-07-04 09:18:06 [INFO] MÓDULO CAMARAS: Perda de sinal de vídeo na Câmara_04.
2026-07-04 09:18:45 [INFO] MÓDULO BASE_DADOS: Timeout na ligação pelo utilizador 'gestor_seguranca'.
2026-07-04 09:20:02 [INFO] MÓDULO AUTENTICACAO: Falha na palavra-passe pelo utilizador 'convidado_01'.
2026-07-04 09:21:28 [INFO] MÓDULO SENSORES: Porta Principal aberta.
2026-07-04 09:22:42 [INFO] MÓDULO AUTENTICACAO: Tentativa de brute-force bloqueada pelo utilizador 'convidado_01'.
2026-07-04 09:23:12 [ERROR] MÓDULO SENSORES: Sensor de fumos ativo.
2026-07-04 09:24:12 [ERROR] MÓDULO CAMARAS: Falha de armazenamento no DVR_02.
2026-07-04 09:25:10 [CRITICAL] MÓDULO CAMARAS: Perda de sinal de vídeo na Câmara_04.
2026-07-04 09:26:40 [WARNING] MÓDULO SENSORES: Temperatura da Sala de Servidores acima do normal.
2026-07-04 09:27:30 [INFO] MÓDULO BASE_DADOS: Cópia de segurança (Backup) concluída pelo utilizador 'nuno_gomes'.
2026-07-04 09:28:01 [ERROR] MÓDULO CAMARAS: Gravação iniciada por movimento na Câmara_01.
2026-07-04 09:29:06 [INFO] MÓDULO BASE_DADOS: Query executada com sucesso pelo utilizador 'nuno_gomes'.
2026-07-04 09:29:54 [CRITICAL] MÓDULO SENSORES: Sensor de fumos ativo.
2026-07-04 09:30:49 [INFO] MÓDULO SENSORES: Movimento detetado no Corredor B.
2026-07-04 09:31:23 [INFO] MÓDULO SENSORES: Movimento detetado no Corredor B.
2026-07-04 09:32:33 [INFO] MÓDULO SENSORES: Porta Principal aberta.
2026-07-04 09:33:27 [INFO] MÓDULO BASE_DADOS: Erro de integridade referencial pelo utilizador 'api_gateway'.
2026-07-04 09:34:30 [CRITICAL] MÓDULO CAMARAS: Gravação iniciada por movimento na Câmara_01.
2026-07-04 09:35:52 [WARNING] MÓDULO AUTENTICACAO: Login efetuado com sucesso pelo utilizador 'gestor_seguranca'.
2026-07-04 09:36:47 [ERROR] MÓDULO BASE_DADOS: Cópia de segurança (Backup) concluída pelo utilizador 'admin'.
2026-07-04 09:37:21 [ERROR] MÓDULO CAMARAS: Falha de armazenamento no DVR_02.
2026-07-04 09:38:18 [CRITICAL] MÓDULO SENSORES: Porta Principal aberta.
2026-07-04 09:39:32 [ERROR] MÓDULO BASE_DADOS: Timeout na ligação pelo utilizador 'api_gateway'.
2026-07-04 09:40:58 [CRITICAL] MÓDULO AUTENTICACAO: Sessão expirada pelo utilizador 'gestor_seguranca'.
2026-07-04 09:41:36 [INFO] MÓDULO BASE_DADOS: Erro de integridade referencial pelo utilizador 'ana_silva'.
2026-07-04 09:42:57 [INFO] MÓDULO BASE_DADOS: Cópia de segurança (Backup) concluída pelo utilizador 'gestor_seguranca'.
2026-07-04 09:44:07 [ERROR] MÓDULO SENSORES: Sensor de fumos ativo.
2026-07-04 09:44:48 [ERROR] MÓDULO CAMARAS: Gravação iniciada por movimento na Câmara_01.
2026-07-04 09:45:43 [WARNING] MÓDULO CAMARAS: Perda de sinal de vídeo na Câmara_04.
2026-07-04 09:46:48 [CRITICAL] MÓDULO AUTENTICACAO: Tentativa de brute-force bloqueada pelo utilizador 'admin'.
2026-07-04 09:47:44 [WARNING] MÓDULO AUTENTICACAO: Sessão expirada pelo utilizador 'ana_silva'.
2026-07-04 09:48:20 [INFO] MÓDULO SENSORES: Porta Principal aberta.
2026-07-04 09:48:54 [ERROR] MÓDULO CAMARAS: Perda de sinal de vídeo na Câmara_04.
2026-07-04 09:49:58 [INFO] MÓDULO SENSORES: Sensor de fumos ativo.
2026-07-04 09:51:03 [CRITICAL] MÓDULO CAMARAS: Gravação iniciada por movimento na Câmara_01.
2026-07-04 09:51:50 [ERROR] MÓDULO BASE_DADOS: Query executada com sucesso pelo utilizador 'gestor_seguranca'.
2026-07-04 09:52:31 [WARNING] MÓDULO AUTENTICACAO: Tentativa de brute-force bloqueada pelo utilizador 'api_gateway'.
2026-07-04 09:53:55 [CRITICAL] MÓDULO SENSORES: Movimento detetado no Corredor B.
2026-07-04 09:54:46 [ERROR] MÓDULO CAMARAS: Falha de armazenamento no DVR_02.
2026-07-04 09:56:02 [INFO] MÓDULO BASE_DADOS: Erro de integridade referencial pelo utilizador 'admin'.
2026-07-04 09:56:50 [WARNING] MÓDULO AUTENTICACAO: Falha na palavra-passe pelo utilizador 'mauri'.
2026-07-04 09:57:29 [INFO] MÓDULO CAMARAS: Gravação iniciada por movimento na Câmara_01.
2026-07-04 09:58:17 [ERROR] MÓDULO BASE_DADOS: Erro de integridade referencial pelo utilizador 'admin'.
2026-07-04 09:58:50 [CRITICAL] MÓDULO BASE_DADOS: Erro de integridade referencial pelo utilizador 'convidado_01'.
2026-07-04 09:59:55 [CRITICAL] MÓDULO BASE_DADOS: Timeout na ligação pelo utilizador 'convidado_01'.
2026-07-04 10:01:06 [CRITICAL] MÓDULO BASE_DADOS: Erro de integridade referencial pelo utilizador 'gestor_seguranca'.
2026-07-04 10:02:36 [INFO] MÓDULO SENSORES: Sensor de fumos ativo.
2026-07-04 10:03:49 [INFO] MÓDULO AUTENTICACAO: Falha na palavra-passe pelo utilizador 'gestor_seguranca'.
2026-07-04 10:04:46 [WARNING] MÓDULO CAMARAS: Falha de armazenamento no DVR_02.
2026-07-04 10:05:38 [WARNING] MÓDULO AUTENTICACAO: Tentativa de brute-force bloqueada pelo utilizador 'convidado_01'.
2026-07-04 10:07:06 [ERROR] MÓDULO BASE_DADOS: Query executada com sucesso pelo utilizador 'mauri'.
2026-07-04 10:07:54 [ERROR] MÓDULO CAMARAS: Falha de armazenamento no DVR_02.
2026-07-04 10:08:43 [INFO] MÓDULO SENSORES: Porta Principal aberta.
2026-07-04 10:09:38 [CRITICAL] MÓDULO BASE_DADOS: Query executada com sucesso pelo utilizador 'gestor_seguranca'.
2026-07-04 10:10:46 [INFO] MÓDULO SENSORES: Sensor de fumos ativo.
2026-07-04 10:12:14 [INFO] MÓDULO CAMARAS: Falha de armazenamento no DVR_02.
2026-07-04 10:13:44 [INFO] MÓDULO BASE_DADOS: Cópia de segurança (Backup) concluída pelo utilizador 'api_gateway'.
2026-07-04 10:14:14 [INFO] MÓDULO CAMARAS: Falha de armazenamento no DVR_02.
2026-07-04 10:14:51 [CRITICAL] MÓDULO SENSORES: Sensor de fumos ativo.
2026-07-04 10:15:34 [INFO] MÓDULO AUTENTICACAO: Tentativa de brute-force bloqueada pelo utilizador 'mauri'.
2026-07-04 10:16:36 [INFO] MÓDULO AUTENTICACAO: Falha na palavra-passe pelo utilizador 'api_gateway'.
2026-07-04 10:18:01 [ERROR] MÓDULO CAMARAS: Gravação iniciada por movimento na Câmara_01.
2026-07-04 10:18:35 [INFO] MÓDULO SENSORES: Movimento detetado no Corredor B.
2026-07-04 10:19:50 [ERROR] MÓDULO SENSORES: Sensor de fumos ativo.
2026-07-04 10:20:55 [ERROR] MÓDULO BASE_DADOS: Erro de integridade referencial pelo utilizador 'mauri'.
2026-07-04 10:21:56 [INFO] MÓDULO SENSORES: Sensor de fumos ativo.
2026-07-04 10:22:26 [INFO] MÓDULO SENSORES: Sensor de fumos ativo.
2026-07-04 10:23:14 [ERROR] MÓDULO BASE_DADOS: Query executada com sucesso pelo utilizador 'api_gateway'.
2026-07-04 10:24:18 [ERROR] MÓDULO SENSORES: Temperatura da Sala de Servidores acima do normal.
2026-07-04 10:25:32 [INFO] MÓDULO AUTENTICACAO: Login efetuado com sucesso pelo utilizador 'api_gateway'.
2026-07-04 10:26:28 [INFO] MÓDULO SENSORES: Temperatura da Sala de Servidores acima do normal.
2026-07-04 10:27:56 [CRITICAL] MÓDULO BASE_DADOS: Query executada com sucesso pelo utilizador 'ana_silva'.
2026-07-04 10:29:17 [CRITICAL] MÓDULO AUTENTICACAO: Sessão expirada pelo utilizador 'admin'.
2026-07-04 10:30:36 [WARNING] MÓDULO SENSORES: Temperatura da Sala de Servidores acima do normal.
2026-07-04 10:32:00 [INFO] MÓDULO SENSORES: Movimento detetado no Corredor B.
2026-07-04 10:33:02 [WARNING] MÓDULO SENSORES: Temperatura da Sala de Servidores acima do normal.
2026-07-04 10:34:14 [INFO] MÓDULO CAMARAS: Falha de armazenamento no DVR_02.
2026-07-04 10:35:41 [ERROR] MÓDULO SENSORES: Porta Principal aberta.
2026-07-04 10:36:32 [ERROR] MÓDULO SENSORES: Movimento detetado no Corredor B.
2026-07-04 10:37:32 [CRITICAL] MÓDULO SENSORES: Porta Principal aberta.
2026-07-04 10:38:44 [WARNING] MÓDULO SENSORES: Movimento detetado no Corredor B.
2026-07-04 10:40:10 [INFO] MÓDULO AUTENTICACAO: Login efetuado com sucesso pelo utilizador 'mauri'.
2026-07-04 10:41:04 [INFO] MÓDULO CAMARAS: Perda de sinal de vídeo na Câmara_04.
2026-07-04 10:42:19 [ERROR] MÓDULO CAMARAS: Falha de armazenamento no DVR_02.
2026-07-04 10:43:40 [ERROR] MÓDULO AUTENTICACAO: Falha na palavra-passe pelo utilizador 'mauri'.
2026-07-04 10:44:48 [INFO] MÓDULO AUTENTICACAO: Tentativa de brute-force bloqueada pelo utilizador 'ana_silva'.
2026-07-04 10:46:05 [INFO] MÓDULO SENSORES: Porta Principal aberta.
2026-07-04 10:47:27 [ERROR] MÓDULO CAMARAS: Falha de armazenamento no DVR_02.
2026-07-04 10:48:26 [WARNING] MÓDULO CAMARAS: Falha de armazenamento no DVR_02.
2026-07-04 10:48:59 [INFO] MÓDULO AUTENTICACAO: Tentativa de brute-force bloqueada pelo utilizador 'convidado_01'.
2026-07-04 10:50:23 [CRITICAL] MÓDULO AUTENTICACAO: Sessão expirada pelo utilizador 'convidado_01'.
2026-07-04 10:51:37 [ERROR] MÓDULO BASE_DADOS: Erro de integridade referencial pelo utilizador 'admin'.
2026-07-04 10:52:57 [WARNING] MÓDULO AUTENTICACAO: Sessão expirada pelo utilizador 'gestor_seguranca'.
2026-07-04 10:53:38 [INFO] MÓDULO AUTENTICACAO: Falha na palavra-passe pelo utilizador 'admin'.
2026-07-04 10:54:21 [CRITICAL] MÓDULO SENSORES: Sensor de fumos ativo.
2026-07-04 10:55:17 [ERROR] MÓDULO AUTENTICACAO: Falha na palavra-passe pelo utilizador 'admin'.
2026-07-04 10:56:13 [INFO] MÓDULO CAMARAS: Gravação iniciada por movimento na Câmara_01.
2026-07-04 10:57:10 [ERROR] MÓDULO CAMARAS: Perda de sinal de vídeo na Câmara_04.
2026-07-04 10:58:20 [INFO] MÓDULO SENSORES: Sensor de fumos ativo.
2026-07-04 10:59:42 [CRITICAL] MÓDULO SENSORES: Movimento detetado no Corredor B.
2026-07-04 11:00:29 [ERROR] MÓDULO AUTENTICACAO: Tentativa de brute-force bloqueada pelo utilizador 'mauri'.
2026-07-04 11:01:32 [ERROR] MÓDULO BASE_DADOS: Query executada com sucesso pelo utilizador 'mauri'.
2026-07-04 11:02:03 [INFO] MÓDULO BASE_DADOS: Erro de integridade referencial pelo utilizador 'ana_silva'.
2026-07-04 11:03:01 [INFO] MÓDULO BASE_DADOS: Erro de integridade referencial pelo utilizador 'admin'.
2026-07-04 11:04:17 [ERROR] MÓDULO SENSORES: Movimento detetado no Corredor B.
2026-07-04 11:04:58 [INFO] MÓDULO SENSORES: Movimento detetado no Corredor B.
2026-07-04 11:06:25 [INFO] MÓDULO AUTENTICACAO: Login efetuado com sucesso pelo utilizador 'convidado_01'.
2026-07-04 11:07:41 [INFO] MÓDULO CAMARAS: Gravação iniciada por movimento na Câmara_01.
2026-07-04 11:08:11 [INFO] MÓDULO CAMARAS: Perda de sinal de vídeo na Câmara_04.
2026-07-04 11:08:41 [CRITICAL] MÓDULO BASE_DADOS: Erro de integridade referencial pelo utilizador 'nuno_gomes'.
2026-07-04 11:09:35 [INFO] MÓDULO BASE_DADOS: Timeout na ligação pelo utilizador 'ana_silva'.
2026-07-04 11:10:45 [WARNING] MÓDULO SENSORES: Sensor de fumos ativo.
2026-07-04 11:11:36 [INFO] MÓDULO SENSORES: Sensor de fumos ativo.
2026-07-04 11:12:47 [WARNING] MÓDULO SENSORES: Porta Principal aberta.
2026-07-04 11:13:57 [CRITICAL] MÓDULO BASE_DADOS: Query executada com sucesso pelo utilizador 'ana_silva'.
2026-07-04 11:15:10 [INFO] MÓDULO SENSORES: Movimento detetado no Corredor B.
2026-07-04 11:16:10 [INFO] MÓDULO BASE_DADOS: Timeout na ligação pelo utilizador 'admin'.
2026-07-04 11:16:49 [INFO] MÓDULO SENSORES: Sensor de fumos ativo.
2026-07-04 11:17:40 [ERROR] MÓDULO AUTENTICACAO: Falha na palavra-passe pelo utilizador 'gestor_seguranca'.
2026-07-04 11:18:32 [CRITICAL] MÓDULO SENSORES: Temperatura da Sala de Servidores acima do normal.
2026-07-04 11:19:17 [INFO] MÓDULO SENSORES: Sensor de fumos ativo.
2026-07-04 11:20:11 [INFO] MÓDULO SENSORES: Temperatura da Sala de Servidores acima do normal.
2026-07-04 11:21:28 [INFO] MÓDULO CAMARAS: Falha de armazenamento no DVR_02.
2026-07-04 11:22:08 [WARNING] MÓDULO AUTENTICACAO: Tentativa de brute-force bloqueada pelo utilizador 'nuno_gomes'.
2026-07-04 11:23:11 [ERROR] MÓDULO CAMARAS: Falha de armazenamento no DVR_02.
2026-07-04 11:24:14 [INFO] MÓDULO AUTENTICACAO: Login efetuado com sucesso pelo utilizador 'ana_silva'.
2026-07-04 11:24:54 [ERROR] MÓDULO BASE_DADOS: Timeout na ligação pelo utilizador 'mauri'.
2026-07-04 11:25:47 [INFO] MÓDULO SENSORES: Porta Principal aberta.
2026-07-04 11:26:33 [CRITICAL] MÓDULO AUTENTICACAO: Falha na palavra-passe pelo utilizador 'convidado_01'.
2026-07-04 11:27:13 [ERROR] MÓDULO AUTENTICACAO: Sessão expirada pelo utilizador 'admin'.
2026-07-04 11:28:01 [CRITICAL] MÓDULO BASE_DADOS: Query executada com sucesso pelo utilizador 'admin'.
2026-07-04 11:28:42 [ERROR] MÓDULO CAMARAS: Falha de armazenamento no DVR_02.
2026-07-04 11:29:33 [CRITICAL] MÓDULO CAMARAS: Falha de armazenamento no DVR_02.
2026-07-04 11:30:29 [INFO] MÓDULO SENSORES: Sensor de fumos ativo.
2026-07-04 11:31:56 [CRITICAL] MÓDULO BASE_DADOS: Erro de integridade referencial pelo utilizador 'api_gateway'.
2026-07-04 11:33:11 [ERROR] MÓDULO CAMARAS: Perda de sinal de vídeo na Câmara_04.
2026-07-04 11:34:16 [INFO] MÓDULO AUTENTICACAO: Falha na palavra-passe pelo utilizador 'mauri'.
2026-07-04 11:35:15 [CRITICAL] MÓDULO CAMARAS: Perda de sinal de vídeo na Câmara_04.
2026-07-04 11:35:52 [CRITICAL] MÓDULO BASE_DADOS: Cópia de segurança (Backup) concluída pelo utilizador 'ana_silva'.
2026-07-04 11:36:45 [INFO] MÓDULO SENSORES: Sensor de fumos ativo.
2026-07-04 11:37:29 [INFO] MÓDULO SENSORES: Sensor de fumos ativo.
2026-07-04 11:38:32 [CRITICAL] MÓDULO SENSORES: Porta Principal aberta.
2026-07-04 11:39:14 [INFO] MÓDULO CAMARAS: Perda de sinal de vídeo na Câmara_04.
2026-07-04 11:40:38 [INFO] MÓDULO AUTENTICACAO: Sessão expirada pelo utilizador 'nuno_gomes'.
2026-07-04 11:41:24 [ERROR] MÓDULO CAMARAS: Perda de sinal de vídeo na Câmara_04.
2026-07-04 11:42:27 [CRITICAL] MÓDULO SENSORES: Sensor de fumos ativo.
2026-07-04 11:43:54 [INFO] MÓDULO CAMARAS: Falha de armazenamento no DVR_02.
2026-07-04 11:44:58 [INFO] MÓDULO AUTENTICACAO: Falha na palavra-passe pelo utilizador 'api_gateway'.
2026-07-04 11:46:22 [INFO] MÓDULO CAMARAS: Falha de armazenamento no DVR_02.
2026-07-04 11:46:54 [ERROR] MÓDULO BASE_DADOS: Erro de integridade referencial pelo utilizador 'mauri'.
2026-07-04 11:47:31 [CRITICAL] MÓDULO CAMARAS: Perda de sinal de vídeo na Câmara_04.
2026-07-04 11:48:09 [ERROR] MÓDULO CAMARAS: Perda de sinal de vídeo na Câmara_04.
2026-07-04 11:49:10 [INFO] MÓDULO CAMARAS: Perda de sinal de vídeo na Câmara_04.
2026-07-04 11:50:24 [CRITICAL] MÓDULO CAMARAS: Falha de armazenamento no DVR_02.
2026-07-04 11:51:01 [ERROR] MÓDULO BASE_DADOS: Erro de integridade referencial pelo utilizador 'ana_silva'.
2026-07-04 11:52:07 [CRITICAL] MÓDULO SENSORES: Porta Principal aberta.
2026-07-04 11:53:01 [INFO] MÓDULO BASE_DADOS: Erro de integridade referencial pelo utilizador 'gestor_seguranca'.
2026-07-04 11:54:20 [CRITICAL] MÓDULO CAMARAS: Perda de sinal de vídeo na Câmara_04.
2026-07-04 11:55:41 [INFO] MÓDULO AUTENTICACAO: Login efetuado com sucesso pelo utilizador 'convidado_01'.
2026-07-04 11:56:27 [INFO] MÓDULO AUTENTICACAO: Login efetuado com sucesso pelo utilizador 'admin'.
2026-07-04 11:57:34 [ERROR] MÓDULO AUTENTICACAO: Sessão expirada pelo utilizador 'api_gateway'.
2026-07-04 11:58:27 [CRITICAL] MÓDULO AUTENTICACAO: Login efetuado com sucesso pelo utilizador 'api_gateway'.
2026-07-04 11:59:15 [INFO] MÓDULO BASE_DADOS: Cópia de segurança (Backup) concluída pelo utilizador 'admin'.
2026-07-04 12:00:19 [INFO] MÓDULO CAMARAS: Falha de armazenamento no DVR_02.
2026-07-04 12:01:37 [INFO] MÓDULO BASE_DADOS: Cópia de segurança (Backup) concluída pelo utilizador 'admin'.
2026-07-04 12:02:42 [INFO] MÓDULO CAMARAS: Gravação iniciada por movimento na Câmara_01.
2026-07-04 12:03:54 [INFO] MÓDULO AUTENTICACAO: Login efetuado com sucesso pelo utilizador 'ana_silva'.
2026-07-04 12:04:41 [ERROR] MÓDULO CAMARAS: Perda de sinal de vídeo na Câmara_04.
2026-07-04 12:05:41 [INFO] MÓDULO AUTENTICACAO: Falha na palavra-passe pelo utilizador 'nuno_gomes'.
2026-07-04 12:06:45 [INFO] MÓDULO AUTENTICACAO: Falha na palavra-passe pelo utilizador 'convidado_01'.
2026-07-04 12:07:31 [ERROR] MÓDULO AUTENTICACAO: Tentativa de brute-force bloqueada pelo utilizador 'nuno_gomes'.
2026-07-04 12:08:45 [ERROR] MÓDULO BASE_DADOS: Cópia de segurança (Backup) concluída pelo utilizador 'nuno_gomes'.
2026-07-04 12:10:12 [CRITICAL] MÓDULO AUTENTICACAO: Falha na palavra-passe pelo utilizador 'admin'.
2026-07-04 12:11:16 [ERROR] MÓDULO SENSORES: Sensor de fumos ativo.
2026-07-04 12:11:58 [CRITICAL] MÓDULO BASE_DADOS: Erro de integridade referencial pelo utilizador 'nuno_gomes'.
2026-07-04 12:12:59 [ERROR] MÓDULO CAMARAS: Perda de sinal de vídeo na Câmara_04.
2026-07-04 12:14:19 [CRITICAL] MÓDULO BASE_DADOS: Query executada com sucesso pelo utilizador 'ana_silva'.
2026-07-04 12:14:57 [INFO] MÓDULO CAMARAS: Perda de sinal de vídeo na Câmara_04.
2026-07-04 12:16:16 [WARNING] MÓDULO SENSORES: Temperatura da Sala de Servidores acima do normal.
2026-07-04 12:17:44 [INFO] MÓDULO CAMARAS: Perda de sinal de vídeo na Câmara_04.
2026-07-04 12:19:05 [INFO] MÓDULO AUTENTICACAO: Sessão expirada pelo utilizador 'ana_silva'.
2026-07-04 12:19:44 [WARNING] MÓDULO SENSORES: Temperatura da Sala de Servidores acima do normal.
2026-07-04 12:20:22 [CRITICAL] MÓDULO CAMARAS: Perda de sinal de vídeo na Câmara_04.
2026-07-04 12:21:41 [ERROR] MÓDULO BASE_DADOS: Timeout na ligação pelo utilizador 'gestor_seguranca'.
2026-07-04 12:22:12 [INFO] MÓDULO SENSORES: Sensor de fumos ativo.
2026-07-04 12:23:28 [ERROR] MÓDULO CAMARAS: Falha de armazenamento no DVR_02.
2026-07-04 12:24:47 [ERROR] MÓDULO CAMARAS: Perda de sinal de vídeo na Câmara_04.
2026-07-04 12:25:47 [ERROR] MÓDULO BASE_DADOS: Cópia de segurança (Backup) concluída pelo utilizador 'mauri'.
2026-07-04 12:27:12 [WARNING] MÓDULO CAMARAS: Gravação iniciada por movimento na Câmara_01.
2026-07-04 12:28:25 [INFO] MÓDULO BASE_DADOS: Timeout na ligação pelo utilizador 'mauri'.
2026-07-04 12:29:33 [WARNING] MÓDULO SENSORES: Sensor de fumos ativo.
2026-07-04 12:31:03 [INFO] MÓDULO AUTENTICACAO: Tentativa de brute-force bloqueada pelo utilizador 'convidado_01'.
2026-07-04 12:32:14 [ERROR] MÓDULO CAMARAS: Gravação iniciada por movimento na Câmara_01.
2026-07-04 12:33:02 [CRITICAL] MÓDULO AUTENTICACAO: Login efetuado com sucesso pelo utilizador 'convidado_01'.
2026-07-04 12:34:10 [WARNING] MÓDULO BASE_DADOS: Cópia de segurança (Backup) concluída pelo utilizador 'mauri'.
2026-07-04 12:35:15 [INFO] MÓDULO AUTENTICACAO: Login efetuado com sucesso pelo utilizador 'convidado_01'.
2026-07-04 12:36:15 [CRITICAL] MÓDULO BASE_DADOS: Erro de integridade referencial pelo utilizador 'admin'.
2026-07-04 12:37:41 [INFO] MÓDULO AUTENTICACAO: Tentativa de brute-force bloqueada pelo utilizador 'mauri'.
2026-07-04 12:38:35 [INFO] MÓDULO SENSORES: Sensor de fumos ativo.
2026-07-04 12:39:58 [INFO] MÓDULO SENSORES: Movimento detetado no Corredor B.
2026-07-04 12:41:17 [ERROR] MÓDULO BASE_DADOS: Cópia de segurança (Backup) concluída pelo utilizador 'convidado_01'.
2026-07-04 12:42:24 [INFO] MÓDULO CAMARAS: Perda de sinal de vídeo na Câmara_04.
2026-07-04 12:43:35 [INFO] MÓDULO BASE_DADOS: Query executada com sucesso pelo utilizador 'mauri'.
2026-07-04 12:44:26 [INFO] MÓDULO SENSORES: Movimento detetado no Corredor B.
2026-07-04 12:45:16 [CRITICAL] MÓDULO SENSORES: Porta Principal aberta.
2026-07-04 12:46:44 [INFO] MÓDULO AUTENTICACAO: Login efetuado com sucesso pelo utilizador 'convidado_01'.
2026-07-04 12:47:53 [ERROR] MÓDULO BASE_DADOS: Query executada com sucesso pelo utilizador 'mauri'.
2026-07-04 12:48:37 [CRITICAL] MÓDULO AUTENTICACAO: Tentativa de brute-force bloqueada pelo utilizador 'ana_silva'.
2026-07-04 12:49:56 [INFO] MÓDULO AUTENTICACAO: Sessão expirada pelo utilizador 'mauri'.
2026-07-04 12:51:20 [INFO] MÓDULO AUTENTICACAO: Falha na palavra-passe pelo utilizador 'convidado_01'.
2026-07-04 12:52:33 [INFO] MÓDULO AUTENTICACAO: Login efetuado com sucesso pelo utilizador 'convidado_01'.
2026-07-04 12:53:34 [CRITICAL] MÓDULO SENSORES: Porta Principal aberta.
2026-07-04 12:54:12 [WARNING] MÓDULO BASE_DADOS: Query executada com sucesso pelo utilizador 'mauri'.
2026-07-04 12:54:52 [ERROR] MÓDULO SENSORES: Temperatura da Sala de Servidores acima do normal.
2026-07-04 12:56:12 [ERROR] MÓDULO BASE_DADOS: Query executada com sucesso pelo utilizador 'nuno_gomes'.
2026-07-04 12:56:47 [ERROR] MÓDULO SENSORES: Movimento detetado no Corredor B.
2026-07-04 12:57:31 [CRITICAL] MÓDULO BASE_DADOS: Erro de integridade referencial pelo utilizador 'ana_silva'.
2026-07-04 12:58:48 [INFO] MÓDULO CAMARAS: Perda de sinal de vídeo na Câmara_04.
2026-07-04 12:59:33 [WARNING] MÓDULO SENSORES: Sensor de fumos ativo.
2026-07-04 13:00:38 [WARNING] MÓDULO AUTENTICACAO: Tentativa de brute-force bloqueada pelo utilizador 'ana_silva'.
2026-07-04 13:01:19 [ERROR] MÓDULO AUTENTICACAO: Falha na palavra-passe pelo utilizador 'gestor_seguranca'.
2026-07-04 13:02:19 [INFO] MÓDULO SENSORES: Porta Principal aberta.
2026-07-04 13:03:17 [WARNING] MÓDULO CAMARAS: Perda de sinal de vídeo na Câmara_04.
2026-07-04 13:04:16 [INFO] MÓDULO CAMARAS: Falha de armazenamento no DVR_02.
2026-07-04 13:05:32 [INFO] MÓDULO CAMARAS: Perda de sinal de vídeo na Câmara_04.
2026-07-04 13:06:44 [INFO] MÓDULO AUTENTICACAO: Sessão expirada pelo utilizador 'ana_silva'.
2026-07-04 13:07:29 [WARNING] MÓDULO AUTENTICACAO: Falha na palavra-passe pelo utilizador 'ana_silva'.
2026-07-04 13:08:25 [ERROR] MÓDULO CAMARAS: Gravação iniciada por movimento na Câmara_01.
2026-07-04 13:09:02 [CRITICAL] MÓDULO CAMARAS: Gravação iniciada por movimento na Câmara_01.
2026-07-04 13:10:30 [CRITICAL] MÓDULO SENSORES: Porta Principal aberta.
2026-07-04 13:11:29 [INFO] MÓDULO BASE_DADOS: Timeout na ligação pelo utilizador 'api_gateway'.
2026-07-04 13:12:58 [WARNING] MÓDULO AUTENTICACAO: Falha na palavra-passe pelo utilizador 'api_gateway'.
2026-07-04 13:13:35 [INFO] MÓDULO AUTENTICACAO: Sessão expirada pelo utilizador 'admin'.
2026-07-04 13:14:36 [INFO] MÓDULO AUTENTICACAO: Falha na palavra-passe pelo utilizador 'mauri'.
2026-07-04 13:15:32 [INFO] MÓDULO SENSORES: Temperatura da Sala de Servidores acima do normal.
2026-07-04 13:16:10 [ERROR] MÓDULO AUTENTICACAO: Falha na palavra-passe pelo utilizador 'ana_silva'.
2026-07-04 13:16:53 [ERROR] MÓDULO CAMARAS: Perda de sinal de vídeo na Câmara_04.
2026-07-04 13:17:37 [CRITICAL] MÓDULO AUTENTICACAO: Sessão expirada pelo utilizador 'admin'.
2026-07-04 13:18:57 [ERROR] MÓDULO CAMARAS: Falha de armazenamento no DVR_02.
2026-07-04 13:19:43 [INFO] MÓDULO BASE_DADOS: Query executada com sucesso pelo utilizador 'gestor_seguranca'.
2026-07-04 13:20:28 [CRITICAL] MÓDULO BASE_DADOS: Timeout na ligação pelo utilizador 'convidado_01'.
2026-07-04 13:21:42 [INFO] MÓDULO CAMARAS: Gravação iniciada por movimento na Câmara_01.
2026-07-04 13:22:39 [WARNING] MÓDULO AUTENTICACAO: Sessão expirada pelo utilizador 'mauri'.
2026-07-04 13:23:30 [ERROR] MÓDULO CAMARAS: Perda de sinal de vídeo na Câmara_04.
2026-07-04 13:24:57 [INFO] MÓDULO CAMARAS: Perda de sinal de vídeo na Câmara_04.
2026-07-04 13:25:48 [ERROR] MÓDULO CAMARAS: Gravação iniciada por movimento na Câmara_01.
2026-07-04 13:27:02 [INFO] MÓDULO CAMARAS: Gravação iniciada por movimento na Câmara_01.
2026-07-04 13:28:08 [CRITICAL] MÓDULO AUTENTICACAO: Tentativa de brute-force bloqueada pelo utilizador 'convidado_01'.
2026-07-04 13:29:04 [INFO] MÓDULO BASE_DADOS: Query executada com sucesso pelo utilizador 'nuno_gomes'.
2026-07-04 13:30:11 [CRITICAL] MÓDULO SENSORES: Sensor de fumos ativo.
2026-07-04 13:31:28 [CRITICAL] MÓDULO CAMARAS: Gravação iniciada por movimento na Câmara_01.
2026-07-04 13:32:45 [WARNING] MÓDULO BASE_DADOS: Query executada com sucesso pelo utilizador 'ana_silva'.
2026-07-04 13:33:55 [INFO] MÓDULO BASE_DADOS: Timeout na ligação pelo utilizador 'nuno_gomes'.
2026-07-04 13:34:51 [WARNING] MÓDULO BASE_DADOS: Query executada com sucesso pelo utilizador 'nuno_gomes'.
2026-07-04 13:35:40 [WARNING] MÓDULO AUTENTICACAO: Sessão expirada pelo utilizador 'admin'.
2026-07-04 13:36:30 [CRITICAL] MÓDULO BASE_DADOS: Cópia de segurança (Backup) concluída pelo utilizador 'nuno_gomes'.
2026-07-04 13:38:00 [INFO] MÓDULO CAMARAS: Falha de armazenamento no DVR_02.
2026-07-04 13:39:13 [WARNING] MÓDULO SENSORES: Sensor de fumos ativo.
2026-07-04 13:40:29 [ERROR] MÓDULO AUTENTICACAO: Tentativa de brute-force bloqueada pelo utilizador 'mauri'.
2026-07-04 13:41:41 [WARNING] MÓDULO SENSORES: Porta Principal aberta.
2026-07-04 13:42:41 [ERROR] MÓDULO CAMARAS: Falha de armazenamento no DVR_02.
2026-07-04 13:43:21 [INFO] MÓDULO SENSORES: Temperatura da Sala de Servidores acima do normal.
2026-07-04 13:44:22 [WARNING] MÓDULO CAMARAS: Falha de armazenamento no DVR_02.
2026-07-04 13:45:07 [CRITICAL] MÓDULO AUTENTICACAO: Login efetuado com sucesso pelo utilizador 'api_gateway'.
2026-07-04 13:46:22 [CRITICAL] MÓDULO BASE_DADOS: Erro de integridade referencial pelo utilizador 'gestor_seguranca'.
2026-07-04 13:47:10 [INFO] MÓDULO CAMARAS: Falha de armazenamento no DVR_02.
2026-07-04 13:48:00 [INFO] MÓDULO BASE_DADOS: Timeout na ligação pelo utilizador 'convidado_01'.
2026-07-04 13:48:54 [WARNING] MÓDULO SENSORES: Temperatura da Sala de Servidores acima do normal.
2026-07-04 13:50:21 [INFO] MÓDULO BASE_DADOS: Cópia de segurança (Backup) concluída pelo utilizador 'mauri'.
2026-07-04 13:51:01 [INFO] MÓDULO BASE_DADOS: Erro de integridade referencial pelo utilizador 'api_gateway'.
2026-07-04 13:51:53 [ERROR] MÓDULO SENSORES: Movimento detetado no Corredor B.
2026-07-04 13:53:18 [ERROR] MÓDULO CAMARAS: Falha de armazenamento no DVR_02.
2026-07-04 13:54:47 [WARNING] MÓDULO AUTENTICACAO: Sessão expirada pelo utilizador 'nuno_gomes'.
2026-07-04 13:56:08 [WARNING] MÓDULO SENSORES: Sensor de fumos ativo.
2026-07-04 13:56:40 [CRITICAL] MÓDULO SENSORES: Temperatura da Sala de Servidores acima do normal.
2026-07-04 13:57:32 [INFO] MÓDULO SENSORES: Porta Principal aberta.
2026-07-04 13:58:47 [INFO] MÓDULO AUTENTICACAO: Sessão expirada pelo utilizador 'mauri'.
2026-07-04 13:59:32 [ERROR] MÓDULO BASE_DADOS: Cópia de segurança (Backup) concluída pelo utilizador 'ana_silva'.
2026-07-04 14:00:04 [INFO] MÓDULO AUTENTICACAO: Falha na palavra-passe pelo utilizador 'gestor_seguranca'.
2026-07-04 14:00:41 [WARNING] MÓDULO AUTENTICACAO: Falha na palavra-passe pelo utilizador 'admin'.
2026-07-04 14:01:29 [INFO] MÓDULO BASE_DADOS: Timeout na ligação pelo utilizador 'nuno_gomes'.
2026-07-04 14:02:34 [INFO] MÓDULO SENSORES: Temperatura da Sala de Servidores acima do normal.
2026-07-04 14:03:07 [CRITICAL] MÓDULO BASE_DADOS: Cópia de segurança (Backup) concluída pelo utilizador 'admin'.
2026-07-04 14:04:15 [INFO] MÓDULO AUTENTICACAO: Falha na palavra-passe pelo utilizador 'gestor_seguranca'.
2026-07-04 14:04:47 [WARNING] MÓDULO AUTENTICACAO: Falha na palavra-passe pelo utilizador 'nuno_gomes'.
2026-07-04 14:05:34 [INFO] MÓDULO BASE_DADOS: Query executada com sucesso pelo utilizador 'ana_silva'.
2026-07-04 14:06:56 [INFO] MÓDULO AUTENTICACAO: Falha na palavra-passe pelo utilizador 'api_gateway'.
2026-07-04 14:07:34 [ERROR] MÓDULO SENSORES: Temperatura da Sala de Servidores acima do normal.
2026-07-04 14:08:04 [CRITICAL] MÓDULO CAMARAS: Falha de armazenamento no DVR_02.
2026-07-04 14:09:04 [INFO] MÓDULO SENSORES: Sensor de fumos ativo.
2026-07-04 14:10:23 [WARNING] MÓDULO SENSORES: Temperatura da Sala de Servidores acima do normal.
2026-07-04 14:11:24 [INFO] MÓDULO AUTENTICACAO: Tentativa de brute-force bloqueada pelo utilizador 'admin'.
2026-07-04 14:12:14 [ERROR] MÓDULO CAMARAS: Gravação iniciada por movimento na Câmara_01.
2026-07-04 14:13:37 [INFO] MÓDULO CAMARAS: Falha de armazenamento no DVR_02.
2026-07-04 14:14:12 [WARNING] MÓDULO AUTENTICACAO: Login efetuado com sucesso pelo utilizador 'nuno_gomes'.
2026-07-04 14:15:34 [INFO] MÓDULO AUTENTICACAO: Falha na palavra-passe pelo utilizador 'mauri'.
2026-07-04 14:16:51 [ERROR] MÓDULO BASE_DADOS: Erro de integridade referencial pelo utilizador 'admin'.
2026-07-04 14:17:40 [WARNING] MÓDULO BASE_DADOS: Timeout na ligação pelo utilizador 'admin'.
2026-07-04 14:19:05 [CRITICAL] MÓDULO SENSORES: Movimento detetado no Corredor B.
2026-07-04 14:20:12 [CRITICAL] MÓDULO CAMARAS: Gravação iniciada por movimento na Câmara_01.
2026-07-04 14:21:40 [ERROR] MÓDULO SENSORES: Sensor de fumos ativo.
2026-07-04 14:23:06 [INFO] MÓDULO BASE_DADOS: Erro de integridade referencial pelo utilizador 'api_gateway'.
2026-07-04 14:23:40 [INFO] MÓDULO AUTENTICACAO: Login efetuado com sucesso pelo utilizador 'admin'.
2026-07-04 14:24:36 [CRITICAL] MÓDULO CAMARAS: Perda de sinal de vídeo na Câmara_04.
2026-07-04 14:26:04 [INFO] MÓDULO CAMARAS: Perda de sinal de vídeo na Câmara_04.
2026-07-04 14:27:03 [INFO] MÓDULO CAMARAS: Perda de sinal de vídeo na Câmara_04.
2026-07-04 14:27:40 [INFO] MÓDULO AUTENTICACAO: Tentativa de brute-force bloqueada pelo utilizador 'nuno_gomes'.
2026-07-04 14:28:33 [CRITICAL] MÓDULO AUTENTICACAO: Falha na palavra-passe pelo utilizador 'nuno_gomes'.
2026-07-04 14:29:09 [WARNING] MÓDULO BASE_DADOS: Query executada com sucesso pelo utilizador 'convidado_01'.
2026-07-04 14:30:17 [ERROR] MÓDULO AUTENTICACAO: Sessão expirada pelo utilizador 'nuno_gomes'.
2026-07-04 14:31:18 [WARNING] MÓDULO AUTENTICACAO: Sessão expirada pelo utilizador 'ana_silva'.
2026-07-04 14:32:24 [WARNING] MÓDULO CAMARAS: Perda de sinal de vídeo na Câmara_04.
2026-07-04 14:33:03 [ERROR] MÓDULO CAMARAS: Falha de armazenamento no DVR_02.
2026-07-04 14:34:28 [CRITICAL] MÓDULO AUTENTICACAO: Login efetuado com sucesso pelo utilizador 'ana_silva'.
2026-07-04 14:35:23 [INFO] MÓDULO CAMARAS: Perda de sinal de vídeo na Câmara_04.
2026-07-04 14:36:41 [CRITICAL] MÓDULO SENSORES: Temperatura da Sala de Servidores acima do normal.
2026-07-04 14:37:23 [WARNING] MÓDULO AUTENTICACAO: Login efetuado com sucesso pelo utilizador 'ana_silva'.
2026-07-04 14:37:59 [CRITICAL] MÓDULO SENSORES: Movimento detetado no Corredor B.
2026-07-04 14:39:02 [INFO] MÓDULO CAMARAS: Perda de sinal de vídeo na Câmara_04.
2026-07-04 14:40:02 [CRITICAL] MÓDULO BASE_DADOS: Query executada com sucesso pelo utilizador 'convidado_01'.
2026-07-04 14:41:00 [INFO] MÓDULO AUTENTICACAO: Login efetuado com sucesso pelo utilizador 'mauri'.
2026-07-04 14:41:31 [WARNING] MÓDULO BASE_DADOS: Timeout na ligação pelo utilizador 'mauri'.
2026-07-04 14:42:16 [ERROR] MÓDULO AUTENTICACAO: Login efetuado com sucesso pelo utilizador 'api_gateway'.
2026-07-04 14:43:13 [ERROR] MÓDULO SENSORES: Sensor de fumos ativo.
2026-07-04 14:44:06 [INFO] MÓDULO SENSORES: Porta Principal aberta.
2026-07-04 14:45:12 [ERROR] MÓDULO SENSORES: Movimento detetado no Corredor B.
2026-07-04 14:45:43 [CRITICAL] MÓDULO AUTENTICACAO: Login efetuado com sucesso pelo utilizador 'nuno_gomes'.
2026-07-04 14:46:38 [ERROR] MÓDULO SENSORES: Temperatura da Sala de Servidores acima do normal.
2026-07-04 14:47:37 [INFO] MÓDULO BASE_DADOS: Erro de integridade referencial pelo utilizador 'mauri'.
2026-07-04 14:48:26 [INFO] MÓDULO BASE_DADOS: Erro de integridade referencial pelo utilizador 'admin'.
2026-07-04 14:49:04 [ERROR] MÓDULO BASE_DADOS: Timeout na ligação pelo utilizador 'nuno_gomes'.
2026-07-04 14:50:21 [INFO] MÓDULO AUTENTICACAO: Login efetuado com sucesso pelo utilizador 'api_gateway'.
2026-07-04 14:51:32 [WARNING] MÓDULO AUTENTICACAO: Tentativa de brute-force bloqueada pelo utilizador 'gestor_seguranca'.
2026-07-04 14:52:19 [CRITICAL] MÓDULO CAMARAS: Falha de armazenamento no DVR_02.
2026-07-04 14:53:20 [WARNING] MÓDULO CAMARAS: Falha de armazenamento no DVR_02.
2026-07-04 14:54:37 [CRITICAL] MÓDULO SENSORES: Temperatura da Sala de Servidores acima do normal.
2026-07-04 14:55:54 [WARNING] MÓDULO CAMARAS: Perda de sinal de vídeo na Câmara_04.
2026-07-04 14:56:28 [INFO] MÓDULO CAMARAS: Gravação iniciada por movimento na Câmara_01.
2026-07-04 14:57:04 [WARNING] MÓDULO SENSORES: Porta Principal aberta.
2026-07-04 14:57:39 [ERROR] MÓDULO AUTENTICACAO: Tentativa de brute-force bloqueada pelo utilizador 'convidado_01'.
2026-07-04 14:58:31 [INFO] MÓDULO SENSORES: Temperatura da Sala de Servidores acima do normal.
2026-07-04 14:59:41 [ERROR] MÓDULO SENSORES: Porta Principal aberta.
2026-07-04 15:00:11 [CRITICAL] MÓDULO CAMARAS: Perda de sinal de vídeo na Câmara_04.
2026-07-04 15:01:21 [CRITICAL] MÓDULO AUTENTICACAO: Sessão expirada pelo utilizador 'admin'.
2026-07-04 15:02:30 [ERROR] MÓDULO SENSORES: Sensor de fumos ativo.
2026-07-04 15:03:51 [INFO] MÓDULO SENSORES: Temperatura da Sala de Servidores acima do normal.
2026-07-04 15:04:34 [INFO] MÓDULO SENSORES: Porta Principal aberta.
2026-07-04 15:05:53 [WARNING] MÓDULO SENSORES: Sensor de fumos ativo.
2026-07-04 15:06:49 [INFO] MÓDULO BASE_DADOS: Cópia de segurança (Backup) concluída pelo utilizador 'api_gateway'.
2026-07-04 15:07:20 [INFO] MÓDULO SENSORES: Sensor de fumos ativo.
2026-07-04 15:08:12 [WARNING] MÓDULO AUTENTICACAO: Login efetuado com sucesso pelo utilizador 'gestor_seguranca'.
2026-07-04 15:09:04 [INFO] MÓDULO CAMARAS: Falha de armazenamento no DVR_02.
2026-07-04 15:09:56 [INFO] MÓDULO BASE_DADOS: Timeout na ligação pelo utilizador 'convidado_01'.
2026-07-04 15:10:45 [ERROR] MÓDULO AUTENTICACAO: Sessão expirada pelo utilizador 'convidado_01'.
2026-07-04 15:12:05 [WARNING] MÓDULO BASE_DADOS: Cópia de segurança (Backup) concluída pelo utilizador 'mauri'.
2026-07-04 15:13:33 [CRITICAL] MÓDULO CAMARAS: Perda de sinal de vídeo na Câmara_04.
2026-07-04 15:15:02 [ERROR] MÓDULO CAMARAS: Perda de sinal de vídeo na Câmara_04.
2026-07-04 15:16:30 [INFO] MÓDULO SENSORES: Sensor de fumos ativo.
2026-07-04 15:17:04 [ERROR] MÓDULO CAMARAS: Perda de sinal de vídeo na Câmara_04.
2026-07-04 15:18:12 [INFO] MÓDULO SENSORES: Porta Principal aberta.
2026-07-04 15:19:15 [WARNING] MÓDULO BASE_DADOS: Erro de integridade referencial pelo utilizador 'convidado_01'.
2026-07-04 15:20:14 [INFO] MÓDULO CAMARAS: Gravação iniciada por movimento na Câmara_01.
2026-07-04 15:21:26 [ERROR] MÓDULO AUTENTICACAO: Tentativa de brute-force bloqueada pelo utilizador 'mauri'.
2026-07-04 15:22:12 [ERROR] MÓDULO AUTENTICACAO: Tentativa de brute-force bloqueada pelo utilizador 'api_gateway'.
2026-07-04 15:22:48 [WARNING] MÓDULO BASE_DADOS: Timeout na ligação pelo utilizador 'api_gateway'.
2026-07-04 15:23:42 [WARNING] MÓDULO BASE_DADOS: Timeout na ligação pelo utilizador 'ana_silva'.
2026-07-04 15:24:18 [ERROR] MÓDULO AUTENTICACAO: Sessão expirada pelo utilizador 'nuno_gomes'.
2026-07-04 15:24:52 [ERROR] MÓDULO AUTENTICACAO: Login efetuado com sucesso pelo utilizador 'ana_silva'.
2026-07-04 15:25:26 [ERROR] MÓDULO CAMARAS: Perda de sinal de vídeo na Câmara_04.
2026-07-04 15:26:10 [WARNING] MÓDULO BASE_DADOS: Cópia de segurança (Backup) concluída pelo utilizador 'admin'.
2026-07-04 15:27:25 [INFO] MÓDULO SENSORES: Temperatura da Sala de Servidores acima do normal.
2026-07-04 15:28:19 [CRITICAL] MÓDULO SENSORES: Porta Principal aberta.
2026-07-04 15:29:35 [INFO] MÓDULO SENSORES: Temperatura da Sala de Servidores acima do normal.
2026-07-04 15:30:13 [INFO] MÓDULO CAMARAS: Falha de armazenamento no DVR_02.
2026-07-04 15:31:15 [ERROR] MÓDULO CAMARAS: Perda de sinal de vídeo na Câmara_04.
2026-07-04 15:32:32 [INFO] MÓDULO CAMARAS: Falha de armazenamento no DVR_02.
2026-07-04 15:33:18 [CRITICAL] MÓDULO CAMARAS: Perda de sinal de vídeo na Câmara_04.
2026-07-04 15:34:31 [WARNING] MÓDULO BASE_DADOS: Erro de integridade referencial pelo utilizador 'gestor_seguranca'.
2026-07-04 15:36:00 [INFO] MÓDULO CAMARAS: Perda de sinal de vídeo na Câmara_04.
2026-07-04 15:37:10 [INFO] MÓDULO AUTENTICACAO: Login efetuado com sucesso pelo utilizador 'admin'.
2026-07-04 15:38:35 [WARNING] MÓDULO AUTENTICACAO: Tentativa de brute-force bloqueada pelo utilizador 'admin'.
2026-07-04 15:39:44 [INFO] MÓDULO CAMARAS: Gravação iniciada por movimento na Câmara_01.
2026-07-04 15:40:29 [ERROR] MÓDULO BASE_DADOS: Cópia de segurança (Backup) concluída pelo utilizador 'gestor_seguranca'.
2026-07-04 15:41:28 [INFO] MÓDULO CAMARAS: Gravação iniciada por movimento na Câmara_01.
2026-07-04 15:42:50 [CRITICAL] MÓDULO SENSORES: Movimento detetado no Corredor B.
2026-07-04 15:43:36 [WARNING] MÓDULO AUTENTICACAO: Tentativa de brute-force bloqueada pelo utilizador 'mauri'.
2026-07-04 15:44:15 [CRITICAL] MÓDULO AUTENTICACAO: Falha na palavra-passe pelo utilizador 'nuno_gomes'.
2026-07-04 15:45:08 [INFO] MÓDULO SENSORES: Movimento detetado no Corredor B.
2026-07-04 15:46:31 [INFO] MÓDULO AUTENTICACAO: Tentativa de brute-force bloqueada pelo utilizador 'gestor_seguranca'.
2026-07-04 15:47:39 [INFO] MÓDULO AUTENTICACAO: Tentativa de brute-force bloqueada pelo utilizador 'convidado_01'.
2026-07-04 15:48:46 [WARNING] MÓDULO CAMARAS: Falha de armazenamento no DVR_02.
2026-07-04 15:49:28 [INFO] MÓDULO AUTENTICACAO: Tentativa de brute-force bloqueada pelo utilizador 'convidado_01'.
2026-07-04 15:50:45 [WARNING] MÓDULO BASE_DADOS: Erro de integridade referencial pelo utilizador 'nuno_gomes'.
2026-07-04 15:52:14 [ERROR] MÓDULO AUTENTICACAO: Tentativa de brute-force bloqueada pelo utilizador 'mauri'.
2026-07-04 15:53:24 [INFO] MÓDULO AUTENTICACAO: Sessão expirada pelo utilizador 'api_gateway'.
2026-07-04 15:54:00 [ERROR] MÓDULO BASE_DADOS: Query executada com sucesso pelo utilizador 'convidado_01'.
2026-07-04 15:54:32 [CRITICAL] MÓDULO SENSORES: Movimento detetado no Corredor B.
2026-07-04 15:55:13 [WARNING] MÓDULO BASE_DADOS: Cópia de segurança (Backup) concluída pelo utilizador 'mauri'.
2026-07-04 15:56:25 [WARNING] MÓDULO CAMARAS: Perda de sinal de vídeo na Câmara_04.
2026-07-04 15:57:46 [INFO] MÓDULO AUTENTICACAO: Login efetuado com sucesso pelo utilizador 'ana_silva'.
2026-07-04 15:59:03 [INFO] MÓDULO CAMARAS: Falha de armazenamento no DVR_02.
2026-07-04 15:59:56 [CRITICAL] MÓDULO AUTENTICACAO: Login efetuado com sucesso pelo utilizador 'api_gateway'.
2026-07-04 16:01:12 [WARNING] MÓDULO AUTENTICACAO: Tentativa de brute-force bloqueada pelo utilizador 'api_gateway'.
2026-07-04 16:02:39 [WARNING] MÓDULO CAMARAS: Perda de sinal de vídeo na Câmara_04.
2026-07-04 16:03:48 [INFO] MÓDULO SENSORES: Sensor de fumos ativo.
2026-07-04 16:04:56 [WARNING] MÓDULO CAMARAS: Falha de armazenamento no DVR_02.
2026-07-04 16:05:51 [CRITICAL] MÓDULO AUTENTICACAO: Falha na palavra-passe pelo utilizador 'api_gateway'.
2026-07-04 16:07:20 [WARNING] MÓDULO CAMARAS: Perda de sinal de vídeo na Câmara_04.
2026-07-04 16:08:02 [WARNING] MÓDULO CAMARAS: Perda de sinal de vídeo na Câmara_04.
2026-07-04 16:09:13 [WARNING] MÓDULO SENSORES: Sensor de fumos ativo.
2026-07-04 16:10:28 [WARNING] MÓDULO SENSORES: Movimento detetado no Corredor B.
2026-07-04 16:11:45 [ERROR] MÓDULO BASE_DADOS: Query executada com sucesso pelo utilizador 'ana_silva'.
2026-07-04 16:12:45 [ERROR] MÓDULO SENSORES: Movimento detetado no Corredor B.
2026-07-04 16:13:51 [INFO] MÓDULO CAMARAS: Gravação iniciada por movimento na Câmara_01.
2026-07-04 16:14:23 [WARNING] MÓDULO CAMARAS: Gravação iniciada por movimento na Câmara_01.
2026-07-04 16:15:42 [ERROR] MÓDULO SENSORES: Temperatura da Sala de Servidores acima do normal.
2026-07-04 16:16:59 [INFO] MÓDULO AUTENTICACAO: Login efetuado com sucesso pelo utilizador 'convidado_01'.
2026-07-04 16:18:12 [ERROR] MÓDULO BASE_DADOS: Timeout na ligação pelo utilizador 'admin'.
2026-07-04 16:19:16 [INFO] MÓDULO CAMARAS: Perda de sinal de vídeo na Câmara_04.
2026-07-04 16:20:17 [INFO] MÓDULO BASE_DADOS: Timeout na ligação pelo utilizador 'convidado_01'.
2026-07-04 16:21:19 [WARNING] MÓDULO SENSORES: Porta Principal aberta.
2026-07-04 16:22:23 [WARNING] MÓDULO CAMARAS: Gravação iniciada por movimento na Câmara_01.
2026-07-04 16:23:10 [WARNING] MÓDULO SENSORES: Movimento detetado no Corredor B.
2026-07-04 16:23:41 [ERROR] MÓDULO BASE_DADOS: Query executada com sucesso pelo utilizador 'mauri'.
2026-07-04 16:24:58 [WARNING] MÓDULO SENSORES: Porta Principal aberta.
2026-07-04 16:25:46 [INFO] MÓDULO AUTENTICACAO: Login efetuado com sucesso pelo utilizador 'convidado_01'.
2026-07-04 16:26:27 [INFO] MÓDULO CAMARAS: Falha de armazenamento no DVR_02.
2026-07-04 16:27:18 [INFO] MÓDULO AUTENTICACAO: Sessão expirada pelo utilizador 'api_gateway'.
2026-07-04 16:27:54 [ERROR] MÓDULO SENSORES: Sensor de fumos ativo.
2026-07-04 16:28:48 [INFO] MÓDULO SENSORES: Movimento detetado no Corredor B.
2026-07-04 16:29:58 [CRITICAL] MÓDULO BASE_DADOS: Timeout na ligação pelo utilizador 'mauri'.
2026-07-04 16:30:33 [WARNING] MÓDULO CAMARAS: Gravação iniciada por movimento na Câmara_01.
2026-07-04 16:31:45 [WARNING] MÓDULO CAMARAS: Gravação iniciada por movimento na Câmara_01.
2026-07-04 16:33:10 [ERROR] MÓDULO BASE_DADOS: Cópia de segurança (Backup) concluída pelo utilizador 'ana_silva'.
2026-07-04 16:33:47 [ERROR] MÓDULO BASE_DADOS: Query executada com sucesso pelo utilizador 'nuno_gomes'.
2026-07-04 16:35:09 [ERROR] MÓDULO BASE_DADOS: Cópia de segurança (Backup) concluída pelo utilizador 'nuno_gomes'.
2026-07-04 16:36:18 [INFO] MÓDULO AUTENTICACAO: Login efetuado com sucesso pelo utilizador 'api_gateway'.
2026-07-04 16:37:03 [INFO] MÓDULO CAMARAS: Perda de sinal de vídeo na Câmara_04.
2026-07-04 16:38:08 [CRITICAL] MÓDULO SENSORES: Movimento detetado no Corredor B.
2026-07-04 16:39:28 [WARNING] MÓDULO BASE_DADOS: Erro de integridade referencial pelo utilizador 'gestor_seguranca'.
2026-07-04 16:40:19 [CRITICAL] MÓDULO CAMARAS: Gravação iniciada por movimento na Câmara_01.
2026-07-04 16:41:38 [INFO] MÓDULO CAMARAS: Gravação iniciada por movimento na Câmara_01.
2026-07-04 16:42:18 [INFO] MÓDULO BASE_DADOS: Erro de integridade referencial pelo utilizador 'admin'.
2026-07-04 16:43:32 [WARNING] MÓDULO CAMARAS: Falha de armazenamento no DVR_02.
2026-07-04 16:44:39 [WARNING] MÓDULO AUTENTICACAO: Sessão expirada pelo utilizador 'api_gateway'.
2026-07-04 16:45:18 [ERROR] MÓDULO SENSORES: Porta Principal aberta.
2026-07-04 16:46:42 [INFO] MÓDULO CAMARAS: Perda de sinal de vídeo na Câmara_04.
2026-07-04 16:47:45 [INFO] MÓDULO CAMARAS: Falha de armazenamento no DVR_02.
2026-07-04 16:48:19 [INFO] MÓDULO AUTENTICACAO: Tentativa de brute-force bloqueada pelo utilizador 'ana_silva'.
2026-07-04 16:48:54 [CRITICAL] MÓDULO BASE_DADOS: Cópia de segurança (Backup) concluída pelo utilizador 'gestor_seguranca'.
2026-07-04 16:50:18 [INFO] MÓDULO AUTENTICACAO: Login efetuado com sucesso pelo utilizador 'mauri'.
2026-07-04 16:50:52 [WARNING] MÓDULO BASE_DADOS: Erro de integridade referencial pelo utilizador 'admin'.
2026-07-04 16:51:50 [ERROR] MÓDULO SENSORES: Sensor de fumos ativo.
2026-07-04 16:53:15 [INFO] MÓDULO BASE_DADOS: Timeout na ligação pelo utilizador 'nuno_gomes'.
2026-07-04 16:53:49 [ERROR] MÓDULO AUTENTICACAO: Sessão expirada pelo utilizador 'mauri'.
2026-07-04 16:54:55 [WARNING] MÓDULO AUTENTICACAO: Falha na palavra-passe pelo utilizador 'gestor_seguranca'.
2026-07-04 16:55:50 [WARNING] MÓDULO CAMARAS: Perda de sinal de vídeo na Câmara_04.
2026-07-04 16:56:22 [WARNING] MÓDULO SENSORES: Sensor de fumos ativo.
2026-07-04 16:57:03 [WARNING] MÓDULO BASE_DADOS: Timeout na ligação pelo utilizador 'api_gateway'.
2026-07-04 16:57:33 [CRITICAL] MÓDULO AUTENTICACAO: Tentativa de brute-force bloqueada pelo utilizador 'ana_silva'.
2026-07-04 16:58:52 [CRITICAL] MÓDULO SENSORES: Movimento detetado no Corredor B.
2026-07-04 16:59:46 [ERROR] MÓDULO BASE_DADOS: Cópia de segurança (Backup) concluída pelo utilizador 'api_gateway'.
2026-07-04 17:00:42 [INFO] MÓDULO BASE_DADOS: Erro de integridade referencial pelo utilizador 'admin'.
2026-07-04 17:01:35 [CRITICAL] MÓDULO CAMARAS: Falha de armazenamento no DVR_02.
2026-07-04 17:02:38 [WARNING] MÓDULO AUTENTICACAO: Falha na palavra-passe pelo utilizador 'admin'.
2026-07-04 17:03:18 [WARNING] MÓDULO AUTENTICACAO: Sessão expirada pelo utilizador 'gestor_seguranca'.
2026-07-04 17:04:36 [ERROR] MÓDULO SENSORES: Porta Principal aberta.
2026-07-04 17:05:07 [INFO] MÓDULO SENSORES: Movimento detetado no Corredor B.
2026-07-04 17:06:16 [WARNING] MÓDULO SENSORES: Movimento detetado no Corredor B.
2026-07-04 17:07:08 [ERROR] MÓDULO AUTENTICACAO: Falha na palavra-passe pelo utilizador 'api_gateway'.
2026-07-04 17:08:29 [INFO] MÓDULO AUTENTICACAO: Login efetuado com sucesso pelo utilizador 'nuno_gomes'.
2026-07-04 17:09:38 [INFO] MÓDULO SENSORES: Movimento detetado no Corredor B.
2026-07-04 17:10:29 [ERROR] MÓDULO BASE_DADOS: Erro de integridade referencial pelo utilizador 'admin'.
2026-07-04 17:11:53 [CRITICAL] MÓDULO BASE_DADOS: Cópia de segurança (Backup) concluída pelo utilizador 'admin'.
2026-07-04 17:12:26 [CRITICAL] MÓDULO SENSORES: Temperatura da Sala de Servidores acima do normal.
2026-07-04 17:13:23 [ERROR] MÓDULO AUTENTICACAO: Falha na palavra-passe pelo utilizador 'ana_silva'.
2026-07-04 17:14:27 [CRITICAL] MÓDULO SENSORES: Porta Principal aberta.
2026-07-04 17:15:54 [CRITICAL] MÓDULO BASE_DADOS: Query executada com sucesso pelo utilizador 'ana_silva'.
2026-07-04 17:16:28 [INFO] MÓDULO AUTENTICACAO: Falha na palavra-passe pelo utilizador 'api_gateway'.
2026-07-04 17:17:06 [INFO] MÓDULO AUTENTICACAO: Tentativa de brute-force bloqueada pelo utilizador 'mauri'.
2026-07-04 17:18:22 [CRITICAL] MÓDULO SENSORES: Porta Principal aberta.
2026-07-04 17:19:30 [ERROR] MÓDULO AUTENTICACAO: Sessão expirada pelo utilizador 'mauri'.
2026-07-04 17:20:12 [INFO] MÓDULO CAMARAS: Gravação iniciada por movimento na Câmara_01.
2026-07-04 17:21:41 [INFO] MÓDULO BASE_DADOS: Erro de integridade referencial pelo utilizador 'ana_silva'.
2026-07-04 17:23:08 [ERROR] MÓDULO CAMARAS: Falha de armazenamento no DVR_02.
2026-07-04 17:23:55 [INFO] MÓDULO BASE_DADOS: Query executada com sucesso pelo utilizador 'mauri'.
2026-07-04 17:24:55 [INFO] MÓDULO BASE_DADOS: Query executada com sucesso pelo utilizador 'gestor_seguranca'.
2026-07-04 17:26:10 [CRITICAL] MÓDULO CAMARAS: Perda de sinal de vídeo na Câmara_04.
2026-07-04 17:27:29 [WARNING] MÓDULO AUTENTICACAO: Login efetuado com sucesso pelo utilizador 'mauri'.
2026-07-04 17:28:26 [INFO] MÓDULO SENSORES: Porta Principal aberta.
2026-07-04 17:29:52 [INFO] MÓDULO SENSORES: Temperatura da Sala de Servidores acima do normal.
2026-07-04 17:31:22 [ERROR] MÓDULO SENSORES: Sensor de fumos ativo.
2026-07-04 17:32:25 [WARNING] MÓDULO SENSORES: Temperatura da Sala de Servidores acima do normal.
2026-07-04 17:33:21 [INFO] MÓDULO AUTENTICACAO: Tentativa de brute-force bloqueada pelo utilizador 'nuno_gomes'.
2026-07-04 17:33:52 [CRITICAL] MÓDULO BASE_DADOS: Erro de integridade referencial pelo utilizador 'convidado_01'.
2026-07-04 17:34:26 [ERROR] MÓDULO AUTENTICACAO: Sessão expirada pelo utilizador 'convidado_01'.
2026-07-04 17:35:40 [INFO] MÓDULO AUTENTICACAO: Sessão expirada pelo utilizador 'admin'.
2026-07-04 17:37:05 [INFO] MÓDULO CAMARAS: Perda de sinal de vídeo na Câmara_04.
2026-07-04 17:38:12 [ERROR] MÓDULO BASE_DADOS: Cópia de segurança (Backup) concluída pelo utilizador 'admin'.
2026-07-04 17:39:01 [INFO] MÓDULO SENSORES: Sensor de fumos ativo.
2026-07-04 17:39:49 [CRITICAL] MÓDULO AUTENTICACAO: Sessão expirada pelo utilizador 'ana_silva'.
2026-07-04 17:41:08 [CRITICAL] MÓDULO AUTENTICACAO: Falha na palavra-passe pelo utilizador 'mauri'.
2026-07-04 17:42:24 [CRITICAL] MÓDULO SENSORES: Movimento detetado no Corredor B.
2026-07-04 17:43:44 [WARNING] MÓDULO CAMARAS: Perda de sinal de vídeo na Câmara_04.
2026-07-04 17:44:44 [INFO] MÓDULO AUTENTICACAO: Login efetuado com sucesso pelo utilizador 'api_gateway'.
2026-07-04 17:46:04 [WARNING] MÓDULO SENSORES: Sensor de fumos ativo.
2026-07-04 17:47:11 [INFO] MÓDULO SENSORES: Sensor de fumos ativo.
2026-07-04 17:47:47 [INFO] MÓDULO BASE_DADOS: Query executada com sucesso pelo utilizador 'api_gateway'.
2026-07-04 17:48:35 [CRITICAL] MÓDULO SENSORES: Temperatura da Sala de Servidores acima do normal.
2026-07-04 17:49:08 [CRITICAL] MÓDULO CAMARAS: Perda de sinal de vídeo na Câmara_04.
2026-07-04 17:49:39 [WARNING] MÓDULO AUTENTICACAO: Login efetuado com sucesso pelo utilizador 'nuno_gomes'.
2026-07-04 17:50:14 [INFO] MÓDULO SENSORES: Porta Principal aberta.
2026-07-04 17:51:24 [INFO] MÓDULO SENSORES: Sensor de fumos ativo.
2026-07-04 17:52:48 [INFO] MÓDULO SENSORES: Temperatura da Sala de Servidores acima do normal.
2026-07-04 17:53:45 [ERROR] MÓDULO BASE_DADOS: Cópia de segurança (Backup) concluída pelo utilizador 'ana_silva'.
2026-07-04 17:55:03 [INFO] MÓDULO AUTENTICACAO: Tentativa de brute-force bloqueada pelo utilizador 'admin'.
2026-07-04 17:56:27 [INFO] MÓDULO BASE_DADOS: Cópia de segurança (Backup) concluída pelo utilizador 'api_gateway'.
2026-07-04 17:56:58 [CRITICAL] MÓDULO SENSORES: Temperatura da Sala de Servidores acima do normal.
2026-07-04 17:57:55 [CRITICAL] MÓDULO CAMARAS: Falha de armazenamento no DVR_02.
2026-07-04 17:58:45 [INFO] MÓDULO CAMARAS: Gravação iniciada por movimento na Câmara_01.
2026-07-04 17:59:44 [CRITICAL] MÓDULO CAMARAS: Perda de sinal de vídeo na Câmara_04.
2026-07-04 18:00:42 [CRITICAL] MÓDULO BASE_DADOS: Erro de integridade referencial pelo utilizador 'api_gateway'.
2026-07-04 18:01:41 [INFO] MÓDULO AUTENTICACAO: Login efetuado com sucesso pelo utilizador 'ana_silva'.
2026-07-04 18:02:22 [WARNING] MÓDULO BASE_DADOS: Timeout na ligação pelo utilizador 'admin'.
2026-07-04 18:03:12 [ERROR] MÓDULO SENSORES: Temperatura da Sala de Servidores acima do normal.
2026-07-04 18:03:59 [CRITICAL] MÓDULO SENSORES: Porta Principal aberta.
2026-07-04 18:05:11 [ERROR] MÓDULO BASE_DADOS: Cópia de segurança (Backup) concluída pelo utilizador 'gestor_seguranca'.
2026-07-04 18:06:12 [WARNING] MÓDULO AUTENTICACAO: Login efetuado com sucesso pelo utilizador 'convidado_01'.
2026-07-04 18:07:31 [INFO] MÓDULO AUTENTICACAO: Sessão expirada pelo utilizador 'gestor_seguranca'.
2026-07-04 18:08:15 [CRITICAL] MÓDULO SENSORES: Temperatura da Sala de Servidores acima do normal.
2026-07-04 18:09:36 [ERROR] MÓDULO BASE_DADOS: Timeout na ligação pelo utilizador 'api_gateway'.
2026-07-04 18:10:30 [WARNING] MÓDULO BASE_DADOS: Cópia de segurança (Backup) concluída pelo utilizador 'api_gateway'.
2026-07-04 18:12:00 [INFO] MÓDULO SENSORES: Sensor de fumos ativo.
2026-07-04 18:13:12 [CRITICAL] MÓDULO AUTENTICACAO: Tentativa de brute-force bloqueada pelo utilizador 'gestor_seguranca'.
2026-07-04 18:14:13 [INFO] MÓDULO BASE_DADOS: Timeout na ligação pelo utilizador 'gestor_seguranca'.
2026-07-04 18:15:09 [INFO] MÓDULO CAMARAS: Falha de armazenamento no DVR_02.
2026-07-04 18:15:58 [CRITICAL] MÓDULO BASE_DADOS: Query executada com sucesso pelo utilizador 'api_gateway'.
2026-07-04 18:16:53 [INFO] MÓDULO CAMARAS: Perda de sinal de vídeo na Câmara_04.
2026-07-04 18:17:54 [CRITICAL] MÓDULO SENSORES: Temperatura da Sala de Servidores acima do normal.
2026-07-04 18:18:49 [ERROR] MÓDULO AUTENTICACAO: Sessão expirada pelo utilizador 'api_gateway'.
2026-07-04 18:19:42 [INFO] MÓDULO AUTENTICACAO: Sessão expirada pelo utilizador 'admin'.
2026-07-04 18:20:47 [WARNING] MÓDULO CAMARAS: Perda de sinal de vídeo na Câmara_04.
2026-07-04 18:21:51 [ERROR] MÓDULO BASE_DADOS: Query executada com sucesso pelo utilizador 'nuno_gomes'.
2026-07-04 18:22:52 [CRITICAL] MÓDULO BASE_DADOS: Erro de integridade referencial pelo utilizador 'gestor_seguranca'.
2026-07-04 18:23:38 [INFO] MÓDULO BASE_DADOS: Timeout na ligação pelo utilizador 'gestor_seguranca'.
2026-07-04 18:24:47 [INFO] MÓDULO SENSORES: Porta Principal aberta.
2026-07-04 18:25:35 [WARNING] MÓDULO CAMARAS: Falha de armazenamento no DVR_02.
2026-07-04 18:26:48 [INFO] MÓDULO SENSORES: Temperatura da Sala de Servidores acima do normal.
2026-07-04 18:28:14 [WARNING] MÓDULO BASE_DADOS: Query executada com sucesso pelo utilizador 'mauri'.
2026-07-04 18:29:31 [INFO] MÓDULO CAMARAS: Perda de sinal de vídeo na Câmara_04.
2026-07-04 18:30:26 [ERROR] MÓDULO CAMARAS: Gravação iniciada por movimento na Câmara_01.
2026-07-04 18:31:15 [CRITICAL] MÓDULO AUTENTICACAO: Login efetuado com sucesso pelo utilizador 'mauri'.
2026-07-04 18:32:33 [INFO] MÓDULO AUTENTICACAO: Tentativa de brute-force bloqueada pelo utilizador 'api_gateway'.
2026-07-04 18:33:24 [INFO] MÓDULO AUTENTICACAO: Login efetuado com sucesso pelo utilizador 'nuno_gomes'.
2026-07-04 18:34:02 [INFO] MÓDULO BASE_DADOS: Cópia de segurança (Backup) concluída pelo utilizador 'mauri'.
2026-07-04 18:35:02 [ERROR] MÓDULO CAMARAS: Falha de armazenamento no DVR_02.
2026-07-04 18:35:36 [WARNING] MÓDULO BASE_DADOS: Timeout na ligação pelo utilizador 'ana_silva'.
2026-07-04 18:36:17 [ERROR] MÓDULO AUTENTICACAO: Sessão expirada pelo utilizador 'nuno_gomes'.
2026-07-04 18:37:28 [WARNING] MÓDULO AUTENTICACAO: Login efetuado com sucesso pelo utilizador 'mauri'.
2026-07-04 18:38:58 [INFO] MÓDULO AUTENTICACAO: Sessão expirada pelo utilizador 'ana_silva'.
2026-07-04 18:40:10 [WARNING] MÓDULO SENSORES: Porta Principal aberta.
2026-07-04 18:41:25 [ERROR] MÓDULO BASE_DADOS: Timeout na ligação pelo utilizador 'mauri'.
2026-07-04 18:41:58 [WARNING] MÓDULO AUTENTICACAO: Falha na palavra-passe pelo utilizador 'gestor_seguranca'.
2026-07-04 18:43:17 [CRITICAL] MÓDULO AUTENTICACAO: Falha na palavra-passe pelo utilizador 'convidado_01'.
2026-07-04 18:43:54 [WARNING] MÓDULO BASE_DADOS: Query executada com sucesso pelo utilizador 'nuno_gomes'.
2026-07-04 18:45:19 [WARNING] MÓDULO SENSORES: Temperatura da Sala de Servidores acima do normal.
2026-07-04 18:46:38 [CRITICAL] MÓDULO SENSORES: Temperatura da Sala de Servidores acima do normal.
2026-07-04 18:47:44 [WARNING] MÓDULO AUTENTICACAO: Login efetuado com sucesso pelo utilizador 'nuno_gomes'.
2026-07-04 18:49:03 [INFO] MÓDULO AUTENTICACAO: Falha na palavra-passe pelo utilizador 'admin'.
2026-07-04 18:49:44 [ERROR] MÓDULO CAMARAS: Perda de sinal de vídeo na Câmara_04.
2026-07-04 18:51:08 [INFO] MÓDULO AUTENTICACAO: Falha na palavra-passe pelo utilizador 'gestor_seguranca'.
2026-07-04 18:51:40 [CRITICAL] MÓDULO BASE_DADOS: Cópia de segurança (Backup) concluída pelo utilizador 'gestor_seguranca'.
2026-07-04 18:52:30 [CRITICAL] MÓDULO CAMARAS: Gravação iniciada por movimento na Câmara_01.
2026-07-04 18:53:30 [INFO] MÓDULO BASE_DADOS: Erro de integridade referencial pelo utilizador 'nuno_gomes'.
2026-07-04 18:54:24 [ERROR] MÓDULO AUTENTICACAO: Sessão expirada pelo utilizador 'api_gateway'.
2026-07-04 18:55:47 [CRITICAL] MÓDULO AUTENTICACAO: Sessão expirada pelo utilizador 'convidado_01'.
2026-07-04 18:56:53 [INFO] MÓDULO SENSORES: Movimento detetado no Corredor B.
2026-07-04 18:57:44 [INFO] MÓDULO BASE_DADOS: Timeout na ligação pelo utilizador 'mauri'.
2026-07-04 18:58:45 [CRITICAL] MÓDULO SENSORES: Temperatura da Sala de Servidores acima do normal.
2026-07-04 19:00:09 [WARNING] MÓDULO BASE_DADOS: Timeout na ligação pelo utilizador 'api_gateway'.
2026-07-04 19:00:53 [ERROR] MÓDULO CAMARAS: Gravação iniciada por movimento na Câmara_01.
2026-07-04 19:02:00 [INFO] MÓDULO BASE_DADOS: Query executada com sucesso pelo utilizador 'api_gateway'.
2026-07-04 19:03:27 [WARNING] MÓDULO SENSORES: Porta Principal aberta.
2026-07-04 19:04:28 [INFO] MÓDULO AUTENTICACAO: Falha na palavra-passe pelo utilizador 'gestor_seguranca'.
2026-07-04 19:04:58 [INFO] MÓDULO CAMARAS: Perda de sinal de vídeo na Câmara_04.
2026-07-04 19:06:20 [CRITICAL] MÓDULO SENSORES: Movimento detetado no Corredor B.
2026-07-04 19:07:48 [ERROR] MÓDULO BASE_DADOS: Erro de integridade referencial pelo utilizador 'convidado_01'.
2026-07-04 19:08:38 [INFO] MÓDULO CAMARAS: Gravação iniciada por movimento na Câmara_01.
2026-07-04 19:09:32 [ERROR] MÓDULO SENSORES: Movimento detetado no Corredor B.
2026-07-04 19:10:39 [CRITICAL] MÓDULO SENSORES: Porta Principal aberta.
2026-07-04 19:12:03 [CRITICAL] MÓDULO CAMARAS: Gravação iniciada por movimento na Câmara_01.
2026-07-04 19:13:09 [ERROR] MÓDULO AUTENTICACAO: Tentativa de brute-force bloqueada pelo utilizador 'mauri'.
2026-07-04 19:13:58 [CRITICAL] MÓDULO AUTENTICACAO: Sessão expirada pelo utilizador 'convidado_01'.
2026-07-04 19:14:46 [CRITICAL] MÓDULO CAMARAS: Falha de armazenamento no DVR_02.
2026-07-04 19:15:54 [ERROR] MÓDULO CAMARAS: Falha de armazenamento no DVR_02.
2026-07-04 19:16:54 [CRITICAL] MÓDULO CAMARAS: Perda de sinal de vídeo na Câmara_04.
2026-07-04 19:17:54 [ERROR] MÓDULO BASE_DADOS: Query executada com sucesso pelo utilizador 'convidado_01'.
2026-07-04 19:18:28 [INFO] MÓDULO BASE_DADOS: Erro de integridade referencial pelo utilizador 'gestor_seguranca'.
2026-07-04 19:19:19 [INFO] MÓDULO BASE_DADOS: Erro de integridade referencial pelo utilizador 'admin'.
2026-07-04 19:20:19 [ERROR] MÓDULO SENSORES: Sensor de fumos ativo.
2026-07-04 19:21:25 [INFO] MÓDULO AUTENTICACAO: Falha na palavra-passe pelo utilizador 'admin'.
2026-07-04 19:22:13 [WARNING] MÓDULO BASE_DADOS: Timeout na ligação pelo utilizador 'api_gateway'.
2026-07-04 19:22:59 [WARNING] MÓDULO AUTENTICACAO: Sessão expirada pelo utilizador 'ana_silva'.
2026-07-04 19:23:59 [WARNING] MÓDULO BASE_DADOS: Erro de integridade referencial pelo utilizador 'nuno_gomes'.
2026-07-04 19:24:43 [INFO] MÓDULO BASE_DADOS: Query executada com sucesso pelo utilizador 'api_gateway'.
2026-07-04 19:25:27 [WARNING] MÓDULO SENSORES: Temperatura da Sala de Servidores acima do normal.
2026-07-04 19:26:02 [WARNING] MÓDULO CAMARAS: Falha de armazenamento no DVR_02.
2026-07-04 19:26:50 [ERROR] MÓDULO BASE_DADOS: Timeout na ligação pelo utilizador 'mauri'.
2026-07-04 19:27:32 [CRITICAL] MÓDULO CAMARAS: Gravação iniciada por movimento na Câmara_01.
2026-07-04 19:28:57 [WARNING] MÓDULO CAMARAS: Falha de armazenamento no DVR_02.
2026-07-04 19:30:04 [ERROR] MÓDULO SENSORES: Temperatura da Sala de Servidores acima do normal.
2026-07-04 19:30:43 [ERROR] MÓDULO AUTENTICACAO: Tentativa de brute-force bloqueada pelo utilizador 'gestor_seguranca'.
2026-07-04 19:31:19 [CRITICAL] MÓDULO AUTENTICACAO: Sessão expirada pelo utilizador 'convidado_01'.
2026-07-04 19:32:12 [CRITICAL] MÓDULO AUTENTICACAO: Login efetuado com sucesso pelo utilizador 'mauri'.
2026-07-04 19:33:40 [INFO] MÓDULO CAMARAS: Falha de armazenamento no DVR_02.
2026-07-04 19:34:59 [WARNING] MÓDULO BASE_DADOS: Query executada com sucesso pelo utilizador 'api_gateway'.
2026-07-04 19:35:58 [INFO] MÓDULO AUTENTICACAO: Tentativa de brute-force bloqueada pelo utilizador 'nuno_gomes'.
2026-07-04 19:36:42 [CRITICAL] MÓDULO SENSORES: Temperatura da Sala de Servidores acima do normal.
2026-07-04 19:37:32 [WARNING] MÓDULO AUTENTICACAO: Tentativa de brute-force bloqueada pelo utilizador 'api_gateway'.
2026-07-04 19:38:21 [ERROR] MÓDULO SENSORES: Porta Principal aberta.
2026-07-04 19:39:13 [ERROR] MÓDULO AUTENTICACAO: Login efetuado com sucesso pelo utilizador 'api_gateway'.
2026-07-04 19:40:43 [INFO] MÓDULO AUTENTICACAO: Sessão expirada pelo utilizador 'api_gateway'.
2026-07-04 19:41:53 [INFO] MÓDULO BASE_DADOS: Erro de integridade referencial pelo utilizador 'mauri'.
2026-07-04 19:43:21 [INFO] MÓDULO SENSORES: Sensor de fumos ativo.
2026-07-04 19:44:35 [INFO] MÓDULO AUTENTICACAO: Tentativa de brute-force bloqueada pelo utilizador 'admin'.
2026-07-04 19:45:57 [INFO] MÓDULO AUTENTICACAO: Tentativa de brute-force bloqueada pelo utilizador 'nuno_gomes'.
2026-07-04 19:47:27 [INFO] MÓDULO CAMARAS: Falha de armazenamento no DVR_02.
2026-07-04 19:48:42 [CRITICAL] MÓDULO CAMARAS: Falha de armazenamento no DVR_02.
2026-07-04 19:50:07 [INFO] MÓDULO CAMARAS: Falha de armazenamento no DVR_02.
2026-07-04 19:51:18 [ERROR] MÓDULO AUTENTICACAO: Sessão expirada pelo utilizador 'nuno_gomes'.
2026-07-04 19:52:45 [INFO] MÓDULO BASE_DADOS: Timeout na ligação pelo utilizador 'convidado_01'.
2026-07-04 19:53:36 [CRITICAL] MÓDULO CAMARAS: Falha de armazenamento no DVR_02.
2026-07-04 19:54:45 [WARNING] MÓDULO SENSORES: Porta Principal aberta.
2026-07-04 19:55:41 [INFO] MÓDULO CAMARAS: Gravação iniciada por movimento na Câmara_01.
2026-07-04 19:56:25 [ERROR] MÓDULO CAMARAS: Gravação iniciada por movimento na Câmara_01.
2026-07-04 19:57:43 [CRITICAL] MÓDULO AUTENTICACAO: Sessão expirada pelo utilizador 'ana_silva'.
2026-07-04 19:59:08 [INFO] MÓDULO AUTENTICACAO: Sessão expirada pelo utilizador 'convidado_01'.
2026-07-04 19:59:48 [INFO] MÓDULO AUTENTICACAO: Login efetuado com sucesso pelo utilizador 'nuno_gomes'.
2026-07-04 20:00:37 [ERROR] MÓDULO AUTENTICACAO: Tentativa de brute-force bloqueada pelo utilizador 'convidado_01'.
2026-07-04 20:01:45 [ERROR] MÓDULO AUTENTICACAO: Sessão expirada pelo utilizador 'admin'.
2026-07-04 20:02:57 [WARNING] MÓDULO BASE_DADOS: Cópia de segurança (Backup) concluída pelo utilizador 'gestor_seguranca'.
2026-07-04 20:04:19 [INFO] MÓDULO BASE_DADOS: Cópia de segurança (Backup) concluída pelo utilizador 'gestor_seguranca'.
2026-07-04 20:05:33 [ERROR] MÓDULO CAMARAS: Falha de armazenamento no DVR_02.
2026-07-04 20:06:12 [INFO] MÓDULO AUTENTICACAO: Tentativa de brute-force bloqueada pelo utilizador 'convidado_01'.
2026-07-04 20:07:41 [INFO] MÓDULO AUTENTICACAO: Sessão expirada pelo utilizador 'convidado_01'.
2026-07-04 20:08:33 [WARNING] MÓDULO BASE_DADOS: Erro de integridade referencial pelo utilizador 'gestor_seguranca'.
2026-07-04 20:09:42 [INFO] MÓDULO BASE_DADOS: Erro de integridade referencial pelo utilizador 'ana_silva'.
2026-07-04 20:10:54 [INFO] MÓDULO AUTENTICACAO: Falha na palavra-passe pelo utilizador 'ana_silva'.
2026-07-04 20:11:52 [INFO] MÓDULO BASE_DADOS: Erro de integridade referencial pelo utilizador 'admin'.
2026-07-04 20:12:38 [ERROR] MÓDULO AUTENTICACAO: Falha na palavra-passe pelo utilizador 'nuno_gomes'.
2026-07-04 20:13:21 [INFO] MÓDULO CAMARAS: Falha de armazenamento no DVR_02.
2026-07-04 20:13:54 [INFO] MÓDULO BASE_DADOS: Timeout na ligação pelo utilizador 'gestor_seguranca'.
2026-07-04 20:14:50 [INFO] MÓDULO AUTENTICACAO: Tentativa de brute-force bloqueada pelo utilizador 'nuno_gomes'.
2026-07-04 20:15:24 [ERROR] MÓDULO SENSORES: Movimento detetado no Corredor B.
2026-07-04 20:16:46 [CRITICAL] MÓDULO CAMARAS: Falha de armazenamento no DVR_02.
2026-07-04 20:17:35 [WARNING] MÓDULO BASE_DADOS: Query executada com sucesso pelo utilizador 'ana_silva'.
2026-07-04 20:18:40 [WARNING] MÓDULO AUTENTICACAO: Login efetuado com sucesso pelo utilizador 'admin'.
2026-07-04 20:20:09 [ERROR] MÓDULO CAMARAS: Gravação iniciada por movimento na Câmara_01.
2026-07-04 20:21:21 [ERROR] MÓDULO AUTENTICACAO: Login efetuado com sucesso pelo utilizador 'gestor_seguranca'.
2026-07-04 20:22:24 [INFO] MÓDULO AUTENTICACAO: Falha na palavra-passe pelo utilizador 'mauri'.
2026-07-04 20:23:20 [CRITICAL] MÓDULO CAMARAS: Perda de sinal de vídeo na Câmara_04.
2026-07-04 20:24:35 [ERROR] MÓDULO AUTENTICACAO: Tentativa de brute-force bloqueada pelo utilizador 'api_gateway'.
2026-07-04 20:25:50 [INFO] MÓDULO AUTENTICACAO: Falha na palavra-passe pelo utilizador 'nuno_gomes'.
2026-07-04 20:26:46 [CRITICAL] MÓDULO AUTENTICACAO: Login efetuado com sucesso pelo utilizador 'ana_silva'.
2026-07-04 20:28:06 [CRITICAL] MÓDULO SENSORES: Sensor de fumos ativo.
2026-07-04 20:28:37 [INFO] MÓDULO AUTENTICACAO: Falha na palavra-passe pelo utilizador 'nuno_gomes'.
2026-07-04 20:29:56 [WARNING] MÓDULO SENSORES: Porta Principal aberta.
2026-07-04 20:31:03 [ERROR] MÓDULO SENSORES: Movimento detetado no Corredor B.
2026-07-04 20:31:54 [WARNING] MÓDULO AUTENTICACAO: Sessão expirada pelo utilizador 'convidado_01'.
2026-07-04 20:33:09 [WARNING] MÓDULO SENSORES: Temperatura da Sala de Servidores acima do normal.
2026-07-04 20:33:45 [INFO] MÓDULO BASE_DADOS: Cópia de segurança (Backup) concluída pelo utilizador 'mauri'.
2026-07-04 20:34:59 [WARNING] MÓDULO SENSORES: Porta Principal aberta.
2026-07-04 20:36:00 [WARNING] MÓDULO BASE_DADOS: Erro de integridade referencial pelo utilizador 'mauri'.
2026-07-04 20:37:07 [CRITICAL] MÓDULO AUTENTICACAO: Sessão expirada pelo utilizador 'admin'.
2026-07-04 20:38:15 [INFO] MÓDULO AUTENTICACAO: Tentativa de brute-force bloqueada pelo utilizador 'nuno_gomes'.
2026-07-04 20:39:10 [WARNING] MÓDULO AUTENTICACAO: Login efetuado com sucesso pelo utilizador 'convidado_01'.
2026-07-04 20:40:00 [INFO] MÓDULO BASE_DADOS: Erro de integridade referencial pelo utilizador 'convidado_01'.
2026-07-04 20:40:43 [INFO] MÓDULO AUTENTICACAO: Sessão expirada pelo utilizador 'api_gateway'.
2026-07-04 20:41:48 [INFO] MÓDULO AUTENTICACAO: Tentativa de brute-force bloqueada pelo utilizador 'gestor_seguranca'.
2026-07-04 20:43:02 [INFO] MÓDULO CAMARAS: Gravação iniciada por movimento na Câmara_01.
2026-07-04 20:44:31 [ERROR] MÓDULO SENSORES: Sensor de fumos ativo.
2026-07-04 20:45:16 [CRITICAL] MÓDULO SENSORES: Temperatura da Sala de Servidores acima do normal.
2026-07-04 20:46:22 [INFO] MÓDULO CAMARAS: Perda de sinal de vídeo na Câmara_04.
2026-07-04 20:47:25 [INFO] MÓDULO AUTENTICACAO: Falha na palavra-passe pelo utilizador 'admin'.
2026-07-04 20:48:12 [ERROR] MÓDULO SENSORES: Movimento detetado no Corredor B.
2026-07-04 20:49:38 [INFO] MÓDULO SENSORES: Temperatura da Sala de Servidores acima do normal.
2026-07-04 20:50:27 [WARNING] MÓDULO CAMARAS: Perda de sinal de vídeo na Câmara_04.
2026-07-04 20:51:26 [CRITICAL] MÓDULO AUTENTICACAO: Falha na palavra-passe pelo utilizador 'mauri'.
2026-07-04 20:52:38 [ERROR] MÓDULO BASE_DADOS: Timeout na ligação pelo utilizador 'admin'.
2026-07-04 20:53:10 [WARNING] MÓDULO BASE_DADOS: Erro de integridade referencial pelo utilizador 'api_gateway'.
2026-07-04 20:54:36 [WARNING] MÓDULO AUTENTICACAO: Tentativa de brute-force bloqueada pelo utilizador 'ana_silva'.
2026-07-04 20:55:55 [INFO] MÓDULO BASE_DADOS: Timeout na ligação pelo utilizador 'gestor_seguranca'.
2026-07-04 20:57:24 [ERROR] MÓDULO BASE_DADOS: Erro de integridade referencial pelo utilizador 'mauri'.
2026-07-04 20:58:54 [CRITICAL] MÓDULO CAMARAS: Gravação iniciada por movimento na Câmara_01.
2026-07-04 20:59:48 [ERROR] MÓDULO SENSORES: Sensor de fumos ativo.
2026-07-04 21:00:38 [INFO] MÓDULO CAMARAS: Gravação iniciada por movimento na Câmara_01.
2026-07-04 21:01:18 [INFO] MÓDULO BASE_DADOS: Cópia de segurança (Backup) concluída pelo utilizador 'api_gateway'.
2026-07-04 21:02:24 [CRITICAL] MÓDULO AUTENTICACAO: Login efetuado com sucesso pelo utilizador 'convidado_01'.
2026-07-04 21:03:02 [ERROR] MÓDULO CAMARAS: Gravação iniciada por movimento na Câmara_01.
2026-07-04 21:04:09 [ERROR] MÓDULO SENSORES: Sensor de fumos ativo.
2026-07-04 21:05:17 [INFO] MÓDULO AUTENTICACAO: Sessão expirada pelo utilizador 'gestor_seguranca'.
2026-07-04 21:06:37 [INFO] MÓDULO AUTENTICACAO: Falha na palavra-passe pelo utilizador 'api_gateway'.
2026-07-04 21:07:28 [CRITICAL] MÓDULO CAMARAS: Perda de sinal de vídeo na Câmara_04.
2026-07-04 21:08:43 [ERROR] MÓDULO AUTENTICACAO: Sessão expirada pelo utilizador 'gestor_seguranca'.
2026-07-04 21:09:56 [CRITICAL] MÓDULO BASE_DADOS: Query executada com sucesso pelo utilizador 'admin'.
2026-07-04 21:11:11 [INFO] MÓDULO AUTENTICACAO: Login efetuado com sucesso pelo utilizador 'api_gateway'.
2026-07-04 21:11:58 [WARNING] MÓDULO BASE_DADOS: Timeout na ligação pelo utilizador 'mauri'.
2026-07-04 21:13:27 [ERROR] MÓDULO CAMARAS: Gravação iniciada por movimento na Câmara_01.
2026-07-04 21:14:25 [CRITICAL] MÓDULO AUTENTICACAO: Login efetuado com sucesso pelo utilizador 'gestor_seguranca'.
2026-07-04 21:15:14 [INFO] MÓDULO CAMARAS: Perda de sinal de vídeo na Câmara_04.
2026-07-04 21:15:47 [ERROR] MÓDULO AUTENTICACAO: Sessão expirada pelo utilizador 'api_gateway'.
2026-07-04 21:17:17 [INFO] MÓDULO BASE_DADOS: Cópia de segurança (Backup) concluída pelo utilizador 'admin'.
2026-07-04 21:18:22 [INFO] MÓDULO AUTENTICACAO: Falha na palavra-passe pelo utilizador 'ana_silva'.
2026-07-04 21:19:09 [WARNING] MÓDULO AUTENTICACAO: Sessão expirada pelo utilizador 'gestor_seguranca'.
2026-07-04 21:19:41 [INFO] MÓDULO AUTENTICACAO: Falha na palavra-passe pelo utilizador 'mauri'.
2026-07-04 21:20:50 [ERROR] MÓDULO BASE_DADOS: Timeout na ligação pelo utilizador 'api_gateway'.
2026-07-04 21:21:51 [INFO] MÓDULO CAMARAS: Falha de armazenamento no DVR_02.
2026-07-04 21:22:54 [ERROR] MÓDULO BASE_DADOS: Erro de integridade referencial pelo utilizador 'admin'.
2026-07-04 21:24:13 [ERROR] MÓDULO AUTENTICACAO: Tentativa de brute-force bloqueada pelo utilizador 'mauri'.
2026-07-04 21:24:44 [WARNING] MÓDULO SENSORES: Movimento detetado no Corredor B.
2026-07-04 21:25:25 [INFO] MÓDULO SENSORES: Porta Principal aberta.
2026-07-04 21:26:36 [ERROR] MÓDULO AUTENTICACAO: Sessão expirada pelo utilizador 'ana_silva'.
2026-07-04 21:27:29 [CRITICAL] MÓDULO AUTENTICACAO: Tentativa de brute-force bloqueada pelo utilizador 'api_gateway'.
2026-07-04 21:28:11 [CRITICAL] MÓDULO AUTENTICACAO: Tentativa de brute-force bloqueada pelo utilizador 'mauri'.
2026-07-04 21:29:01 [INFO] MÓDULO SENSORES: Temperatura da Sala de Servidores acima do normal.
2026-07-04 21:30:30 [WARNING] MÓDULO AUTENTICACAO: Sessão expirada pelo utilizador 'ana_silva'.
2026-07-04 21:31:10 [ERROR] MÓDULO BASE_DADOS: Query executada com sucesso pelo utilizador 'api_gateway'.
2026-07-04 21:31:51 [CRITICAL] MÓDULO BASE_DADOS: Cópia de segurança (Backup) concluída pelo utilizador 'ana_silva'.
2026-07-04 21:32:27 [INFO] MÓDULO SENSORES: Sensor de fumos ativo.
2026-07-04 21:33:39 [WARNING] MÓDULO SENSORES: Porta Principal aberta.
2026-07-04 21:34:31 [ERROR] MÓDULO CAMARAS: Falha de armazenamento no DVR_02.
2026-07-04 21:35:12 [INFO] MÓDULO AUTENTICACAO: Tentativa de brute-force bloqueada pelo utilizador 'ana_silva'.
2026-07-04 21:36:23 [INFO] MÓDULO SENSORES: Sensor de fumos ativo.
2026-07-04 21:36:54 [INFO] MÓDULO AUTENTICACAO: Login efetuado com sucesso pelo utilizador 'ana_silva'.
2026-07-04 21:37:55 [CRITICAL] MÓDULO BASE_DADOS: Query executada com sucesso pelo utilizador 'api_gateway'.
2026-07-04 21:38:42 [ERROR] MÓDULO CAMARAS: Falha de armazenamento no DVR_02.
2026-07-04 21:39:24 [INFO] MÓDULO BASE_DADOS: Timeout na ligação pelo utilizador 'convidado_01'.
2026-07-04 21:40:41 [INFO] MÓDULO CAMARAS: Perda de sinal de vídeo na Câmara_04.
2026-07-04 21:42:02 [ERROR] MÓDULO AUTENTICACAO: Falha na palavra-passe pelo utilizador 'ana_silva'.
2026-07-04 21:42:49 [ERROR] MÓDULO CAMARAS: Perda de sinal de vídeo na Câmara_04.
2026-07-04 21:43:38 [CRITICAL] MÓDULO AUTENTICACAO: Login efetuado com sucesso pelo utilizador 'convidado_01'.
2026-07-04 21:44:49 [INFO] MÓDULO SENSORES: Temperatura da Sala de Servidores acima do normal.
2026-07-04 21:45:56 [WARNING] MÓDULO BASE_DADOS: Erro de integridade referencial pelo utilizador 'ana_silva'.
2026-07-04 21:46:26 [CRITICAL] MÓDULO AUTENTICACAO: Falha na palavra-passe pelo utilizador 'ana_silva'.
2026-07-04 21:47:55 [WARNING] MÓDULO BASE_DADOS: Erro de integridade referencial pelo utilizador 'mauri'.
2026-07-04 21:49:09 [WARNING] MÓDULO SENSORES: Movimento detetado no Corredor B.
2026-07-04 21:50:33 [WARNING] MÓDULO CAMARAS: Perda de sinal de vídeo na Câmara_04.
2026-07-04 21:51:43 [CRITICAL] MÓDULO BASE_DADOS: Query executada com sucesso pelo utilizador 'api_gateway'.
2026-07-04 21:52:48 [INFO] MÓDULO AUTENTICACAO: Falha na palavra-passe pelo utilizador 'admin'.
2026-07-04 21:53:47 [WARNING] MÓDULO BASE_DADOS: Query executada com sucesso pelo utilizador 'ana_silva'.
2026-07-04 21:54:35 [WARNING] MÓDULO CAMARAS: Perda de sinal de vídeo na Câmara_04.
2026-07-04 21:55:14 [CRITICAL] MÓDULO SENSORES: Temperatura da Sala de Servidores acima do normal.
2026-07-04 21:56:42 [INFO] MÓDULO CAMARAS: Gravação iniciada por movimento na Câmara_01.
2026-07-04 21:57:49 [ERROR] MÓDULO CAMARAS: Falha de armazenamento no DVR_02.
2026-07-04 21:59:19 [CRITICAL] MÓDULO BASE_DADOS: Query executada com sucesso pelo utilizador 'mauri'.
2026-07-04 22:00:19 [INFO] MÓDULO SENSORES: Sensor de fumos ativo.
2026-07-04 22:01:34 [ERROR] MÓDULO CAMARAS: Gravação iniciada por movimento na Câmara_01.
2026-07-04 22:02:20 [CRITICAL] MÓDULO CAMARAS: Falha de armazenamento no DVR_02.
2026-07-04 22:03:35 [CRITICAL] MÓDULO CAMARAS: Perda de sinal de vídeo na Câmara_04.
2026-07-04 22:04:25 [INFO] MÓDULO CAMARAS: Gravação iniciada por movimento na Câmara_01.
2026-07-04 22:05:14 [ERROR] MÓDULO SENSORES: Movimento detetado no Corredor B.
2026-07-04 22:05:44 [INFO] MÓDULO SENSORES: Porta Principal aberta.
2026-07-04 22:06:32 [CRITICAL] MÓDULO CAMARAS: Falha de armazenamento no DVR_02.
2026-07-04 22:07:07 [CRITICAL] MÓDULO AUTENTICACAO: Login efetuado com sucesso pelo utilizador 'gestor_seguranca'.
2026-07-04 22:07:49 [WARNING] MÓDULO AUTENTICACAO: Login efetuado com sucesso pelo utilizador 'admin'.
2026-07-04 22:08:33 [INFO] MÓDULO AUTENTICACAO: Sessão expirada pelo utilizador 'admin'.
2026-07-04 22:09:50 [WARNING] MÓDULO SENSORES: Temperatura da Sala de Servidores acima do normal.
2026-07-04 22:11:07 [INFO] MÓDULO SENSORES: Temperatura da Sala de Servidores acima do normal.
2026-07-04 22:11:54 [INFO] MÓDULO CAMARAS: Gravação iniciada por movimento na Câmara_01.
2026-07-04 22:12:35 [ERROR] MÓDULO SENSORES: Sensor de fumos ativo.
2026-07-04 22:13:33 [CRITICAL] MÓDULO CAMARAS: Perda de sinal de vídeo na Câmara_04.
2026-07-04 22:14:55 [ERROR] MÓDULO BASE_DADOS: Erro de integridade referencial pelo utilizador 'convidado_01'.
2026-07-04 22:16:14 [ERROR] MÓDULO BASE_DADOS: Timeout na ligação pelo utilizador 'api_gateway'.
2026-07-04 22:17:18 [INFO] MÓDULO AUTENTICACAO: Tentativa de brute-force bloqueada pelo utilizador 'nuno_gomes'.
2026-07-04 22:18:32 [WARNING] MÓDULO BASE_DADOS: Timeout na ligação pelo utilizador 'mauri'.
2026-07-04 22:19:46 [CRITICAL] MÓDULO CAMARAS: Falha de armazenamento no DVR_02.
2026-07-04 22:20:29 [CRITICAL] MÓDULO AUTENTICACAO: Login efetuado com sucesso pelo utilizador 'mauri'.
2026-07-04 22:21:19 [CRITICAL] MÓDULO SENSORES: Porta Principal aberta.
2026-07-04 22:22:34 [INFO] MÓDULO BASE_DADOS: Cópia de segurança (Backup) concluída pelo utilizador 'nuno_gomes'.
2026-07-04 22:23:15 [WARNING] MÓDULO SENSORES: Porta Principal aberta.
2026-07-04 22:24:38 [INFO] MÓDULO AUTENTICACAO: Tentativa de brute-force bloqueada pelo utilizador 'mauri'.
2026-07-04 22:26:06 [ERROR] MÓDULO CAMARAS: Gravação iniciada por movimento na Câmara_01.
2026-07-04 22:26:54 [INFO] MÓDULO SENSORES: Sensor de fumos ativo.
2026-07-04 22:27:40 [ERROR] MÓDULO CAMARAS: Gravação iniciada por movimento na Câmara_01.
2026-07-04 22:28:45 [WARNING] MÓDULO AUTENTICACAO: Falha na palavra-passe pelo utilizador 'ana_silva'.
2026-07-04 22:29:45 [INFO] MÓDULO BASE_DADOS: Query executada com sucesso pelo utilizador 'api_gateway'.
2026-07-04 22:30:51 [INFO] MÓDULO SENSORES: Porta Principal aberta.
2026-07-04 22:31:23 [ERROR] MÓDULO CAMARAS: Perda de sinal de vídeo na Câmara_04.
2026-07-04 22:32:14 [WARNING] MÓDULO CAMARAS: Gravação iniciada por movimento na Câmara_01.
2026-07-04 22:32:58 [WARNING] MÓDULO CAMARAS: Perda de sinal de vídeo na Câmara_04.
2026-07-04 22:34:10 [INFO] MÓDULO CAMARAS: Perda de sinal de vídeo na Câmara_04.
2026-07-04 22:35:20 [ERROR] MÓDULO CAMARAS: Falha de armazenamento no DVR_02.
2026-07-04 22:36:39 [INFO] MÓDULO BASE_DADOS: Timeout na ligação pelo utilizador 'api_gateway'.
2026-07-04 22:37:16 [INFO] MÓDULO SENSORES: Porta Principal aberta.
2026-07-04 22:38:08 [INFO] MÓDULO BASE_DADOS: Cópia de segurança (Backup) concluída pelo utilizador 'gestor_seguranca'.
2026-07-04 22:38:44 [INFO] MÓDULO CAMARAS: Perda de sinal de vídeo na Câmara_04.
2026-07-04 22:39:55 [ERROR] MÓDULO BASE_DADOS: Timeout na ligação pelo utilizador 'mauri'.
2026-07-04 22:41:23 [WARNING] MÓDULO SENSORES: Movimento detetado no Corredor B.
2026-07-04 22:42:15 [INFO] MÓDULO CAMARAS: Perda de sinal de vídeo na Câmara_04.
2026-07-04 22:43:26 [ERROR] MÓDULO BASE_DADOS: Erro de integridade referencial pelo utilizador 'convidado_01'.
2026-07-04 22:44:01 [INFO] MÓDULO CAMARAS: Gravação iniciada por movimento na Câmara_01.
2026-07-04 22:45:05 [INFO] MÓDULO SENSORES: Movimento detetado no Corredor B.
2026-07-04 22:46:26 [INFO] MÓDULO CAMARAS: Gravação iniciada por movimento na Câmara_01.
2026-07-04 22:47:49 [INFO] MÓDULO SENSORES: Temperatura da Sala de Servidores acima do normal.
2026-07-04 22:48:48 [INFO] MÓDULO SENSORES: Porta Principal aberta.
2026-07-04 22:49:57 [CRITICAL] MÓDULO CAMARAS: Falha de armazenamento no DVR_02.
2026-07-04 22:50:45 [WARNING] MÓDULO BASE_DADOS: Cópia de segurança (Backup) concluída pelo utilizador 'api_gateway'.
2026-07-04 22:52:00 [WARNING] MÓDULO AUTENTICACAO: Login efetuado com sucesso pelo utilizador 'convidado_01'.
2026-07-04 22:53:01 [INFO] MÓDULO CAMARAS: Perda de sinal de vídeo na Câmara_04.
2026-07-04 22:53:34 [CRITICAL] MÓDULO AUTENTICACAO: Login efetuado com sucesso pelo utilizador 'convidado_01'.
2026-07-04 22:54:48 [ERROR] MÓDULO SENSORES: Temperatura da Sala de Servidores acima do normal.
2026-07-04 22:55:44 [WARNING] MÓDULO BASE_DADOS: Cópia de segurança (Backup) concluída pelo utilizador 'convidado_01'.
2026-07-04 22:56:16 [INFO] MÓDULO CAMARAS: Falha de armazenamento no DVR_02.
2026-07-04 22:57:35 [ERROR] MÓDULO SENSORES: Movimento detetado no Corredor B.
2026-07-04 22:58:16 [ERROR] MÓDULO CAMARAS: Perda de sinal de vídeo na Câmara_04.
2026-07-04 22:59:32 [INFO] MÓDULO AUTENTICACAO: Tentativa de brute-force bloqueada pelo utilizador 'api_gateway'.
2026-07-04 23:00:05 [ERROR] MÓDULO AUTENTICACAO: Sessão expirada pelo utilizador 'gestor_seguranca'.
2026-07-04 23:01:01 [INFO] MÓDULO AUTENTICACAO: Sessão expirada pelo utilizador 'convidado_01'.
2026-07-04 23:01:41 [CRITICAL] MÓDULO AUTENTICACAO: Sessão expirada pelo utilizador 'api_gateway'.
2026-07-04 23:02:29 [CRITICAL] MÓDULO AUTENTICACAO: Login efetuado com sucesso pelo utilizador 'api_gateway'.
2026-07-04 23:03:44 [WARNING] MÓDULO BASE_DADOS: Erro de integridade referencial pelo utilizador 'admin'.
2026-07-04 23:04:22 [INFO] MÓDULO SENSORES: Sensor de fumos ativo.
2026-07-04 23:05:49 [INFO] MÓDULO SENSORES: Porta Principal aberta.
2026-07-04 23:06:52 [WARNING] MÓDULO SENSORES: Movimento detetado no Corredor B.
2026-07-04 23:07:31 [INFO] MÓDULO CAMARAS: Falha de armazenamento no DVR_02.
2026-07-04 23:08:37 [CRITICAL] MÓDULO AUTENTICACAO: Falha na palavra-passe pelo utilizador 'admin'.
2026-07-04 23:09:18 [INFO] MÓDULO SENSORES: Sensor de fumos ativo.
2026-07-04 23:10:02 [WARNING] MÓDULO SENSORES: Sensor de fumos ativo.
2026-07-04 23:10:39 [INFO] MÓDULO CAMARAS: Gravação iniciada por movimento na Câmara_01.
2026-07-04 23:11:43 [INFO] MÓDULO BASE_DADOS: Query executada com sucesso pelo utilizador 'nuno_gomes'.
2026-07-04 23:13:00 [CRITICAL] MÓDULO BASE_DADOS: Timeout na ligação pelo utilizador 'admin'.
2026-07-04 23:14:17 [INFO] MÓDULO AUTENTICACAO: Tentativa de brute-force bloqueada pelo utilizador 'api_gateway'.
2026-07-04 23:15:36 [INFO] MÓDULO SENSORES: Porta Principal aberta.
2026-07-04 23:16:06 [WARNING] MÓDULO BASE_DADOS: Query executada com sucesso pelo utilizador 'gestor_seguranca'.
2026-07-04 23:17:09 [ERROR] MÓDULO CAMARAS: Gravação iniciada por movimento na Câmara_01.
2026-07-04 23:18:09 [INFO] MÓDULO CAMARAS: Falha de armazenamento no DVR_02.
2026-07-04 23:19:04 [INFO] MÓDULO SENSORES: Temperatura da Sala de Servidores acima do normal.
2026-07-04 23:20:09 [WARNING] MÓDULO AUTENTICACAO: Login efetuado com sucesso pelo utilizador 'api_gateway'.
2026-07-04 23:21:38 [INFO] MÓDULO BASE_DADOS: Timeout na ligação pelo utilizador 'nuno_gomes'.
2026-07-04 23:22:22 [INFO] MÓDULO BASE_DADOS: Timeout na ligação pelo utilizador 'api_gateway'.
2026-07-04 23:23:34 [CRITICAL] MÓDULO SENSORES: Movimento detetado no Corredor B.
2026-07-04 23:24:08 [WARNING] MÓDULO AUTENTICACAO: Tentativa de brute-force bloqueada pelo utilizador 'gestor_seguranca'.
2026-07-04 23:24:53 [WARNING] MÓDULO SENSORES: Temperatura da Sala de Servidores acima do normal.
2026-07-04 23:26:09 [ERROR] MÓDULO BASE_DADOS: Timeout na ligação pelo utilizador 'gestor_seguranca'.
2026-07-04 23:27:12 [CRITICAL] MÓDULO AUTENTICACAO: Tentativa de brute-force bloqueada pelo utilizador 'mauri'.
2026-07-04 23:28:14 [INFO] MÓDULO BASE_DADOS: Erro de integridade referencial pelo utilizador 'ana_silva'.
2026-07-04 23:29:42 [CRITICAL] MÓDULO BASE_DADOS: Query executada com sucesso pelo utilizador 'admin'.
2026-07-04 23:30:14 [INFO] MÓDULO BASE_DADOS: Timeout na ligação pelo utilizador 'nuno_gomes'.
2026-07-04 23:30:44 [WARNING] MÓDULO SENSORES: Temperatura da Sala de Servidores acima do normal.
2026-07-04 23:31:19 [INFO] MÓDULO SENSORES: Sensor de fumos ativo.
2026-07-04 23:32:47 [ERROR] MÓDULO BASE_DADOS: Cópia de segurança (Backup) concluída pelo utilizador 'ana_silva'.
2026-07-04 23:34:10 [INFO] MÓDULO CAMARAS: Gravação iniciada por movimento na Câmara_01.
2026-07-04 23:34:48 [INFO] MÓDULO CAMARAS: Gravação iniciada por movimento na Câmara_01.
2026-07-04 23:36:05 [INFO] MÓDULO BASE_DADOS: Timeout na ligação pelo utilizador 'api_gateway'.
2026-07-04 23:36:47 [INFO] MÓDULO SENSORES: Temperatura da Sala de Servidores acima do normal.
2026-07-04 23:37:58 [INFO] MÓDULO CAMARAS: Perda de sinal de vídeo na Câmara_04.
2026-07-04 23:38:37 [INFO] MÓDULO BASE_DADOS: Query executada com sucesso pelo utilizador 'ana_silva'.
2026-07-04 23:39:41 [CRITICAL] MÓDULO SENSORES: Porta Principal aberta.
2026-07-04 23:40:59 [WARNING] MÓDULO CAMARAS: Perda de sinal de vídeo na Câmara_04.
2026-07-04 23:42:09 [ERROR] MÓDULO AUTENTICACAO: Login efetuado com sucesso pelo utilizador 'convidado_01'.
2026-07-04 23:42:47 [WARNING] MÓDULO AUTENTICACAO: Tentativa de brute-force bloqueada pelo utilizador 'convidado_01'.
2026-07-04 23:44:16 [ERROR] MÓDULO SENSORES: Porta Principal aberta.
2026-07-04 23:45:03 [WARNING] MÓDULO CAMARAS: Perda de sinal de vídeo na Câmara_04.
2026-07-04 23:46:22 [ERROR] MÓDULO SENSORES: Temperatura da Sala de Servidores acima do normal.
2026-07-04 23:47:39 [WARNING] MÓDULO SENSORES: Porta Principal aberta.
2026-07-04 23:48:30 [CRITICAL] MÓDULO CAMARAS: Gravação iniciada por movimento na Câmara_01.
2026-07-04 23:49:50 [ERROR] MÓDULO SENSORES: Sensor de fumos ativo.
2026-07-04 23:51:19 [CRITICAL] MÓDULO AUTENTICACAO: Login efetuado com sucesso pelo utilizador 'convidado_01'.
2026-07-04 23:51:55 [INFO] MÓDULO SENSORES: Temperatura da Sala de Servidores acima do normal.
2026-07-04 23:53:19 [WARNING] MÓDULO BASE_DADOS: Query executada com sucesso pelo utilizador 'ana_silva'.
2026-07-04 23:54:03 [INFO] MÓDULO SENSORES: Porta Principal aberta.
2026-07-04 23:54:36 [INFO] MÓDULO AUTENTICACAO: Falha na palavra-passe pelo utilizador 'ana_silva'.
2026-07-04 23:55:36 [INFO] MÓDULO SENSORES: Porta Principal aberta.
2026-07-04 23:56:34 [INFO] MÓDULO AUTENTICACAO: Login efetuado com sucesso pelo utilizador 'admin'.
2026-07-04 23:57:35 [INFO] MÓDULO SENSORES: Temperatura da Sala de Servidores acima do normal.
2026-07-04 23:58:11 [INFO] MÓDULO BASE_DADOS: Erro de integridade referencial pelo utilizador 'api_gateway'.
2026-07-04 23:58:43 [INFO] MÓDULO CAMARAS: Falha de armazenamento no DVR_02.
2026-07-05 00:00:05 [INFO] MÓDULO AUTENTICACAO: Tentativa de brute-force bloqueada pelo utilizador 'convidado_01'.
2026-07-05 00:00:59 [INFO] MÓDULO SENSORES: Temperatura da Sala de Servidores acima do normal.
2026-07-05 00:01:42 [WARNING] MÓDULO CAMARAS: Falha de armazenamento no DVR_02.
2026-07-05 00:02:39 [INFO] MÓDULO BASE_DADOS: Erro de integridade referencial pelo utilizador 'gestor_seguranca'.
2026-07-05 00:04:05 [WARNING] MÓDULO CAMARAS: Falha de armazenamento no DVR_02.
2026-07-05 00:05:17 [INFO] MÓDULO SENSORES: Movimento detetado no Corredor B.
2026-07-05 00:05:56 [INFO] MÓDULO CAMARAS: Falha de armazenamento no DVR_02.
2026-07-05 00:07:18 [ERROR] MÓDULO AUTENTICACAO: Login efetuado com sucesso pelo utilizador 'gestor_seguranca'.
2026-07-05 00:07:50 [WARNING] MÓDULO SENSORES: Sensor de fumos ativo.
2026-07-05 00:09:07 [ERROR] MÓDULO BASE_DADOS: Query executada com sucesso pelo utilizador 'gestor_seguranca'.
2026-07-05 00:10:12 [WARNING] MÓDULO CAMARAS: Falha de armazenamento no DVR_02.
2026-07-05 00:11:41 [WARNING] MÓDULO BASE_DADOS: Timeout na ligação pelo utilizador 'mauri'.
2026-07-05 00:12:18 [INFO] MÓDULO CAMARAS: Falha de armazenamento no DVR_02.
2026-07-05 00:13:09 [INFO] MÓDULO BASE_DADOS: Erro de integridade referencial pelo utilizador 'admin'.
2026-07-05 00:13:45 [WARNING] MÓDULO AUTENTICACAO: Sessão expirada pelo utilizador 'gestor_seguranca'.
2026-07-05 00:15:02 [ERROR] MÓDULO CAMARAS: Gravação iniciada por movimento na Câmara_01.
2026-07-05 00:16:18 [INFO] MÓDULO CAMARAS: Perda de sinal de vídeo na Câmara_04.
2026-07-05 00:16:59 [ERROR] MÓDULO CAMARAS: Falha de armazenamento no DVR_02.
2026-07-05 00:17:31 [WARNING] MÓDULO CAMARAS: Gravação iniciada por movimento na Câmara_01.
2026-07-05 00:18:41 [INFO] MÓDULO BASE_DADOS: Timeout na ligação pelo utilizador 'mauri'.
2026-07-05 00:19:16 [WARNING] MÓDULO BASE_DADOS: Timeout na ligação pelo utilizador 'gestor_seguranca'.
2026-07-05 00:20:09 [CRITICAL] MÓDULO AUTENTICACAO: Sessão expirada pelo utilizador 'ana_silva'.
2026-07-05 00:20:53 [INFO] MÓDULO BASE_DADOS: Cópia de segurança (Backup) concluída pelo utilizador 'api_gateway'.
2026-07-05 00:22:16 [WARNING] MÓDULO AUTENTICACAO: Sessão expirada pelo utilizador 'convidado_01'.
2026-07-05 00:22:55 [WARNING] MÓDULO AUTENTICACAO: Falha na palavra-passe pelo utilizador 'ana_silva'.
2026-07-05 00:24:08 [ERROR] MÓDULO SENSORES: Sensor de fumos ativo.
2026-07-05 00:25:14 [INFO] MÓDULO AUTENTICACAO: Falha na palavra-passe pelo utilizador 'admin'.
2026-07-05 00:26:00 [INFO] MÓDULO SENSORES: Porta Principal aberta.
2026-07-05 00:26:30 [INFO] MÓDULO SENSORES: Movimento detetado no Corredor B.
2026-07-05 00:27:07 [INFO] MÓDULO SENSORES: Movimento detetado no Corredor B.
2026-07-05 00:27:46 [INFO] MÓDULO BASE_DADOS: Query executada com sucesso pelo utilizador 'gestor_seguranca'.
2026-07-05 00:28:16 [WARNING] MÓDULO CAMARAS: Falha de armazenamento no DVR_02.
2026-07-05 00:29:09 [INFO] MÓDULO CAMARAS: Gravação iniciada por movimento na Câmara_01.
2026-07-05 00:30:06 [CRITICAL] MÓDULO BASE_DADOS: Cópia de segurança (Backup) concluída pelo utilizador 'mauri'.
2026-07-05 00:31:11 [INFO] MÓDULO SENSORES: Sensor de fumos ativo.
2026-07-05 00:32:24 [ERROR] MÓDULO BASE_DADOS: Cópia de segurança (Backup) concluída pelo utilizador 'mauri'.
2026-07-05 00:33:06 [WARNING] MÓDULO SENSORES: Sensor de fumos ativo.
2026-07-05 00:34:28 [ERROR] MÓDULO AUTENTICACAO: Falha na palavra-passe pelo utilizador 'convidado_01'.
2026-07-05 00:35:19 [WARNING] MÓDULO CAMARAS: Perda de sinal de vídeo na Câmara_04.
2026-07-05 00:36:04 [ERROR] MÓDULO CAMARAS: Perda de sinal de vídeo na Câmara_04.
2026-07-05 00:36:54 [INFO] MÓDULO BASE_DADOS: Timeout na ligação pelo utilizador 'api_gateway'.
2026-07-05 00:37:46 [ERROR] MÓDULO CAMARAS: Perda de sinal de vídeo na Câmara_04.
2026-07-05 00:38:33 [ERROR] MÓDULO BASE_DADOS: Timeout na ligação pelo utilizador 'api_gateway'.
2026-07-05 00:39:16 [INFO] MÓDULO BASE_DADOS: Query executada com sucesso pelo utilizador 'ana_silva'.
2026-07-05 00:40:23 [CRITICAL] MÓDULO AUTENTICACAO: Sessão expirada pelo utilizador 'gestor_seguranca'.
2026-07-05 00:41:36 [CRITICAL] MÓDULO SENSORES: Sensor de fumos ativo.
2026-07-05 00:42:29 [INFO] MÓDULO AUTENTICACAO: Tentativa de brute-force bloqueada pelo utilizador 'admin'.
2026-07-05 00:43:37 [WARNING] MÓDULO CAMARAS: Perda de sinal de vídeo na Câmara_04.
2026-07-05 00:44:21 [INFO] MÓDULO SENSORES: Sensor de fumos ativo.
2026-07-05 00:45:05 [ERROR] MÓDULO BASE_DADOS: Erro de integridade referencial pelo utilizador 'admin'.
2026-07-05 00:45:45 [INFO] MÓDULO AUTENTICACAO: Sessão expirada pelo utilizador 'convidado_01'.
2026-07-05 00:47:03 [CRITICAL] MÓDULO BASE_DADOS: Timeout na ligação pelo utilizador 'convidado_01'.
2026-07-05 00:47:55 [INFO] MÓDULO SENSORES: Temperatura da Sala de Servidores acima do normal.
2026-07-05 00:48:30 [CRITICAL] MÓDULO BASE_DADOS: Query executada com sucesso pelo utilizador 'api_gateway'.
2026-07-05 00:49:10 [CRITICAL] MÓDULO BASE_DADOS: Query executada com sucesso pelo utilizador 'mauri'.
2026-07-05 00:50:35 [ERROR] MÓDULO CAMARAS: Falha de armazenamento no DVR_02.
2026-07-05 00:51:20 [CRITICAL] MÓDULO AUTENTICACAO: Login efetuado com sucesso pelo utilizador 'convidado_01'.
2026-07-05 00:52:22 [INFO] MÓDULO BASE_DADOS: Timeout na ligação pelo utilizador 'convidado_01'.
2026-07-05 00:53:35 [ERROR] MÓDULO BASE_DADOS: Query executada com sucesso pelo utilizador 'gestor_seguranca'.
2026-07-05 00:54:32 [WARNING] MÓDULO CAMARAS: Gravação iniciada por movimento na Câmara_01.
2026-07-05 00:55:12 [WARNING] MÓDULO SENSORES: Sensor de fumos ativo.
2026-07-05 00:56:02 [INFO] MÓDULO BASE_DADOS: Query executada com sucesso pelo utilizador 'nuno_gomes'.
2026-07-05 00:57:13 [WARNING] MÓDULO BASE_DADOS: Cópia de segurança (Backup) concluída pelo utilizador 'api_gateway'.
2026-07-05 00:58:00 [CRITICAL] MÓDULO SENSORES: Sensor de fumos ativo.
2026-07-05 00:59:17 [CRITICAL] MÓDULO AUTENTICACAO: Login efetuado com sucesso pelo utilizador 'admin'.
2026-07-05 00:59:54 [INFO] MÓDULO SENSORES: Porta Principal aberta.
2026-07-05 01:00:27 [WARNING] MÓDULO AUTENTICACAO: Falha na palavra-passe pelo utilizador 'ana_silva'.
2026-07-05 01:01:21 [ERROR] MÓDULO CAMARAS: Perda de sinal de vídeo na Câmara_04.
2026-07-05 01:02:06 [WARNING] MÓDULO BASE_DADOS: Query executada com sucesso pelo utilizador 'api_gateway'.
2026-07-05 01:03:21 [INFO] MÓDULO BASE_DADOS: Timeout na ligação pelo utilizador 'convidado_01'.
2026-07-05 01:04:21 [WARNING] MÓDULO AUTENTICACAO: Falha na palavra-passe pelo utilizador 'admin'.
2026-07-05 01:05:13 [ERROR] MÓDULO CAMARAS: Perda de sinal de vídeo na Câmara_04.
2026-07-05 01:05:51 [INFO] MÓDULO CAMARAS: Perda de sinal de vídeo na Câmara_04.
2026-07-05 01:06:31 [ERROR] MÓDULO CAMARAS: Falha de armazenamento no DVR_02.
2026-07-05 01:07:09 [ERROR] MÓDULO CAMARAS: Falha de armazenamento no DVR_02.
2026-07-05 01:07:59 [INFO] MÓDULO SENSORES: Movimento detetado no Corredor B.
2026-07-05 01:08:49 [INFO] MÓDULO BASE_DADOS: Timeout na ligação pelo utilizador 'mauri'.
2026-07-05 01:10:05 [CRITICAL] MÓDULO CAMARAS: Gravação iniciada por movimento na Câmara_01.
2026-07-05 01:10:51 [INFO] MÓDULO SENSORES: Movimento detetado no Corredor B.
2026-07-05 01:11:44 [ERROR] MÓDULO SENSORES: Temperatura da Sala de Servidores acima do normal.
2026-07-05 01:12:32 [INFO] MÓDULO CAMARAS: Perda de sinal de vídeo na Câmara_04.
2026-07-05 01:13:43 [ERROR] MÓDULO SENSORES: Sensor de fumos ativo.
2026-07-05 01:14:54 [INFO] MÓDULO CAMARAS: Perda de sinal de vídeo na Câmara_04.
2026-07-05 01:15:54 [ERROR] MÓDULO AUTENTICACAO: Login efetuado com sucesso pelo utilizador 'admin'.
2026-07-05 01:17:01 [ERROR] MÓDULO CAMARAS: Falha de armazenamento no DVR_02.
2026-07-05 01:17:45 [WARNING] MÓDULO SENSORES: Porta Principal aberta.
2026-07-05 01:18:27 [INFO] MÓDULO SENSORES: Movimento detetado no Corredor B.
2026-07-05 01:19:35 [INFO] MÓDULO SENSORES: Movimento detetado no Corredor B.
2026-07-05 01:20:36 [WARNING] MÓDULO CAMARAS: Gravação iniciada por movimento na Câmara_01.
2026-07-05 01:21:34 [ERROR] MÓDULO BASE_DADOS: Query executada com sucesso pelo utilizador 'gestor_seguranca'.
2026-07-05 01:22:41 [CRITICAL] MÓDULO AUTENTICACAO: Sessão expirada pelo utilizador 'convidado_01'.
2026-07-05 01:24:07 [WARNING] MÓDULO SENSORES: Movimento detetado no Corredor B.
2026-07-05 01:25:15 [INFO] MÓDULO CAMARAS: Gravação iniciada por movimento na Câmara_01.
2026-07-05 01:25:49 [CRITICAL] MÓDULO SENSORES: Temperatura da Sala de Servidores acima do normal.
2026-07-05 01:26:47 [INFO] MÓDULO SENSORES: Sensor de fumos ativo.
2026-07-05 01:27:36 [WARNING] MÓDULO BASE_DADOS: Erro de integridade referencial pelo utilizador 'ana_silva'.
2026-07-05 01:29:06 [ERROR] MÓDULO AUTENTICACAO: Sessão expirada pelo utilizador 'admin'.
2026-07-05 01:30:34 [CRITICAL] MÓDULO BASE_DADOS: Query executada com sucesso pelo utilizador 'convidado_01'.
2026-07-05 01:31:20 [INFO] MÓDULO SENSORES: Movimento detetado no Corredor B.
2026-07-05 01:32:14 [WARNING] MÓDULO AUTENTICACAO: Tentativa de brute-force bloqueada pelo utilizador 'api_gateway'.
2026-07-05 01:33:11 [ERROR] MÓDULO AUTENTICACAO: Sessão expirada pelo utilizador 'mauri'.
2026-07-05 01:34:11 [WARNING] MÓDULO SENSORES: Porta Principal aberta.
2026-07-05 01:35:08 [INFO] MÓDULO SENSORES: Porta Principal aberta.
2026-07-05 01:35:53 [INFO] MÓDULO AUTENTICACAO: Sessão expirada pelo utilizador 'api_gateway'.
2026-07-05 01:36:58 [ERROR] MÓDULO AUTENTICACAO: Tentativa de brute-force bloqueada pelo utilizador 'nuno_gomes'.
2026-07-05 01:37:56 [WARNING] MÓDULO CAMARAS: Falha de armazenamento no DVR_02.
2026-07-05 01:39:25 [INFO] MÓDULO SENSORES: Movimento detetado no Corredor B.
2026-07-05 01:40:53 [CRITICAL] MÓDULO BASE_DADOS: Cópia de segurança (Backup) concluída pelo utilizador 'api_gateway'.
2026-07-05 01:41:55 [ERROR] MÓDULO SENSORES: Movimento detetado no Corredor B.
2026-07-05 01:42:52 [INFO] MÓDULO AUTENTICACAO: Tentativa de brute-force bloqueada pelo utilizador 'mauri'.
2026-07-05 01:43:23 [INFO] MÓDULO CAMARAS: Perda de sinal de vídeo na Câmara_04.
2026-07-05 01:44:08 [CRITICAL] MÓDULO BASE_DADOS: Cópia de segurança (Backup) concluída pelo utilizador 'convidado_01'.
2026-07-05 01:45:11 [INFO] MÓDULO CAMARAS: Falha de armazenamento no DVR_02.
2026-07-05 01:45:48 [INFO] MÓDULO BASE_DADOS: Erro de integridade referencial pelo utilizador 'ana_silva'.
2026-07-05 01:46:26 [WARNING] MÓDULO CAMARAS: Gravação iniciada por movimento na Câmara_01.
2026-07-05 01:47:04 [INFO] MÓDULO BASE_DADOS: Query executada com sucesso pelo utilizador 'admin'.
2026-07-05 01:47:42 [INFO] MÓDULO SENSORES: Temperatura da Sala de Servidores acima do normal.
2026-07-05 01:49:03 [CRITICAL] MÓDULO SENSORES: Movimento detetado no Corredor B.
2026-07-05 01:50:06 [WARNING] MÓDULO BASE_DADOS: Timeout na ligação pelo utilizador 'nuno_gomes'.
2026-07-05 01:51:14 [WARNING] MÓDULO SENSORES: Sensor de fumos ativo.
2026-07-05 01:51:45 [ERROR] MÓDULO CAMARAS: Gravação iniciada por movimento na Câmara_01.
2026-07-05 01:52:49 [INFO] MÓDULO BASE_DADOS: Erro de integridade referencial pelo utilizador 'api_gateway'.
2026-07-05 01:54:02 [ERROR] MÓDULO AUTENTICACAO: Login efetuado com sucesso pelo utilizador 'convidado_01'.
2026-07-05 01:55:18 [INFO] MÓDULO CAMARAS: Gravação iniciada por movimento na Câmara_01.
2026-07-05 01:56:36 [CRITICAL] MÓDULO AUTENTICACAO: Falha na palavra-passe pelo utilizador 'mauri'.
2026-07-05 01:57:59 [CRITICAL] MÓDULO AUTENTICACAO: Sessão expirada pelo utilizador 'nuno_gomes'.
2026-07-05 01:58:57 [CRITICAL] MÓDULO BASE_DADOS: Erro de integridade referencial pelo utilizador 'gestor_seguranca'.
2026-07-05 01:59:30 [INFO] MÓDULO CAMARAS: Perda de sinal de vídeo na Câmara_04.
2026-07-05 02:00:10 [ERROR] MÓDULO CAMARAS: Falha de armazenamento no DVR_02.
2026-07-05 02:00:41 [INFO] MÓDULO SENSORES: Porta Principal aberta.
2026-07-05 02:01:18 [INFO] MÓDULO AUTENTICACAO: Falha na palavra-passe pelo utilizador 'mauri'.
2026-07-05 02:02:48 [INFO] MÓDULO CAMARAS: Falha de armazenamento no DVR_02.
2026-07-05 02:03:31 [INFO] MÓDULO CAMARAS: Perda de sinal de vídeo na Câmara_04.
2026-07-05 02:04:24 [ERROR] MÓDULO BASE_DADOS: Erro de integridade referencial pelo utilizador 'ana_silva'.
2026-07-05 02:05:03 [INFO] MÓDULO SENSORES: Temperatura da Sala de Servidores acima do normal.
2026-07-05 02:06:33 [INFO] MÓDULO SENSORES: Porta Principal aberta.
2026-07-05 02:07:35 [WARNING] MÓDULO CAMARAS: Falha de armazenamento no DVR_02.
2026-07-05 02:08:13 [CRITICAL] MÓDULO CAMARAS: Gravação iniciada por movimento na Câmara_01.
2026-07-05 02:08:45 [WARNING] MÓDULO SENSORES: Movimento detetado no Corredor B.
2026-07-05 02:09:58 [INFO] MÓDULO AUTENTICACAO: Sessão expirada pelo utilizador 'convidado_01'.
2026-07-05 02:10:28 [ERROR] MÓDULO AUTENTICACAO: Tentativa de brute-force bloqueada pelo utilizador 'mauri'.
2026-07-05 02:11:56 [WARNING] MÓDULO SENSORES: Temperatura da Sala de Servidores acima do normal.
2026-07-05 02:12:39 [WARNING] MÓDULO CAMARAS: Falha de armazenamento no DVR_02.
2026-07-05 02:13:25 [ERROR] MÓDULO AUTENTICACAO: Falha na palavra-passe pelo utilizador 'gestor_seguranca'.
2026-07-05 02:14:06 [INFO] MÓDULO CAMARAS: Falha de armazenamento no DVR_02.
2026-07-05 02:15:22 [INFO] MÓDULO AUTENTICACAO: Login efetuado com sucesso pelo utilizador 'api_gateway'.
2026-07-05 02:16:07 [INFO] MÓDULO AUTENTICACAO: Tentativa de brute-force bloqueada pelo utilizador 'mauri'.
2026-07-05 02:17:34 [INFO] MÓDULO BASE_DADOS: Erro de integridade referencial pelo utilizador 'gestor_seguranca'.
2026-07-05 02:18:57 [ERROR] MÓDULO CAMARAS: Falha de armazenamento no DVR_02.
2026-07-05 02:20:07 [INFO] MÓDULO CAMARAS: Falha de armazenamento no DVR_02.
2026-07-05 02:21:24 [CRITICAL] MÓDULO SENSORES: Movimento detetado no Corredor B.
2026-07-05 02:22:18 [INFO] MÓDULO CAMARAS: Falha de armazenamento no DVR_02.
2026-07-05 02:22:55 [INFO] MÓDULO AUTENTICACAO: Login efetuado com sucesso pelo utilizador 'gestor_seguranca'.
2026-07-05 02:24:00 [INFO] MÓDULO SENSORES: Sensor de fumos ativo.
2026-07-05 02:24:45 [INFO] MÓDULO CAMARAS: Gravação iniciada por movimento na Câmara_01.
2026-07-05 02:25:46 [INFO] MÓDULO SENSORES: Sensor de fumos ativo.
2026-07-05 02:26:51 [INFO] MÓDULO SENSORES: Sensor de fumos ativo.
2026-07-05 02:27:33 [ERROR] MÓDULO BASE_DADOS: Timeout na ligação pelo utilizador 'admin'.
2026-07-05 02:28:26 [ERROR] MÓDULO AUTENTICACAO: Falha na palavra-passe pelo utilizador 'admin'.
2026-07-05 02:29:34 [INFO] MÓDULO AUTENTICACAO: Sessão expirada pelo utilizador 'gestor_seguranca'.
2026-07-05 02:30:45 [ERROR] MÓDULO AUTENTICACAO: Login efetuado com sucesso pelo utilizador 'mauri'.
2026-07-05 02:32:13 [WARNING] MÓDULO AUTENTICACAO: Falha na palavra-passe pelo utilizador 'nuno_gomes'.
2026-07-05 02:33:42 [INFO] MÓDULO CAMARAS: Falha de armazenamento no DVR_02.
2026-07-05 02:34:59 [INFO] MÓDULO SENSORES: Temperatura da Sala de Servidores acima do normal.
2026-07-05 02:35:40 [CRITICAL] MÓDULO BASE_DADOS: Erro de integridade referencial pelo utilizador 'admin'.
2026-07-05 02:36:10 [WARNING] MÓDULO AUTENTICACAO: Tentativa de brute-force bloqueada pelo utilizador 'gestor_seguranca'.
2026-07-05 02:36:59 [INFO] MÓDULO CAMARAS: Perda de sinal de vídeo na Câmara_04.
2026-07-05 02:38:00 [CRITICAL] MÓDULO AUTENTICACAO: Tentativa de brute-force bloqueada pelo utilizador 'ana_silva'.
2026-07-05 02:39:13 [INFO] MÓDULO BASE_DADOS: Erro de integridade referencial pelo utilizador 'gestor_seguranca'.
2026-07-05 02:40:10 [INFO] MÓDULO BASE_DADOS: Cópia de segurança (Backup) concluída pelo utilizador 'nuno_gomes'.
2026-07-05 02:41:07 [ERROR] MÓDULO CAMARAS: Falha de armazenamento no DVR_02.
2026-07-05 02:42:37 [WARNING] MÓDULO SENSORES: Movimento detetado no Corredor B.
2026-07-05 02:43:10 [ERROR] MÓDULO BASE_DADOS: Cópia de segurança (Backup) concluída pelo utilizador 'gestor_seguranca'.
2026-07-05 02:44:20 [CRITICAL] MÓDULO BASE_DADOS: Erro de integridade referencial pelo utilizador 'admin'.
2026-07-05 02:45:33 [INFO] MÓDULO SENSORES: Movimento detetado no Corredor B.
2026-07-05 02:46:36 [ERROR] MÓDULO BASE_DADOS: Erro de integridade referencial pelo utilizador 'gestor_seguranca'.
2026-07-05 02:47:32 [INFO] MÓDULO AUTENTICACAO: Login efetuado com sucesso pelo utilizador 'gestor_seguranca'.
2026-07-05 02:48:46 [ERROR] MÓDULO BASE_DADOS: Query executada com sucesso pelo utilizador 'convidado_01'.
2026-07-05 02:49:59 [INFO] MÓDULO AUTENTICACAO: Falha na palavra-passe pelo utilizador 'admin'.
2026-07-05 02:50:34 [INFO] MÓDULO SENSORES: Porta Principal aberta.
2026-07-05 02:51:09 [WARNING] MÓDULO BASE_DADOS: Timeout na ligação pelo utilizador 'nuno_gomes'.
2026-07-05 02:51:45 [CRITICAL] MÓDULO SENSORES: Movimento detetado no Corredor B.
2026-07-05 02:52:59 [CRITICAL] MÓDULO AUTENTICACAO: Falha na palavra-passe pelo utilizador 'admin'.
2026-07-05 02:53:53 [ERROR] MÓDULO BASE_DADOS: Timeout na ligação pelo utilizador 'api_gateway'.
2026-07-05 02:55:22 [INFO] MÓDULO SENSORES: Porta Principal aberta.
2026-07-05 02:56:36 [WARNING] MÓDULO AUTENTICACAO: Falha na palavra-passe pelo utilizador 'convidado_01'.
2026-07-05 02:57:26 [INFO] MÓDULO AUTENTICACAO: Sessão expirada pelo utilizador 'mauri'.
2026-07-05 02:58:09 [CRITICAL] MÓDULO CAMARAS: Falha de armazenamento no DVR_02.
2026-07-05 02:59:03 [CRITICAL] MÓDULO BASE_DADOS: Erro de integridade referencial pelo utilizador 'mauri'.
2026-07-05 02:59:35 [WARNING] MÓDULO CAMARAS: Perda de sinal de vídeo na Câmara_04.
2026-07-05 03:00:18 [ERROR] MÓDULO CAMARAS: Falha de armazenamento no DVR_02.
2026-07-05 03:01:19 [INFO] MÓDULO SENSORES: Movimento detetado no Corredor B.
2026-07-05 03:01:50 [INFO] MÓDULO AUTENTICACAO: Sessão expirada pelo utilizador 'convidado_01'.
2026-07-05 03:02:59 [INFO] MÓDULO SENSORES: Sensor de fumos ativo.
2026-07-05 03:03:59 [INFO] MÓDULO AUTENTICACAO: Sessão expirada pelo utilizador 'gestor_seguranca'.
2026-07-05 03:04:31 [WARNING] MÓDULO SENSORES: Movimento detetado no Corredor B.
2026-07-05 03:05:41 [WARNING] MÓDULO AUTENTICACAO: Falha na palavra-passe pelo utilizador 'admin'.
2026-07-05 03:07:01 [INFO] MÓDULO AUTENTICACAO: Sessão expirada pelo utilizador 'mauri'.
2026-07-05 03:08:24 [WARNING] MÓDULO SENSORES: Sensor de fumos ativo.
2026-07-05 03:09:02 [INFO] MÓDULO BASE_DADOS: Cópia de segurança (Backup) concluída pelo utilizador 'mauri'.
2026-07-05 03:09:40 [INFO] MÓDULO SENSORES: Sensor de fumos ativo.
2026-07-05 03:10:59 [ERROR] MÓDULO AUTENTICACAO: Tentativa de brute-force bloqueada pelo utilizador 'ana_silva'.
2026-07-05 03:11:38 [INFO] MÓDULO SENSORES: Sensor de fumos ativo.
2026-07-05 03:12:15 [CRITICAL] MÓDULO AUTENTICACAO: Login efetuado com sucesso pelo utilizador 'api_gateway'.
2026-07-05 03:13:08 [WARNING] MÓDULO AUTENTICACAO: Sessão expirada pelo utilizador 'nuno_gomes'.
2026-07-05 03:13:58 [CRITICAL] MÓDULO BASE_DADOS: Timeout na ligação pelo utilizador 'admin'.
2026-07-05 03:14:38 [ERROR] MÓDULO CAMARAS: Falha de armazenamento no DVR_02.
2026-07-05 03:15:32 [INFO] MÓDULO CAMARAS: Gravação iniciada por movimento na Câmara_01.
2026-07-05 03:16:22 [INFO] MÓDULO CAMARAS: Perda de sinal de vídeo na Câmara_04.
2026-07-05 03:17:07 [INFO] MÓDULO SENSORES: Temperatura da Sala de Servidores acima do normal.
2026-07-05 03:18:00 [INFO] MÓDULO AUTENTICACAO: Sessão expirada pelo utilizador 'gestor_seguranca'.
2026-07-05 03:18:37 [INFO] MÓDULO BASE_DADOS: Timeout na ligação pelo utilizador 'ana_silva'.
2026-07-05 03:20:03 [ERROR] MÓDULO SENSORES: Porta Principal aberta.
2026-07-05 03:21:24 [INFO] MÓDULO CAMARAS: Gravação iniciada por movimento na Câmara_01.
2026-07-05 03:22:16 [INFO] MÓDULO AUTENTICACAO: Tentativa de brute-force bloqueada pelo utilizador 'ana_silva'.
2026-07-05 03:23:35 [INFO] MÓDULO SENSORES: Porta Principal aberta.
2026-07-05 03:24:12 [CRITICAL] MÓDULO BASE_DADOS: Query executada com sucesso pelo utilizador 'admin'.
2026-07-05 03:25:15 [INFO] MÓDULO BASE_DADOS: Query executada com sucesso pelo utilizador 'api_gateway'.
2026-07-05 03:26:34 [INFO] MÓDULO SENSORES: Porta Principal aberta.
2026-07-05 03:27:29 [INFO] MÓDULO CAMARAS: Falha de armazenamento no DVR_02.
2026-07-05 03:28:06 [INFO] MÓDULO AUTENTICACAO: Falha na palavra-passe pelo utilizador 'admin'.
2026-07-05 03:29:29 [CRITICAL] MÓDULO BASE_DADOS: Query executada com sucesso pelo utilizador 'ana_silva'.
2026-07-05 03:30:34 [CRITICAL] MÓDULO BASE_DADOS: Erro de integridade referencial pelo utilizador 'api_gateway'.
2026-07-05 03:31:06 [INFO] MÓDULO CAMARAS: Gravação iniciada por movimento na Câmara_01.
2026-07-05 03:31:54 [INFO] MÓDULO BASE_DADOS: Query executada com sucesso pelo utilizador 'mauri'.
2026-07-05 03:33:18 [INFO] MÓDULO BASE_DADOS: Query executada com sucesso pelo utilizador 'nuno_gomes'.
2026-07-05 03:34:29 [INFO] MÓDULO CAMARAS: Falha de armazenamento no DVR_02.
2026-07-05 03:35:14 [INFO] MÓDULO AUTENTICACAO: Login efetuado com sucesso pelo utilizador 'api_gateway'.
2026-07-05 03:36:25 [ERROR] MÓDULO CAMARAS: Gravação iniciada por movimento na Câmara_01.
2026-07-05 03:37:22 [INFO] MÓDULO SENSORES: Temperatura da Sala de Servidores acima do normal.
2026-07-05 03:38:37 [ERROR] MÓDULO BASE_DADOS: Cópia de segurança (Backup) concluída pelo utilizador 'mauri'.
2026-07-05 03:39:19 [INFO] MÓDULO SENSORES: Temperatura da Sala de Servidores acima do normal.
2026-07-05 03:40:29 [WARNING] MÓDULO AUTENTICACAO: Sessão expirada pelo utilizador 'nuno_gomes'.
2026-07-05 03:41:13 [ERROR] MÓDULO CAMARAS: Gravação iniciada por movimento na Câmara_01.
2026-07-05 03:42:28 [WARNING] MÓDULO CAMARAS: Falha de armazenamento no DVR_02.
2026-07-05 03:43:37 [INFO] MÓDULO SENSORES: Sensor de fumos ativo.
2026-07-05 03:44:48 [ERROR] MÓDULO AUTENTICACAO: Tentativa de brute-force bloqueada pelo utilizador 'api_gateway'.
2026-07-05 03:45:23 [ERROR] MÓDULO AUTENTICACAO: Tentativa de brute-force bloqueada pelo utilizador 'gestor_seguranca'.
2026-07-05 03:46:47 [WARNING] MÓDULO AUTENTICACAO: Tentativa de brute-force bloqueada pelo utilizador 'mauri'.
2026-07-05 03:48:07 [ERROR] MÓDULO AUTENTICACAO: Falha na palavra-passe pelo utilizador 'mauri'.
2026-07-05 03:49:00 [WARNING] MÓDULO SENSORES: Temperatura da Sala de Servidores acima do normal.
2026-07-05 03:50:05 [WARNING] MÓDULO CAMARAS: Perda de sinal de vídeo na Câmara_04.
2026-07-05 03:50:47 [WARNING] MÓDULO SENSORES: Temperatura da Sala de Servidores acima do normal.
2026-07-05 03:51:31 [ERROR] MÓDULO SENSORES: Sensor de fumos ativo.
2026-07-05 03:52:11 [WARNING] MÓDULO CAMARAS: Falha de armazenamento no DVR_02.
2026-07-05 03:53:20 [ERROR] MÓDULO SENSORES: Porta Principal aberta.
2026-07-05 03:54:01 [WARNING] MÓDULO CAMARAS: Perda de sinal de vídeo na Câmara_04.
2026-07-05 03:54:46 [INFO] MÓDULO AUTENTICACAO: Falha na palavra-passe pelo utilizador 'convidado_01'.
2026-07-05 03:55:40 [INFO] MÓDULO SENSORES: Temperatura da Sala de Servidores acima do normal.
2026-07-05 03:57:02 [INFO] MÓDULO AUTENTICACAO: Falha na palavra-passe pelo utilizador 'mauri'.
2026-07-05 03:58:06 [WARNING] MÓDULO CAMARAS: Falha de armazenamento no DVR_02.
2026-07-05 03:58:51 [CRITICAL] MÓDULO BASE_DADOS: Erro de integridade referencial pelo utilizador 'convidado_01'.
2026-07-05 04:00:12 [ERROR] MÓDULO BASE_DADOS: Cópia de segurança (Backup) concluída pelo utilizador 'nuno_gomes'.
2026-07-05 04:01:27 [CRITICAL] MÓDULO SENSORES: Porta Principal aberta.
2026-07-05 04:02:15 [INFO] MÓDULO SENSORES: Sensor de fumos ativo.
2026-07-05 04:03:09 [WARNING] MÓDULO AUTENTICACAO: Tentativa de brute-force bloqueada pelo utilizador 'mauri'.
2026-07-05 04:03:59 [ERROR] MÓDULO BASE_DADOS: Cópia de segurança (Backup) concluída pelo utilizador 'ana_silva'.
2026-07-05 04:04:51 [ERROR] MÓDULO CAMARAS: Falha de armazenamento no DVR_02.
2026-07-05 04:05:39 [INFO] MÓDULO SENSORES: Sensor de fumos ativo.
2026-07-05 04:06:25 [WARNING] MÓDULO SENSORES: Temperatura da Sala de Servidores acima do normal.
2026-07-05 04:07:17 [ERROR] MÓDULO SENSORES: Movimento detetado no Corredor B.
2026-07-05 04:07:58 [CRITICAL] MÓDULO BASE_DADOS: Timeout na ligação pelo utilizador 'gestor_seguranca'.
2026-07-05 04:08:37 [ERROR] MÓDULO CAMARAS: Perda de sinal de vídeo na Câmara_04.
2026-07-05 04:09:40 [ERROR] MÓDULO BASE_DADOS: Erro de integridade referencial pelo utilizador 'convidado_01'.
2026-07-05 04:10:46 [INFO] MÓDULO SENSORES: Temperatura da Sala de Servidores acima do normal.
2026-07-05 04:12:15 [WARNING] MÓDULO CAMARAS: Falha de armazenamento no DVR_02.
2026-07-05 04:13:00 [CRITICAL] MÓDULO SENSORES: Movimento detetado no Corredor B.
2026-07-05 04:14:11 [CRITICAL] MÓDULO CAMARAS: Falha de armazenamento no DVR_02.
2026-07-05 04:15:15 [WARNING] MÓDULO CAMARAS: Gravação iniciada por movimento na Câmara_01.
2026-07-05 04:16:21 [INFO] MÓDULO CAMARAS: Gravação iniciada por movimento na Câmara_01.
2026-07-05 04:17:47 [WARNING] MÓDULO BASE_DADOS: Timeout na ligação pelo utilizador 'admin'.
2026-07-05 04:18:32 [ERROR] MÓDULO BASE_DADOS: Erro de integridade referencial pelo utilizador 'convidado_01'.
2026-07-05 04:20:02 [ERROR] MÓDULO CAMARAS: Gravação iniciada por movimento na Câmara_01.
2026-07-05 04:21:01 [INFO] MÓDULO BASE_DADOS: Erro de integridade referencial pelo utilizador 'mauri'.
2026-07-05 04:21:49 [CRITICAL] MÓDULO SENSORES: Sensor de fumos ativo.
2026-07-05 04:22:38 [ERROR] MÓDULO CAMARAS: Gravação iniciada por movimento na Câmara_01.
2026-07-05 04:24:05 [WARNING] MÓDULO BASE_DADOS: Timeout na ligação pelo utilizador 'admin'.
2026-07-05 04:24:49 [CRITICAL] MÓDULO CAMARAS: Perda de sinal de vídeo na Câmara_04.
2026-07-05 04:25:45 [WARNING] MÓDULO SENSORES: Temperatura da Sala de Servidores acima do normal.
2026-07-05 04:26:51 [INFO] MÓDULO BASE_DADOS: Erro de integridade referencial pelo utilizador 'api_gateway'.
2026-07-05 04:27:26 [CRITICAL] MÓDULO AUTENTICACAO: Login efetuado com sucesso pelo utilizador 'api_gateway'.
2026-07-05 04:28:00 [INFO] MÓDULO SENSORES: Porta Principal aberta.
2026-07-05 04:28:47 [WARNING] MÓDULO BASE_DADOS: Query executada com sucesso pelo utilizador 'api_gateway'.
2026-07-05 04:29:30 [INFO] MÓDULO AUTENTICACAO: Sessão expirada pelo utilizador 'api_gateway'.
2026-07-05 04:30:38 [INFO] MÓDULO AUTENTICACAO: Login efetuado com sucesso pelo utilizador 'nuno_gomes'.
2026-07-05 04:32:03 [ERROR] MÓDULO CAMARAS: Perda de sinal de vídeo na Câmara_04.
2026-07-05 04:33:14 [CRITICAL] MÓDULO AUTENTICACAO: Sessão expirada pelo utilizador 'ana_silva'.
2026-07-05 04:34:32 [INFO] MÓDULO AUTENTICACAO: Login efetuado com sucesso pelo utilizador 'nuno_gomes'.
2026-07-05 04:35:03 [INFO] MÓDULO SENSORES: Temperatura da Sala de Servidores acima do normal.
2026-07-05 04:35:48 [CRITICAL] MÓDULO CAMARAS: Gravação iniciada por movimento na Câmara_01.
2026-07-05 04:36:54 [CRITICAL] MÓDULO SENSORES: Porta Principal aberta.
2026-07-05 04:38:04 [INFO] MÓDULO CAMARAS: Perda de sinal de vídeo na Câmara_04.
2026-07-05 04:39:21 [WARNING] MÓDULO BASE_DADOS: Cópia de segurança (Backup) concluída pelo utilizador 'api_gateway'.
2026-07-05 04:40:09 [CRITICAL] MÓDULO AUTENTICACAO: Falha na palavra-passe pelo utilizador 'api_gateway'.
2026-07-05 04:41:17 [WARNING] MÓDULO BASE_DADOS: Cópia de segurança (Backup) concluída pelo utilizador 'gestor_seguranca'.
2026-07-05 04:42:29 [ERROR] MÓDULO SENSORES: Temperatura da Sala de Servidores acima do normal.
2026-07-05 04:43:14 [INFO] MÓDULO CAMARAS: Gravação iniciada por movimento na Câmara_01.
2026-07-05 04:44:27 [WARNING] MÓDULO AUTENTICACAO: Login efetuado com sucesso pelo utilizador 'convidado_01'.
2026-07-05 04:45:33 [CRITICAL] MÓDULO BASE_DADOS: Erro de integridade referencial pelo utilizador 'convidado_01'.
2026-07-05 04:46:55 [INFO] MÓDULO AUTENTICACAO: Tentativa de brute-force bloqueada pelo utilizador 'ana_silva'.
2026-07-05 04:48:00 [INFO] MÓDULO BASE_DADOS: Timeout na ligação pelo utilizador 'admin'.
2026-07-05 04:49:26 [INFO] MÓDULO BASE_DADOS: Query executada com sucesso pelo utilizador 'nuno_gomes'.
2026-07-05 04:50:22 [CRITICAL] MÓDULO BASE_DADOS: Timeout na ligação pelo utilizador 'ana_silva'.
2026-07-05 04:50:58 [CRITICAL] MÓDULO SENSORES: Movimento detetado no Corredor B.
2026-07-05 04:51:30 [ERROR] MÓDULO SENSORES: Porta Principal aberta.
2026-07-05 04:52:18 [INFO] MÓDULO AUTENTICACAO: Sessão expirada pelo utilizador 'nuno_gomes'.
2026-07-05 04:52:50 [WARNING] MÓDULO CAMARAS: Falha de armazenamento no DVR_02.
2026-07-05 04:54:15 [CRITICAL] MÓDULO AUTENTICACAO: Login efetuado com sucesso pelo utilizador 'mauri'.
2026-07-05 04:55:29 [WARNING] MÓDULO CAMARAS: Falha de armazenamento no DVR_02.
2026-07-05 04:56:43 [CRITICAL] MÓDULO SENSORES: Temperatura da Sala de Servidores acima do normal.
2026-07-05 04:57:25 [CRITICAL] MÓDULO CAMARAS: Falha de armazenamento no DVR_02.
2026-07-05 04:58:21 [WARNING] MÓDULO SENSORES: Movimento detetado no Corredor B.
2026-07-05 04:59:02 [ERROR] MÓDULO CAMARAS: Gravação iniciada por movimento na Câmara_01.
2026-07-05 05:00:00 [WARNING] MÓDULO AUTENTICACAO: Sessão expirada pelo utilizador 'gestor_seguranca'.
2026-07-05 05:01:27 [CRITICAL] MÓDULO BASE_DADOS: Timeout na ligação pelo utilizador 'admin'.
2026-07-05 05:02:09 [ERROR] MÓDULO SENSORES: Porta Principal aberta.
2026-07-05 05:03:20 [INFO] MÓDULO AUTENTICACAO: Falha na palavra-passe pelo utilizador 'gestor_seguranca'.
2026-07-05 05:04:42 [CRITICAL] MÓDULO SENSORES: Porta Principal aberta.
2026-07-05 05:06:03 [WARNING] MÓDULO AUTENTICACAO: Tentativa de brute-force bloqueada pelo utilizador 'nuno_gomes'.
2026-07-05 05:07:20 [CRITICAL] MÓDULO BASE_DADOS: Query executada com sucesso pelo utilizador 'admin'.
2026-07-05 05:08:44 [INFO] MÓDULO BASE_DADOS: Timeout na ligação pelo utilizador 'ana_silva'.
2026-07-05 05:09:21 [CRITICAL] MÓDULO SENSORES: Sensor de fumos ativo.
2026-07-05 05:09:52 [CRITICAL] MÓDULO BASE_DADOS: Timeout na ligação pelo utilizador 'gestor_seguranca'.
2026-07-05 05:11:20 [ERROR] MÓDULO CAMARAS: Perda de sinal de vídeo na Câmara_04.
2026-07-05 05:11:52 [INFO] MÓDULO SENSORES: Temperatura da Sala de Servidores acima do normal.
2026-07-05 05:12:27 [ERROR] MÓDULO SENSORES: Porta Principal aberta.
2026-07-05 05:13:46 [WARNING] MÓDULO SENSORES: Sensor de fumos ativo.
2026-07-05 05:14:31 [INFO] MÓDULO AUTENTICACAO: Falha na palavra-passe pelo utilizador 'api_gateway'.
2026-07-05 05:15:44 [ERROR] MÓDULO CAMARAS: Perda de sinal de vídeo na Câmara_04.
2026-07-05 05:16:21 [INFO] MÓDULO CAMARAS: Gravação iniciada por movimento na Câmara_01.
2026-07-05 05:17:07 [ERROR] MÓDULO SENSORES: Temperatura da Sala de Servidores acima do normal.
2026-07-05 05:17:47 [INFO] MÓDULO SENSORES: Porta Principal aberta.
2026-07-05 05:18:21 [WARNING] MÓDULO BASE_DADOS: Cópia de segurança (Backup) concluída pelo utilizador 'api_gateway'.
2026-07-05 05:19:03 [CRITICAL] MÓDULO AUTENTICACAO: Falha na palavra-passe pelo utilizador 'mauri'.
2026-07-05 05:20:21 [INFO] MÓDULO AUTENTICACAO: Falha na palavra-passe pelo utilizador 'ana_silva'.
2026-07-05 05:21:09 [ERROR] MÓDULO SENSORES: Temperatura da Sala de Servidores acima do normal.
2026-07-05 05:22:28 [INFO] MÓDULO CAMARAS: Gravação iniciada por movimento na Câmara_01.
2026-07-05 05:23:17 [INFO] MÓDULO CAMARAS: Gravação iniciada por movimento na Câmara_01.
2026-07-05 05:24:37 [ERROR] MÓDULO AUTENTICACAO: Login efetuado com sucesso pelo utilizador 'gestor_seguranca'.
2026-07-05 05:25:44 [WARNING] MÓDULO CAMARAS: Perda de sinal de vídeo na Câmara_04.
2026-07-05 05:26:58 [INFO] MÓDULO BASE_DADOS: Erro de integridade referencial pelo utilizador 'mauri'.
2026-07-05 05:28:18 [CRITICAL] MÓDULO AUTENTICACAO: Falha na palavra-passe pelo utilizador 'nuno_gomes'.
2026-07-05 05:29:47 [INFO] MÓDULO SENSORES: Sensor de fumos ativo.
2026-07-05 05:30:17 [WARNING] MÓDULO SENSORES: Porta Principal aberta.
2026-07-05 05:31:35 [ERROR] MÓDULO CAMARAS: Gravação iniciada por movimento na Câmara_01.
2026-07-05 05:32:15 [ERROR] MÓDULO SENSORES: Porta Principal aberta.
2026-07-05 05:33:20 [INFO] MÓDULO CAMARAS: Gravação iniciada por movimento na Câmara_01.
2026-07-05 05:34:10 [INFO] MÓDULO AUTENTICACAO: Tentativa de brute-force bloqueada pelo utilizador 'gestor_seguranca'.
2026-07-05 05:35:16 [CRITICAL] MÓDULO BASE_DADOS: Timeout na ligação pelo utilizador 'api_gateway'.
2026-07-05 05:36:46 [CRITICAL] MÓDULO BASE_DADOS: Cópia de segurança (Backup) concluída pelo utilizador 'ana_silva'.
2026-07-05 05:37:24 [ERROR] MÓDULO SENSORES: Sensor de fumos ativo.
2026-07-05 05:38:44 [INFO] MÓDULO SENSORES: Sensor de fumos ativo.
2026-07-05 05:39:15 [CRITICAL] MÓDULO CAMARAS: Falha de armazenamento no DVR_02.
2026-07-05 05:40:32 [CRITICAL] MÓDULO AUTENTICACAO: Falha na palavra-passe pelo utilizador 'gestor_seguranca'.
2026-07-05 05:41:29 [CRITICAL] MÓDULO AUTENTICACAO: Falha na palavra-passe pelo utilizador 'mauri'.
2026-07-05 05:42:24 [INFO] MÓDULO CAMARAS: Gravação iniciada por movimento na Câmara_01.
2026-07-05 05:43:52 [WARNING] MÓDULO CAMARAS: Perda de sinal de vídeo na Câmara_04.
2026-07-05 05:45:02 [INFO] MÓDULO SENSORES: Sensor de fumos ativo.
2026-07-05 05:46:03 [ERROR] MÓDULO BASE_DADOS: Timeout na ligação pelo utilizador 'nuno_gomes'.
2026-07-05 05:47:12 [ERROR] MÓDULO SENSORES: Temperatura da Sala de Servidores acima do normal.
2026-07-05 05:48:14 [WARNING] MÓDULO AUTENTICACAO: Sessão expirada pelo utilizador 'mauri'.
2026-07-05 05:49:02 [WARNING] MÓDULO BASE_DADOS: Cópia de segurança (Backup) concluída pelo utilizador 'convidado_01'.
2026-07-05 05:50:08 [ERROR] MÓDULO CAMARAS: Gravação iniciada por movimento na Câmara_01.
2026-07-05 05:50:46 [INFO] MÓDULO SENSORES: Temperatura da Sala de Servidores acima do normal.
2026-07-05 05:52:14 [WARNING] MÓDULO SENSORES: Sensor de fumos ativo.
2026-07-05 05:52:44 [WARNING] MÓDULO SENSORES: Temperatura da Sala de Servidores acima do normal.
2026-07-05 05:53:51 [INFO] MÓDULO CAMARAS: Gravação iniciada por movimento na Câmara_01.
2026-07-05 05:54:33 [INFO] MÓDULO BASE_DADOS: Cópia de segurança (Backup) concluída pelo utilizador 'admin'.
2026-07-05 05:55:58 [WARNING] MÓDULO BASE_DADOS: Cópia de segurança (Backup) concluída pelo utilizador 'ana_silva'.
2026-07-05 05:57:28 [INFO] MÓDULO AUTENTICACAO: Tentativa de brute-force bloqueada pelo utilizador 'convidado_01'.
2026-07-05 05:58:06 [INFO] MÓDULO AUTENTICACAO: Tentativa de brute-force bloqueada pelo utilizador 'api_gateway'.
2026-07-05 05:58:57 [ERROR] MÓDULO SENSORES: Movimento detetado no Corredor B.
2026-07-05 06:00:20 [ERROR] MÓDULO CAMARAS: Falha de armazenamento no DVR_02.
2026-07-05 06:01:29 [CRITICAL] MÓDULO CAMARAS: Falha de armazenamento no DVR_02.
2026-07-05 06:02:49 [WARNING] MÓDULO CAMARAS: Perda de sinal de vídeo na Câmara_04.
2026-07-05 06:03:46 [CRITICAL] MÓDULO CAMARAS: Gravação iniciada por movimento na Câmara_01.
2026-07-05 06:04:31 [INFO] MÓDULO CAMARAS: Falha de armazenamento no DVR_02.
2026-07-05 06:05:04 [ERROR] MÓDULO CAMARAS: Gravação iniciada por movimento na Câmara_01.
2026-07-05 06:06:31 [CRITICAL] MÓDULO CAMARAS: Perda de sinal de vídeo na Câmara_04.
2026-07-05 06:07:27 [INFO] MÓDULO AUTENTICACAO: Tentativa de brute-force bloqueada pelo utilizador 'api_gateway'.
2026-07-05 06:08:38 [WARNING] MÓDULO AUTENTICACAO: Falha na palavra-passe pelo utilizador 'admin'.
2026-07-05 06:09:27 [INFO] MÓDULO BASE_DADOS: Cópia de segurança (Backup) concluída pelo utilizador 'admin'.
2026-07-05 06:10:31 [CRITICAL] MÓDULO AUTENTICACAO: Falha na palavra-passe pelo utilizador 'gestor_seguranca'.
2026-07-05 06:11:20 [INFO] MÓDULO AUTENTICACAO: Sessão expirada pelo utilizador 'admin'.
2026-07-05 06:12:01 [ERROR] MÓDULO SENSORES: Porta Principal aberta.
2026-07-05 06:13:08 [INFO] MÓDULO SENSORES: Temperatura da Sala de Servidores acima do normal.
2026-07-05 06:14:36 [WARNING] MÓDULO CAMARAS: Falha de armazenamento no DVR_02.
2026-07-05 06:15:12 [INFO] MÓDULO CAMARAS: Gravação iniciada por movimento na Câmara_01.
2026-07-05 06:16:00 [ERROR] MÓDULO AUTENTICACAO: Login efetuado com sucesso pelo utilizador 'mauri'.
2026-07-05 06:16:30 [CRITICAL] MÓDULO AUTENTICACAO: Sessão expirada pelo utilizador 'admin'.
2026-07-05 06:17:29 [INFO] MÓDULO BASE_DADOS: Query executada com sucesso pelo utilizador 'mauri'.
2026-07-05 06:18:29 [ERROR] MÓDULO CAMARAS: Perda de sinal de vídeo na Câmara_04.
2026-07-05 06:19:33 [WARNING] MÓDULO SENSORES: Sensor de fumos ativo.
2026-07-05 06:20:23 [ERROR] MÓDULO BASE_DADOS: Erro de integridade referencial pelo utilizador 'api_gateway'.
2026-07-05 06:21:44 [ERROR] MÓDULO SENSORES: Temperatura da Sala de Servidores acima do normal.
2026-07-05 06:22:54 [WARNING] MÓDULO CAMARAS: Gravação iniciada por movimento na Câmara_01.
2026-07-05 06:23:58 [WARNING] MÓDULO CAMARAS: Perda de sinal de vídeo na Câmara_04.
2026-07-05 06:24:51 [CRITICAL] MÓDULO BASE_DADOS: Query executada com sucesso pelo utilizador 'ana_silva'.
2026-07-05 06:26:03 [ERROR] MÓDULO CAMARAS: Falha de armazenamento no DVR_02.
2026-07-05 06:26:59 [INFO] MÓDULO CAMARAS: Gravação iniciada por movimento na Câmara_01.
2026-07-05 06:27:57 [ERROR] MÓDULO BASE_DADOS: Timeout na ligação pelo utilizador 'ana_silva'.
2026-07-05 06:28:37 [ERROR] MÓDULO SENSORES: Movimento detetado no Corredor B.
2026-07-05 06:29:38 [INFO] MÓDULO BASE_DADOS: Query executada com sucesso pelo utilizador 'api_gateway'.
2026-07-05 06:30:13 [ERROR] MÓDULO AUTENTICACAO: Tentativa de brute-force bloqueada pelo utilizador 'nuno_gomes'.
2026-07-05 06:30:43 [INFO] MÓDULO AUTENTICACAO: Login efetuado com sucesso pelo utilizador 'mauri'.
2026-07-05 06:32:05 [INFO] MÓDULO BASE_DADOS: Timeout na ligação pelo utilizador 'api_gateway'.
2026-07-05 06:33:00 [ERROR] MÓDULO SENSORES: Sensor de fumos ativo.
2026-07-05 06:33:33 [INFO] MÓDULO AUTENTICACAO: Tentativa de brute-force bloqueada pelo utilizador 'admin'.
2026-07-05 06:34:59 [INFO] MÓDULO AUTENTICACAO: Sessão expirada pelo utilizador 'nuno_gomes'.
2026-07-05 06:35:44 [CRITICAL] MÓDULO SENSORES: Temperatura da Sala de Servidores acima do normal.
2026-07-05 06:37:02 [WARNING] MÓDULO CAMARAS: Perda de sinal de vídeo na Câmara_04.
2026-07-05 06:37:38 [CRITICAL] MÓDULO AUTENTICACAO: Sessão expirada pelo utilizador 'convidado_01'.
2026-07-05 06:38:36 [INFO] MÓDULO SENSORES: Sensor de fumos ativo.
2026-07-05 06:39:38 [INFO] MÓDULO CAMARAS: Gravação iniciada por movimento na Câmara_01.
2026-07-05 06:40:17 [INFO] MÓDULO CAMARAS: Falha de armazenamento no DVR_02.
2026-07-05 06:41:22 [WARNING] MÓDULO CAMARAS: Falha de armazenamento no DVR_02.
2026-07-05 06:42:30 [ERROR] MÓDULO BASE_DADOS: Erro de integridade referencial pelo utilizador 'ana_silva'.
2026-07-05 06:43:13 [INFO] MÓDULO SENSORES: Sensor de fumos ativo.
2026-07-05 06:43:44 [INFO] MÓDULO CAMARAS: Gravação iniciada por movimento na Câmara_01.
2026-07-05 06:44:45 [CRITICAL] MÓDULO SENSORES: Sensor de fumos ativo.
2026-07-05 06:46:03 [INFO] MÓDULO SENSORES: Movimento detetado no Corredor B.
2026-07-05 06:47:00 [CRITICAL] MÓDULO CAMARAS: Falha de armazenamento no DVR_02.
2026-07-05 06:47:31 [INFO] MÓDULO AUTENTICACAO: Login efetuado com sucesso pelo utilizador 'admin'.
2026-07-05 06:48:05 [WARNING] MÓDULO CAMARAS: Gravação iniciada por movimento na Câmara_01.
2026-07-05 06:49:34 [WARNING] MÓDULO AUTENTICACAO: Falha na palavra-passe pelo utilizador 'api_gateway'.
2026-07-05 06:50:21 [ERROR] MÓDULO BASE_DADOS: Cópia de segurança (Backup) concluída pelo utilizador 'ana_silva'.
2026-07-05 06:51:01 [INFO] MÓDULO AUTENTICACAO: Tentativa de brute-force bloqueada pelo utilizador 'mauri'.
2026-07-05 06:52:26 [INFO] MÓDULO BASE_DADOS: Cópia de segurança (Backup) concluída pelo utilizador 'gestor_seguranca'.
2026-07-05 06:53:43 [INFO] MÓDULO BASE_DADOS: Query executada com sucesso pelo utilizador 'mauri'.
2026-07-05 06:54:38 [INFO] MÓDULO AUTENTICACAO: Sessão expirada pelo utilizador 'ana_silva'.
2026-07-05 06:55:53 [CRITICAL] MÓDULO CAMARAS: Perda de sinal de vídeo na Câmara_04.
2026-07-05 06:56:34 [INFO] MÓDULO CAMARAS: Perda de sinal de vídeo na Câmara_04.
2026-07-05 06:57:38 [INFO] MÓDULO BASE_DADOS: Erro de integridade referencial pelo utilizador 'nuno_gomes'.
2026-07-05 06:58:21 [INFO] MÓDULO CAMARAS: Perda de sinal de vídeo na Câmara_04.
2026-07-05 06:58:53 [CRITICAL] MÓDULO AUTENTICACAO: Sessão expirada pelo utilizador 'nuno_gomes'.
2026-07-05 07:00:04 [WARNING] MÓDULO CAMARAS: Gravação iniciada por movimento na Câmara_01.
2026-07-05 07:01:01 [CRITICAL] MÓDULO AUTENTICACAO: Login efetuado com sucesso pelo utilizador 'nuno_gomes'.
2026-07-05 07:02:25 [WARNING] MÓDULO SENSORES: Porta Principal aberta.
2026-07-05 07:03:51 [ERROR] MÓDULO CAMARAS: Perda de sinal de vídeo na Câmara_04.
2026-07-05 07:04:22 [INFO] MÓDULO CAMARAS: Gravação iniciada por movimento na Câmara_01.
2026-07-05 07:05:36 [INFO] MÓDULO AUTENTICACAO: Login efetuado com sucesso pelo utilizador 'api_gateway'.
2026-07-05 07:06:21 [INFO] MÓDULO SENSORES: Porta Principal aberta.
2026-07-05 07:07:31 [INFO] MÓDULO SENSORES: Movimento detetado no Corredor B.
2026-07-05 07:08:42 [ERROR] MÓDULO SENSORES: Sensor de fumos ativo.
2026-07-05 07:09:56 [WARNING] MÓDULO BASE_DADOS: Cópia de segurança (Backup) concluída pelo utilizador 'mauri'.
2026-07-05 07:10:28 [ERROR] MÓDULO SENSORES: Porta Principal aberta.
2026-07-05 07:11:45 [WARNING] MÓDULO BASE_DADOS: Timeout na ligação pelo utilizador 'ana_silva'.
2026-07-05 07:12:51 [WARNING] MÓDULO AUTENTICACAO: Tentativa de brute-force bloqueada pelo utilizador 'api_gateway'.
2026-07-05 07:13:54 [INFO] MÓDULO CAMARAS: Falha de armazenamento no DVR_02.
2026-07-05 07:15:12 [WARNING] MÓDULO CAMARAS: Perda de sinal de vídeo na Câmara_04.
2026-07-05 07:16:27 [INFO] MÓDULO BASE_DADOS: Query executada com sucesso pelo utilizador 'mauri'.
2026-07-05 07:17:15 [ERROR] MÓDULO SENSORES: Porta Principal aberta.
2026-07-05 07:18:18 [INFO] MÓDULO CAMARAS: Falha de armazenamento no DVR_02.
2026-07-05 07:19:08 [INFO] MÓDULO CAMARAS: Perda de sinal de vídeo na Câmara_04.
2026-07-05 07:20:04 [WARNING] MÓDULO CAMARAS: Perda de sinal de vídeo na Câmara_04.
2026-07-05 07:21:32 [WARNING] MÓDULO SENSORES: Temperatura da Sala de Servidores acima do normal.
2026-07-05 07:22:46 [INFO] MÓDULO AUTENTICACAO: Tentativa de brute-force bloqueada pelo utilizador 'admin'.
2026-07-05 07:24:02 [ERROR] MÓDULO SENSORES: Porta Principal aberta.
2026-07-05 07:25:03 [INFO] MÓDULO AUTENTICACAO: Sessão expirada pelo utilizador 'mauri'.
2026-07-05 07:25:59 [ERROR] MÓDULO SENSORES: Sensor de fumos ativo.
2026-07-05 07:26:43 [ERROR] MÓDULO SENSORES: Temperatura da Sala de Servidores acima do normal.
2026-07-05 07:27:58 [WARNING] MÓDULO BASE_DADOS: Erro de integridade referencial pelo utilizador 'nuno_gomes'.
2026-07-05 07:28:51 [INFO] MÓDULO CAMARAS: Perda de sinal de vídeo na Câmara_04.
2026-07-05 07:30:16 [WARNING] MÓDULO CAMARAS: Falha de armazenamento no DVR_02.
2026-07-05 07:31:20 [CRITICAL] MÓDULO BASE_DADOS: Timeout na ligação pelo utilizador 'nuno_gomes'.
2026-07-05 07:31:55 [ERROR] MÓDULO SENSORES: Temperatura da Sala de Servidores acima do normal.
2026-07-05 07:32:34 [CRITICAL] MÓDULO CAMARAS: Gravação iniciada por movimento na Câmara_01.
2026-07-05 07:33:22 [ERROR] MÓDULO BASE_DADOS: Erro de integridade referencial pelo utilizador 'mauri'.
2026-07-05 07:34:23 [INFO] MÓDULO AUTENTICACAO: Falha na palavra-passe pelo utilizador 'admin'.
2026-07-05 07:35:14 [ERROR] MÓDULO CAMARAS: Falha de armazenamento no DVR_02.
2026-07-05 07:36:02 [ERROR] MÓDULO SENSORES: Temperatura da Sala de Servidores acima do normal.
2026-07-05 07:36:56 [INFO] MÓDULO AUTENTICACAO: Tentativa de brute-force bloqueada pelo utilizador 'ana_silva'.
2026-07-05 07:37:47 [WARNING] MÓDULO AUTENTICACAO: Sessão expirada pelo utilizador 'gestor_seguranca'.
2026-07-05 07:38:54 [CRITICAL] MÓDULO SENSORES: Porta Principal aberta.
2026-07-05 07:39:31 [INFO] MÓDULO SENSORES: Movimento detetado no Corredor B.
2026-07-05 07:40:19 [ERROR] MÓDULO BASE_DADOS: Cópia de segurança (Backup) concluída pelo utilizador 'nuno_gomes'.
2026-07-05 07:41:04 [INFO] MÓDULO AUTENTICACAO: Sessão expirada pelo utilizador 'ana_silva'.
2026-07-05 07:41:35 [INFO] MÓDULO AUTENTICACAO: Falha na palavra-passe pelo utilizador 'admin'.
2026-07-05 07:42:38 [INFO] MÓDULO AUTENTICACAO: Falha na palavra-passe pelo utilizador 'nuno_gomes'.
2026-07-05 07:43:25 [CRITICAL] MÓDULO SENSORES: Sensor de fumos ativo.
2026-07-05 07:44:24 [CRITICAL] MÓDULO CAMARAS: Falha de armazenamento no DVR_02.
2026-07-05 07:45:17 [INFO] MÓDULO BASE_DADOS: Cópia de segurança (Backup) concluída pelo utilizador 'nuno_gomes'.
2026-07-05 07:46:42 [CRITICAL] MÓDULO AUTENTICACAO: Tentativa de brute-force bloqueada pelo utilizador 'ana_silva'.
2026-07-05 07:48:09 [CRITICAL] MÓDULO SENSORES: Sensor de fumos ativo.
2026-07-05 07:48:59 [CRITICAL] MÓDULO BASE_DADOS: Cópia de segurança (Backup) concluída pelo utilizador 'admin'.
2026-07-05 07:50:03 [CRITICAL] MÓDULO BASE_DADOS: Erro de integridade referencial pelo utilizador 'convidado_01'.
2026-07-05 07:50:56 [INFO] MÓDULO CAMARAS: Falha de armazenamento no DVR_02.
2026-07-05 07:52:23 [ERROR] MÓDULO BASE_DADOS: Erro de integridade referencial pelo utilizador 'api_gateway'.
2026-07-05 07:53:41 [CRITICAL] MÓDULO BASE_DADOS: Timeout na ligação pelo utilizador 'mauri'.
2026-07-05 07:54:40 [CRITICAL] MÓDULO SENSORES: Movimento detetado no Corredor B.
2026-07-05 07:55:33 [ERROR] MÓDULO BASE_DADOS: Query executada com sucesso pelo utilizador 'nuno_gomes'.
2026-07-05 07:56:06 [INFO] MÓDULO BASE_DADOS: Query executada com sucesso pelo utilizador 'api_gateway'.
2026-07-05 07:57:11 [WARNING] MÓDULO BASE_DADOS: Erro de integridade referencial pelo utilizador 'nuno_gomes'.
2026-07-05 07:58:37 [WARNING] MÓDULO BASE_DADOS: Timeout na ligação pelo utilizador 'ana_silva'.
2026-07-05 07:59:11 [WARNING] MÓDULO AUTENTICACAO: Tentativa de brute-force bloqueada pelo utilizador 'ana_silva'.
2026-07-05 08:00:35 [ERROR] MÓDULO BASE_DADOS: Erro de integridade referencial pelo utilizador 'nuno_gomes'.
2026-07-05 08:01:43 [INFO] MÓDULO SENSORES: Temperatura da Sala de Servidores acima do normal.
2026-07-05 08:03:01 [INFO] MÓDULO BASE_DADOS: Cópia de segurança (Backup) concluída pelo utilizador 'convidado_01'.
2026-07-05 08:03:50 [ERROR] MÓDULO AUTENTICACAO: Sessão expirada pelo utilizador 'admin'.
2026-07-05 08:04:21 [CRITICAL] MÓDULO BASE_DADOS: Query executada com sucesso pelo utilizador 'gestor_seguranca'.
2026-07-05 08:05:04 [CRITICAL] MÓDULO SENSORES: Sensor de fumos ativo.
2026-07-05 08:05:37 [INFO] MÓDULO CAMARAS: Gravação iniciada por movimento na Câmara_01.
2026-07-05 08:06:09 [INFO] MÓDULO SENSORES: Porta Principal aberta.
2026-07-05 08:07:13 [INFO] MÓDULO SENSORES: Movimento detetado no Corredor B.
2026-07-05 08:08:36 [INFO] MÓDULO SENSORES: Movimento detetado no Corredor B.
2026-07-05 08:09:08 [WARNING] MÓDULO CAMARAS: Gravação iniciada por movimento na Câmara_01.
2026-07-05 08:10:11 [CRITICAL] MÓDULO BASE_DADOS: Erro de integridade referencial pelo utilizador 'convidado_01'.
2026-07-05 08:11:29 [INFO] MÓDULO AUTENTICACAO: Falha na palavra-passe pelo utilizador 'admin'.
2026-07-05 08:12:07 [CRITICAL] MÓDULO BASE_DADOS: Cópia de segurança (Backup) concluída pelo utilizador 'api_gateway'.
2026-07-05 08:13:04 [INFO] MÓDULO BASE_DADOS: Cópia de segurança (Backup) concluída pelo utilizador 'ana_silva'.
2026-07-05 08:13:58 [INFO] MÓDULO AUTENTICACAO: Sessão expirada pelo utilizador 'admin'.
2026-07-05 08:14:30 [INFO] MÓDULO AUTENTICACAO: Login efetuado com sucesso pelo utilizador 'convidado_01'.
2026-07-05 08:15:18 [CRITICAL] MÓDULO CAMARAS: Falha de armazenamento no DVR_02.
2026-07-05 08:16:33 [WARNING] MÓDULO BASE_DADOS: Timeout na ligação pelo utilizador 'convidado_01'.
2026-07-05 08:17:25 [WARNING] MÓDULO AUTENTICACAO: Login efetuado com sucesso pelo utilizador 'api_gateway'.
2026-07-05 08:18:43 [WARNING] MÓDULO SENSORES: Porta Principal aberta.
2026-07-05 08:19:37 [INFO] MÓDULO AUTENTICACAO: Sessão expirada pelo utilizador 'ana_silva'.
2026-07-05 08:20:20 [INFO] MÓDULO AUTENTICACAO: Login efetuado com sucesso pelo utilizador 'ana_silva'.
2026-07-05 08:21:05 [WARNING] MÓDULO CAMARAS: Gravação iniciada por movimento na Câmara_01.
2026-07-05 08:21:53 [CRITICAL] MÓDULO AUTENTICACAO: Tentativa de brute-force bloqueada pelo utilizador 'convidado_01'.
2026-07-05 08:22:23 [ERROR] MÓDULO BASE_DADOS: Query executada com sucesso pelo utilizador 'ana_silva'.
2026-07-05 08:22:54 [INFO] MÓDULO AUTENTICACAO: Sessão expirada pelo utilizador 'gestor_seguranca'.
2026-07-05 08:23:55 [ERROR] MÓDULO BASE_DADOS: Query executada com sucesso pelo utilizador 'ana_silva'.
2026-07-05 08:25:04 [INFO] MÓDULO CAMARAS: Falha de armazenamento no DVR_02.
2026-07-05 08:26:01 [INFO] MÓDULO CAMARAS: Perda de sinal de vídeo na Câmara_04.
2026-07-05 08:26:34 [INFO] MÓDULO SENSORES: Movimento detetado no Corredor B.
2026-07-05 08:27:46 [ERROR] MÓDULO BASE_DADOS: Cópia de segurança (Backup) concluída pelo utilizador 'gestor_seguranca'.
2026-07-05 08:29:09 [INFO] MÓDULO AUTENTICACAO: Tentativa de brute-force bloqueada pelo utilizador 'api_gateway'.
2026-07-05 08:30:27 [ERROR] MÓDULO CAMARAS: Gravação iniciada por movimento na Câmara_01.
2026-07-05 08:31:28 [WARNING] MÓDULO AUTENTICACAO: Sessão expirada pelo utilizador 'nuno_gomes'.
2026-07-05 08:32:33 [CRITICAL] MÓDULO BASE_DADOS: Erro de integridade referencial pelo utilizador 'ana_silva'.
2026-07-05 08:33:14 [WARNING] MÓDULO SENSORES: Porta Principal aberta.
2026-07-05 08:33:56 [CRITICAL] MÓDULO SENSORES: Temperatura da Sala de Servidores acima do normal.
2026-07-05 08:34:29 [CRITICAL] MÓDULO SENSORES: Movimento detetado no Corredor B.
2026-07-05 08:35:44 [WARNING] MÓDULO BASE_DADOS: Query executada com sucesso pelo utilizador 'admin'.
2026-07-05 08:36:28 [ERROR] MÓDULO AUTENTICACAO: Tentativa de brute-force bloqueada pelo utilizador 'gestor_seguranca'.
2026-07-05 08:37:13 [INFO] MÓDULO CAMARAS: Falha de armazenamento no DVR_02.
2026-07-05 08:38:29 [ERROR] MÓDULO BASE_DADOS: Timeout na ligação pelo utilizador 'api_gateway'.
2026-07-05 08:39:24 [INFO] MÓDULO BASE_DADOS: Query executada com sucesso pelo utilizador 'convidado_01'.
2026-07-05 08:40:33 [WARNING] MÓDULO CAMARAS: Gravação iniciada por movimento na Câmara_01.
2026-07-05 08:41:42 [CRITICAL] MÓDULO BASE_DADOS: Cópia de segurança (Backup) concluída pelo utilizador 'nuno_gomes'.
2026-07-05 08:42:18 [ERROR] MÓDULO BASE_DADOS: Timeout na ligação pelo utilizador 'ana_silva'.
2026-07-05 08:42:56 [CRITICAL] MÓDULO BASE_DADOS: Timeout na ligação pelo utilizador 'admin'.
2026-07-05 08:44:05 [CRITICAL] MÓDULO SENSORES: Temperatura da Sala de Servidores acima do normal.
2026-07-05 08:44:56 [WARNING] MÓDULO CAMARAS: Falha de armazenamento no DVR_02.
2026-07-05 08:45:55 [INFO] MÓDULO BASE_DADOS: Query executada com sucesso pelo utilizador 'admin'.
2026-07-05 08:46:54 [ERROR] MÓDULO CAMARAS: Falha de armazenamento no DVR_02.
2026-07-05 08:48:08 [ERROR] MÓDULO AUTENTICACAO: Falha na palavra-passe pelo utilizador 'nuno_gomes'.
2026-07-05 08:48:58 [ERROR] MÓDULO AUTENTICACAO: Falha na palavra-passe pelo utilizador 'convidado_01'.
2026-07-05 08:50:22 [ERROR] MÓDULO BASE_DADOS: Timeout na ligação pelo utilizador 'api_gateway'.
2026-07-05 08:51:03 [INFO] MÓDULO CAMARAS: Perda de sinal de vídeo na Câmara_04.
2026-07-05 08:52:01 [ERROR] MÓDULO AUTENTICACAO: Sessão expirada pelo utilizador 'admin'.
2026-07-05 08:53:04 [CRITICAL] MÓDULO CAMARAS: Gravação iniciada por movimento na Câmara_01.
2026-07-05 08:53:53 [CRITICAL] MÓDULO AUTENTICACAO: Sessão expirada pelo utilizador 'api_gateway'.
2026-07-05 08:54:29 [INFO] MÓDULO CAMARAS: Falha de armazenamento no DVR_02.
2026-07-05 08:55:40 [INFO] MÓDULO SENSORES: Porta Principal aberta.
2026-07-05 08:56:13 [INFO] MÓDULO AUTENTICACAO: Sessão expirada pelo utilizador 'admin'.
2026-07-05 08:56:54 [ERROR] MÓDULO CAMARAS: Gravação iniciada por movimento na Câmara_01.
2026-07-05 08:57:27 [ERROR] MÓDULO AUTENTICACAO: Sessão expirada pelo utilizador 'mauri'.
2026-07-05 08:58:24 [CRITICAL] MÓDULO BASE_DADOS: Timeout na ligação pelo utilizador 'ana_silva'.
2026-07-05 08:59:42 [WARNING] MÓDULO BASE_DADOS: Erro de integridade referencial pelo utilizador 'convidado_01'.
2026-07-05 09:01:06 [INFO] MÓDULO AUTENTICACAO: Tentativa de brute-force bloqueada pelo utilizador 'gestor_seguranca'.
2026-07-05 09:02:06 [CRITICAL] MÓDULO SENSORES: Porta Principal aberta.
2026-07-05 09:03:10 [INFO] MÓDULO CAMARAS: Gravação iniciada por movimento na Câmara_01.
2026-07-05 09:03:48 [CRITICAL] MÓDULO BASE_DADOS: Query executada com sucesso pelo utilizador 'mauri'.
2026-07-05 09:05:12 [INFO] MÓDULO AUTENTICACAO: Falha na palavra-passe pelo utilizador 'gestor_seguranca'.
2026-07-05 09:05:42 [CRITICAL] MÓDULO BASE_DADOS: Timeout na ligação pelo utilizador 'mauri'.
2026-07-05 09:07:06 [WARNING] MÓDULO BASE_DADOS: Timeout na ligação pelo utilizador 'api_gateway'.
2026-07-05 09:08:20 [ERROR] MÓDULO CAMARAS: Gravação iniciada por movimento na Câmara_01.
2026-07-05 09:09:21 [ERROR] MÓDULO AUTENTICACAO: Login efetuado com sucesso pelo utilizador 'admin'.
2026-07-05 09:10:32 [INFO] MÓDULO SENSORES: Porta Principal aberta.
2026-07-05 09:11:13 [INFO] MÓDULO CAMARAS: Perda de sinal de vídeo na Câmara_04.
2026-07-05 09:12:05 [INFO] MÓDULO CAMARAS: Perda de sinal de vídeo na Câmara_04.
2026-07-05 09:12:50 [CRITICAL] MÓDULO BASE_DADOS: Cópia de segurança (Backup) concluída pelo utilizador 'convidado_01'.
2026-07-05 09:14:08 [ERROR] MÓDULO SENSORES: Porta Principal aberta.
2026-07-05 09:14:51 [ERROR] MÓDULO AUTENTICACAO: Falha na palavra-passe pelo utilizador 'admin'.
2026-07-05 09:16:16 [ERROR] MÓDULO BASE_DADOS: Erro de integridade referencial pelo utilizador 'mauri'.
2026-07-05 09:16:56 [CRITICAL] MÓDULO AUTENTICACAO: Sessão expirada pelo utilizador 'api_gateway'.
2026-07-05 09:17:35 [INFO] MÓDULO CAMARAS: Gravação iniciada por movimento na Câmara_01.
2026-07-05 09:18:30 [ERROR] MÓDULO AUTENTICACAO: Login efetuado com sucesso pelo utilizador 'mauri'.
2026-07-05 09:19:59 [CRITICAL] MÓDULO CAMARAS: Gravação iniciada por movimento na Câmara_01.
2026-07-05 09:20:29 [WARNING] MÓDULO CAMARAS: Falha de armazenamento no DVR_02.
2026-07-05 09:21:58 [INFO] MÓDULO SENSORES: Movimento detetado no Corredor B.
2026-07-05 09:22:33 [WARNING] MÓDULO BASE_DADOS: Erro de integridade referencial pelo utilizador 'api_gateway'.
2026-07-05 09:23:27 [CRITICAL] MÓDULO SENSORES: Sensor de fumos ativo.
2026-07-05 09:24:11 [WARNING] MÓDULO BASE_DADOS: Erro de integridade referencial pelo utilizador 'convidado_01'.
2026-07-05 09:25:11 [INFO] MÓDULO SENSORES: Porta Principal aberta.
2026-07-05 09:26:38 [ERROR] MÓDULO BASE_DADOS: Timeout na ligação pelo utilizador 'api_gateway'.
2026-07-05 09:27:43 [INFO] MÓDULO AUTENTICACAO: Tentativa de brute-force bloqueada pelo utilizador 'api_gateway'.
2026-07-05 09:28:41 [CRITICAL] MÓDULO CAMARAS: Gravação iniciada por movimento na Câmara_01.
2026-07-05 09:29:26 [INFO] MÓDULO BASE_DADOS: Erro de integridade referencial pelo utilizador 'gestor_seguranca'.
2026-07-05 09:29:56 [INFO] MÓDULO AUTENTICACAO: Falha na palavra-passe pelo utilizador 'ana_silva'.
2026-07-05 09:30:37 [CRITICAL] MÓDULO CAMARAS: Perda de sinal de vídeo na Câmara_04.
2026-07-05 09:31:23 [ERROR] MÓDULO BASE_DADOS: Timeout na ligação pelo utilizador 'gestor_seguranca'.
2026-07-05 09:32:08 [INFO] MÓDULO BASE_DADOS: Erro de integridade referencial pelo utilizador 'nuno_gomes'.
2026-07-05 09:33:10 [INFO] MÓDULO BASE_DADOS: Timeout na ligação pelo utilizador 'ana_silva'.
2026-07-05 09:34:08 [WARNING] MÓDULO AUTENTICACAO: Login efetuado com sucesso pelo utilizador 'gestor_seguranca'.
2026-07-05 09:35:38 [INFO] MÓDULO CAMARAS: Falha de armazenamento no DVR_02.
2026-07-05 09:36:25 [CRITICAL] MÓDULO BASE_DADOS: Query executada com sucesso pelo utilizador 'api_gateway'.
2026-07-05 09:37:43 [ERROR] MÓDULO SENSORES: Porta Principal aberta.
2026-07-05 09:38:18 [INFO] MÓDULO SENSORES: Movimento detetado no Corredor B.
2026-07-05 09:39:42 [ERROR] MÓDULO CAMARAS: Perda de sinal de vídeo na Câmara_04.
2026-07-05 09:40:59 [INFO] MÓDULO CAMARAS: Gravação iniciada por movimento na Câmara_01.
2026-07-05 09:42:22 [ERROR] MÓDULO AUTENTICACAO: Tentativa de brute-force bloqueada pelo utilizador 'api_gateway'.
2026-07-05 09:43:50 [INFO] MÓDULO BASE_DADOS: Timeout na ligação pelo utilizador 'mauri'.
2026-07-05 09:44:49 [INFO] MÓDULO AUTENTICACAO: Login efetuado com sucesso pelo utilizador 'convidado_01'.
2026-07-05 09:46:02 [INFO] MÓDULO AUTENTICACAO: Falha na palavra-passe pelo utilizador 'mauri'.
2026-07-05 09:46:32 [ERROR] MÓDULO SENSORES: Temperatura da Sala de Servidores acima do normal.
2026-07-05 09:47:25 [WARNING] MÓDULO BASE_DADOS: Cópia de segurança (Backup) concluída pelo utilizador 'nuno_gomes'.
2026-07-05 09:48:39 [ERROR] MÓDULO CAMARAS: Perda de sinal de vídeo na Câmara_04.
2026-07-05 09:49:22 [INFO] MÓDULO SENSORES: Movimento detetado no Corredor B.
2026-07-05 09:50:34 [WARNING] MÓDULO CAMARAS: Falha de armazenamento no DVR_02.
2026-07-05 09:51:05 [INFO] MÓDULO SENSORES: Sensor de fumos ativo.
2026-07-05 09:52:10 [WARNING] MÓDULO CAMARAS: Falha de armazenamento no DVR_02.
2026-07-05 09:52:50 [WARNING] MÓDULO CAMARAS: Falha de armazenamento no DVR_02.
2026-07-05 09:54:00 [INFO] MÓDULO SENSORES: Movimento detetado no Corredor B.
2026-07-05 09:55:29 [INFO] MÓDULO CAMARAS: Gravação iniciada por movimento na Câmara_01.
2026-07-05 09:56:20 [WARNING] MÓDULO SENSORES: Movimento detetado no Corredor B.
2026-07-05 09:57:30 [INFO] MÓDULO CAMARAS: Perda de sinal de vídeo na Câmara_04.
2026-07-05 09:58:39 [ERROR] MÓDULO BASE_DADOS: Cópia de segurança (Backup) concluída pelo utilizador 'admin'.
2026-07-05 10:00:05 [INFO] MÓDULO CAMARAS: Gravação iniciada por movimento na Câmara_01.
2026-07-05 10:00:46 [CRITICAL] MÓDULO SENSORES: Temperatura da Sala de Servidores acima do normal.
2026-07-05 10:01:57 [INFO] MÓDULO CAMARAS: Falha de armazenamento no DVR_02.
2026-07-05 10:02:58 [ERROR] MÓDULO AUTENTICACAO: Login efetuado com sucesso pelo utilizador 'ana_silva'.
2026-07-05 10:03:52 [INFO] MÓDULO BASE_DADOS: Cópia de segurança (Backup) concluída pelo utilizador 'admin'.
2026-07-05 10:05:07 [WARNING] MÓDULO BASE_DADOS: Timeout na ligação pelo utilizador 'gestor_seguranca'.
2026-07-05 10:05:53 [INFO] MÓDULO BASE_DADOS: Timeout na ligação pelo utilizador 'api_gateway'.
2026-07-05 10:07:08 [ERROR] MÓDULO AUTENTICACAO: Sessão expirada pelo utilizador 'api_gateway'.
2026-07-05 10:08:15 [WARNING] MÓDULO AUTENTICACAO: Tentativa de brute-force bloqueada pelo utilizador 'admin'.
2026-07-05 10:09:24 [ERROR] MÓDULO AUTENTICACAO: Tentativa de brute-force bloqueada pelo utilizador 'nuno_gomes'.
2026-07-05 10:10:20 [ERROR] MÓDULO SENSORES: Sensor de fumos ativo.
2026-07-05 10:11:18 [WARNING] MÓDULO CAMARAS: Gravação iniciada por movimento na Câmara_01.
2026-07-05 10:11:58 [INFO] MÓDULO CAMARAS: Gravação iniciada por movimento na Câmara_01.
2026-07-05 10:13:09 [INFO] MÓDULO CAMARAS: Gravação iniciada por movimento na Câmara_01.
2026-07-05 10:13:41 [WARNING] MÓDULO AUTENTICACAO: Login efetuado com sucesso pelo utilizador 'nuno_gomes'.
2026-07-05 10:14:46 [INFO] MÓDULO BASE_DADOS: Query executada com sucesso pelo utilizador 'ana_silva'.
2026-07-05 10:15:38 [CRITICAL] MÓDULO BASE_DADOS: Erro de integridade referencial pelo utilizador 'ana_silva'.
2026-07-05 10:16:45 [INFO] MÓDULO AUTENTICACAO: Tentativa de brute-force bloqueada pelo utilizador 'gestor_seguranca'.
2026-07-05 10:17:32 [ERROR] MÓDULO AUTENTICACAO: Falha na palavra-passe pelo utilizador 'gestor_seguranca'.
2026-07-05 10:18:09 [CRITICAL] MÓDULO BASE_DADOS: Timeout na ligação pelo utilizador 'gestor_seguranca'.
2026-07-05 10:19:02 [CRITICAL] MÓDULO CAMARAS: Falha de armazenamento no DVR_02.
2026-07-05 10:19:41 [ERROR] MÓDULO AUTENTICACAO: Falha na palavra-passe pelo utilizador 'gestor_seguranca'.
2026-07-05 10:20:28 [ERROR] MÓDULO BASE_DADOS: Query executada com sucesso pelo utilizador 'ana_silva'.
2026-07-05 10:21:01 [WARNING] MÓDULO BASE_DADOS: Query executada com sucesso pelo utilizador 'api_gateway'.
2026-07-05 10:22:22 [ERROR] MÓDULO AUTENTICACAO: Login efetuado com sucesso pelo utilizador 'gestor_seguranca'.
2026-07-05 10:23:26 [WARNING] MÓDULO BASE_DADOS: Timeout na ligação pelo utilizador 'nuno_gomes'.
2026-07-05 10:23:58 [CRITICAL] MÓDULO CAMARAS: Perda de sinal de vídeo na Câmara_04.
2026-07-05 10:24:40 [INFO] MÓDULO CAMARAS: Falha de armazenamento no DVR_02.
2026-07-05 10:25:13 [ERROR] MÓDULO SENSORES: Porta Principal aberta.
2026-07-05 10:26:36 [INFO] MÓDULO AUTENTICACAO: Login efetuado com sucesso pelo utilizador 'convidado_01'.
2026-07-05 10:27:54 [CRITICAL] MÓDULO BASE_DADOS: Query executada com sucesso pelo utilizador 'nuno_gomes'.
2026-07-05 10:28:24 [INFO] MÓDULO BASE_DADOS: Timeout na ligação pelo utilizador 'convidado_01'.
2026-07-05 10:29:45 [CRITICAL] MÓDULO AUTENTICACAO: Login efetuado com sucesso pelo utilizador 'mauri'.
2026-07-05 10:30:39 [INFO] MÓDULO BASE_DADOS: Cópia de segurança (Backup) concluída pelo utilizador 'ana_silva'.
2026-07-05 10:31:35 [INFO] MÓDULO SENSORES: Temperatura da Sala de Servidores acima do normal.
2026-07-05 10:32:30 [INFO] MÓDULO CAMARAS: Falha de armazenamento no DVR_02.
2026-07-05 10:33:47 [ERROR] MÓDULO AUTENTICACAO: Sessão expirada pelo utilizador 'convidado_01'.
2026-07-05 10:34:28 [INFO] MÓDULO CAMARAS: Gravação iniciada por movimento na Câmara_01.
2026-07-05 10:35:49 [CRITICAL] MÓDULO SENSORES: Sensor de fumos ativo.
2026-07-05 10:36:25 [WARNING] MÓDULO SENSORES: Sensor de fumos ativo.
2026-07-05 10:37:03 [INFO] MÓDULO AUTENTICACAO: Login efetuado com sucesso pelo utilizador 'ana_silva'.
2026-07-05 10:37:48 [INFO] MÓDULO AUTENTICACAO: Tentativa de brute-force bloqueada pelo utilizador 'ana_silva'.
2026-07-05 10:39:15 [WARNING] MÓDULO SENSORES: Porta Principal aberta.
2026-07-05 10:40:01 [INFO] MÓDULO BASE_DADOS: Query executada com sucesso pelo utilizador 'gestor_seguranca'.
2026-07-05 10:41:22 [CRITICAL] MÓDULO AUTENTICACAO: Login efetuado com sucesso pelo utilizador 'ana_silva'.
2026-07-05 10:42:11 [ERROR] MÓDULO BASE_DADOS: Timeout na ligação pelo utilizador 'nuno_gomes'.
2026-07-05 10:42:56 [INFO] MÓDULO BASE_DADOS: Timeout na ligação pelo utilizador 'gestor_seguranca'.
2026-07-05 10:43:53 [WARNING] MÓDULO SENSORES: Porta Principal aberta.
2026-07-05 10:44:32 [CRITICAL] MÓDULO BASE_DADOS: Query executada com sucesso pelo utilizador 'convidado_01'.
2026-07-05 10:45:40 [INFO] MÓDULO BASE_DADOS: Cópia de segurança (Backup) concluída pelo utilizador 'nuno_gomes'.
2026-07-05 10:46:41 [CRITICAL] MÓDULO CAMARAS: Falha de armazenamento no DVR_02.
2026-07-05 10:47:31 [ERROR] MÓDULO AUTENTICACAO: Falha na palavra-passe pelo utilizador 'nuno_gomes'.
2026-07-05 10:48:29 [INFO] MÓDULO AUTENTICACAO: Login efetuado com sucesso pelo utilizador 'ana_silva'.
2026-07-05 10:49:00 [INFO] MÓDULO BASE_DADOS: Cópia de segurança (Backup) concluída pelo utilizador 'mauri'.
2026-07-05 10:49:53 [INFO] MÓDULO AUTENTICACAO: Tentativa de brute-force bloqueada pelo utilizador 'admin'.
2026-07-05 10:51:02 [ERROR] MÓDULO AUTENTICACAO: Falha na palavra-passe pelo utilizador 'admin'.
2026-07-05 10:52:11 [ERROR] MÓDULO SENSORES: Movimento detetado no Corredor B.
2026-07-05 10:53:10 [INFO] MÓDULO BASE_DADOS: Erro de integridade referencial pelo utilizador 'api_gateway'.
2026-07-05 10:54:29 [INFO] MÓDULO AUTENTICACAO: Login efetuado com sucesso pelo utilizador 'admin'.
2026-07-05 10:55:15 [ERROR] MÓDULO BASE_DADOS: Cópia de segurança (Backup) concluída pelo utilizador 'ana_silva'.
2026-07-05 10:56:32 [INFO] MÓDULO SENSORES: Movimento detetado no Corredor B.
2026-07-05 10:57:22 [ERROR] MÓDULO CAMARAS: Gravação iniciada por movimento na Câmara_01.
2026-07-05 10:58:42 [WARNING] MÓDULO AUTENTICACAO: Login efetuado com sucesso pelo utilizador 'nuno_gomes'.
2026-07-05 10:59:50 [INFO] MÓDULO CAMARAS: Falha de armazenamento no DVR_02.
2026-07-05 11:00:29 [CRITICAL] MÓDULO CAMARAS: Gravação iniciada por movimento na Câmara_01.
2026-07-05 11:01:40 [CRITICAL] MÓDULO SENSORES: Sensor de fumos ativo.
2026-07-05 11:02:32 [INFO] MÓDULO SENSORES: Porta Principal aberta.
2026-07-05 11:03:04 [WARNING] MÓDULO CAMARAS: Perda de sinal de vídeo na Câmara_04.
2026-07-05 11:03:38 [ERROR] MÓDULO SENSORES: Sensor de fumos ativo.
2026-07-05 11:05:04 [INFO] MÓDULO CAMARAS: Perda de sinal de vídeo na Câmara_04.
2026-07-05 11:06:23 [INFO] MÓDULO CAMARAS: Perda de sinal de vídeo na Câmara_04.
2026-07-05 11:07:52 [ERROR] MÓDULO AUTENTICACAO: Tentativa de brute-force bloqueada pelo utilizador 'nuno_gomes'.
2026-07-05 11:08:30 [WARNING] MÓDULO CAMARAS: Falha de armazenamento no DVR_02.
2026-07-05 11:09:44 [INFO] MÓDULO CAMARAS: Perda de sinal de vídeo na Câmara_04.
2026-07-05 11:10:26 [WARNING] MÓDULO BASE_DADOS: Erro de integridade referencial pelo utilizador 'mauri'.
2026-07-05 11:11:53 [INFO] MÓDULO BASE_DADOS: Query executada com sucesso pelo utilizador 'ana_silva'.
2026-07-05 11:12:35 [CRITICAL] MÓDULO BASE_DADOS: Erro de integridade referencial pelo utilizador 'mauri'.
2026-07-05 11:13:25 [INFO] MÓDULO CAMARAS: Perda de sinal de vídeo na Câmara_04.
2026-07-05 11:14:47 [WARNING] MÓDULO SENSORES: Sensor de fumos ativo.
2026-07-05 11:15:53 [WARNING] MÓDULO SENSORES: Porta Principal aberta.
2026-07-05 11:16:48 [ERROR] MÓDULO SENSORES: Movimento detetado no Corredor B.
2026-07-05 11:17:55 [INFO] MÓDULO CAMARAS: Falha de armazenamento no DVR_02.
2026-07-05 11:18:39 [ERROR] MÓDULO CAMARAS: Gravação iniciada por movimento na Câmara_01.
2026-07-05 11:19:23 [WARNING] MÓDULO AUTENTICACAO: Tentativa de brute-force bloqueada pelo utilizador 'ana_silva'.
2026-07-05 11:20:50 [WARNING] MÓDULO SENSORES: Sensor de fumos ativo.
2026-07-05 11:21:39 [INFO] MÓDULO AUTENTICACAO: Login efetuado com sucesso pelo utilizador 'gestor_seguranca'.
2026-07-05 11:22:38 [WARNING] MÓDULO AUTENTICACAO: Sessão expirada pelo utilizador 'gestor_seguranca'.
2026-07-05 11:23:33 [INFO] MÓDULO SENSORES: Temperatura da Sala de Servidores acima do normal.
2026-07-05 11:24:05 [INFO] MÓDULO AUTENTICACAO: Tentativa de brute-force bloqueada pelo utilizador 'ana_silva'.
2026-07-05 11:25:12 [CRITICAL] MÓDULO CAMARAS: Perda de sinal de vídeo na Câmara_04.
2026-07-05 11:25:42 [INFO] MÓDULO AUTENTICACAO: Sessão expirada pelo utilizador 'api_gateway'.
2026-07-05 11:26:13 [INFO] MÓDULO AUTENTICACAO: Falha na palavra-passe pelo utilizador 'gestor_seguranca'.
2026-07-05 11:26:46 [INFO] MÓDULO CAMARAS: Falha de armazenamento no DVR_02.
2026-07-05 11:28:04 [CRITICAL] MÓDULO SENSORES: Sensor de fumos ativo.
2026-07-05 11:29:25 [CRITICAL] MÓDULO AUTENTICACAO: Tentativa de brute-force bloqueada pelo utilizador 'ana_silva'.
2026-07-05 11:30:27 [CRITICAL] MÓDULO SENSORES: Porta Principal aberta.
2026-07-05 11:31:36 [WARNING] MÓDULO BASE_DADOS: Timeout na ligação pelo utilizador 'gestor_seguranca'.
2026-07-05 11:32:06 [INFO] MÓDULO BASE_DADOS: Cópia de segurança (Backup) concluída pelo utilizador 'nuno_gomes'.
2026-07-05 11:32:39 [WARNING] MÓDULO SENSORES: Sensor de fumos ativo.
2026-07-05 11:34:04 [INFO] MÓDULO AUTENTICACAO: Sessão expirada pelo utilizador 'ana_silva'.
2026-07-05 11:34:51 [INFO] MÓDULO BASE_DADOS: Timeout na ligação pelo utilizador 'api_gateway'.
2026-07-05 11:35:29 [CRITICAL] MÓDULO AUTENTICACAO: Falha na palavra-passe pelo utilizador 'admin'.
2026-07-05 11:36:40 [INFO] MÓDULO SENSORES: Porta Principal aberta.
2026-07-05 11:37:49 [INFO] MÓDULO BASE_DADOS: Query executada com sucesso pelo utilizador 'mauri'.
2026-07-05 11:39:17 [CRITICAL] MÓDULO AUTENTICACAO: Falha na palavra-passe pelo utilizador 'convidado_01'.
2026-07-05 11:40:09 [CRITICAL] MÓDULO CAMARAS: Falha de armazenamento no DVR_02.
2026-07-05 11:41:16 [WARNING] MÓDULO CAMARAS: Perda de sinal de vídeo na Câmara_04.
2026-07-05 11:41:52 [ERROR] MÓDULO AUTENTICACAO: Falha na palavra-passe pelo utilizador 'mauri'.
2026-07-05 11:42:58 [WARNING] MÓDULO SENSORES: Temperatura da Sala de Servidores acima do normal.
2026-07-05 11:44:04 [INFO] MÓDULO BASE_DADOS: Timeout na ligação pelo utilizador 'nuno_gomes'.
2026-07-05 11:44:35 [CRITICAL] MÓDULO CAMARAS: Falha de armazenamento no DVR_02.
2026-07-05 11:45:19 [ERROR] MÓDULO SENSORES: Sensor de fumos ativo.
2026-07-05 11:46:38 [CRITICAL] MÓDULO SENSORES: Temperatura da Sala de Servidores acima do normal.
2026-07-05 11:47:40 [INFO] MÓDULO CAMARAS: Falha de armazenamento no DVR_02.
2026-07-05 11:48:16 [INFO] MÓDULO BASE_DADOS: Query executada com sucesso pelo utilizador 'api_gateway'.
2026-07-05 11:49:22 [INFO] MÓDULO BASE_DADOS: Query executada com sucesso pelo utilizador 'gestor_seguranca'.
2026-07-05 11:50:44 [INFO] MÓDULO CAMARAS: Perda de sinal de vídeo na Câmara_04.
2026-07-05 11:51:15 [INFO] MÓDULO SENSORES: Porta Principal aberta.
2026-07-05 11:51:52 [INFO] MÓDULO BASE_DADOS: Timeout na ligação pelo utilizador 'ana_silva'.
2026-07-05 11:53:06 [WARNING] MÓDULO AUTENTICACAO: Tentativa de brute-force bloqueada pelo utilizador 'nuno_gomes'.
2026-07-05 11:54:05 [INFO] MÓDULO BASE_DADOS: Cópia de segurança (Backup) concluída pelo utilizador 'convidado_01'.
2026-07-05 11:54:37 [CRITICAL] MÓDULO CAMARAS: Gravação iniciada por movimento na Câmara_01.
2026-07-05 11:55:12 [ERROR] MÓDULO SENSORES: Movimento detetado no Corredor B.
2026-07-05 11:56:25 [CRITICAL] MÓDULO AUTENTICACAO: Falha na palavra-passe pelo utilizador 'convidado_01'.
2026-07-05 11:57:04 [ERROR] MÓDULO CAMARAS: Perda de sinal de vídeo na Câmara_04.
2026-07-05 11:58:08 [ERROR] MÓDULO SENSORES: Sensor de fumos ativo.
2026-07-05 11:58:51 [WARNING] MÓDULO BASE_DADOS: Timeout na ligação pelo utilizador 'convidado_01'.
2026-07-05 12:00:16 [CRITICAL] MÓDULO CAMARAS: Falha de armazenamento no DVR_02.
2026-07-05 12:01:02 [INFO] MÓDULO AUTENTICACAO: Tentativa de brute-force bloqueada pelo utilizador 'mauri'.
2026-07-05 12:01:56 [CRITICAL] MÓDULO SENSORES: Temperatura da Sala de Servidores acima do normal.
2026-07-05 12:03:21 [INFO] MÓDULO CAMARAS: Gravação iniciada por movimento na Câmara_01.
2026-07-05 12:04:46 [WARNING] MÓDULO BASE_DADOS: Cópia de segurança (Backup) concluída pelo utilizador 'api_gateway'.
2026-07-05 12:06:15 [INFO] MÓDULO CAMARAS: Gravação iniciada por movimento na Câmara_01.
2026-07-05 12:07:14 [INFO] MÓDULO BASE_DADOS: Cópia de segurança (Backup) concluída pelo utilizador 'mauri'.
2026-07-05 12:07:47 [WARNING] MÓDULO CAMARAS: Gravação iniciada por movimento na Câmara_01.
2026-07-05 12:08:51 [WARNING] MÓDULO SENSORES: Sensor de fumos ativo.
2026-07-05 12:09:21 [ERROR] MÓDULO SENSORES: Movimento detetado no Corredor B.
2026-07-05 12:09:54 [WARNING] MÓDULO AUTENTICACAO: Falha na palavra-passe pelo utilizador 'api_gateway'.
2026-07-05 12:11:21 [ERROR] MÓDULO CAMARAS: Gravação iniciada por movimento na Câmara_01.
2026-07-05 12:11:58 [INFO] MÓDULO BASE_DADOS: Query executada com sucesso pelo utilizador 'mauri'.
2026-07-05 12:13:15 [CRITICAL] MÓDULO AUTENTICACAO: Sessão expirada pelo utilizador 'api_gateway'.
2026-07-05 12:13:56 [CRITICAL] MÓDULO SENSORES: Temperatura da Sala de Servidores acima do normal.
2026-07-05 12:15:07 [CRITICAL] MÓDULO AUTENTICACAO: Tentativa de brute-force bloqueada pelo utilizador 'admin'.
2026-07-05 12:15:37 [WARNING] MÓDULO AUTENTICACAO: Login efetuado com sucesso pelo utilizador 'api_gateway'.
2026-07-05 12:16:07 [ERROR] MÓDULO CAMARAS: Gravação iniciada por movimento na Câmara_01.
2026-07-05 12:17:35 [CRITICAL] MÓDULO AUTENTICACAO: Login efetuado com sucesso pelo utilizador 'mauri'.
2026-07-05 12:18:57 [CRITICAL] MÓDULO AUTENTICACAO: Sessão expirada pelo utilizador 'admin'.
2026-07-05 12:19:41 [INFO] MÓDULO AUTENTICACAO: Sessão expirada pelo utilizador 'ana_silva'.
2026-07-05 12:21:06 [WARNING] MÓDULO AUTENTICACAO: Falha na palavra-passe pelo utilizador 'admin'.
2026-07-05 12:22:30 [ERROR] MÓDULO CAMARAS: Falha de armazenamento no DVR_02.
2026-07-05 12:23:28 [INFO] MÓDULO SENSORES: Porta Principal aberta.
2026-07-05 12:24:13 [CRITICAL] MÓDULO SENSORES: Sensor de fumos ativo.
2026-07-05 12:24:51 [ERROR] MÓDULO AUTENTICACAO: Falha na palavra-passe pelo utilizador 'nuno_gomes'.
2026-07-05 12:25:54 [ERROR] MÓDULO CAMARAS: Perda de sinal de vídeo na Câmara_04.
2026-07-05 12:27:02 [ERROR] MÓDULO AUTENTICACAO: Login efetuado com sucesso pelo utilizador 'mauri'.
2026-07-05 12:27:41 [INFO] MÓDULO CAMARAS: Perda de sinal de vídeo na Câmara_04.
2026-07-05 12:28:56 [WARNING] MÓDULO AUTENTICACAO: Login efetuado com sucesso pelo utilizador 'convidado_01'.
2026-07-05 12:30:12 [INFO] MÓDULO CAMARAS: Perda de sinal de vídeo na Câmara_04.
2026-07-05 12:31:35 [INFO] MÓDULO SENSORES: Temperatura da Sala de Servidores acima do normal.
2026-07-05 12:32:17 [INFO] MÓDULO SENSORES: Movimento detetado no Corredor B.
2026-07-05 12:33:11 [CRITICAL] MÓDULO AUTENTICACAO: Login efetuado com sucesso pelo utilizador 'gestor_seguranca'.
2026-07-05 12:34:39 [WARNING] MÓDULO BASE_DADOS: Query executada com sucesso pelo utilizador 'convidado_01'.
2026-07-05 12:36:04 [WARNING] MÓDULO AUTENTICACAO: Falha na palavra-passe pelo utilizador 'ana_silva'.
2026-07-05 12:36:52 [CRITICAL] MÓDULO CAMARAS: Falha de armazenamento no DVR_02.
2026-07-05 12:37:58 [INFO] MÓDULO AUTENTICACAO: Tentativa de brute-force bloqueada pelo utilizador 'ana_silva'.
2026-07-05 12:38:54 [ERROR] MÓDULO SENSORES: Movimento detetado no Corredor B.
2026-07-05 12:40:11 [WARNING] MÓDULO AUTENTICACAO: Falha na palavra-passe pelo utilizador 'ana_silva'.
2026-07-05 12:40:48 [CRITICAL] MÓDULO SENSORES: Porta Principal aberta.
2026-07-05 12:41:34 [ERROR] MÓDULO AUTENTICACAO: Falha na palavra-passe pelo utilizador 'nuno_gomes'.
2026-07-05 12:42:42 [CRITICAL] MÓDULO BASE_DADOS: Erro de integridade referencial pelo utilizador 'nuno_gomes'.
2026-07-05 12:43:51 [CRITICAL] MÓDULO BASE_DADOS: Cópia de segurança (Backup) concluída pelo utilizador 'api_gateway'.
2026-07-05 12:44:29 [ERROR] MÓDULO BASE_DADOS: Query executada com sucesso pelo utilizador 'gestor_seguranca'.
2026-07-05 12:45:08 [CRITICAL] MÓDULO SENSORES: Movimento detetado no Corredor B.
2026-07-05 12:46:34 [INFO] MÓDULO SENSORES: Sensor de fumos ativo.
2026-07-05 12:47:07 [ERROR] MÓDULO CAMARAS: Falha de armazenamento no DVR_02.
2026-07-05 12:48:16 [INFO] MÓDULO SENSORES: Sensor de fumos ativo.
2026-07-05 12:49:00 [CRITICAL] MÓDULO BASE_DADOS: Cópia de segurança (Backup) concluída pelo utilizador 'convidado_01'.
2026-07-05 12:50:27 [INFO] MÓDULO AUTENTICACAO: Login efetuado com sucesso pelo utilizador 'convidado_01'.
2026-07-05 12:51:45 [INFO] MÓDULO CAMARAS: Falha de armazenamento no DVR_02.
2026-07-05 12:53:13 [WARNING] MÓDULO BASE_DADOS: Erro de integridade referencial pelo utilizador 'api_gateway'.
2026-07-05 12:54:21 [CRITICAL] MÓDULO SENSORES: Sensor de fumos ativo.
2026-07-05 12:55:24 [INFO] MÓDULO CAMARAS: Perda de sinal de vídeo na Câmara_04.
2026-07-05 12:56:18 [CRITICAL] MÓDULO CAMARAS: Perda de sinal de vídeo na Câmara_04.
2026-07-05 12:57:02 [CRITICAL] MÓDULO CAMARAS: Gravação iniciada por movimento na Câmara_01.
2026-07-05 12:58:18 [INFO] MÓDULO CAMARAS: Perda de sinal de vídeo na Câmara_04.
2026-07-05 12:58:57 [CRITICAL] MÓDULO SENSORES: Sensor de fumos ativo.
2026-07-05 12:59:54 [CRITICAL] MÓDULO AUTENTICACAO: Sessão expirada pelo utilizador 'api_gateway'.
2026-07-05 13:01:03 [INFO] MÓDULO CAMARAS: Perda de sinal de vídeo na Câmara_04.
2026-07-05 13:01:40 [WARNING] MÓDULO AUTENTICACAO: Falha na palavra-passe pelo utilizador 'admin'.
2026-07-05 13:02:48 [INFO] MÓDULO BASE_DADOS: Cópia de segurança (Backup) concluída pelo utilizador 'ana_silva'.
2026-07-05 13:03:35 [ERROR] MÓDULO BASE_DADOS: Erro de integridade referencial pelo utilizador 'admin'.
2026-07-05 13:04:23 [INFO] MÓDULO CAMARAS: Falha de armazenamento no DVR_02.
2026-07-05 13:05:12 [CRITICAL] MÓDULO BASE_DADOS: Timeout na ligação pelo utilizador 'gestor_seguranca'.
2026-07-05 13:06:31 [WARNING] MÓDULO AUTENTICACAO: Sessão expirada pelo utilizador 'gestor_seguranca'.
2026-07-05 13:07:04 [ERROR] MÓDULO BASE_DADOS: Cópia de segurança (Backup) concluída pelo utilizador 'api_gateway'.
2026-07-05 13:08:09 [INFO] MÓDULO BASE_DADOS: Timeout na ligação pelo utilizador 'nuno_gomes'.
2026-07-05 13:08:55 [WARNING] MÓDULO SENSORES: Movimento detetado no Corredor B.
2026-07-05 13:10:24 [INFO] MÓDULO BASE_DADOS: Timeout na ligação pelo utilizador 'mauri'.
2026-07-05 13:11:37 [ERROR] MÓDULO BASE_DADOS: Query executada com sucesso pelo utilizador 'api_gateway'.
2026-07-05 13:12:07 [WARNING] MÓDULO BASE_DADOS: Query executada com sucesso pelo utilizador 'convidado_01'.
2026-07-05 13:13:01 [INFO] MÓDULO BASE_DADOS: Erro de integridade referencial pelo utilizador 'nuno_gomes'.
2026-07-05 13:13:38 [ERROR] MÓDULO BASE_DADOS: Timeout na ligação pelo utilizador 'gestor_seguranca'.
2026-07-05 13:14:49 [WARNING] MÓDULO BASE_DADOS: Timeout na ligação pelo utilizador 'convidado_01'.
2026-07-05 13:16:08 [ERROR] MÓDULO AUTENTICACAO: Login efetuado com sucesso pelo utilizador 'mauri'.
2026-07-05 13:17:05 [CRITICAL] MÓDULO BASE_DADOS: Cópia de segurança (Backup) concluída pelo utilizador 'gestor_seguranca'.
2026-07-05 13:18:00 [INFO] MÓDULO BASE_DADOS: Erro de integridade referencial pelo utilizador 'gestor_seguranca'.
2026-07-05 13:19:16 [INFO] MÓDULO BASE_DADOS: Query executada com sucesso pelo utilizador 'gestor_seguranca'.
2026-07-05 13:20:35 [CRITICAL] MÓDULO SENSORES: Porta Principal aberta.
2026-07-05 13:21:09 [INFO] MÓDULO CAMARAS: Perda de sinal de vídeo na Câmara_04.
2026-07-05 13:22:11 [WARNING] MÓDULO CAMARAS: Gravação iniciada por movimento na Câmara_01.
2026-07-05 13:23:21 [CRITICAL] MÓDULO BASE_DADOS: Cópia de segurança (Backup) concluída pelo utilizador 'ana_silva'.
2026-07-05 13:24:31 [WARNING] MÓDULO BASE_DADOS: Erro de integridade referencial pelo utilizador 'nuno_gomes'.
2026-07-05 13:25:42 [CRITICAL] MÓDULO SENSORES: Temperatura da Sala de Servidores acima do normal.
2026-07-05 13:27:00 [WARNING] MÓDULO SENSORES: Porta Principal aberta.
2026-07-05 13:27:57 [INFO] MÓDULO BASE_DADOS: Cópia de segurança (Backup) concluída pelo utilizador 'nuno_gomes'.
2026-07-05 13:28:44 [ERROR] MÓDULO BASE_DADOS: Cópia de segurança (Backup) concluída pelo utilizador 'mauri'.
2026-07-05 13:29:56 [CRITICAL] MÓDULO CAMARAS: Gravação iniciada por movimento na Câmara_01.
2026-07-05 13:31:26 [ERROR] MÓDULO SENSORES: Temperatura da Sala de Servidores acima do normal.
2026-07-05 13:32:54 [INFO] MÓDULO SENSORES: Movimento detetado no Corredor B.
2026-07-05 13:33:59 [INFO] MÓDULO BASE_DADOS: Cópia de segurança (Backup) concluída pelo utilizador 'admin'.
2026-07-05 13:35:00 [ERROR] MÓDULO SENSORES: Movimento detetado no Corredor B.
2026-07-05 13:36:17 [CRITICAL] MÓDULO SENSORES: Temperatura da Sala de Servidores acima do normal.
2026-07-05 13:37:37 [WARNING] MÓDULO CAMARAS: Gravação iniciada por movimento na Câmara_01.
2026-07-05 13:38:32 [INFO] MÓDULO SENSORES: Sensor de fumos ativo.
2026-07-05 13:39:54 [INFO] MÓDULO CAMARAS: Perda de sinal de vídeo na Câmara_04.
2026-07-05 13:40:34 [INFO] MÓDULO SENSORES: Movimento detetado no Corredor B.
2026-07-05 13:41:06 [INFO] MÓDULO SENSORES: Sensor de fumos ativo.
2026-07-05 13:42:10 [INFO] MÓDULO SENSORES: Porta Principal aberta.
2026-07-05 13:43:32 [INFO] MÓDULO SENSORES: Movimento detetado no Corredor B.
2026-07-05 13:44:18 [INFO] MÓDULO AUTENTICACAO: Login efetuado com sucesso pelo utilizador 'gestor_seguranca'.
2026-07-05 13:45:30 [WARNING] MÓDULO AUTENTICACAO: Tentativa de brute-force bloqueada pelo utilizador 'ana_silva'.
2026-07-05 13:46:35 [ERROR] MÓDULO BASE_DADOS: Timeout na ligação pelo utilizador 'api_gateway'.
2026-07-05 13:47:46 [INFO] MÓDULO BASE_DADOS: Query executada com sucesso pelo utilizador 'admin'.
2026-07-05 13:49:09 [ERROR] MÓDULO SENSORES: Sensor de fumos ativo.
2026-07-05 13:49:53 [INFO] MÓDULO SENSORES: Sensor de fumos ativo.
2026-07-05 13:51:02 [INFO] MÓDULO CAMARAS: Falha de armazenamento no DVR_02.
2026-07-05 13:52:12 [ERROR] MÓDULO CAMARAS: Falha de armazenamento no DVR_02.
2026-07-05 13:52:44 [INFO] MÓDULO AUTENTICACAO: Falha na palavra-passe pelo utilizador 'ana_silva'.
2026-07-05 13:53:27 [INFO] MÓDULO BASE_DADOS: Query executada com sucesso pelo utilizador 'convidado_01'.
2026-07-05 13:54:49 [INFO] MÓDULO CAMARAS: Falha de armazenamento no DVR_02.
2026-07-05 13:55:59 [ERROR] MÓDULO CAMARAS: Falha de armazenamento no DVR_02.
2026-07-05 13:57:18 [INFO] MÓDULO SENSORES: Sensor de fumos ativo.
2026-07-05 13:58:48 [INFO] MÓDULO AUTENTICACAO: Sessão expirada pelo utilizador 'ana_silva'.
2026-07-05 13:59:29 [INFO] MÓDULO AUTENTICACAO: Login efetuado com sucesso pelo utilizador 'api_gateway'.
2026-07-05 14:00:41 [INFO] MÓDULO AUTENTICACAO: Login efetuado com sucesso pelo utilizador 'nuno_gomes'.
2026-07-05 14:01:39 [ERROR] MÓDULO AUTENTICACAO: Tentativa de brute-force bloqueada pelo utilizador 'nuno_gomes'.
2026-07-05 14:02:16 [CRITICAL] MÓDULO CAMARAS: Gravação iniciada por movimento na Câmara_01.
2026-07-05 14:03:45 [INFO] MÓDULO BASE_DADOS: Cópia de segurança (Backup) concluída pelo utilizador 'mauri'.
2026-07-05 14:05:09 [INFO] MÓDULO SENSORES: Porta Principal aberta.
2026-07-05 14:05:47 [INFO] MÓDULO BASE_DADOS: Timeout na ligação pelo utilizador 'gestor_seguranca'.
2026-07-05 14:06:59 [WARNING] MÓDULO SENSORES: Movimento detetado no Corredor B.
2026-07-05 14:07:32 [CRITICAL] MÓDULO AUTENTICACAO: Login efetuado com sucesso pelo utilizador 'mauri'.
2026-07-05 14:08:02 [WARNING] MÓDULO AUTENTICACAO: Login efetuado com sucesso pelo utilizador 'gestor_seguranca'.
2026-07-05 14:09:20 [CRITICAL] MÓDULO BASE_DADOS: Cópia de segurança (Backup) concluída pelo utilizador 'mauri'.
2026-07-05 14:10:09 [ERROR] MÓDULO SENSORES: Sensor de fumos ativo.
2026-07-05 14:10:52 [INFO] MÓDULO CAMARAS: Gravação iniciada por movimento na Câmara_01.
2026-07-05 14:11:23 [INFO] MÓDULO CAMARAS: Falha de armazenamento no DVR_02.
2026-07-05 14:12:45 [ERROR] MÓDULO AUTENTICACAO: Falha na palavra-passe pelo utilizador 'mauri'.
2026-07-05 14:13:55 [ERROR] MÓDULO CAMARAS: Perda de sinal de vídeo na Câmara_04.
2026-07-05 14:14:51 [WARNING] MÓDULO CAMARAS: Falha de armazenamento no DVR_02.
2026-07-05 14:15:22 [WARNING] MÓDULO CAMARAS: Perda de sinal de vídeo na Câmara_04.
2026-07-05 14:16:44 [ERROR] MÓDULO BASE_DADOS: Erro de integridade referencial pelo utilizador 'api_gateway'.
2026-07-05 14:17:50 [WARNING] MÓDULO AUTENTICACAO: Tentativa de brute-force bloqueada pelo utilizador 'mauri'.
2026-07-05 14:18:20 [INFO] MÓDULO BASE_DADOS: Query executada com sucesso pelo utilizador 'admin'.
2026-07-05 14:18:52 [WARNING] MÓDULO SENSORES: Temperatura da Sala de Servidores acima do normal.
2026-07-05 14:19:45 [INFO] MÓDULO AUTENTICACAO: Falha na palavra-passe pelo utilizador 'admin'.
2026-07-05 14:20:35 [ERROR] MÓDULO SENSORES: Porta Principal aberta.
2026-07-05 14:21:51 [WARNING] MÓDULO AUTENTICACAO: Falha na palavra-passe pelo utilizador 'admin'.
2026-07-05 14:23:01 [INFO] MÓDULO BASE_DADOS: Erro de integridade referencial pelo utilizador 'gestor_seguranca'.
2026-07-05 14:23:49 [INFO] MÓDULO AUTENTICACAO: Login efetuado com sucesso pelo utilizador 'ana_silva'.
2026-07-05 14:24:45 [INFO] MÓDULO CAMARAS: Perda de sinal de vídeo na Câmara_04.
2026-07-05 14:25:54 [INFO] MÓDULO SENSORES: Movimento detetado no Corredor B.
2026-07-05 14:26:29 [ERROR] MÓDULO BASE_DADOS: Erro de integridade referencial pelo utilizador 'admin'.
2026-07-05 14:27:28 [CRITICAL] MÓDULO AUTENTICACAO: Login efetuado com sucesso pelo utilizador 'gestor_seguranca'.
2026-07-05 14:28:28 [INFO] MÓDULO SENSORES: Sensor de fumos ativo.
2026-07-05 14:29:15 [CRITICAL] MÓDULO AUTENTICACAO: Sessão expirada pelo utilizador 'nuno_gomes'.
2026-07-05 14:30:14 [ERROR] MÓDULO AUTENTICACAO: Sessão expirada pelo utilizador 'admin'.
2026-07-05 14:30:44 [ERROR] MÓDULO AUTENTICACAO: Tentativa de brute-force bloqueada pelo utilizador 'admin'.
2026-07-05 14:32:06 [INFO] MÓDULO AUTENTICACAO: Falha na palavra-passe pelo utilizador 'mauri'.
2026-07-05 14:33:32 [WARNING] MÓDULO AUTENTICACAO: Sessão expirada pelo utilizador 'api_gateway'.
2026-07-05 14:34:36 [INFO] MÓDULO BASE_DADOS: Erro de integridade referencial pelo utilizador 'admin'.
2026-07-05 14:35:09 [WARNING] MÓDULO AUTENTICACAO: Tentativa de brute-force bloqueada pelo utilizador 'ana_silva'.
2026-07-05 14:36:24 [CRITICAL] MÓDULO CAMARAS: Perda de sinal de vídeo na Câmara_04.
2026-07-05 14:37:07 [CRITICAL] MÓDULO BASE_DADOS: Erro de integridade referencial pelo utilizador 'mauri'.
2026-07-05 14:38:28 [WARNING] MÓDULO BASE_DADOS: Erro de integridade referencial pelo utilizador 'gestor_seguranca'.
2026-07-05 14:39:30 [INFO] MÓDULO CAMARAS: Falha de armazenamento no DVR_02.
2026-07-05 14:40:38 [WARNING] MÓDULO BASE_DADOS: Cópia de segurança (Backup) concluída pelo utilizador 'api_gateway'.
2026-07-05 14:41:09 [INFO] MÓDULO AUTENTICACAO: Login efetuado com sucesso pelo utilizador 'gestor_seguranca'.
2026-07-05 14:41:59 [INFO] MÓDULO CAMARAS: Gravação iniciada por movimento na Câmara_01.
2026-07-05 14:43:07 [CRITICAL] MÓDULO SENSORES: Movimento detetado no Corredor B.
2026-07-05 14:44:04 [WARNING] MÓDULO SENSORES: Sensor de fumos ativo.
2026-07-05 14:44:40 [CRITICAL] MÓDULO BASE_DADOS: Query executada com sucesso pelo utilizador 'ana_silva'.
2026-07-05 14:45:55 [CRITICAL] MÓDULO AUTENTICACAO: Sessão expirada pelo utilizador 'admin'.
2026-07-05 14:46:52 [INFO] MÓDULO AUTENTICACAO: Falha na palavra-passe pelo utilizador 'nuno_gomes'.
2026-07-05 14:48:03 [CRITICAL] MÓDULO CAMARAS: Gravação iniciada por movimento na Câmara_01.
2026-07-05 14:48:47 [INFO] MÓDULO SENSORES: Sensor de fumos ativo.
2026-07-05 14:49:39 [WARNING] MÓDULO SENSORES: Temperatura da Sala de Servidores acima do normal.
2026-07-05 14:50:37 [ERROR] MÓDULO CAMARAS: Perda de sinal de vídeo na Câmara_04.
2026-07-05 14:51:14 [ERROR] MÓDULO CAMARAS: Falha de armazenamento no DVR_02.
2026-07-05 14:52:22 [CRITICAL] MÓDULO BASE_DADOS: Query executada com sucesso pelo utilizador 'ana_silva'.
2026-07-05 14:53:05 [INFO] MÓDULO AUTENTICACAO: Login efetuado com sucesso pelo utilizador 'api_gateway'.
2026-07-05 14:53:59 [INFO] MÓDULO CAMARAS: Gravação iniciada por movimento na Câmara_01.
2026-07-05 14:55:02 [CRITICAL] MÓDULO BASE_DADOS: Erro de integridade referencial pelo utilizador 'convidado_01'.
2026-07-05 14:56:17 [WARNING] MÓDULO CAMARAS: Gravação iniciada por movimento na Câmara_01.
2026-07-05 14:56:51 [WARNING] MÓDULO BASE_DADOS: Erro de integridade referencial pelo utilizador 'mauri'.
2026-07-05 14:57:30 [INFO] MÓDULO BASE_DADOS: Erro de integridade referencial pelo utilizador 'convidado_01'.
2026-07-05 14:58:09 [INFO] MÓDULO SENSORES: Sensor de fumos ativo.
2026-07-05 14:59:12 [INFO] MÓDULO AUTENTICACAO: Sessão expirada pelo utilizador 'api_gateway'.
2026-07-05 15:00:10 [CRITICAL] MÓDULO SENSORES: Sensor de fumos ativo.
2026-07-05 15:00:58 [INFO] MÓDULO CAMARAS: Falha de armazenamento no DVR_02.
2026-07-05 15:01:58 [ERROR] MÓDULO CAMARAS: Gravação iniciada por movimento na Câmara_01.
2026-07-05 15:02:44 [CRITICAL] MÓDULO SENSORES: Temperatura da Sala de Servidores acima do normal.
2026-07-05 15:03:44 [CRITICAL] MÓDULO CAMARAS: Perda de sinal de vídeo na Câmara_04.
2026-07-05 15:05:04 [INFO] MÓDULO BASE_DADOS: Erro de integridade referencial pelo utilizador 'convidado_01'.
2026-07-05 15:06:32 [INFO] MÓDULO BASE_DADOS: Query executada com sucesso pelo utilizador 'ana_silva'.
2026-07-05 15:07:02 [WARNING] MÓDULO AUTENTICACAO: Login efetuado com sucesso pelo utilizador 'ana_silva'.
2026-07-05 15:08:22 [INFO] MÓDULO CAMARAS: Gravação iniciada por movimento na Câmara_01.
2026-07-05 15:09:47 [INFO] MÓDULO CAMARAS: Falha de armazenamento no DVR_02.
2026-07-05 15:10:25 [INFO] MÓDULO BASE_DADOS: Query executada com sucesso pelo utilizador 'gestor_seguranca'.
2026-07-05 15:11:53 [INFO] MÓDULO SENSORES: Porta Principal aberta.
2026-07-05 15:13:18 [INFO] MÓDULO AUTENTICACAO: Falha na palavra-passe pelo utilizador 'convidado_01'.
2026-07-05 15:14:16 [INFO] MÓDULO BASE_DADOS: Erro de integridade referencial pelo utilizador 'convidado_01'.
2026-07-05 15:15:24 [WARNING] MÓDULO AUTENTICACAO: Login efetuado com sucesso pelo utilizador 'ana_silva'.
2026-07-05 15:15:59 [CRITICAL] MÓDULO BASE_DADOS: Timeout na ligação pelo utilizador 'ana_silva'.
2026-07-05 15:17:28 [WARNING] MÓDULO SENSORES: Sensor de fumos ativo.
2026-07-05 15:18:31 [WARNING] MÓDULO AUTENTICACAO: Login efetuado com sucesso pelo utilizador 'admin'.
2026-07-05 15:19:36 [CRITICAL] MÓDULO SENSORES: Sensor de fumos ativo.
2026-07-05 15:20:56 [WARNING] MÓDULO BASE_DADOS: Query executada com sucesso pelo utilizador 'nuno_gomes'.
2026-07-05 15:22:09 [CRITICAL] MÓDULO SENSORES: Porta Principal aberta.
2026-07-05 15:23:32 [INFO] MÓDULO CAMARAS: Gravação iniciada por movimento na Câmara_01.
2026-07-05 15:24:52 [CRITICAL] MÓDULO BASE_DADOS: Timeout na ligação pelo utilizador 'ana_silva'.
2026-07-05 15:26:11 [INFO] MÓDULO SENSORES: Movimento detetado no Corredor B.
2026-07-05 15:27:02 [ERROR] MÓDULO AUTENTICACAO: Tentativa de brute-force bloqueada pelo utilizador 'api_gateway'.
2026-07-05 15:28:20 [INFO] MÓDULO SENSORES: Porta Principal aberta.
2026-07-05 15:29:29 [ERROR] MÓDULO BASE_DADOS: Cópia de segurança (Backup) concluída pelo utilizador 'nuno_gomes'.
2026-07-05 15:30:46 [ERROR] MÓDULO SENSORES: Porta Principal aberta.
2026-07-05 15:31:56 [CRITICAL] MÓDULO CAMARAS: Falha de armazenamento no DVR_02.
2026-07-05 15:33:25 [CRITICAL] MÓDULO SENSORES: Movimento detetado no Corredor B.
2026-07-05 15:34:28 [WARNING] MÓDULO BASE_DADOS: Timeout na ligação pelo utilizador 'gestor_seguranca'.
2026-07-05 15:35:31 [ERROR] MÓDULO AUTENTICACAO: Sessão expirada pelo utilizador 'nuno_gomes'.
2026-07-05 15:36:38 [WARNING] MÓDULO BASE_DADOS: Query executada com sucesso pelo utilizador 'convidado_01'.
2026-07-05 15:37:29 [INFO] MÓDULO BASE_DADOS: Cópia de segurança (Backup) concluída pelo utilizador 'admin'.
2026-07-05 15:38:51 [INFO] MÓDULO CAMARAS: Gravação iniciada por movimento na Câmara_01.
2026-07-05 15:40:01 [ERROR] MÓDULO BASE_DADOS: Query executada com sucesso pelo utilizador 'mauri'.
2026-07-05 15:40:32 [WARNING] MÓDULO AUTENTICACAO: Tentativa de brute-force bloqueada pelo utilizador 'admin'.
2026-07-05 15:42:02 [INFO] MÓDULO SENSORES: Temperatura da Sala de Servidores acima do normal.
2026-07-05 15:42:54 [INFO] MÓDULO CAMARAS: Falha de armazenamento no DVR_02.
2026-07-05 15:44:12 [WARNING] MÓDULO BASE_DADOS: Erro de integridade referencial pelo utilizador 'api_gateway'.
2026-07-05 15:45:07 [INFO] MÓDULO BASE_DADOS: Cópia de segurança (Backup) concluída pelo utilizador 'convidado_01'.
2026-07-05 15:45:38 [CRITICAL] MÓDULO CAMARAS: Falha de armazenamento no DVR_02.
2026-07-05 15:46:28 [INFO] MÓDULO AUTENTICACAO: Falha na palavra-passe pelo utilizador 'gestor_seguranca'.
2026-07-05 15:47:44 [WARNING] MÓDULO AUTENTICACAO: Falha na palavra-passe pelo utilizador 'nuno_gomes'.
2026-07-05 15:48:54 [INFO] MÓDULO SENSORES: Temperatura da Sala de Servidores acima do normal.
2026-07-05 15:50:04 [CRITICAL] MÓDULO SENSORES: Porta Principal aberta.
2026-07-05 15:51:20 [INFO] MÓDULO BASE_DADOS: Query executada com sucesso pelo utilizador 'admin'.
2026-07-05 15:52:24 [INFO] MÓDULO SENSORES: Sensor de fumos ativo.
2026-07-05 15:53:14 [WARNING] MÓDULO CAMARAS: Falha de armazenamento no DVR_02.
2026-07-05 15:54:12 [WARNING] MÓDULO AUTENTICACAO: Sessão expirada pelo utilizador 'admin'.
2026-07-05 15:55:18 [INFO] MÓDULO CAMARAS: Perda de sinal de vídeo na Câmara_04.
2026-07-05 15:56:43 [WARNING] MÓDULO BASE_DADOS: Erro de integridade referencial pelo utilizador 'nuno_gomes'.
2026-07-05 15:57:15 [INFO] MÓDULO AUTENTICACAO: Sessão expirada pelo utilizador 'gestor_seguranca'.
2026-07-05 15:58:16 [CRITICAL] MÓDULO BASE_DADOS: Erro de integridade referencial pelo utilizador 'nuno_gomes'.
2026-07-05 15:59:15 [INFO] MÓDULO SENSORES: Sensor de fumos ativo.
2026-07-05 16:00:15 [INFO] MÓDULO AUTENTICACAO: Sessão expirada pelo utilizador 'api_gateway'.
2026-07-05 16:01:40 [INFO] MÓDULO SENSORES: Temperatura da Sala de Servidores acima do normal.
2026-07-05 16:02:21 [ERROR] MÓDULO CAMARAS: Gravação iniciada por movimento na Câmara_01.
2026-07-05 16:03:51 [CRITICAL] MÓDULO AUTENTICACAO: Tentativa de brute-force bloqueada pelo utilizador 'gestor_seguranca'.
2026-07-05 16:05:07 [WARNING] MÓDULO BASE_DADOS: Erro de integridade referencial pelo utilizador 'admin'.
2026-07-05 16:05:48 [CRITICAL] MÓDULO BASE_DADOS: Erro de integridade referencial pelo utilizador 'nuno_gomes'.
2026-07-05 16:06:42 [WARNING] MÓDULO AUTENTICACAO: Login efetuado com sucesso pelo utilizador 'nuno_gomes'.
2026-07-05 16:07:39 [WARNING] MÓDULO CAMARAS: Gravação iniciada por movimento na Câmara_01.
2026-07-05 16:08:45 [ERROR] MÓDULO CAMARAS: Falha de armazenamento no DVR_02.
2026-07-05 16:09:45 [CRITICAL] MÓDULO AUTENTICACAO: Falha na palavra-passe pelo utilizador 'api_gateway'.
2026-07-05 16:11:09 [INFO] MÓDULO BASE_DADOS: Query executada com sucesso pelo utilizador 'gestor_seguranca'.
2026-07-05 16:11:48 [INFO] MÓDULO SENSORES: Movimento detetado no Corredor B.
2026-07-05 16:13:04 [WARNING] MÓDULO BASE_DADOS: Timeout na ligação pelo utilizador 'admin'.
2026-07-05 16:14:01 [ERROR] MÓDULO SENSORES: Temperatura da Sala de Servidores acima do normal.
2026-07-05 16:14:55 [ERROR] MÓDULO BASE_DADOS: Timeout na ligação pelo utilizador 'nuno_gomes'.
2026-07-05 16:16:04 [INFO] MÓDULO BASE_DADOS: Erro de integridade referencial pelo utilizador 'ana_silva'.
2026-07-05 16:16:49 [INFO] MÓDULO BASE_DADOS: Cópia de segurança (Backup) concluída pelo utilizador 'api_gateway'.
2026-07-05 16:18:13 [CRITICAL] MÓDULO BASE_DADOS: Erro de integridade referencial pelo utilizador 'ana_silva'.
2026-07-05 16:19:26 [INFO] MÓDULO CAMARAS: Falha de armazenamento no DVR_02.
2026-07-05 16:19:59 [CRITICAL] MÓDULO CAMARAS: Gravação iniciada por movimento na Câmara_01.
2026-07-05 16:20:29 [CRITICAL] MÓDULO CAMARAS: Gravação iniciada por movimento na Câmara_01.
2026-07-05 16:21:11 [CRITICAL] MÓDULO CAMARAS: Gravação iniciada por movimento na Câmara_01.
2026-07-05 16:22:08 [INFO] MÓDULO AUTENTICACAO: Login efetuado com sucesso pelo utilizador 'admin'.
2026-07-05 16:23:25 [INFO] MÓDULO CAMARAS: Gravação iniciada por movimento na Câmara_01.
2026-07-05 16:24:38 [WARNING] MÓDULO SENSORES: Sensor de fumos ativo.
2026-07-05 16:25:16 [WARNING] MÓDULO SENSORES: Temperatura da Sala de Servidores acima do normal.
2026-07-05 16:26:39 [INFO] MÓDULO AUTENTICACAO: Login efetuado com sucesso pelo utilizador 'gestor_seguranca'.
2026-07-05 16:27:40 [INFO] MÓDULO SENSORES: Temperatura da Sala de Servidores acima do normal.
2026-07-05 16:29:07 [WARNING] MÓDULO BASE_DADOS: Erro de integridade referencial pelo utilizador 'convidado_01'.
2026-07-05 16:30:21 [INFO] MÓDULO AUTENTICACAO: Login efetuado com sucesso pelo utilizador 'api_gateway'.
2026-07-05 16:31:19 [ERROR] MÓDULO BASE_DADOS: Erro de integridade referencial pelo utilizador 'mauri'.
2026-07-05 16:32:06 [CRITICAL] MÓDULO BASE_DADOS: Cópia de segurança (Backup) concluída pelo utilizador 'api_gateway'.
2026-07-05 16:33:28 [CRITICAL] MÓDULO BASE_DADOS: Cópia de segurança (Backup) concluída pelo utilizador 'api_gateway'.
2026-07-05 16:34:48 [WARNING] MÓDULO CAMARAS: Gravação iniciada por movimento na Câmara_01.
2026-07-05 16:36:15 [INFO] MÓDULO BASE_DADOS: Query executada com sucesso pelo utilizador 'ana_silva'.
2026-07-05 16:37:09 [INFO] MÓDULO CAMARAS: Gravação iniciada por movimento na Câmara_01.
2026-07-05 16:37:43 [CRITICAL] MÓDULO CAMARAS: Perda de sinal de vídeo na Câmara_04.
2026-07-05 16:38:56 [ERROR] MÓDULO SENSORES: Temperatura da Sala de Servidores acima do normal.
2026-07-05 16:39:55 [CRITICAL] MÓDULO AUTENTICACAO: Login efetuado com sucesso pelo utilizador 'admin'.
2026-07-05 16:40:47 [ERROR] MÓDULO CAMARAS: Gravação iniciada por movimento na Câmara_01.
2026-07-05 16:41:24 [CRITICAL] MÓDULO CAMARAS: Falha de armazenamento no DVR_02.
2026-07-05 16:42:19 [WARNING] MÓDULO BASE_DADOS: Query executada com sucesso pelo utilizador 'mauri'.
2026-07-05 16:43:49 [CRITICAL] MÓDULO CAMARAS: Perda de sinal de vídeo na Câmara_04.
2026-07-05 16:44:25 [INFO] MÓDULO CAMARAS: Falha de armazenamento no DVR_02.
2026-07-05 16:45:54 [INFO] MÓDULO SENSORES: Porta Principal aberta.
2026-07-05 16:47:20 [WARNING] MÓDULO CAMARAS: Perda de sinal de vídeo na Câmara_04.
2026-07-05 16:48:03 [WARNING] MÓDULO SENSORES: Porta Principal aberta.
2026-07-05 16:49:08 [WARNING] MÓDULO CAMARAS: Falha de armazenamento no DVR_02.
2026-07-05 16:49:49 [WARNING] MÓDULO CAMARAS: Gravação iniciada por movimento na Câmara_01.
2026-07-05 16:51:14 [WARNING] MÓDULO SENSORES: Temperatura da Sala de Servidores acima do normal.
2026-07-05 16:51:54 [INFO] MÓDULO BASE_DADOS: Erro de integridade referencial pelo utilizador 'api_gateway'.
2026-07-05 16:52:47 [WARNING] MÓDULO AUTENTICACAO: Sessão expirada pelo utilizador 'mauri'.
2026-07-05 16:53:48 [ERROR] MÓDULO BASE_DADOS: Query executada com sucesso pelo utilizador 'nuno_gomes'.
2026-07-05 16:55:15 [CRITICAL] MÓDULO CAMARAS: Falha de armazenamento no DVR_02.
2026-07-05 16:56:01 [INFO] MÓDULO CAMARAS: Falha de armazenamento no DVR_02.
2026-07-05 16:56:34 [WARNING] MÓDULO SENSORES: Porta Principal aberta.
2026-07-05 16:57:38 [INFO] MÓDULO AUTENTICACAO: Falha na palavra-passe pelo utilizador 'nuno_gomes'.
2026-07-05 16:58:24 [WARNING] MÓDULO SENSORES: Movimento detetado no Corredor B.
2026-07-05 16:59:42 [INFO] MÓDULO CAMARAS: Perda de sinal de vídeo na Câmara_04.
2026-07-05 17:00:51 [INFO] MÓDULO CAMARAS: Perda de sinal de vídeo na Câmara_04.
2026-07-05 17:02:16 [CRITICAL] MÓDULO SENSORES: Movimento detetado no Corredor B.
2026-07-05 17:03:12 [ERROR] MÓDULO CAMARAS: Falha de armazenamento no DVR_02.
2026-07-05 17:04:12 [ERROR] MÓDULO BASE_DADOS: Query executada com sucesso pelo utilizador 'api_gateway'.
2026-07-05 17:05:08 [WARNING] MÓDULO SENSORES: Porta Principal aberta.
2026-07-05 17:06:22 [INFO] MÓDULO AUTENTICACAO: Sessão expirada pelo utilizador 'admin'.
2026-07-05 17:07:03 [ERROR] MÓDULO AUTENTICACAO: Falha na palavra-passe pelo utilizador 'convidado_01'.
2026-07-05 17:08:19 [INFO] MÓDULO BASE_DADOS: Query executada com sucesso pelo utilizador 'ana_silva'.
2026-07-05 17:09:45 [INFO] MÓDULO CAMARAS: Gravação iniciada por movimento na Câmara_01.
2026-07-05 17:11:12 [INFO] MÓDULO SENSORES: Movimento detetado no Corredor B.
2026-07-05 17:11:44 [INFO] MÓDULO BASE_DADOS: Cópia de segurança (Backup) concluída pelo utilizador 'gestor_seguranca'.
2026-07-05 17:12:20 [WARNING] MÓDULO CAMARAS: Falha de armazenamento no DVR_02.
2026-07-05 17:13:12 [INFO] MÓDULO AUTENTICACAO: Login efetuado com sucesso pelo utilizador 'nuno_gomes'.
2026-07-05 17:14:06 [CRITICAL] MÓDULO AUTENTICACAO: Login efetuado com sucesso pelo utilizador 'convidado_01'.
2026-07-05 17:15:02 [ERROR] MÓDULO SENSORES: Porta Principal aberta.
2026-07-05 17:16:01 [INFO] MÓDULO SENSORES: Temperatura da Sala de Servidores acima do normal.
2026-07-05 17:16:34 [INFO] MÓDULO AUTENTICACAO: Login efetuado com sucesso pelo utilizador 'admin'.
2026-07-05 17:17:35 [ERROR] MÓDULO SENSORES: Movimento detetado no Corredor B.
2026-07-05 17:18:34 [WARNING] MÓDULO AUTENTICACAO: Sessão expirada pelo utilizador 'ana_silva'.
2026-07-05 17:19:14 [CRITICAL] MÓDULO AUTENTICACAO: Tentativa de brute-force bloqueada pelo utilizador 'admin'.
2026-07-05 17:19:51 [CRITICAL] MÓDULO AUTENTICACAO: Tentativa de brute-force bloqueada pelo utilizador 'nuno_gomes'.
2026-07-05 17:20:23 [WARNING] MÓDULO CAMARAS: Perda de sinal de vídeo na Câmara_04.
2026-07-05 17:20:55 [CRITICAL] MÓDULO AUTENTICACAO: Sessão expirada pelo utilizador 'api_gateway'.
2026-07-05 17:21:52 [INFO] MÓDULO AUTENTICACAO: Sessão expirada pelo utilizador 'nuno_gomes'.
2026-07-05 17:22:47 [INFO] MÓDULO BASE_DADOS: Timeout na ligação pelo utilizador 'nuno_gomes'.
2026-07-05 17:24:08 [ERROR] MÓDULO CAMARAS: Gravação iniciada por movimento na Câmara_01.
2026-07-05 17:24:48 [INFO] MÓDULO SENSORES: Porta Principal aberta.
2026-07-05 17:25:29 [INFO] MÓDULO SENSORES: Temperatura da Sala de Servidores acima do normal.
2026-07-05 17:26:32 [INFO] MÓDULO SENSORES: Sensor de fumos ativo.
2026-07-05 17:27:38 [WARNING] MÓDULO CAMARAS: Falha de armazenamento no DVR_02.
2026-07-05 17:28:44 [INFO] MÓDULO AUTENTICACAO: Login efetuado com sucesso pelo utilizador 'gestor_seguranca'.
2026-07-05 17:29:28 [CRITICAL] MÓDULO BASE_DADOS: Erro de integridade referencial pelo utilizador 'admin'.
2026-07-05 17:30:26 [INFO] MÓDULO SENSORES: Sensor de fumos ativo.
2026-07-05 17:31:08 [WARNING] MÓDULO SENSORES: Temperatura da Sala de Servidores acima do normal.
2026-07-05 17:31:46 [INFO] MÓDULO SENSORES: Temperatura da Sala de Servidores acima do normal.
2026-07-05 17:33:02 [INFO] MÓDULO CAMARAS: Gravação iniciada por movimento na Câmara_01.
2026-07-05 17:34:03 [INFO] MÓDULO AUTENTICACAO: Login efetuado com sucesso pelo utilizador 'nuno_gomes'.
2026-07-05 17:35:07 [INFO] MÓDULO CAMARAS: Perda de sinal de vídeo na Câmara_04.
2026-07-05 17:35:46 [INFO] MÓDULO CAMARAS: Falha de armazenamento no DVR_02.
2026-07-05 17:36:49 [ERROR] MÓDULO BASE_DADOS: Query executada com sucesso pelo utilizador 'mauri'.
2026-07-05 17:37:21 [ERROR] MÓDULO SENSORES: Temperatura da Sala de Servidores acima do normal.
2026-07-05 17:38:19 [WARNING] MÓDULO AUTENTICACAO: Sessão expirada pelo utilizador 'api_gateway'.
2026-07-05 17:38:59 [ERROR] MÓDULO AUTENTICACAO: Falha na palavra-passe pelo utilizador 'nuno_gomes'.
2026-07-05 17:40:18 [CRITICAL] MÓDULO AUTENTICACAO: Sessão expirada pelo utilizador 'ana_silva'.
2026-07-05 17:41:12 [INFO] MÓDULO AUTENTICACAO: Falha na palavra-passe pelo utilizador 'admin'.
2026-07-05 17:42:21 [WARNING] MÓDULO AUTENTICACAO: Sessão expirada pelo utilizador 'mauri'.
2026-07-05 17:43:50 [INFO] MÓDULO BASE_DADOS: Query executada com sucesso pelo utilizador 'convidado_01'.
2026-07-05 17:45:06 [INFO] MÓDULO CAMARAS: Gravação iniciada por movimento na Câmara_01.
2026-07-05 17:45:59 [WARNING] MÓDULO AUTENTICACAO: Sessão expirada pelo utilizador 'ana_silva'.
2026-07-05 17:47:13 [INFO] MÓDULO BASE_DADOS: Timeout na ligação pelo utilizador 'nuno_gomes'.
2026-07-05 17:48:38 [CRITICAL] MÓDULO BASE_DADOS: Cópia de segurança (Backup) concluída pelo utilizador 'convidado_01'.
2026-07-05 17:49:41 [ERROR] MÓDULO AUTENTICACAO: Tentativa de brute-force bloqueada pelo utilizador 'convidado_01'.
2026-07-05 17:50:42 [CRITICAL] MÓDULO BASE_DADOS: Cópia de segurança (Backup) concluída pelo utilizador 'gestor_seguranca'.
2026-07-05 17:52:05 [CRITICAL] MÓDULO BASE_DADOS: Timeout na ligação pelo utilizador 'nuno_gomes'.
2026-07-05 17:53:23 [WARNING] MÓDULO CAMARAS: Perda de sinal de vídeo na Câmara_04.
2026-07-05 17:54:01 [WARNING] MÓDULO CAMARAS: Gravação iniciada por movimento na Câmara_01.
2026-07-05 17:55:27 [WARNING] MÓDULO AUTENTICACAO: Login efetuado com sucesso pelo utilizador 'api_gateway'.
2026-07-05 17:56:34 [CRITICAL] MÓDULO BASE_DADOS: Timeout na ligação pelo utilizador 'api_gateway'.
2026-07-05 17:57:09 [ERROR] MÓDULO SENSORES: Porta Principal aberta.
2026-07-05 17:57:46 [INFO] MÓDULO CAMARAS: Falha de armazenamento no DVR_02.
2026-07-05 17:58:51 [ERROR] MÓDULO CAMARAS: Perda de sinal de vídeo na Câmara_04.
2026-07-05 18:00:03 [INFO] MÓDULO CAMARAS: Perda de sinal de vídeo na Câmara_04.
2026-07-05 18:01:26 [ERROR] MÓDULO AUTENTICACAO: Sessão expirada pelo utilizador 'gestor_seguranca'.
2026-07-05 18:02:45 [CRITICAL] MÓDULO BASE_DADOS: Timeout na ligação pelo utilizador 'api_gateway'.
2026-07-05 18:03:54 [INFO] MÓDULO AUTENTICACAO: Falha na palavra-passe pelo utilizador 'nuno_gomes'.
2026-07-05 18:05:00 [ERROR] MÓDULO SENSORES: Sensor de fumos ativo.
2026-07-05 18:06:28 [WARNING] MÓDULO AUTENTICACAO: Login efetuado com sucesso pelo utilizador 'convidado_01'.
2026-07-05 18:06:59 [INFO] MÓDULO CAMARAS: Perda de sinal de vídeo na Câmara_04.
2026-07-05 18:08:15 [CRITICAL] MÓDULO SENSORES: Temperatura da Sala de Servidores acima do normal.
2026-07-05 18:09:05 [CRITICAL] MÓDULO AUTENTICACAO: Falha na palavra-passe pelo utilizador 'nuno_gomes'.
2026-07-05 18:09:42 [INFO] MÓDULO AUTENTICACAO: Tentativa de brute-force bloqueada pelo utilizador 'api_gateway'.
2026-07-05 18:11:12 [ERROR] MÓDULO SENSORES: Sensor de fumos ativo.
2026-07-05 18:12:16 [CRITICAL] MÓDULO AUTENTICACAO: Sessão expirada pelo utilizador 'convidado_01'.
2026-07-05 18:13:32 [ERROR] MÓDULO SENSORES: Temperatura da Sala de Servidores acima do normal.
2026-07-05 18:14:59 [ERROR] MÓDULO CAMARAS: Perda de sinal de vídeo na Câmara_04.
2026-07-05 18:16:04 [INFO] MÓDULO CAMARAS: Falha de armazenamento no DVR_02.
2026-07-05 18:16:36 [WARNING] MÓDULO BASE_DADOS: Cópia de segurança (Backup) concluída pelo utilizador 'ana_silva'.
2026-07-05 18:17:28 [CRITICAL] MÓDULO BASE_DADOS: Query executada com sucesso pelo utilizador 'mauri'.
2026-07-05 18:18:39 [INFO] MÓDULO CAMARAS: Perda de sinal de vídeo na Câmara_04.
2026-07-05 18:19:32 [ERROR] MÓDULO BASE_DADOS: Timeout na ligação pelo utilizador 'ana_silva'.
2026-07-05 18:20:12 [ERROR] MÓDULO CAMARAS: Gravação iniciada por movimento na Câmara_01.
2026-07-05 18:21:14 [WARNING] MÓDULO CAMARAS: Perda de sinal de vídeo na Câmara_04.
2026-07-05 18:21:52 [INFO] MÓDULO AUTENTICACAO: Falha na palavra-passe pelo utilizador 'gestor_seguranca'.
2026-07-05 18:22:34 [INFO] MÓDULO SENSORES: Movimento detetado no Corredor B.
2026-07-05 18:23:48 [CRITICAL] MÓDULO CAMARAS: Falha de armazenamento no DVR_02.
2026-07-05 18:24:31 [INFO] MÓDULO CAMARAS: Perda de sinal de vídeo na Câmara_04.
2026-07-05 18:25:47 [INFO] MÓDULO AUTENTICACAO: Login efetuado com sucesso pelo utilizador 'admin'.
2026-07-05 18:26:25 [CRITICAL] MÓDULO CAMARAS: Falha de armazenamento no DVR_02.
2026-07-05 18:27:50 [ERROR] MÓDULO CAMARAS: Falha de armazenamento no DVR_02.
2026-07-05 18:28:31 [INFO] MÓDULO CAMARAS: Perda de sinal de vídeo na Câmara_04.
2026-07-05 18:29:08 [ERROR] MÓDULO SENSORES: Porta Principal aberta.
2026-07-05 18:30:38 [INFO] MÓDULO AUTENTICACAO: Tentativa de brute-force bloqueada pelo utilizador 'mauri'.
2026-07-05 18:31:34 [INFO] MÓDULO CAMARAS: Gravação iniciada por movimento na Câmara_01.
2026-07-05 18:32:12 [INFO] MÓDULO CAMARAS: Perda de sinal de vídeo na Câmara_04.
2026-07-05 18:33:10 [INFO] MÓDULO BASE_DADOS: Cópia de segurança (Backup) concluída pelo utilizador 'ana_silva'.
2026-07-05 18:34:02 [WARNING] MÓDULO AUTENTICACAO: Login efetuado com sucesso pelo utilizador 'nuno_gomes'.
2026-07-05 18:35:10 [ERROR] MÓDULO BASE_DADOS: Timeout na ligação pelo utilizador 'mauri'.
2026-07-05 18:36:11 [INFO] MÓDULO BASE_DADOS: Query executada com sucesso pelo utilizador 'admin'.
2026-07-05 18:37:24 [ERROR] MÓDULO AUTENTICACAO: Login efetuado com sucesso pelo utilizador 'gestor_seguranca'.
2026-07-05 18:38:43 [WARNING] MÓDULO AUTENTICACAO: Falha na palavra-passe pelo utilizador 'api_gateway'.
2026-07-05 18:39:58 [CRITICAL] MÓDULO AUTENTICACAO: Sessão expirada pelo utilizador 'admin'.
2026-07-05 18:40:53 [WARNING] MÓDULO BASE_DADOS: Cópia de segurança (Backup) concluída pelo utilizador 'convidado_01'.
2026-07-05 18:41:33 [WARNING] MÓDULO BASE_DADOS: Timeout na ligação pelo utilizador 'convidado_01'.
2026-07-05 18:42:22 [INFO] MÓDULO CAMARAS: Perda de sinal de vídeo na Câmara_04.
2026-07-05 18:42:54 [WARNING] MÓDULO CAMARAS: Perda de sinal de vídeo na Câmara_04.
2026-07-05 18:43:28 [CRITICAL] MÓDULO BASE_DADOS: Timeout na ligação pelo utilizador 'ana_silva'.
2026-07-05 18:44:07 [WARNING] MÓDULO SENSORES: Movimento detetado no Corredor B.
2026-07-05 18:45:08 [INFO] MÓDULO AUTENTICACAO: Login efetuado com sucesso pelo utilizador 'nuno_gomes'.
2026-07-05 18:46:00 [CRITICAL] MÓDULO CAMARAS: Falha de armazenamento no DVR_02.
2026-07-05 18:47:24 [CRITICAL] MÓDULO CAMARAS: Gravação iniciada por movimento na Câmara_01.
2026-07-05 18:48:36 [CRITICAL] MÓDULO BASE_DADOS: Timeout na ligação pelo utilizador 'nuno_gomes'.
2026-07-05 18:49:16 [WARNING] MÓDULO CAMARAS: Perda de sinal de vídeo na Câmara_04.
2026-07-05 18:50:38 [ERROR] MÓDULO AUTENTICACAO: Login efetuado com sucesso pelo utilizador 'nuno_gomes'.
2026-07-05 18:52:07 [CRITICAL] MÓDULO CAMARAS: Perda de sinal de vídeo na Câmara_04.
2026-07-05 18:52:50 [INFO] MÓDULO AUTENTICACAO: Login efetuado com sucesso pelo utilizador 'api_gateway'.
2026-07-05 18:53:26 [INFO] MÓDULO BASE_DADOS: Timeout na ligação pelo utilizador 'api_gateway'.
2026-07-05 18:54:26 [INFO] MÓDULO SENSORES: Porta Principal aberta.
2026-07-05 18:55:25 [WARNING] MÓDULO SENSORES: Sensor de fumos ativo.
2026-07-05 18:56:39 [INFO] MÓDULO CAMARAS: Perda de sinal de vídeo na Câmara_04.
2026-07-05 18:57:43 [ERROR] MÓDULO CAMARAS: Perda de sinal de vídeo na Câmara_04.
2026-07-05 18:58:43 [WARNING] MÓDULO AUTENTICACAO: Falha na palavra-passe pelo utilizador 'gestor_seguranca'.
2026-07-05 18:59:48 [CRITICAL] MÓDULO SENSORES: Temperatura da Sala de Servidores acima do normal.
2026-07-05 19:01:06 [CRITICAL] MÓDULO AUTENTICACAO: Sessão expirada pelo utilizador 'nuno_gomes'.
2026-07-05 19:01:50 [INFO] MÓDULO BASE_DADOS: Erro de integridade referencial pelo utilizador 'api_gateway'.
2026-07-05 19:02:41 [INFO] MÓDULO CAMARAS: Perda de sinal de vídeo na Câmara_04.
2026-07-05 19:03:46 [CRITICAL] MÓDULO AUTENTICACAO: Login efetuado com sucesso pelo utilizador 'ana_silva'.
2026-07-05 19:04:32 [INFO] MÓDULO SENSORES: Temperatura da Sala de Servidores acima do normal.
2026-07-05 19:05:29 [CRITICAL] MÓDULO AUTENTICACAO: Sessão expirada pelo utilizador 'nuno_gomes'.
2026-07-05 19:06:50 [WARNING] MÓDULO BASE_DADOS: Erro de integridade referencial pelo utilizador 'gestor_seguranca'.
2026-07-05 19:07:48 [INFO] MÓDULO BASE_DADOS: Erro de integridade referencial pelo utilizador 'convidado_01'.
2026-07-05 19:08:23 [INFO] MÓDULO SENSORES: Movimento detetado no Corredor B.
2026-07-05 19:09:47 [INFO] MÓDULO SENSORES: Porta Principal aberta.
2026-07-05 19:10:24 [CRITICAL] MÓDULO AUTENTICACAO: Tentativa de brute-force bloqueada pelo utilizador 'api_gateway'.
2026-07-05 19:11:04 [WARNING] MÓDULO SENSORES: Temperatura da Sala de Servidores acima do normal.
2026-07-05 19:11:59 [INFO] MÓDULO SENSORES: Temperatura da Sala de Servidores acima do normal.
2026-07-05 19:12:34 [INFO] MÓDULO AUTENTICACAO: Sessão expirada pelo utilizador 'api_gateway'.
2026-07-05 19:13:17 [INFO] MÓDULO SENSORES: Temperatura da Sala de Servidores acima do normal.
2026-07-05 19:13:54 [INFO] MÓDULO SENSORES: Porta Principal aberta.
2026-07-05 19:14:43 [INFO] MÓDULO BASE_DADOS: Cópia de segurança (Backup) concluída pelo utilizador 'ana_silva'.
2026-07-05 19:15:43 [WARNING] MÓDULO AUTENTICACAO: Tentativa de brute-force bloqueada pelo utilizador 'convidado_01'.
2026-07-05 19:16:48 [WARNING] MÓDULO CAMARAS: Gravação iniciada por movimento na Câmara_01.
2026-07-05 19:18:18 [WARNING] MÓDULO AUTENTICACAO: Tentativa de brute-force bloqueada pelo utilizador 'nuno_gomes'.
2026-07-05 19:19:35 [ERROR] MÓDULO CAMARAS: Gravação iniciada por movimento na Câmara_01.
2026-07-05 19:20:29 [INFO] MÓDULO AUTENTICACAO: Tentativa de brute-force bloqueada pelo utilizador 'mauri'.
2026-07-05 19:21:13 [INFO] MÓDULO CAMARAS: Perda de sinal de vídeo na Câmara_04.
2026-07-05 19:21:51 [INFO] MÓDULO CAMARAS: Perda de sinal de vídeo na Câmara_04.
2026-07-05 19:22:49 [INFO] MÓDULO BASE_DADOS: Erro de integridade referencial pelo utilizador 'mauri'.
2026-07-05 19:23:38 [INFO] MÓDULO BASE_DADOS: Timeout na ligação pelo utilizador 'gestor_seguranca'.
2026-07-05 19:24:45 [CRITICAL] MÓDULO SENSORES: Porta Principal aberta.
2026-07-05 19:25:50 [CRITICAL] MÓDULO BASE_DADOS: Query executada com sucesso pelo utilizador 'api_gateway'.
2026-07-05 19:26:55 [ERROR] MÓDULO BASE_DADOS: Timeout na ligação pelo utilizador 'ana_silva'.
2026-07-05 19:27:26 [CRITICAL] MÓDULO AUTENTICACAO: Sessão expirada pelo utilizador 'ana_silva'.
2026-07-05 19:28:25 [CRITICAL] MÓDULO BASE_DADOS: Query executada com sucesso pelo utilizador 'gestor_seguranca'.
2026-07-05 19:29:24 [ERROR] MÓDULO CAMARAS: Falha de armazenamento no DVR_02.
2026-07-05 19:30:07 [ERROR] MÓDULO CAMARAS: Perda de sinal de vídeo na Câmara_04.
2026-07-05 19:31:19 [WARNING] MÓDULO SENSORES: Sensor de fumos ativo.
2026-07-05 19:32:19 [INFO] MÓDULO BASE_DADOS: Query executada com sucesso pelo utilizador 'api_gateway'.
2026-07-05 19:33:22 [INFO] MÓDULO AUTENTICACAO: Falha na palavra-passe pelo utilizador 'convidado_01'.
2026-07-05 19:34:08 [ERROR] MÓDULO SENSORES: Porta Principal aberta.
2026-07-05 19:34:52 [INFO] MÓDULO BASE_DADOS: Timeout na ligação pelo utilizador 'nuno_gomes'.
2026-07-05 19:36:16 [CRITICAL] MÓDULO SENSORES: Movimento detetado no Corredor B.
2026-07-05 19:37:07 [ERROR] MÓDULO SENSORES: Sensor de fumos ativo.
2026-07-05 19:37:59 [INFO] MÓDULO BASE_DADOS: Query executada com sucesso pelo utilizador 'admin'.
2026-07-05 19:39:10 [ERROR] MÓDULO SENSORES: Sensor de fumos ativo.
2026-07-05 19:40:37 [INFO] MÓDULO CAMARAS: Perda de sinal de vídeo na Câmara_04.
2026-07-05 19:41:56 [INFO] MÓDULO AUTENTICACAO: Sessão expirada pelo utilizador 'nuno_gomes'.
2026-07-05 19:42:42 [INFO] MÓDULO BASE_DADOS: Erro de integridade referencial pelo utilizador 'ana_silva'.
2026-07-05 19:44:04 [CRITICAL] MÓDULO SENSORES: Porta Principal aberta.
2026-07-05 19:45:27 [WARNING] MÓDULO CAMARAS: Falha de armazenamento no DVR_02.
2026-07-05 19:46:48 [CRITICAL] MÓDULO BASE_DADOS: Cópia de segurança (Backup) concluída pelo utilizador 'gestor_seguranca'.
2026-07-05 19:47:47 [CRITICAL] MÓDULO BASE_DADOS: Erro de integridade referencial pelo utilizador 'mauri'.
2026-07-05 19:48:39 [ERROR] MÓDULO AUTENTICACAO: Login efetuado com sucesso pelo utilizador 'admin'.
2026-07-05 19:49:25 [WARNING] MÓDULO AUTENTICACAO: Tentativa de brute-force bloqueada pelo utilizador 'gestor_seguranca'.
2026-07-05 19:50:37 [ERROR] MÓDULO SENSORES: Movimento detetado no Corredor B.
2026-07-05 19:51:47 [INFO] MÓDULO AUTENTICACAO: Tentativa de brute-force bloqueada pelo utilizador 'convidado_01'.
2026-07-05 19:52:40 [INFO] MÓDULO BASE_DADOS: Cópia de segurança (Backup) concluída pelo utilizador 'admin'.
2026-07-05 19:53:10 [ERROR] MÓDULO AUTENTICACAO: Falha na palavra-passe pelo utilizador 'mauri'.
2026-07-05 19:54:18 [WARNING] MÓDULO AUTENTICACAO: Sessão expirada pelo utilizador 'ana_silva'.
2026-07-05 19:55:06 [ERROR] MÓDULO AUTENTICACAO: Tentativa de brute-force bloqueada pelo utilizador 'admin'.
2026-07-05 19:55:58 [WARNING] MÓDULO CAMARAS: Falha de armazenamento no DVR_02.
2026-07-05 19:56:42 [WARNING] MÓDULO CAMARAS: Perda de sinal de vídeo na Câmara_04.
2026-07-05 19:57:38 [INFO] MÓDULO BASE_DADOS: Erro de integridade referencial pelo utilizador 'admin'.
2026-07-05 19:58:25 [ERROR] MÓDULO AUTENTICACAO: Sessão expirada pelo utilizador 'admin'.
2026-07-05 19:59:22 [INFO] MÓDULO BASE_DADOS: Query executada com sucesso pelo utilizador 'api_gateway'.
2026-07-05 20:00:03 [WARNING] MÓDULO BASE_DADOS: Timeout na ligação pelo utilizador 'admin'.
2026-07-05 20:01:24 [INFO] MÓDULO CAMARAS: Gravação iniciada por movimento na Câmara_01.
2026-07-05 20:02:51 [CRITICAL] MÓDULO SENSORES: Sensor de fumos ativo.
2026-07-05 20:03:26 [WARNING] MÓDULO CAMARAS: Perda de sinal de vídeo na Câmara_04.
2026-07-05 20:04:26 [INFO] MÓDULO CAMARAS: Gravação iniciada por movimento na Câmara_01.
2026-07-05 20:05:01 [ERROR] MÓDULO SENSORES: Porta Principal aberta.
2026-07-05 20:06:10 [ERROR] MÓDULO BASE_DADOS: Erro de integridade referencial pelo utilizador 'gestor_seguranca'.
2026-07-05 20:07:01 [WARNING] MÓDULO AUTENTICACAO: Login efetuado com sucesso pelo utilizador 'admin'.
2026-07-05 20:08:29 [INFO] MÓDULO CAMARAS: Perda de sinal de vídeo na Câmara_04.
2026-07-05 20:09:57 [INFO] MÓDULO CAMARAS: Falha de armazenamento no DVR_02.
2026-07-05 20:10:47 [INFO] MÓDULO CAMARAS: Perda de sinal de vídeo na Câmara_04.
2026-07-05 20:11:41 [INFO] MÓDULO CAMARAS: Falha de armazenamento no DVR_02.
2026-07-05 20:12:14 [CRITICAL] MÓDULO AUTENTICACAO: Falha na palavra-passe pelo utilizador 'mauri'.
2026-07-05 20:13:09 [CRITICAL] MÓDULO SENSORES: Movimento detetado no Corredor B.
2026-07-05 20:14:13 [INFO] MÓDULO SENSORES: Porta Principal aberta.
2026-07-05 20:15:08 [INFO] MÓDULO CAMARAS: Perda de sinal de vídeo na Câmara_04.
2026-07-05 20:16:08 [INFO] MÓDULO BASE_DADOS: Timeout na ligação pelo utilizador 'convidado_01'.
2026-07-05 20:17:31 [WARNING] MÓDULO CAMARAS: Gravação iniciada por movimento na Câmara_01.
2026-07-05 20:18:43 [INFO] MÓDULO BASE_DADOS: Timeout na ligação pelo utilizador 'mauri'.
2026-07-05 20:19:47 [CRITICAL] MÓDULO CAMARAS: Falha de armazenamento no DVR_02.
2026-07-05 20:20:54 [ERROR] MÓDULO SENSORES: Temperatura da Sala de Servidores acima do normal.
2026-07-05 20:22:20 [INFO] MÓDULO SENSORES: Temperatura da Sala de Servidores acima do normal.
2026-07-05 20:22:56 [CRITICAL] MÓDULO AUTENTICACAO: Sessão expirada pelo utilizador 'api_gateway'.
2026-07-05 20:24:16 [CRITICAL] MÓDULO SENSORES: Temperatura da Sala de Servidores acima do normal.
2026-07-05 20:24:46 [CRITICAL] MÓDULO CAMARAS: Falha de armazenamento no DVR_02.
2026-07-05 20:25:31 [ERROR] MÓDULO CAMARAS: Falha de armazenamento no DVR_02.
2026-07-05 20:26:34 [INFO] MÓDULO SENSORES: Sensor de fumos ativo.
2026-07-05 20:27:11 [INFO] MÓDULO SENSORES: Porta Principal aberta.
2026-07-05 20:28:06 [ERROR] MÓDULO BASE_DADOS: Query executada com sucesso pelo utilizador 'convidado_01'.
2026-07-05 20:28:51 [CRITICAL] MÓDULO BASE_DADOS: Cópia de segurança (Backup) concluída pelo utilizador 'admin'.
2026-07-05 20:29:28 [WARNING] MÓDULO BASE_DADOS: Query executada com sucesso pelo utilizador 'mauri'.
2026-07-05 20:30:06 [CRITICAL] MÓDULO SENSORES: Temperatura da Sala de Servidores acima do normal.
2026-07-05 20:30:45 [WARNING] MÓDULO SENSORES: Sensor de fumos ativo.
2026-07-05 20:31:19 [INFO] MÓDULO SENSORES: Movimento detetado no Corredor B.
2026-07-05 20:32:43 [CRITICAL] MÓDULO SENSORES: Temperatura da Sala de Servidores acima do normal.
2026-07-05 20:33:33 [CRITICAL] MÓDULO BASE_DADOS: Timeout na ligação pelo utilizador 'convidado_01'.
2026-07-05 20:34:51 [INFO] MÓDULO AUTENTICACAO: Login efetuado com sucesso pelo utilizador 'api_gateway'.
2026-07-05 20:36:01 [WARNING] MÓDULO CAMARAS: Gravação iniciada por movimento na Câmara_01.
2026-07-05 20:36:58 [CRITICAL] MÓDULO BASE_DADOS: Cópia de segurança (Backup) concluída pelo utilizador 'convidado_01'.
2026-07-05 20:37:54 [INFO] MÓDULO BASE_DADOS: Erro de integridade referencial pelo utilizador 'convidado_01'.
2026-07-05 20:39:17 [ERROR] MÓDULO BASE_DADOS: Erro de integridade referencial pelo utilizador 'ana_silva'.
2026-07-05 20:40:05 [INFO] MÓDULO CAMARAS: Gravação iniciada por movimento na Câmara_01.
2026-07-05 20:41:17 [CRITICAL] MÓDULO AUTENTICACAO: Login efetuado com sucesso pelo utilizador 'gestor_seguranca'.
2026-07-05 20:41:49 [INFO] MÓDULO CAMARAS: Perda de sinal de vídeo na Câmara_04.
2026-07-05 20:43:06 [CRITICAL] MÓDULO BASE_DADOS: Cópia de segurança (Backup) concluída pelo utilizador 'mauri'.
2026-07-05 20:44:33 [ERROR] MÓDULO AUTENTICACAO: Sessão expirada pelo utilizador 'mauri'.
2026-07-05 20:45:05 [CRITICAL] MÓDULO AUTENTICACAO: Falha na palavra-passe pelo utilizador 'gestor_seguranca'.
2026-07-05 20:46:08 [INFO] MÓDULO BASE_DADOS: Query executada com sucesso pelo utilizador 'gestor_seguranca'.
2026-07-05 20:47:19 [ERROR] MÓDULO SENSORES: Temperatura da Sala de Servidores acima do normal.
2026-07-05 20:48:26 [CRITICAL] MÓDULO BASE_DADOS: Cópia de segurança (Backup) concluída pelo utilizador 'api_gateway'.
2026-07-05 20:49:52 [ERROR] MÓDULO CAMARAS: Perda de sinal de vídeo na Câmara_04.
2026-07-05 20:51:00 [WARNING] MÓDULO SENSORES: Movimento detetado no Corredor B.
2026-07-05 20:52:03 [ERROR] MÓDULO BASE_DADOS: Erro de integridade referencial pelo utilizador 'convidado_01'.
2026-07-05 20:53:02 [CRITICAL] MÓDULO SENSORES: Porta Principal aberta.
2026-07-05 20:53:53 [INFO] MÓDULO AUTENTICACAO: Tentativa de brute-force bloqueada pelo utilizador 'ana_silva'.
2026-07-05 20:55:18 [INFO] MÓDULO SENSORES: Porta Principal aberta.
2026-07-05 20:56:47 [WARNING] MÓDULO SENSORES: Sensor de fumos ativo.
2026-07-05 20:57:41 [ERROR] MÓDULO CAMARAS: Gravação iniciada por movimento na Câmara_01.
2026-07-05 20:58:57 [INFO] MÓDULO BASE_DADOS: Timeout na ligação pelo utilizador 'mauri'.
2026-07-05 20:59:34 [ERROR] MÓDULO AUTENTICACAO: Login efetuado com sucesso pelo utilizador 'ana_silva'.
2026-07-05 21:00:05 [ERROR] MÓDULO AUTENTICACAO: Login efetuado com sucesso pelo utilizador 'gestor_seguranca'.
2026-07-05 21:01:00 [ERROR] MÓDULO AUTENTICACAO: Sessão expirada pelo utilizador 'mauri'.
2026-07-05 21:02:10 [INFO] MÓDULO BASE_DADOS: Query executada com sucesso pelo utilizador 'mauri'.
2026-07-05 21:03:29 [ERROR] MÓDULO AUTENTICACAO: Tentativa de brute-force bloqueada pelo utilizador 'ana_silva'.
2026-07-05 21:04:33 [WARNING] MÓDULO AUTENTICACAO: Falha na palavra-passe pelo utilizador 'ana_silva'.
2026-07-05 21:05:18 [WARNING] MÓDULO AUTENTICACAO: Tentativa de brute-force bloqueada pelo utilizador 'api_gateway'.
2026-07-05 21:06:15 [WARNING] MÓDULO SENSORES: Sensor de fumos ativo.
2026-07-05 21:07:01 [CRITICAL] MÓDULO SENSORES: Movimento detetado no Corredor B.
2026-07-05 21:07:39 [INFO] MÓDULO CAMARAS: Gravação iniciada por movimento na Câmara_01.
2026-07-05 21:08:26 [CRITICAL] MÓDULO CAMARAS: Gravação iniciada por movimento na Câmara_01.
2026-07-05 21:09:24 [INFO] MÓDULO SENSORES: Movimento detetado no Corredor B.
2026-07-05 21:10:25 [INFO] MÓDULO AUTENTICACAO: Login efetuado com sucesso pelo utilizador 'mauri'.
2026-07-05 21:11:32 [CRITICAL] MÓDULO CAMARAS: Gravação iniciada por movimento na Câmara_01.
2026-07-05 21:12:30 [CRITICAL] MÓDULO CAMARAS: Perda de sinal de vídeo na Câmara_04.
2026-07-05 21:13:03 [CRITICAL] MÓDULO AUTENTICACAO: Sessão expirada pelo utilizador 'gestor_seguranca'.
2026-07-05 21:13:35 [CRITICAL] MÓDULO AUTENTICACAO: Sessão expirada pelo utilizador 'gestor_seguranca'.
2026-07-05 21:15:00 [ERROR] MÓDULO BASE_DADOS: Query executada com sucesso pelo utilizador 'admin'.
2026-07-05 21:15:57 [INFO] MÓDULO BASE_DADOS: Cópia de segurança (Backup) concluída pelo utilizador 'mauri'.
2026-07-05 21:16:56 [INFO] MÓDULO SENSORES: Porta Principal aberta.
2026-07-05 21:17:52 [INFO] MÓDULO AUTENTICACAO: Sessão expirada pelo utilizador 'api_gateway'.
2026-07-05 21:18:30 [WARNING] MÓDULO BASE_DADOS: Timeout na ligação pelo utilizador 'admin'.
2026-07-05 21:19:56 [ERROR] MÓDULO SENSORES: Sensor de fumos ativo.
2026-07-05 21:21:07 [ERROR] MÓDULO SENSORES: Movimento detetado no Corredor B.
2026-07-05 21:22:04 [ERROR] MÓDULO CAMARAS: Perda de sinal de vídeo na Câmara_04.
2026-07-05 21:22:39 [ERROR] MÓDULO BASE_DADOS: Cópia de segurança (Backup) concluída pelo utilizador 'gestor_seguranca'.
2026-07-05 21:23:59 [CRITICAL] MÓDULO BASE_DADOS: Erro de integridade referencial pelo utilizador 'gestor_seguranca'.
2026-07-05 21:25:28 [INFO] MÓDULO BASE_DADOS: Timeout na ligação pelo utilizador 'nuno_gomes'.
2026-07-05 21:26:01 [CRITICAL] MÓDULO BASE_DADOS: Erro de integridade referencial pelo utilizador 'gestor_seguranca'.
2026-07-05 21:27:27 [INFO] MÓDULO AUTENTICACAO: Falha na palavra-passe pelo utilizador 'convidado_01'.
2026-07-05 21:28:25 [CRITICAL] MÓDULO SENSORES: Temperatura da Sala de Servidores acima do normal.
2026-07-05 21:28:59 [WARNING] MÓDULO CAMARAS: Gravação iniciada por movimento na Câmara_01.
2026-07-05 21:29:56 [INFO] MÓDULO SENSORES: Sensor de fumos ativo.
2026-07-05 21:30:35 [ERROR] MÓDULO BASE_DADOS: Query executada com sucesso pelo utilizador 'gestor_seguranca'.
2026-07-05 21:31:43 [ERROR] MÓDULO SENSORES: Sensor de fumos ativo.
2026-07-05 21:33:13 [CRITICAL] MÓDULO BASE_DADOS: Erro de integridade referencial pelo utilizador 'ana_silva'.
2026-07-05 21:33:44 [CRITICAL] MÓDULO CAMARAS: Perda de sinal de vídeo na Câmara_04.
2026-07-05 21:34:34 [CRITICAL] MÓDULO AUTENTICACAO: Login efetuado com sucesso pelo utilizador 'nuno_gomes'.
2026-07-05 21:35:19 [INFO] MÓDULO AUTENTICACAO: Falha na palavra-passe pelo utilizador 'gestor_seguranca'.
2026-07-05 21:35:53 [CRITICAL] MÓDULO BASE_DADOS: Cópia de segurança (Backup) concluída pelo utilizador 'convidado_01'.
2026-07-05 21:36:39 [CRITICAL] MÓDULO SENSORES: Movimento detetado no Corredor B.
2026-07-05 21:37:22 [INFO] MÓDULO CAMARAS: Falha de armazenamento no DVR_02.
2026-07-05 21:38:06 [INFO] MÓDULO AUTENTICACAO: Falha na palavra-passe pelo utilizador 'gestor_seguranca'.
2026-07-05 21:39:20 [CRITICAL] MÓDULO SENSORES: Sensor de fumos ativo.
2026-07-05 21:40:27 [WARNING] MÓDULO AUTENTICACAO: Login efetuado com sucesso pelo utilizador 'convidado_01'.
2026-07-05 21:41:56 [INFO] MÓDULO SENSORES: Porta Principal aberta.
2026-07-05 21:42:39 [INFO] MÓDULO AUTENTICACAO: Falha na palavra-passe pelo utilizador 'api_gateway'.
2026-07-05 21:43:23 [ERROR] MÓDULO CAMARAS: Perda de sinal de vídeo na Câmara_04.
2026-07-05 21:44:26 [CRITICAL] MÓDULO BASE_DADOS: Erro de integridade referencial pelo utilizador 'ana_silva'.
2026-07-05 21:45:43 [INFO] MÓDULO BASE_DADOS: Timeout na ligação pelo utilizador 'mauri'.
2026-07-05 21:46:43 [CRITICAL] MÓDULO SENSORES: Porta Principal aberta.
2026-07-05 21:47:33 [WARNING] MÓDULO BASE_DADOS: Query executada com sucesso pelo utilizador 'ana_silva'.
2026-07-05 21:48:06 [INFO] MÓDULO BASE_DADOS: Query executada com sucesso pelo utilizador 'ana_silva'.
2026-07-05 21:49:19 [INFO] MÓDULO AUTENTICACAO: Login efetuado com sucesso pelo utilizador 'api_gateway'.
2026-07-05 21:50:43 [ERROR] MÓDULO CAMARAS: Perda de sinal de vídeo na Câmara_04.
2026-07-05 21:51:51 [ERROR] MÓDULO CAMARAS: Gravação iniciada por movimento na Câmara_01.
2026-07-05 21:52:29 [WARNING] MÓDULO CAMARAS: Gravação iniciada por movimento na Câmara_01.
2026-07-05 21:53:30 [WARNING] MÓDULO AUTENTICACAO: Falha na palavra-passe pelo utilizador 'gestor_seguranca'.
2026-07-05 21:54:17 [INFO] MÓDULO AUTENTICACAO: Tentativa de brute-force bloqueada pelo utilizador 'convidado_01'.
2026-07-05 21:55:05 [INFO] MÓDULO AUTENTICACAO: Login efetuado com sucesso pelo utilizador 'gestor_seguranca'.
2026-07-05 21:55:49 [INFO] MÓDULO AUTENTICACAO: Tentativa de brute-force bloqueada pelo utilizador 'gestor_seguranca'.
2026-07-05 21:56:54 [CRITICAL] MÓDULO CAMARAS: Falha de armazenamento no DVR_02.
2026-07-05 21:58:12 [WARNING] MÓDULO SENSORES: Sensor de fumos ativo.
2026-07-05 21:59:20 [INFO] MÓDULO BASE_DADOS: Cópia de segurança (Backup) concluída pelo utilizador 'nuno_gomes'.
2026-07-05 22:00:12 [INFO] MÓDULO BASE_DADOS: Timeout na ligação pelo utilizador 'mauri'.
2026-07-05 22:00:50 [INFO] MÓDULO SENSORES: Temperatura da Sala de Servidores acima do normal.
2026-07-05 22:02:12 [ERROR] MÓDULO AUTENTICACAO: Sessão expirada pelo utilizador 'mauri'.
2026-07-05 22:03:04 [WARNING] MÓDULO AUTENTICACAO: Falha na palavra-passe pelo utilizador 'nuno_gomes'.
2026-07-05 22:04:09 [WARNING] MÓDULO BASE_DADOS: Query executada com sucesso pelo utilizador 'gestor_seguranca'.
2026-07-05 22:04:41 [WARNING] MÓDULO CAMARAS: Gravação iniciada por movimento na Câmara_01.
2026-07-05 22:06:07 [INFO] MÓDULO CAMARAS: Falha de armazenamento no DVR_02.
2026-07-05 22:07:15 [INFO] MÓDULO BASE_DADOS: Query executada com sucesso pelo utilizador 'nuno_gomes'.
2026-07-05 22:08:19 [INFO] MÓDULO BASE_DADOS: Query executada com sucesso pelo utilizador 'nuno_gomes'.
2026-07-05 22:09:37 [ERROR] MÓDULO SENSORES: Porta Principal aberta.
2026-07-05 22:10:50 [INFO] MÓDULO BASE_DADOS: Timeout na ligação pelo utilizador 'admin'.
2026-07-05 22:11:25 [INFO] MÓDULO BASE_DADOS: Erro de integridade referencial pelo utilizador 'gestor_seguranca'.
2026-07-05 22:12:02 [ERROR] MÓDULO BASE_DADOS: Query executada com sucesso pelo utilizador 'nuno_gomes'.
2026-07-05 22:12:55 [INFO] MÓDULO AUTENTICACAO: Sessão expirada pelo utilizador 'nuno_gomes'.
2026-07-05 22:14:02 [INFO] MÓDULO SENSORES: Movimento detetado no Corredor B.
2026-07-05 22:14:56 [WARNING] MÓDULO CAMARAS: Falha de armazenamento no DVR_02.
2026-07-05 22:16:24 [INFO] MÓDULO SENSORES: Porta Principal aberta.
2026-07-05 22:17:08 [INFO] MÓDULO SENSORES: Sensor de fumos ativo.
2026-07-05 22:18:23 [ERROR] MÓDULO AUTENTICACAO: Tentativa de brute-force bloqueada pelo utilizador 'admin'.
2026-07-05 22:19:00 [CRITICAL] MÓDULO CAMARAS: Falha de armazenamento no DVR_02.
2026-07-05 22:20:13 [INFO] MÓDULO AUTENTICACAO: Sessão expirada pelo utilizador 'api_gateway'.
2026-07-05 22:20:57 [ERROR] MÓDULO CAMARAS: Gravação iniciada por movimento na Câmara_01.
2026-07-05 22:21:40 [INFO] MÓDULO CAMARAS: Falha de armazenamento no DVR_02.
2026-07-05 22:22:34 [WARNING] MÓDULO AUTENTICACAO: Login efetuado com sucesso pelo utilizador 'mauri'.
2026-07-05 22:23:12 [INFO] MÓDULO BASE_DADOS: Query executada com sucesso pelo utilizador 'admin'.
2026-07-05 22:24:29 [ERROR] MÓDULO BASE_DADOS: Cópia de segurança (Backup) concluída pelo utilizador 'nuno_gomes'.
2026-07-05 22:25:06 [INFO] MÓDULO AUTENTICACAO: Tentativa de brute-force bloqueada pelo utilizador 'mauri'.
2026-07-05 22:26:10 [CRITICAL] MÓDULO CAMARAS: Gravação iniciada por movimento na Câmara_01.
2026-07-05 22:26:41 [CRITICAL] MÓDULO CAMARAS: Falha de armazenamento no DVR_02.
2026-07-05 22:27:32 [WARNING] MÓDULO CAMARAS: Perda de sinal de vídeo na Câmara_04.
2026-07-05 22:28:21 [INFO] MÓDULO AUTENTICACAO: Sessão expirada pelo utilizador 'mauri'.
2026-07-05 22:29:32 [WARNING] MÓDULO SENSORES: Porta Principal aberta.
2026-07-05 22:30:43 [ERROR] MÓDULO CAMARAS: Falha de armazenamento no DVR_02.
2026-07-05 22:31:31 [INFO] MÓDULO SENSORES: Temperatura da Sala de Servidores acima do normal.
2026-07-05 22:32:21 [INFO] MÓDULO BASE_DADOS: Cópia de segurança (Backup) concluída pelo utilizador 'nuno_gomes'.
2026-07-05 22:33:47 [ERROR] MÓDULO SENSORES: Temperatura da Sala de Servidores acima do normal.
2026-07-05 22:34:28 [INFO] MÓDULO BASE_DADOS: Erro de integridade referencial pelo utilizador 'mauri'.
2026-07-05 22:35:49 [CRITICAL] MÓDULO AUTENTICACAO: Sessão expirada pelo utilizador 'nuno_gomes'.
2026-07-05 22:37:02 [INFO] MÓDULO AUTENTICACAO: Sessão expirada pelo utilizador 'mauri'.
2026-07-05 22:38:29 [INFO] MÓDULO SENSORES: Temperatura da Sala de Servidores acima do normal.
2026-07-05 22:39:03 [INFO] MÓDULO BASE_DADOS: Erro de integridade referencial pelo utilizador 'nuno_gomes'.
2026-07-05 22:39:55 [INFO] MÓDULO CAMARAS: Gravação iniciada por movimento na Câmara_01.
2026-07-05 22:40:42 [CRITICAL] MÓDULO AUTENTICACAO: Falha na palavra-passe pelo utilizador 'nuno_gomes'.
2026-07-05 22:42:01 [CRITICAL] MÓDULO BASE_DADOS: Timeout na ligação pelo utilizador 'gestor_seguranca'.
2026-07-05 22:42:58 [CRITICAL] MÓDULO AUTENTICACAO: Tentativa de brute-force bloqueada pelo utilizador 'nuno_gomes'.
2026-07-05 22:43:32 [INFO] MÓDULO CAMARAS: Falha de armazenamento no DVR_02.
2026-07-05 22:44:34 [INFO] MÓDULO AUTENTICACAO: Sessão expirada pelo utilizador 'api_gateway'.
2026-07-05 22:45:49 [CRITICAL] MÓDULO SENSORES: Movimento detetado no Corredor B.
2026-07-05 22:47:02 [INFO] MÓDULO SENSORES: Temperatura da Sala de Servidores acima do normal.
2026-07-05 22:47:44 [CRITICAL] MÓDULO BASE_DADOS: Erro de integridade referencial pelo utilizador 'admin'.
2026-07-05 22:48:16 [CRITICAL] MÓDULO CAMARAS: Falha de armazenamento no DVR_02.
2026-07-05 22:49:13 [CRITICAL] MÓDULO AUTENTICACAO: Login efetuado com sucesso pelo utilizador 'nuno_gomes'.
2026-07-05 22:49:55 [CRITICAL] MÓDULO BASE_DADOS: Timeout na ligação pelo utilizador 'ana_silva'.
2026-07-05 22:50:46 [ERROR] MÓDULO SENSORES: Sensor de fumos ativo.
2026-07-05 22:51:21 [CRITICAL] MÓDULO CAMARAS: Gravação iniciada por movimento na Câmara_01.
2026-07-05 22:52:39 [WARNING] MÓDULO AUTENTICACAO: Login efetuado com sucesso pelo utilizador 'api_gateway'.
2026-07-05 22:53:19 [WARNING] MÓDULO SENSORES: Movimento detetado no Corredor B.
2026-07-05 22:54:16 [CRITICAL] MÓDULO SENSORES: Movimento detetado no Corredor B.
2026-07-05 22:55:31 [ERROR] MÓDULO AUTENTICACAO: Falha na palavra-passe pelo utilizador 'convidado_01'.
2026-07-05 22:56:44 [ERROR] MÓDULO CAMARAS: Gravação iniciada por movimento na Câmara_01.
2026-07-05 22:58:12 [ERROR] MÓDULO BASE_DADOS: Timeout na ligação pelo utilizador 'ana_silva'.
2026-07-05 22:59:03 [CRITICAL] MÓDULO AUTENTICACAO: Falha na palavra-passe pelo utilizador 'mauri'.
2026-07-05 22:59:55 [INFO] MÓDULO AUTENTICACAO: Sessão expirada pelo utilizador 'api_gateway'.
2026-07-05 23:00:51 [INFO] MÓDULO BASE_DADOS: Timeout na ligação pelo utilizador 'convidado_01'.
2026-07-05 23:01:51 [CRITICAL] MÓDULO AUTENTICACAO: Login efetuado com sucesso pelo utilizador 'mauri'.
2026-07-05 23:02:46 [ERROR] MÓDULO BASE_DADOS: Erro de integridade referencial pelo utilizador 'convidado_01'.
2026-07-05 23:04:14 [WARNING] MÓDULO BASE_DADOS: Query executada com sucesso pelo utilizador 'mauri'.
2026-07-05 23:05:11 [INFO] MÓDULO AUTENTICACAO: Login efetuado com sucesso pelo utilizador 'api_gateway'.
2026-07-05 23:05:53 [INFO] MÓDULO AUTENTICACAO: Login efetuado com sucesso pelo utilizador 'mauri'.
2026-07-05 23:06:29 [ERROR] MÓDULO SENSORES: Movimento detetado no Corredor B.
2026-07-05 23:07:53 [INFO] MÓDULO BASE_DADOS: Query executada com sucesso pelo utilizador 'nuno_gomes'.
2026-07-05 23:08:35 [ERROR] MÓDULO BASE_DADOS: Erro de integridade referencial pelo utilizador 'api_gateway'.
2026-07-05 23:09:55 [ERROR] MÓDULO SENSORES: Temperatura da Sala de Servidores acima do normal.
2026-07-05 23:11:24 [WARNING] MÓDULO BASE_DADOS: Timeout na ligação pelo utilizador 'nuno_gomes'.
2026-07-05 23:12:48 [CRITICAL] MÓDULO CAMARAS: Gravação iniciada por movimento na Câmara_01.
2026-07-05 23:14:17 [CRITICAL] MÓDULO AUTENTICACAO: Falha na palavra-passe pelo utilizador 'admin'.
2026-07-05 23:15:03 [ERROR] MÓDULO SENSORES: Movimento detetado no Corredor B.
2026-07-05 23:16:12 [ERROR] MÓDULO SENSORES: Temperatura da Sala de Servidores acima do normal.
2026-07-05 23:17:31 [ERROR] MÓDULO BASE_DADOS: Timeout na ligação pelo utilizador 'gestor_seguranca'.
2026-07-05 23:18:06 [INFO] MÓDULO SENSORES: Porta Principal aberta.
2026-07-05 23:18:59 [WARNING] MÓDULO SENSORES: Temperatura da Sala de Servidores acima do normal.
2026-07-05 23:19:44 [CRITICAL] MÓDULO BASE_DADOS: Query executada com sucesso pelo utilizador 'mauri'.
2026-07-05 23:20:35 [INFO] MÓDULO CAMARAS: Perda de sinal de vídeo na Câmara_04.
2026-07-05 23:21:17 [INFO] MÓDULO CAMARAS: Perda de sinal de vídeo na Câmara_04.
2026-07-05 23:22:22 [INFO] MÓDULO AUTENTICACAO: Login efetuado com sucesso pelo utilizador 'api_gateway'.
2026-07-05 23:23:23 [INFO] MÓDULO CAMARAS: Falha de armazenamento no DVR_02.
2026-07-05 23:24:44 [INFO] MÓDULO SENSORES: Movimento detetado no Corredor B.
2026-07-05 23:26:00 [WARNING] MÓDULO BASE_DADOS: Cópia de segurança (Backup) concluída pelo utilizador 'mauri'.
2026-07-05 23:27:07 [INFO] MÓDULO CAMARAS: Falha de armazenamento no DVR_02.
2026-07-05 23:27:51 [INFO] MÓDULO CAMARAS: Falha de armazenamento no DVR_02.
2026-07-05 23:28:39 [CRITICAL] MÓDULO AUTENTICACAO: Login efetuado com sucesso pelo utilizador 'ana_silva'.
2026-07-05 23:29:12 [INFO] MÓDULO AUTENTICACAO: Tentativa de brute-force bloqueada pelo utilizador 'ana_silva'.
2026-07-05 23:30:06 [INFO] MÓDULO SENSORES: Temperatura da Sala de Servidores acima do normal.
2026-07-05 23:31:32 [INFO] MÓDULO BASE_DADOS: Erro de integridade referencial pelo utilizador 'mauri'.
2026-07-05 23:32:05 [INFO] MÓDULO CAMARAS: Perda de sinal de vídeo na Câmara_04.
2026-07-05 23:33:27 [INFO] MÓDULO CAMARAS: Falha de armazenamento no DVR_02.
2026-07-05 23:34:11 [ERROR] MÓDULO CAMARAS: Perda de sinal de vídeo na Câmara_04.
2026-07-05 23:35:28 [CRITICAL] MÓDULO BASE_DADOS: Erro de integridade referencial pelo utilizador 'mauri'.
2026-07-05 23:36:26 [ERROR] MÓDULO BASE_DADOS: Cópia de segurança (Backup) concluída pelo utilizador 'ana_silva'.
2026-07-05 23:37:22 [WARNING] MÓDULO AUTENTICACAO: Tentativa de brute-force bloqueada pelo utilizador 'admin'.
2026-07-05 23:38:22 [WARNING] MÓDULO CAMARAS: Gravação iniciada por movimento na Câmara_01.
2026-07-05 23:39:42 [WARNING] MÓDULO BASE_DADOS: Erro de integridade referencial pelo utilizador 'api_gateway'.
2026-07-05 23:40:42 [CRITICAL] MÓDULO AUTENTICACAO: Tentativa de brute-force bloqueada pelo utilizador 'convidado_01'.
2026-07-05 23:42:08 [INFO] MÓDULO CAMARAS: Falha de armazenamento no DVR_02.
2026-07-05 23:43:05 [WARNING] MÓDULO BASE_DADOS: Timeout na ligação pelo utilizador 'gestor_seguranca'.
2026-07-05 23:44:10 [ERROR] MÓDULO CAMARAS: Gravação iniciada por movimento na Câmara_01.
2026-07-05 23:44:58 [INFO] MÓDULO BASE_DADOS: Cópia de segurança (Backup) concluída pelo utilizador 'ana_silva'.
2026-07-05 23:46:14 [INFO] MÓDULO BASE_DADOS: Query executada com sucesso pelo utilizador 'convidado_01'.
2026-07-05 23:47:01 [WARNING] MÓDULO CAMARAS: Gravação iniciada por movimento na Câmara_01.
2026-07-05 23:48:19 [WARNING] MÓDULO BASE_DADOS: Timeout na ligação pelo utilizador 'convidado_01'.
2026-07-05 23:48:59 [INFO] MÓDULO AUTENTICACAO: Login efetuado com sucesso pelo utilizador 'admin'.
2026-07-05 23:49:54 [WARNING] MÓDULO AUTENTICACAO: Falha na palavra-passe pelo utilizador 'gestor_seguranca'.
2026-07-05 23:50:31 [CRITICAL] MÓDULO AUTENTICACAO: Sessão expirada pelo utilizador 'gestor_seguranca'.
2026-07-05 23:51:16 [WARNING] MÓDULO SENSORES: Temperatura da Sala de Servidores acima do normal.
2026-07-05 23:52:21 [CRITICAL] MÓDULO SENSORES: Movimento detetado no Corredor B.
2026-07-05 23:52:53 [CRITICAL] MÓDULO BASE_DADOS: Query executada com sucesso pelo utilizador 'convidado_01'.
2026-07-05 23:53:26 [CRITICAL] MÓDULO SENSORES: Sensor de fumos ativo.
2026-07-05 23:54:44 [INFO] MÓDULO CAMARAS: Gravação iniciada por movimento na Câmara_01.
2026-07-05 23:55:22 [INFO] MÓDULO SENSORES: Porta Principal aberta.
2026-07-05 23:56:02 [ERROR] MÓDULO AUTENTICACAO: Falha na palavra-passe pelo utilizador 'gestor_seguranca'.
2026-07-05 23:56:44 [CRITICAL] MÓDULO CAMARAS: Falha de armazenamento no DVR_02.
2026-07-05 23:58:10 [WARNING] MÓDULO BASE_DADOS: Erro de integridade referencial pelo utilizador 'gestor_seguranca'.
2026-07-05 23:59:34 [INFO] MÓDULO BASE_DADOS: Cópia de segurança (Backup) concluída pelo utilizador 'ana_silva'.
2026-07-06 00:01:01 [ERROR] MÓDULO SENSORES: Temperatura da Sala de Servidores acima do normal.
2026-07-06 00:02:17 [INFO] MÓDULO CAMARAS: Perda de sinal de vídeo na Câmara_04.
2026-07-06 00:03:40 [CRITICAL] MÓDULO SENSORES: Temperatura da Sala de Servidores acima do normal.
2026-07-06 00:05:06 [INFO] MÓDULO AUTENTICACAO: Login efetuado com sucesso pelo utilizador 'convidado_01'.
2026-07-06 00:05:50 [ERROR] MÓDULO BASE_DADOS: Erro de integridade referencial pelo utilizador 'nuno_gomes'.
2026-07-06 00:07:03 [INFO] MÓDULO AUTENTICACAO: Login efetuado com sucesso pelo utilizador 'mauri'.
2026-07-06 00:07:37 [CRITICAL] MÓDULO CAMARAS: Falha de armazenamento no DVR_02.
2026-07-06 00:08:52 [WARNING] MÓDULO AUTENTICACAO: Login efetuado com sucesso pelo utilizador 'admin'.
2026-07-06 00:09:44 [CRITICAL] MÓDULO AUTENTICACAO: Tentativa de brute-force bloqueada pelo utilizador 'api_gateway'.
2026-07-06 00:10:32 [CRITICAL] MÓDULO CAMARAS: Perda de sinal de vídeo na Câmara_04.
2026-07-06 00:11:16 [INFO] MÓDULO CAMARAS: Gravação iniciada por movimento na Câmara_01.
2026-07-06 00:11:49 [INFO] MÓDULO BASE_DADOS: Query executada com sucesso pelo utilizador 'admin'.
2026-07-06 00:12:24 [CRITICAL] MÓDULO BASE_DADOS: Cópia de segurança (Backup) concluída pelo utilizador 'api_gateway'.
2026-07-06 00:13:43 [WARNING] MÓDULO SENSORES: Sensor de fumos ativo.
2026-07-06 00:14:23 [WARNING] MÓDULO SENSORES: Sensor de fumos ativo.
2026-07-06 00:15:19 [INFO] MÓDULO SENSORES: Sensor de fumos ativo.
2026-07-06 00:16:45 [ERROR] MÓDULO CAMARAS: Falha de armazenamento no DVR_02.
2026-07-06 00:17:23 [ERROR] MÓDULO AUTENTICACAO: Sessão expirada pelo utilizador 'mauri'.
2026-07-06 00:18:26 [INFO] MÓDULO CAMARAS: Perda de sinal de vídeo na Câmara_04.
2026-07-06 00:19:39 [CRITICAL] MÓDULO AUTENTICACAO: Falha na palavra-passe pelo utilizador 'admin'.
2026-07-06 00:20:24 [INFO] MÓDULO AUTENTICACAO: Tentativa de brute-force bloqueada pelo utilizador 'mauri'.
2026-07-06 00:21:41 [INFO] MÓDULO BASE_DADOS: Erro de integridade referencial pelo utilizador 'nuno_gomes'.
2026-07-06 00:22:15 [INFO] MÓDULO SENSORES: Temperatura da Sala de Servidores acima do normal.
2026-07-06 00:23:35 [INFO] MÓDULO SENSORES: Temperatura da Sala de Servidores acima do normal.
2026-07-06 00:24:57 [INFO] MÓDULO AUTENTICACAO: Tentativa de brute-force bloqueada pelo utilizador 'nuno_gomes'.
2026-07-06 00:26:27 [CRITICAL] MÓDULO AUTENTICACAO: Tentativa de brute-force bloqueada pelo utilizador 'nuno_gomes'.
2026-07-06 00:27:20 [WARNING] MÓDULO AUTENTICACAO: Tentativa de brute-force bloqueada pelo utilizador 'gestor_seguranca'.
2026-07-06 00:27:58 [WARNING] MÓDULO CAMARAS: Perda de sinal de vídeo na Câmara_04.
2026-07-06 00:29:24 [INFO] MÓDULO BASE_DADOS: Erro de integridade referencial pelo utilizador 'admin'.
2026-07-06 00:29:56 [INFO] MÓDULO AUTENTICACAO: Login efetuado com sucesso pelo utilizador 'api_gateway'.
2026-07-06 00:30:30 [INFO] MÓDULO AUTENTICACAO: Sessão expirada pelo utilizador 'admin'.
2026-07-06 00:31:53 [CRITICAL] MÓDULO SENSORES: Temperatura da Sala de Servidores acima do normal.
2026-07-06 00:33:20 [ERROR] MÓDULO BASE_DADOS: Erro de integridade referencial pelo utilizador 'gestor_seguranca'.
2026-07-06 00:34:16 [WARNING] MÓDULO CAMARAS: Falha de armazenamento no DVR_02.
2026-07-06 00:35:27 [CRITICAL] MÓDULO SENSORES: Porta Principal aberta.
2026-07-06 00:36:41 [INFO] MÓDULO AUTENTICACAO: Sessão expirada pelo utilizador 'admin'.
2026-07-06 00:38:02 [ERROR] MÓDULO AUTENTICACAO: Tentativa de brute-force bloqueada pelo utilizador 'nuno_gomes'.
2026-07-06 00:39:01 [WARNING] MÓDULO SENSORES: Movimento detetado no Corredor B.
2026-07-06 00:39:32 [INFO] MÓDULO AUTENTICACAO: Login efetuado com sucesso pelo utilizador 'ana_silva'.
2026-07-06 00:40:38 [WARNING] MÓDULO CAMARAS: Falha de armazenamento no DVR_02.
2026-07-06 00:41:42 [CRITICAL] MÓDULO AUTENTICACAO: Login efetuado com sucesso pelo utilizador 'nuno_gomes'.
2026-07-06 00:42:20 [INFO] MÓDULO AUTENTICACAO: Sessão expirada pelo utilizador 'mauri'.
2026-07-06 00:43:44 [INFO] MÓDULO AUTENTICACAO: Login efetuado com sucesso pelo utilizador 'nuno_gomes'.
2026-07-06 00:44:14 [WARNING] MÓDULO SENSORES: Temperatura da Sala de Servidores acima do normal.
2026-07-06 00:45:15 [INFO] MÓDULO AUTENTICACAO: Sessão expirada pelo utilizador 'gestor_seguranca'.
2026-07-06 00:46:01 [ERROR] MÓDULO BASE_DADOS: Erro de integridade referencial pelo utilizador 'convidado_01'.
2026-07-06 00:47:26 [INFO] MÓDULO SENSORES: Porta Principal aberta.
2026-07-06 00:48:24 [INFO] MÓDULO BASE_DADOS: Cópia de segurança (Backup) concluída pelo utilizador 'mauri'.
2026-07-06 00:49:48 [INFO] MÓDULO BASE_DADOS: Erro de integridade referencial pelo utilizador 'convidado_01'.
2026-07-06 00:50:20 [WARNING] MÓDULO SENSORES: Temperatura da Sala de Servidores acima do normal.
2026-07-06 00:51:00 [INFO] MÓDULO AUTENTICACAO: Login efetuado com sucesso pelo utilizador 'mauri'.
2026-07-06 00:51:38 [INFO] MÓDULO BASE_DADOS: Erro de integridade referencial pelo utilizador 'mauri'.
2026-07-06 00:52:43 [ERROR] MÓDULO BASE_DADOS: Cópia de segurança (Backup) concluída pelo utilizador 'gestor_seguranca'.
2026-07-06 00:53:29 [WARNING] MÓDULO BASE_DADOS: Timeout na ligação pelo utilizador 'convidado_01'.
2026-07-06 00:54:26 [WARNING] MÓDULO CAMARAS: Falha de armazenamento no DVR_02.
2026-07-06 00:55:42 [WARNING] MÓDULO CAMARAS: Gravação iniciada por movimento na Câmara_01.
2026-07-06 00:56:52 [WARNING] MÓDULO SENSORES: Movimento detetado no Corredor B.
2026-07-06 00:57:37 [ERROR] MÓDULO SENSORES: Temperatura da Sala de Servidores acima do normal.
2026-07-06 00:58:08 [INFO] MÓDULO BASE_DADOS: Erro de integridade referencial pelo utilizador 'gestor_seguranca'.
2026-07-06 00:59:13 [INFO] MÓDULO SENSORES: Temperatura da Sala de Servidores acima do normal.
2026-07-06 00:59:50 [INFO] MÓDULO CAMARAS: Gravação iniciada por movimento na Câmara_01.
2026-07-06 01:01:04 [WARNING] MÓDULO AUTENTICACAO: Login efetuado com sucesso pelo utilizador 'nuno_gomes'.
2026-07-06 01:02:04 [CRITICAL] MÓDULO AUTENTICACAO: Falha na palavra-passe pelo utilizador 'convidado_01'.
2026-07-06 01:03:26 [INFO] MÓDULO CAMARAS: Falha de armazenamento no DVR_02.
2026-07-06 01:04:51 [ERROR] MÓDULO CAMARAS: Perda de sinal de vídeo na Câmara_04.
2026-07-06 01:06:01 [WARNING] MÓDULO BASE_DADOS: Timeout na ligação pelo utilizador 'mauri'.
2026-07-06 01:07:09 [WARNING] MÓDULO CAMARAS: Falha de armazenamento no DVR_02.
2026-07-06 01:08:00 [INFO] MÓDULO BASE_DADOS: Query executada com sucesso pelo utilizador 'gestor_seguranca'.
2026-07-06 01:09:10 [CRITICAL] MÓDULO AUTENTICACAO: Tentativa de brute-force bloqueada pelo utilizador 'ana_silva'.
2026-07-06 01:10:15 [INFO] MÓDULO SENSORES: Sensor de fumos ativo.
2026-07-06 01:11:44 [INFO] MÓDULO BASE_DADOS: Timeout na ligação pelo utilizador 'gestor_seguranca'.
2026-07-06 01:12:18 [ERROR] MÓDULO SENSORES: Movimento detetado no Corredor B.
2026-07-06 01:12:52 [ERROR] MÓDULO CAMARAS: Gravação iniciada por movimento na Câmara_01.
2026-07-06 01:14:08 [WARNING] MÓDULO CAMARAS: Gravação iniciada por movimento na Câmara_01.
2026-07-06 01:15:17 [INFO] MÓDULO AUTENTICACAO: Falha na palavra-passe pelo utilizador 'nuno_gomes'.
2026-07-06 01:16:34 [CRITICAL] MÓDULO SENSORES: Movimento detetado no Corredor B.
2026-07-06 01:18:01 [INFO] MÓDULO SENSORES: Movimento detetado no Corredor B.
2026-07-06 01:18:55 [CRITICAL] MÓDULO CAMARAS: Gravação iniciada por movimento na Câmara_01.
2026-07-06 01:19:28 [INFO] MÓDULO AUTENTICACAO: Tentativa de brute-force bloqueada pelo utilizador 'convidado_01'.
2026-07-06 01:20:04 [CRITICAL] MÓDULO CAMARAS: Gravação iniciada por movimento na Câmara_01.
2026-07-06 01:20:56 [INFO] MÓDULO BASE_DADOS: Timeout na ligação pelo utilizador 'convidado_01'.
2026-07-06 01:22:25 [INFO] MÓDULO SENSORES: Sensor de fumos ativo.
2026-07-06 01:22:58 [INFO] MÓDULO AUTENTICACAO: Tentativa de brute-force bloqueada pelo utilizador 'nuno_gomes'.
2026-07-06 01:24:00 [WARNING] MÓDULO CAMARAS: Perda de sinal de vídeo na Câmara_04.
2026-07-06 01:25:18 [INFO] MÓDULO CAMARAS: Perda de sinal de vídeo na Câmara_04.
2026-07-06 01:26:06 [INFO] MÓDULO AUTENTICACAO: Login efetuado com sucesso pelo utilizador 'ana_silva'.
2026-07-06 01:27:07 [CRITICAL] MÓDULO AUTENTICACAO: Tentativa de brute-force bloqueada pelo utilizador 'gestor_seguranca'.
2026-07-06 01:28:08 [INFO] MÓDULO SENSORES: Temperatura da Sala de Servidores acima do normal.
2026-07-06 01:29:14 [WARNING] MÓDULO AUTENTICACAO: Login efetuado com sucesso pelo utilizador 'api_gateway'.
2026-07-06 01:30:24 [WARNING] MÓDULO AUTENTICACAO: Falha na palavra-passe pelo utilizador 'api_gateway'.
2026-07-06 01:31:10 [CRITICAL] MÓDULO SENSORES: Movimento detetado no Corredor B.
2026-07-06 01:32:31 [CRITICAL] MÓDULO CAMARAS: Gravação iniciada por movimento na Câmara_01.
2026-07-06 01:33:38 [INFO] MÓDULO BASE_DADOS: Timeout na ligação pelo utilizador 'mauri'.
2026-07-06 01:34:14 [CRITICAL] MÓDULO CAMARAS: Falha de armazenamento no DVR_02.
2026-07-06 01:35:04 [WARNING] MÓDULO CAMARAS: Perda de sinal de vídeo na Câmara_04.
2026-07-06 01:36:26 [INFO] MÓDULO BASE_DADOS: Cópia de segurança (Backup) concluída pelo utilizador 'convidado_01'.
2026-07-06 01:37:11 [WARNING] MÓDULO BASE_DADOS: Query executada com sucesso pelo utilizador 'ana_silva'.
2026-07-06 01:38:00 [CRITICAL] MÓDULO AUTENTICACAO: Login efetuado com sucesso pelo utilizador 'gestor_seguranca'.
2026-07-06 01:39:20 [CRITICAL] MÓDULO AUTENTICACAO: Falha na palavra-passe pelo utilizador 'admin'.
2026-07-06 01:40:33 [INFO] MÓDULO CAMARAS: Falha de armazenamento no DVR_02.
2026-07-06 01:41:39 [ERROR] MÓDULO SENSORES: Porta Principal aberta.
2026-07-06 01:42:12 [INFO] MÓDULO SENSORES: Movimento detetado no Corredor B.
2026-07-06 01:43:38 [CRITICAL] MÓDULO CAMARAS: Gravação iniciada por movimento na Câmara_01.
2026-07-06 01:44:38 [INFO] MÓDULO SENSORES: Movimento detetado no Corredor B.
2026-07-06 01:45:31 [ERROR] MÓDULO CAMARAS: Falha de armazenamento no DVR_02.
2026-07-06 01:46:33 [INFO] MÓDULO SENSORES: Sensor de fumos ativo.
2026-07-06 01:47:34 [ERROR] MÓDULO BASE_DADOS: Erro de integridade referencial pelo utilizador 'admin'.
2026-07-06 01:49:03 [CRITICAL] MÓDULO CAMARAS: Falha de armazenamento no DVR_02.
2026-07-06 01:50:22 [INFO] MÓDULO BASE_DADOS: Timeout na ligação pelo utilizador 'nuno_gomes'.
2026-07-06 01:51:15 [WARNING] MÓDULO SENSORES: Sensor de fumos ativo.
2026-07-06 01:51:50 [CRITICAL] MÓDULO AUTENTICACAO: Falha na palavra-passe pelo utilizador 'ana_silva'.
2026-07-06 01:52:27 [ERROR] MÓDULO BASE_DADOS: Timeout na ligação pelo utilizador 'gestor_seguranca'.
2026-07-06 01:53:12 [CRITICAL] MÓDULO BASE_DADOS: Timeout na ligação pelo utilizador 'gestor_seguranca'.
2026-07-06 01:54:09 [INFO] MÓDULO CAMARAS: Perda de sinal de vídeo na Câmara_04.
2026-07-06 01:55:09 [INFO] MÓDULO CAMARAS: Perda de sinal de vídeo na Câmara_04.
2026-07-06 01:56:32 [CRITICAL] MÓDULO BASE_DADOS: Timeout na ligação pelo utilizador 'api_gateway'.
2026-07-06 01:57:13 [INFO] MÓDULO BASE_DADOS: Query executada com sucesso pelo utilizador 'mauri'.
2026-07-06 01:58:28 [WARNING] MÓDULO AUTENTICACAO: Falha na palavra-passe pelo utilizador 'mauri'.
2026-07-06 01:59:39 [ERROR] MÓDULO AUTENTICACAO: Falha na palavra-passe pelo utilizador 'gestor_seguranca'.
2026-07-06 02:00:12 [WARNING] MÓDULO BASE_DADOS: Erro de integridade referencial pelo utilizador 'admin'.
2026-07-06 02:01:06 [INFO] MÓDULO CAMARAS: Gravação iniciada por movimento na Câmara_01.
2026-07-06 02:02:24 [INFO] MÓDULO AUTENTICACAO: Login efetuado com sucesso pelo utilizador 'convidado_01'.
2026-07-06 02:03:53 [CRITICAL] MÓDULO CAMARAS: Falha de armazenamento no DVR_02.
2026-07-06 02:05:14 [CRITICAL] MÓDULO AUTENTICACAO: Sessão expirada pelo utilizador 'ana_silva'.
2026-07-06 02:06:25 [INFO] MÓDULO BASE_DADOS: Erro de integridade referencial pelo utilizador 'admin'.
2026-07-06 02:07:32 [INFO] MÓDULO CAMARAS: Gravação iniciada por movimento na Câmara_01.
2026-07-06 02:08:33 [ERROR] MÓDULO SENSORES: Movimento detetado no Corredor B.
2026-07-06 02:10:02 [INFO] MÓDULO SENSORES: Movimento detetado no Corredor B.
2026-07-06 02:11:18 [INFO] MÓDULO SENSORES: Porta Principal aberta.
2026-07-06 02:12:34 [WARNING] MÓDULO CAMARAS: Falha de armazenamento no DVR_02.
2026-07-06 02:13:58 [WARNING] MÓDULO CAMARAS: Gravação iniciada por movimento na Câmara_01.
2026-07-06 02:15:07 [CRITICAL] MÓDULO SENSORES: Temperatura da Sala de Servidores acima do normal.
2026-07-06 02:15:49 [CRITICAL] MÓDULO SENSORES: Sensor de fumos ativo.
2026-07-06 02:17:14 [INFO] MÓDULO BASE_DADOS: Query executada com sucesso pelo utilizador 'ana_silva'.
2026-07-06 02:17:47 [CRITICAL] MÓDULO SENSORES: Movimento detetado no Corredor B.
2026-07-06 02:18:57 [ERROR] MÓDULO AUTENTICACAO: Falha na palavra-passe pelo utilizador 'convidado_01'.
2026-07-06 02:20:18 [CRITICAL] MÓDULO SENSORES: Sensor de fumos ativo.
2026-07-06 02:21:03 [INFO] MÓDULO AUTENTICACAO: Login efetuado com sucesso pelo utilizador 'nuno_gomes'.
2026-07-06 02:21:53 [WARNING] MÓDULO CAMARAS: Perda de sinal de vídeo na Câmara_04.
2026-07-06 02:22:59 [INFO] MÓDULO SENSORES: Movimento detetado no Corredor B.
2026-07-06 02:24:20 [INFO] MÓDULO CAMARAS: Perda de sinal de vídeo na Câmara_04.
2026-07-06 02:25:43 [CRITICAL] MÓDULO CAMARAS: Falha de armazenamento no DVR_02.
2026-07-06 02:26:30 [WARNING] MÓDULO SENSORES: Sensor de fumos ativo.
2026-07-06 02:27:43 [ERROR] MÓDULO BASE_DADOS: Erro de integridade referencial pelo utilizador 'ana_silva'.
2026-07-06 02:28:43 [WARNING] MÓDULO CAMARAS: Perda de sinal de vídeo na Câmara_04.
2026-07-06 02:30:10 [INFO] MÓDULO CAMARAS: Perda de sinal de vídeo na Câmara_04.
2026-07-06 02:31:22 [WARNING] MÓDULO BASE_DADOS: Cópia de segurança (Backup) concluída pelo utilizador 'mauri'.
2026-07-06 02:32:35 [WARNING] MÓDULO SENSORES: Movimento detetado no Corredor B.
2026-07-06 02:33:41 [ERROR] MÓDULO BASE_DADOS: Timeout na ligação pelo utilizador 'api_gateway'.
2026-07-06 02:34:21 [CRITICAL] MÓDULO SENSORES: Sensor de fumos ativo.
2026-07-06 02:35:51 [ERROR] MÓDULO CAMARAS: Perda de sinal de vídeo na Câmara_04.
2026-07-06 02:37:21 [INFO] MÓDULO CAMARAS: Gravação iniciada por movimento na Câmara_01.
2026-07-06 02:38:46 [CRITICAL] MÓDULO CAMARAS: Perda de sinal de vídeo na Câmara_04.
2026-07-06 02:40:15 [INFO] MÓDULO SENSORES: Porta Principal aberta.
2026-07-06 02:41:08 [WARNING] MÓDULO AUTENTICACAO: Tentativa de brute-force bloqueada pelo utilizador 'nuno_gomes'.
2026-07-06 02:41:43 [INFO] MÓDULO AUTENTICACAO: Falha na palavra-passe pelo utilizador 'ana_silva'.
2026-07-06 02:42:58 [INFO] MÓDULO CAMARAS: Perda de sinal de vídeo na Câmara_04.
2026-07-06 02:44:22 [INFO] MÓDULO BASE_DADOS: Timeout na ligação pelo utilizador 'convidado_01'.
2026-07-06 02:45:46 [WARNING] MÓDULO AUTENTICACAO: Tentativa de brute-force bloqueada pelo utilizador 'mauri'.
2026-07-06 02:46:39 [INFO] MÓDULO SENSORES: Porta Principal aberta.
2026-07-06 02:47:46 [CRITICAL] MÓDULO BASE_DADOS: Erro de integridade referencial pelo utilizador 'gestor_seguranca'.
2026-07-06 02:48:39 [ERROR] MÓDULO AUTENTICACAO: Login efetuado com sucesso pelo utilizador 'gestor_seguranca'.
2026-07-06 02:49:27 [INFO] MÓDULO SENSORES: Temperatura da Sala de Servidores acima do normal.
2026-07-06 02:50:20 [ERROR] MÓDULO BASE_DADOS: Query executada com sucesso pelo utilizador 'nuno_gomes'.
2026-07-06 02:51:42 [INFO] MÓDULO CAMARAS: Perda de sinal de vídeo na Câmara_04.
2026-07-06 02:52:21 [ERROR] MÓDULO CAMARAS: Gravação iniciada por movimento na Câmara_01.
2026-07-06 02:53:49 [INFO] MÓDULO SENSORES: Sensor de fumos ativo.
2026-07-06 02:54:34 [WARNING] MÓDULO CAMARAS: Gravação iniciada por movimento na Câmara_01.
2026-07-06 02:55:04 [ERROR] MÓDULO AUTENTICACAO: Sessão expirada pelo utilizador 'gestor_seguranca'.
2026-07-06 02:56:14 [INFO] MÓDULO AUTENTICACAO: Sessão expirada pelo utilizador 'convidado_01'.
2026-07-06 02:57:06 [WARNING] MÓDULO AUTENTICACAO: Sessão expirada pelo utilizador 'ana_silva'.
2026-07-06 02:58:01 [INFO] MÓDULO BASE_DADOS: Timeout na ligação pelo utilizador 'gestor_seguranca'.
2026-07-06 02:59:28 [CRITICAL] MÓDULO CAMARAS: Perda de sinal de vídeo na Câmara_04.
2026-07-06 03:00:25 [WARNING] MÓDULO SENSORES: Temperatura da Sala de Servidores acima do normal.
2026-07-06 03:01:42 [ERROR] MÓDULO CAMARAS: Perda de sinal de vídeo na Câmara_04.
2026-07-06 03:02:25 [INFO] MÓDULO AUTENTICACAO: Sessão expirada pelo utilizador 'ana_silva'.
2026-07-06 03:03:12 [WARNING] MÓDULO CAMARAS: Falha de armazenamento no DVR_02.
2026-07-06 03:04:17 [ERROR] MÓDULO SENSORES: Porta Principal aberta.
2026-07-06 03:05:27 [CRITICAL] MÓDULO SENSORES: Sensor de fumos ativo.
2026-07-06 03:06:08 [ERROR] MÓDULO SENSORES: Temperatura da Sala de Servidores acima do normal.
2026-07-06 03:06:50 [ERROR] MÓDULO CAMARAS: Perda de sinal de vídeo na Câmara_04.
2026-07-06 03:08:06 [INFO] MÓDULO CAMARAS: Falha de armazenamento no DVR_02.
2026-07-06 03:09:05 [WARNING] MÓDULO CAMARAS: Gravação iniciada por movimento na Câmara_01.
2026-07-06 03:09:46 [INFO] MÓDULO CAMARAS: Perda de sinal de vídeo na Câmara_04.
2026-07-06 03:11:00 [CRITICAL] MÓDULO CAMARAS: Falha de armazenamento no DVR_02.
2026-07-06 03:12:23 [INFO] MÓDULO CAMARAS: Perda de sinal de vídeo na Câmara_04.
2026-07-06 03:12:58 [ERROR] MÓDULO CAMARAS: Perda de sinal de vídeo na Câmara_04.
2026-07-06 03:14:21 [CRITICAL] MÓDULO SENSORES: Temperatura da Sala de Servidores acima do normal.
2026-07-06 03:15:35 [CRITICAL] MÓDULO AUTENTICACAO: Tentativa de brute-force bloqueada pelo utilizador 'nuno_gomes'.
2026-07-06 03:16:08 [CRITICAL] MÓDULO CAMARAS: Gravação iniciada por movimento na Câmara_01.
2026-07-06 03:17:37 [INFO] MÓDULO BASE_DADOS: Cópia de segurança (Backup) concluída pelo utilizador 'admin'.
2026-07-06 03:18:18 [WARNING] MÓDULO CAMARAS: Gravação iniciada por movimento na Câmara_01.
2026-07-06 03:19:27 [CRITICAL] MÓDULO CAMARAS: Gravação iniciada por movimento na Câmara_01.
2026-07-06 03:20:45 [INFO] MÓDULO SENSORES: Movimento detetado no Corredor B.
2026-07-06 03:21:54 [WARNING] MÓDULO AUTENTICACAO: Falha na palavra-passe pelo utilizador 'mauri'.
2026-07-06 03:22:24 [ERROR] MÓDULO CAMARAS: Perda de sinal de vídeo na Câmara_04.
2026-07-06 03:23:05 [WARNING] MÓDULO AUTENTICACAO: Tentativa de brute-force bloqueada pelo utilizador 'admin'.
2026-07-06 03:24:16 [INFO] MÓDULO BASE_DADOS: Erro de integridade referencial pelo utilizador 'ana_silva'.
2026-07-06 03:25:31 [INFO] MÓDULO AUTENTICACAO: Tentativa de brute-force bloqueada pelo utilizador 'api_gateway'.
2026-07-06 03:26:50 [CRITICAL] MÓDULO BASE_DADOS: Timeout na ligação pelo utilizador 'api_gateway'.
2026-07-06 03:28:02 [INFO] MÓDULO SENSORES: Movimento detetado no Corredor B.
2026-07-06 03:28:41 [ERROR] MÓDULO CAMARAS: Falha de armazenamento no DVR_02.
2026-07-06 03:29:47 [INFO] MÓDULO BASE_DADOS: Query executada com sucesso pelo utilizador 'ana_silva'.
2026-07-06 03:30:35 [ERROR] MÓDULO SENSORES: Movimento detetado no Corredor B.
2026-07-06 03:31:06 [INFO] MÓDULO AUTENTICACAO: Login efetuado com sucesso pelo utilizador 'convidado_01'.
2026-07-06 03:31:53 [INFO] MÓDULO BASE_DADOS: Timeout na ligação pelo utilizador 'api_gateway'.
2026-07-06 03:32:45 [INFO] MÓDULO SENSORES: Movimento detetado no Corredor B.
2026-07-06 03:33:43 [INFO] MÓDULO BASE_DADOS: Cópia de segurança (Backup) concluída pelo utilizador 'convidado_01'.
2026-07-06 03:34:40 [ERROR] MÓDULO BASE_DADOS: Timeout na ligação pelo utilizador 'ana_silva'.
2026-07-06 03:35:34 [ERROR] MÓDULO BASE_DADOS: Query executada com sucesso pelo utilizador 'gestor_seguranca'.
2026-07-06 03:36:11 [CRITICAL] MÓDULO SENSORES: Porta Principal aberta.
2026-07-06 03:36:46 [ERROR] MÓDULO CAMARAS: Perda de sinal de vídeo na Câmara_04.
2026-07-06 03:37:37 [INFO] MÓDULO SENSORES: Temperatura da Sala de Servidores acima do normal.
2026-07-06 03:38:32 [INFO] MÓDULO CAMARAS: Falha de armazenamento no DVR_02.
2026-07-06 03:39:20 [ERROR] MÓDULO CAMARAS: Falha de armazenamento no DVR_02.
2026-07-06 03:40:04 [INFO] MÓDULO SENSORES: Sensor de fumos ativo.
2026-07-06 03:41:25 [ERROR] MÓDULO CAMARAS: Falha de armazenamento no DVR_02.
2026-07-06 03:42:55 [INFO] MÓDULO SENSORES: Movimento detetado no Corredor B.
2026-07-06 03:44:24 [CRITICAL] MÓDULO BASE_DADOS: Query executada com sucesso pelo utilizador 'convidado_01'.
2026-07-06 03:45:43 [ERROR] MÓDULO AUTENTICACAO: Sessão expirada pelo utilizador 'api_gateway'.
2026-07-06 03:46:15 [INFO] MÓDULO AUTENTICACAO: Falha na palavra-passe pelo utilizador 'convidado_01'.
2026-07-06 03:46:47 [INFO] MÓDULO SENSORES: Sensor de fumos ativo.
2026-07-06 03:47:40 [ERROR] MÓDULO CAMARAS: Gravação iniciada por movimento na Câmara_01.
2026-07-06 03:48:24 [CRITICAL] MÓDULO CAMARAS: Perda de sinal de vídeo na Câmara_04.
2026-07-06 03:49:06 [ERROR] MÓDULO AUTENTICACAO: Login efetuado com sucesso pelo utilizador 'convidado_01'.
2026-07-06 03:49:45 [ERROR] MÓDULO BASE_DADOS: Erro de integridade referencial pelo utilizador 'api_gateway'.
2026-07-06 03:50:27 [WARNING] MÓDULO CAMARAS: Gravação iniciada por movimento na Câmara_01.
2026-07-06 03:51:27 [CRITICAL] MÓDULO BASE_DADOS: Cópia de segurança (Backup) concluída pelo utilizador 'api_gateway'.
2026-07-06 03:52:17 [CRITICAL] MÓDULO AUTENTICACAO: Falha na palavra-passe pelo utilizador 'ana_silva'.
2026-07-06 03:53:16 [INFO] MÓDULO BASE_DADOS: Query executada com sucesso pelo utilizador 'gestor_seguranca'.
2026-07-06 03:54:45 [INFO] MÓDULO BASE_DADOS: Query executada com sucesso pelo utilizador 'nuno_gomes'.
2026-07-06 03:55:56 [CRITICAL] MÓDULO SENSORES: Porta Principal aberta.
2026-07-06 03:56:46 [WARNING] MÓDULO BASE_DADOS: Query executada com sucesso pelo utilizador 'convidado_01'.
2026-07-06 03:57:20 [INFO] MÓDULO CAMARAS: Gravação iniciada por movimento na Câmara_01.
2026-07-06 03:58:16 [INFO] MÓDULO CAMARAS: Gravação iniciada por movimento na Câmara_01.
2026-07-06 03:59:06 [WARNING] MÓDULO AUTENTICACAO: Falha na palavra-passe pelo utilizador 'nuno_gomes'.
2026-07-06 04:00:04 [CRITICAL] MÓDULO CAMARAS: Falha de armazenamento no DVR_02.
2026-07-06 04:01:23 [CRITICAL] MÓDULO SENSORES: Porta Principal aberta.
2026-07-06 04:02:28 [INFO] MÓDULO CAMARAS: Falha de armazenamento no DVR_02.
2026-07-06 04:03:27 [ERROR] MÓDULO BASE_DADOS: Query executada com sucesso pelo utilizador 'mauri'.
2026-07-06 04:04:55 [INFO] MÓDULO AUTENTICACAO: Login efetuado com sucesso pelo utilizador 'mauri'.
2026-07-06 04:05:52 [CRITICAL] MÓDULO BASE_DADOS: Cópia de segurança (Backup) concluída pelo utilizador 'api_gateway'.
2026-07-06 04:06:56 [ERROR] MÓDULO BASE_DADOS: Timeout na ligação pelo utilizador 'admin'.
2026-07-06 04:07:37 [CRITICAL] MÓDULO BASE_DADOS: Timeout na ligação pelo utilizador 'mauri'.
2026-07-06 04:08:09 [WARNING] MÓDULO CAMARAS: Perda de sinal de vídeo na Câmara_04.
2026-07-06 04:09:28 [ERROR] MÓDULO CAMARAS: Gravação iniciada por movimento na Câmara_01.
2026-07-06 04:10:45 [INFO] MÓDULO SENSORES: Sensor de fumos ativo.
2026-07-06 04:12:11 [WARNING] MÓDULO BASE_DADOS: Timeout na ligação pelo utilizador 'gestor_seguranca'.
2026-07-06 04:13:11 [WARNING] MÓDULO BASE_DADOS: Erro de integridade referencial pelo utilizador 'gestor_seguranca'.
2026-07-06 04:14:01 [CRITICAL] MÓDULO AUTENTICACAO: Falha na palavra-passe pelo utilizador 'convidado_01'.
2026-07-06 04:15:23 [ERROR] MÓDULO AUTENTICACAO: Login efetuado com sucesso pelo utilizador 'nuno_gomes'.
2026-07-06 04:15:59 [INFO] MÓDULO SENSORES: Porta Principal aberta.
2026-07-06 04:16:42 [INFO] MÓDULO AUTENTICACAO: Sessão expirada pelo utilizador 'ana_silva'.
2026-07-06 04:17:58 [INFO] MÓDULO BASE_DADOS: Query executada com sucesso pelo utilizador 'admin'.
2026-07-06 04:18:37 [CRITICAL] MÓDULO CAMARAS: Gravação iniciada por movimento na Câmara_01.
2026-07-06 04:19:57 [INFO] MÓDULO CAMARAS: Falha de armazenamento no DVR_02.
2026-07-06 04:20:40 [CRITICAL] MÓDULO CAMARAS: Falha de armazenamento no DVR_02.
2026-07-06 04:22:02 [ERROR] MÓDULO AUTENTICACAO: Tentativa de brute-force bloqueada pelo utilizador 'convidado_01'.
2026-07-06 04:22:57 [ERROR] MÓDULO AUTENTICACAO: Sessão expirada pelo utilizador 'mauri'.
2026-07-06 04:23:35 [INFO] MÓDULO SENSORES: Movimento detetado no Corredor B.
2026-07-06 04:24:12 [CRITICAL] MÓDULO CAMARAS: Falha de armazenamento no DVR_02.
2026-07-06 04:25:27 [INFO] MÓDULO BASE_DADOS: Timeout na ligação pelo utilizador 'api_gateway'.
2026-07-06 04:26:12 [INFO] MÓDULO SENSORES: Sensor de fumos ativo.
2026-07-06 04:27:23 [CRITICAL] MÓDULO CAMARAS: Falha de armazenamento no DVR_02.
2026-07-06 04:28:00 [WARNING] MÓDULO AUTENTICACAO: Sessão expirada pelo utilizador 'gestor_seguranca'.
2026-07-06 04:29:19 [INFO] MÓDULO BASE_DADOS: Erro de integridade referencial pelo utilizador 'convidado_01'.
2026-07-06 04:29:50 [INFO] MÓDULO SENSORES: Porta Principal aberta.
2026-07-06 04:30:37 [CRITICAL] MÓDULO SENSORES: Movimento detetado no Corredor B.
2026-07-06 04:31:13 [CRITICAL] MÓDULO SENSORES: Movimento detetado no Corredor B.
2026-07-06 04:32:01 [CRITICAL] MÓDULO CAMARAS: Gravação iniciada por movimento na Câmara_01.
2026-07-06 04:32:48 [INFO] MÓDULO BASE_DADOS: Timeout na ligação pelo utilizador 'mauri'.
2026-07-06 04:33:44 [CRITICAL] MÓDULO BASE_DADOS: Timeout na ligação pelo utilizador 'convidado_01'.
2026-07-06 04:34:19 [INFO] MÓDULO BASE_DADOS: Query executada com sucesso pelo utilizador 'gestor_seguranca'.
2026-07-06 04:35:15 [CRITICAL] MÓDULO SENSORES: Movimento detetado no Corredor B.
2026-07-06 04:36:14 [INFO] MÓDULO BASE_DADOS: Cópia de segurança (Backup) concluída pelo utilizador 'nuno_gomes'.
2026-07-06 04:37:15 [INFO] MÓDULO AUTENTICACAO: Tentativa de brute-force bloqueada pelo utilizador 'api_gateway'.
2026-07-06 04:37:48 [CRITICAL] MÓDULO SENSORES: Porta Principal aberta.
2026-07-06 04:39:04 [INFO] MÓDULO SENSORES: Sensor de fumos ativo.
2026-07-06 04:40:10 [ERROR] MÓDULO AUTENTICACAO: Login efetuado com sucesso pelo utilizador 'ana_silva'.
2026-07-06 04:41:04 [INFO] MÓDULO SENSORES: Porta Principal aberta.
2026-07-06 04:42:12 [CRITICAL] MÓDULO SENSORES: Sensor de fumos ativo.
2026-07-06 04:42:57 [WARNING] MÓDULO CAMARAS: Gravação iniciada por movimento na Câmara_01.
2026-07-06 04:43:56 [CRITICAL] MÓDULO CAMARAS: Falha de armazenamento no DVR_02.
2026-07-06 04:45:23 [CRITICAL] MÓDULO AUTENTICACAO: Sessão expirada pelo utilizador 'convidado_01'.
2026-07-06 04:45:59 [CRITICAL] MÓDULO AUTENTICACAO: Tentativa de brute-force bloqueada pelo utilizador 'convidado_01'.
2026-07-06 04:46:35 [INFO] MÓDULO BASE_DADOS: Erro de integridade referencial pelo utilizador 'ana_silva'.
2026-07-06 04:47:35 [WARNING] MÓDULO SENSORES: Porta Principal aberta.
2026-07-06 04:48:16 [ERROR] MÓDULO CAMARAS: Falha de armazenamento no DVR_02.
2026-07-06 04:49:22 [WARNING] MÓDULO CAMARAS: Gravação iniciada por movimento na Câmara_01.
2026-07-06 04:50:28 [CRITICAL] MÓDULO CAMARAS: Gravação iniciada por movimento na Câmara_01.
2026-07-06 04:51:46 [ERROR] MÓDULO BASE_DADOS: Erro de integridade referencial pelo utilizador 'nuno_gomes'.
2026-07-06 04:53:03 [ERROR] MÓDULO BASE_DADOS: Timeout na ligação pelo utilizador 'convidado_01'.
2026-07-06 04:53:35 [CRITICAL] MÓDULO CAMARAS: Falha de armazenamento no DVR_02.
2026-07-06 04:54:58 [INFO] MÓDULO CAMARAS: Gravação iniciada por movimento na Câmara_01.
2026-07-06 04:55:29 [INFO] MÓDULO CAMARAS: Falha de armazenamento no DVR_02.
2026-07-06 04:56:55 [ERROR] MÓDULO BASE_DADOS: Erro de integridade referencial pelo utilizador 'nuno_gomes'.
2026-07-06 04:58:08 [CRITICAL] MÓDULO SENSORES: Temperatura da Sala de Servidores acima do normal.
2026-07-06 04:59:36 [INFO] MÓDULO AUTENTICACAO: Falha na palavra-passe pelo utilizador 'admin'.
2026-07-06 05:00:39 [INFO] MÓDULO BASE_DADOS: Timeout na ligação pelo utilizador 'ana_silva'.
2026-07-06 05:01:46 [WARNING] MÓDULO BASE_DADOS: Query executada com sucesso pelo utilizador 'convidado_01'.
2026-07-06 05:02:18 [WARNING] MÓDULO BASE_DADOS: Cópia de segurança (Backup) concluída pelo utilizador 'gestor_seguranca'.
2026-07-06 05:03:10 [INFO] MÓDULO BASE_DADOS: Erro de integridade referencial pelo utilizador 'convidado_01'.
2026-07-06 05:04:21 [INFO] MÓDULO BASE_DADOS: Cópia de segurança (Backup) concluída pelo utilizador 'admin'.
2026-07-06 05:05:38 [CRITICAL] MÓDULO AUTENTICACAO: Falha na palavra-passe pelo utilizador 'convidado_01'.
2026-07-06 05:06:35 [CRITICAL] MÓDULO CAMARAS: Falha de armazenamento no DVR_02.
2026-07-06 05:07:17 [INFO] MÓDULO AUTENTICACAO: Sessão expirada pelo utilizador 'api_gateway'.
2026-07-06 05:08:38 [CRITICAL] MÓDULO BASE_DADOS: Timeout na ligação pelo utilizador 'convidado_01'.
2026-07-06 05:09:56 [INFO] MÓDULO AUTENTICACAO: Tentativa de brute-force bloqueada pelo utilizador 'nuno_gomes'.
2026-07-06 05:10:50 [ERROR] MÓDULO AUTENTICACAO: Sessão expirada pelo utilizador 'ana_silva'.
2026-07-06 05:11:30 [INFO] MÓDULO SENSORES: Sensor de fumos ativo.
2026-07-06 05:12:49 [INFO] MÓDULO AUTENTICACAO: Sessão expirada pelo utilizador 'nuno_gomes'.
2026-07-06 05:14:10 [INFO] MÓDULO CAMARAS: Gravação iniciada por movimento na Câmara_01.
2026-07-06 05:14:53 [INFO] MÓDULO CAMARAS: Falha de armazenamento no DVR_02.
2026-07-06 05:16:03 [INFO] MÓDULO CAMARAS: Falha de armazenamento no DVR_02.
2026-07-06 05:16:55 [CRITICAL] MÓDULO BASE_DADOS: Cópia de segurança (Backup) concluída pelo utilizador 'nuno_gomes'.
2026-07-06 05:17:25 [INFO] MÓDULO SENSORES: Sensor de fumos ativo.
2026-07-06 05:18:18 [INFO] MÓDULO CAMARAS: Perda de sinal de vídeo na Câmara_04.
2026-07-06 05:18:56 [ERROR] MÓDULO AUTENTICACAO: Falha na palavra-passe pelo utilizador 'api_gateway'.
2026-07-06 05:19:38 [ERROR] MÓDULO BASE_DADOS: Erro de integridade referencial pelo utilizador 'nuno_gomes'.
2026-07-06 05:20:20 [INFO] MÓDULO BASE_DADOS: Query executada com sucesso pelo utilizador 'ana_silva'.
2026-07-06 05:20:59 [ERROR] MÓDULO BASE_DADOS: Erro de integridade referencial pelo utilizador 'convidado_01'.
2026-07-06 05:21:38 [CRITICAL] MÓDULO BASE_DADOS: Erro de integridade referencial pelo utilizador 'gestor_seguranca'.
2026-07-06 05:23:08 [CRITICAL] MÓDULO SENSORES: Sensor de fumos ativo.
2026-07-06 05:24:16 [INFO] MÓDULO SENSORES: Sensor de fumos ativo.
2026-07-06 05:25:01 [ERROR] MÓDULO CAMARAS: Gravação iniciada por movimento na Câmara_01.
2026-07-06 05:26:23 [ERROR] MÓDULO SENSORES: Porta Principal aberta.
2026-07-06 05:27:23 [WARNING] MÓDULO SENSORES: Porta Principal aberta.
2026-07-06 05:28:18 [INFO] MÓDULO CAMARAS: Perda de sinal de vídeo na Câmara_04.
2026-07-06 05:29:31 [INFO] MÓDULO SENSORES: Sensor de fumos ativo.
2026-07-06 05:30:21 [ERROR] MÓDULO BASE_DADOS: Query executada com sucesso pelo utilizador 'convidado_01'.
2026-07-06 05:30:56 [INFO] MÓDULO BASE_DADOS: Erro de integridade referencial pelo utilizador 'ana_silva'.
2026-07-06 05:31:38 [INFO] MÓDULO SENSORES: Movimento detetado no Corredor B.
2026-07-06 05:32:32 [WARNING] MÓDULO AUTENTICACAO: Tentativa de brute-force bloqueada pelo utilizador 'nuno_gomes'.
2026-07-06 05:33:40 [WARNING] MÓDULO AUTENTICACAO: Sessão expirada pelo utilizador 'convidado_01'.
2026-07-06 05:35:09 [INFO] MÓDULO AUTENTICACAO: Sessão expirada pelo utilizador 'mauri'.
2026-07-06 05:36:12 [INFO] MÓDULO SENSORES: Temperatura da Sala de Servidores acima do normal.
2026-07-06 05:37:25 [INFO] MÓDULO CAMARAS: Falha de armazenamento no DVR_02.
2026-07-06 05:38:08 [CRITICAL] MÓDULO CAMARAS: Gravação iniciada por movimento na Câmara_01.
2026-07-06 05:39:37 [INFO] MÓDULO AUTENTICACAO: Falha na palavra-passe pelo utilizador 'nuno_gomes'.
2026-07-06 05:40:36 [INFO] MÓDULO CAMARAS: Falha de armazenamento no DVR_02.
2026-07-06 05:41:30 [INFO] MÓDULO AUTENTICACAO: Falha na palavra-passe pelo utilizador 'mauri'.
2026-07-06 05:42:44 [WARNING] MÓDULO BASE_DADOS: Erro de integridade referencial pelo utilizador 'mauri'.
2026-07-06 05:43:49 [ERROR] MÓDULO CAMARAS: Falha de armazenamento no DVR_02.
2026-07-06 05:44:43 [INFO] MÓDULO BASE_DADOS: Erro de integridade referencial pelo utilizador 'gestor_seguranca'.
2026-07-06 05:46:04 [INFO] MÓDULO CAMARAS: Gravação iniciada por movimento na Câmara_01.
2026-07-06 05:46:42 [INFO] MÓDULO AUTENTICACAO: Falha na palavra-passe pelo utilizador 'admin'.
2026-07-06 05:47:37 [CRITICAL] MÓDULO CAMARAS: Falha de armazenamento no DVR_02.
2026-07-06 05:48:43 [CRITICAL] MÓDULO BASE_DADOS: Cópia de segurança (Backup) concluída pelo utilizador 'admin'.
2026-07-06 05:50:04 [ERROR] MÓDULO SENSORES: Movimento detetado no Corredor B.
2026-07-06 05:51:15 [CRITICAL] MÓDULO BASE_DADOS: Timeout na ligação pelo utilizador 'admin'.
2026-07-06 05:52:05 [INFO] MÓDULO CAMARAS: Falha de armazenamento no DVR_02.
2026-07-06 05:53:07 [WARNING] MÓDULO AUTENTICACAO: Login efetuado com sucesso pelo utilizador 'nuno_gomes'.
2026-07-06 05:54:12 [ERROR] MÓDULO SENSORES: Porta Principal aberta.
2026-07-06 05:55:03 [WARNING] MÓDULO AUTENTICACAO: Tentativa de brute-force bloqueada pelo utilizador 'convidado_01'.
2026-07-06 05:56:20 [INFO] MÓDULO BASE_DADOS: Timeout na ligação pelo utilizador 'admin'.
2026-07-06 05:56:56 [INFO] MÓDULO SENSORES: Sensor de fumos ativo.
2026-07-06 05:58:24 [INFO] MÓDULO CAMARAS: Falha de armazenamento no DVR_02.
2026-07-06 05:58:55 [CRITICAL] MÓDULO BASE_DADOS: Cópia de segurança (Backup) concluída pelo utilizador 'nuno_gomes'.
2026-07-06 05:59:29 [INFO] MÓDULO SENSORES: Temperatura da Sala de Servidores acima do normal.
2026-07-06 06:00:41 [CRITICAL] MÓDULO SENSORES: Temperatura da Sala de Servidores acima do normal.
2026-07-06 06:01:49 [CRITICAL] MÓDULO BASE_DADOS: Query executada com sucesso pelo utilizador 'mauri'.
2026-07-06 06:02:25 [INFO] MÓDULO SENSORES: Movimento detetado no Corredor B.
2026-07-06 06:03:09 [INFO] MÓDULO CAMARAS: Gravação iniciada por movimento na Câmara_01.
2026-07-06 06:04:18 [CRITICAL] MÓDULO AUTENTICACAO: Falha na palavra-passe pelo utilizador 'admin'.
2026-07-06 06:05:40 [CRITICAL] MÓDULO AUTENTICACAO: Sessão expirada pelo utilizador 'gestor_seguranca'.
2026-07-06 06:06:33 [WARNING] MÓDULO CAMARAS: Falha de armazenamento no DVR_02.
2026-07-06 06:07:56 [ERROR] MÓDULO AUTENTICACAO: Login efetuado com sucesso pelo utilizador 'admin'.
2026-07-06 06:08:30 [INFO] MÓDULO CAMARAS: Perda de sinal de vídeo na Câmara_04.
2026-07-06 06:09:40 [WARNING] MÓDULO AUTENTICACAO: Login efetuado com sucesso pelo utilizador 'convidado_01'.
2026-07-06 06:10:49 [CRITICAL] MÓDULO CAMARAS: Gravação iniciada por movimento na Câmara_01.
2026-07-06 06:12:15 [WARNING] MÓDULO AUTENTICACAO: Falha na palavra-passe pelo utilizador 'ana_silva'.
2026-07-06 06:13:44 [INFO] MÓDULO CAMARAS: Perda de sinal de vídeo na Câmara_04.
2026-07-06 06:14:56 [CRITICAL] MÓDULO SENSORES: Temperatura da Sala de Servidores acima do normal.
2026-07-06 06:16:01 [INFO] MÓDULO SENSORES: Movimento detetado no Corredor B.
2026-07-06 06:16:35 [INFO] MÓDULO BASE_DADOS: Query executada com sucesso pelo utilizador 'mauri'.
2026-07-06 06:17:52 [INFO] MÓDULO AUTENTICACAO: Login efetuado com sucesso pelo utilizador 'gestor_seguranca'.
2026-07-06 06:19:00 [INFO] MÓDULO CAMARAS: Perda de sinal de vídeo na Câmara_04.
2026-07-06 06:20:09 [INFO] MÓDULO SENSORES: Sensor de fumos ativo.
2026-07-06 06:21:38 [ERROR] MÓDULO SENSORES: Temperatura da Sala de Servidores acima do normal.
2026-07-06 06:22:21 [INFO] MÓDULO SENSORES: Temperatura da Sala de Servidores acima do normal.
2026-07-06 06:23:23 [ERROR] MÓDULO BASE_DADOS: Cópia de segurança (Backup) concluída pelo utilizador 'mauri'.
2026-07-06 06:24:09 [INFO] MÓDULO AUTENTICACAO: Login efetuado com sucesso pelo utilizador 'ana_silva'.
2026-07-06 06:25:25 [WARNING] MÓDULO CAMARAS: Perda de sinal de vídeo na Câmara_04.
2026-07-06 06:26:36 [WARNING] MÓDULO CAMARAS: Gravação iniciada por movimento na Câmara_01.
2026-07-06 06:27:09 [WARNING] MÓDULO CAMARAS: Perda de sinal de vídeo na Câmara_04.
2026-07-06 06:27:47 [CRITICAL] MÓDULO SENSORES: Sensor de fumos ativo.
2026-07-06 06:29:15 [CRITICAL] MÓDULO CAMARAS: Gravação iniciada por movimento na Câmara_01.
2026-07-06 06:30:42 [ERROR] MÓDULO BASE_DADOS: Erro de integridade referencial pelo utilizador 'gestor_seguranca'.
2026-07-06 06:31:17 [INFO] MÓDULO SENSORES: Movimento detetado no Corredor B.
2026-07-06 06:32:35 [CRITICAL] MÓDULO SENSORES: Porta Principal aberta.
2026-07-06 06:33:55 [CRITICAL] MÓDULO CAMARAS: Falha de armazenamento no DVR_02.
2026-07-06 06:34:48 [INFO] MÓDULO AUTENTICACAO: Login efetuado com sucesso pelo utilizador 'ana_silva'.
2026-07-06 06:36:08 [ERROR] MÓDULO AUTENTICACAO: Sessão expirada pelo utilizador 'mauri'.
2026-07-06 06:37:29 [CRITICAL] MÓDULO AUTENTICACAO: Tentativa de brute-force bloqueada pelo utilizador 'convidado_01'.
2026-07-06 06:38:32 [WARNING] MÓDULO AUTENTICACAO: Sessão expirada pelo utilizador 'gestor_seguranca'.
2026-07-06 06:39:12 [WARNING] MÓDULO CAMARAS: Gravação iniciada por movimento na Câmara_01.
2026-07-06 06:39:55 [ERROR] MÓDULO AUTENTICACAO: Sessão expirada pelo utilizador 'ana_silva'.
2026-07-06 06:40:34 [ERROR] MÓDULO BASE_DADOS: Cópia de segurança (Backup) concluída pelo utilizador 'nuno_gomes'.
2026-07-06 06:41:57 [CRITICAL] MÓDULO CAMARAS: Falha de armazenamento no DVR_02.
2026-07-06 06:42:44 [INFO] MÓDULO AUTENTICACAO: Tentativa de brute-force bloqueada pelo utilizador 'ana_silva'.
2026-07-06 06:44:12 [INFO] MÓDULO CAMARAS: Perda de sinal de vídeo na Câmara_04.
2026-07-06 06:45:03 [WARNING] MÓDULO AUTENTICACAO: Login efetuado com sucesso pelo utilizador 'api_gateway'.
2026-07-06 06:45:48 [CRITICAL] MÓDULO AUTENTICACAO: Sessão expirada pelo utilizador 'api_gateway'.
2026-07-06 06:46:22 [INFO] MÓDULO CAMARAS: Gravação iniciada por movimento na Câmara_01.
2026-07-06 06:47:03 [INFO] MÓDULO BASE_DADOS: Erro de integridade referencial pelo utilizador 'nuno_gomes'.
2026-07-06 06:47:34 [INFO] MÓDULO AUTENTICACAO: Login efetuado com sucesso pelo utilizador 'ana_silva'.
2026-07-06 06:48:46 [WARNING] MÓDULO BASE_DADOS: Cópia de segurança (Backup) concluída pelo utilizador 'gestor_seguranca'.
2026-07-06 06:49:53 [INFO] MÓDULO BASE_DADOS: Cópia de segurança (Backup) concluída pelo utilizador 'gestor_seguranca'.
2026-07-06 06:51:10 [CRITICAL] MÓDULO BASE_DADOS: Timeout na ligação pelo utilizador 'api_gateway'.
2026-07-06 06:51:50 [ERROR] MÓDULO SENSORES: Porta Principal aberta.
2026-07-06 06:53:07 [CRITICAL] MÓDULO CAMARAS: Gravação iniciada por movimento na Câmara_01.
2026-07-06 06:53:38 [CRITICAL] MÓDULO CAMARAS: Gravação iniciada por movimento na Câmara_01.
2026-07-06 06:54:19 [CRITICAL] MÓDULO CAMARAS: Gravação iniciada por movimento na Câmara_01.
2026-07-06 06:55:09 [INFO] MÓDULO AUTENTICACAO: Sessão expirada pelo utilizador 'admin'.
2026-07-06 06:55:55 [ERROR] MÓDULO CAMARAS: Perda de sinal de vídeo na Câmara_04.
2026-07-06 06:56:59 [INFO] MÓDULO AUTENTICACAO: Tentativa de brute-force bloqueada pelo utilizador 'mauri'.
2026-07-06 06:58:17 [ERROR] MÓDULO AUTENTICACAO: Sessão expirada pelo utilizador 'ana_silva'.
2026-07-06 06:59:04 [INFO] MÓDULO BASE_DADOS: Query executada com sucesso pelo utilizador 'admin'.
2026-07-06 07:00:27 [INFO] MÓDULO SENSORES: Movimento detetado no Corredor B.
2026-07-06 07:01:36 [INFO] MÓDULO CAMARAS: Gravação iniciada por movimento na Câmara_01.
2026-07-06 07:02:52 [CRITICAL] MÓDULO CAMARAS: Gravação iniciada por movimento na Câmara_01.
2026-07-06 07:03:55 [INFO] MÓDULO SENSORES: Porta Principal aberta.
2026-07-06 07:05:08 [ERROR] MÓDULO CAMARAS: Gravação iniciada por movimento na Câmara_01.
2026-07-06 07:05:46 [CRITICAL] MÓDULO BASE_DADOS: Erro de integridade referencial pelo utilizador 'api_gateway'.
2026-07-06 07:06:58 [ERROR] MÓDULO CAMARAS: Perda de sinal de vídeo na Câmara_04.
2026-07-06 07:07:41 [INFO] MÓDULO BASE_DADOS: Cópia de segurança (Backup) concluída pelo utilizador 'mauri'.
2026-07-06 07:08:58 [INFO] MÓDULO SENSORES: Porta Principal aberta.
2026-07-06 07:10:22 [CRITICAL] MÓDULO BASE_DADOS: Cópia de segurança (Backup) concluída pelo utilizador 'convidado_01'.
2026-07-06 07:11:29 [WARNING] MÓDULO SENSORES: Temperatura da Sala de Servidores acima do normal.
2026-07-06 07:12:58 [CRITICAL] MÓDULO BASE_DADOS: Cópia de segurança (Backup) concluída pelo utilizador 'admin'.
2026-07-06 07:13:32 [INFO] MÓDULO SENSORES: Porta Principal aberta.
2026-07-06 07:14:59 [CRITICAL] MÓDULO SENSORES: Movimento detetado no Corredor B.
2026-07-06 07:16:29 [INFO] MÓDULO AUTENTICACAO: Tentativa de brute-force bloqueada pelo utilizador 'gestor_seguranca'.
2026-07-06 07:17:23 [ERROR] MÓDULO SENSORES: Temperatura da Sala de Servidores acima do normal.
2026-07-06 07:18:14 [WARNING] MÓDULO AUTENTICACAO: Sessão expirada pelo utilizador 'convidado_01'.
2026-07-06 07:19:36 [ERROR] MÓDULO CAMARAS: Perda de sinal de vídeo na Câmara_04.
2026-07-06 07:21:06 [INFO] MÓDULO CAMARAS: Perda de sinal de vídeo na Câmara_04.
2026-07-06 07:22:11 [INFO] MÓDULO CAMARAS: Gravação iniciada por movimento na Câmara_01.
2026-07-06 07:22:58 [INFO] MÓDULO SENSORES: Movimento detetado no Corredor B.
2026-07-06 07:23:50 [INFO] MÓDULO SENSORES: Movimento detetado no Corredor B.
2026-07-06 07:24:59 [INFO] MÓDULO AUTENTICACAO: Login efetuado com sucesso pelo utilizador 'admin'.
2026-07-06 07:25:30 [INFO] MÓDULO BASE_DADOS: Query executada com sucesso pelo utilizador 'gestor_seguranca'.
2026-07-06 07:26:42 [CRITICAL] MÓDULO CAMARAS: Falha de armazenamento no DVR_02.
2026-07-06 07:27:59 [WARNING] MÓDULO AUTENTICACAO: Tentativa de brute-force bloqueada pelo utilizador 'gestor_seguranca'.
2026-07-06 07:28:47 [CRITICAL] MÓDULO BASE_DADOS: Erro de integridade referencial pelo utilizador 'mauri'.
2026-07-06 07:29:48 [CRITICAL] MÓDULO AUTENTICACAO: Tentativa de brute-force bloqueada pelo utilizador 'convidado_01'.
2026-07-06 07:30:57 [WARNING] MÓDULO CAMARAS: Falha de armazenamento no DVR_02.
2026-07-06 07:31:52 [WARNING] MÓDULO CAMARAS: Perda de sinal de vídeo na Câmara_04.
2026-07-06 07:33:00 [INFO] MÓDULO BASE_DADOS: Timeout na ligação pelo utilizador 'gestor_seguranca'.
2026-07-06 07:33:57 [INFO] MÓDULO BASE_DADOS: Timeout na ligação pelo utilizador 'ana_silva'.
2026-07-06 07:35:12 [ERROR] MÓDULO AUTENTICACAO: Login efetuado com sucesso pelo utilizador 'admin'.
2026-07-06 07:36:26 [ERROR] MÓDULO CAMARAS: Perda de sinal de vídeo na Câmara_04.
2026-07-06 07:37:02 [WARNING] MÓDULO CAMARAS: Falha de armazenamento no DVR_02.
2026-07-06 07:38:20 [ERROR] MÓDULO CAMARAS: Gravação iniciada por movimento na Câmara_01.
2026-07-06 07:39:43 [INFO] MÓDULO BASE_DADOS: Cópia de segurança (Backup) concluída pelo utilizador 'mauri'.
2026-07-06 07:41:07 [INFO] MÓDULO AUTENTICACAO: Sessão expirada pelo utilizador 'gestor_seguranca'.
2026-07-06 07:41:57 [ERROR] MÓDULO AUTENTICACAO: Sessão expirada pelo utilizador 'convidado_01'.
2026-07-06 07:42:42 [ERROR] MÓDULO BASE_DADOS: Erro de integridade referencial pelo utilizador 'admin'.
2026-07-06 07:43:21 [WARNING] MÓDULO AUTENTICACAO: Sessão expirada pelo utilizador 'gestor_seguranca'.
2026-07-06 07:44:47 [CRITICAL] MÓDULO BASE_DADOS: Timeout na ligação pelo utilizador 'gestor_seguranca'.
2026-07-06 07:45:26 [INFO] MÓDULO BASE_DADOS: Cópia de segurança (Backup) concluída pelo utilizador 'convidado_01'.
2026-07-06 07:46:33 [WARNING] MÓDULO CAMARAS: Gravação iniciada por movimento na Câmara_01.
2026-07-06 07:47:48 [ERROR] MÓDULO SENSORES: Porta Principal aberta.
2026-07-06 07:48:37 [ERROR] MÓDULO CAMARAS: Perda de sinal de vídeo na Câmara_04.
2026-07-06 07:50:07 [WARNING] MÓDULO CAMARAS: Gravação iniciada por movimento na Câmara_01.
2026-07-06 07:50:41 [ERROR] MÓDULO AUTENTICACAO: Sessão expirada pelo utilizador 'api_gateway'.
2026-07-06 07:51:42 [ERROR] MÓDULO BASE_DADOS: Timeout na ligação pelo utilizador 'nuno_gomes'.
2026-07-06 07:53:07 [CRITICAL] MÓDULO CAMARAS: Falha de armazenamento no DVR_02.
2026-07-06 07:53:48 [CRITICAL] MÓDULO BASE_DADOS: Erro de integridade referencial pelo utilizador 'mauri'.
2026-07-06 07:54:50 [CRITICAL] MÓDULO SENSORES: Porta Principal aberta.
2026-07-06 07:56:10 [ERROR] MÓDULO CAMARAS: Falha de armazenamento no DVR_02.
2026-07-06 07:57:36 [INFO] MÓDULO BASE_DADOS: Timeout na ligação pelo utilizador 'gestor_seguranca'.
2026-07-06 07:58:47 [INFO] MÓDULO SENSORES: Porta Principal aberta.
2026-07-06 08:00:00 [CRITICAL] MÓDULO CAMARAS: Falha de armazenamento no DVR_02.
2026-07-06 08:01:27 [CRITICAL] MÓDULO AUTENTICACAO: Tentativa de brute-force bloqueada pelo utilizador 'convidado_01'.
2026-07-06 08:02:47 [CRITICAL] MÓDULO BASE_DADOS: Cópia de segurança (Backup) concluída pelo utilizador 'api_gateway'.
2026-07-06 08:03:41 [WARNING] MÓDULO CAMARAS: Perda de sinal de vídeo na Câmara_04.
2026-07-06 08:04:44 [WARNING] MÓDULO BASE_DADOS: Cópia de segurança (Backup) concluída pelo utilizador 'ana_silva'.
2026-07-06 08:06:12 [WARNING] MÓDULO CAMARAS: Falha de armazenamento no DVR_02.
2026-07-06 08:07:17 [WARNING] MÓDULO SENSORES: Porta Principal aberta.
2026-07-06 08:08:10 [WARNING] MÓDULO AUTENTICACAO: Tentativa de brute-force bloqueada pelo utilizador 'nuno_gomes'.
2026-07-06 08:09:26 [CRITICAL] MÓDULO CAMARAS: Falha de armazenamento no DVR_02.
2026-07-06 08:09:59 [CRITICAL] MÓDULO BASE_DADOS: Timeout na ligação pelo utilizador 'mauri'.
2026-07-06 08:10:57 [ERROR] MÓDULO BASE_DADOS: Erro de integridade referencial pelo utilizador 'mauri'.
2026-07-06 08:11:50 [INFO] MÓDULO CAMARAS: Falha de armazenamento no DVR_02.
2026-07-06 08:12:50 [WARNING] MÓDULO SENSORES: Temperatura da Sala de Servidores acima do normal.
2026-07-06 08:13:59 [INFO] MÓDULO CAMARAS: Falha de armazenamento no DVR_02.
2026-07-06 08:15:03 [CRITICAL] MÓDULO BASE_DADOS: Timeout na ligação pelo utilizador 'api_gateway'.
2026-07-06 08:16:16 [ERROR] MÓDULO BASE_DADOS: Timeout na ligação pelo utilizador 'convidado_01'.
2026-07-06 08:17:46 [ERROR] MÓDULO CAMARAS: Perda de sinal de vídeo na Câmara_04.
2026-07-06 08:18:34 [INFO] MÓDULO AUTENTICACAO: Falha na palavra-passe pelo utilizador 'mauri'.
2026-07-06 08:19:49 [INFO] MÓDULO CAMARAS: Perda de sinal de vídeo na Câmara_04.
2026-07-06 08:20:22 [CRITICAL] MÓDULO SENSORES: Temperatura da Sala de Servidores acima do normal.
2026-07-06 08:21:43 [ERROR] MÓDULO AUTENTICACAO: Falha na palavra-passe pelo utilizador 'api_gateway'.
2026-07-06 08:22:42 [WARNING] MÓDULO SENSORES: Movimento detetado no Corredor B.
2026-07-06 08:23:35 [INFO] MÓDULO BASE_DADOS: Timeout na ligação pelo utilizador 'api_gateway'.
2026-07-06 08:24:18 [CRITICAL] MÓDULO AUTENTICACAO: Login efetuado com sucesso pelo utilizador 'admin'.
2026-07-06 08:25:09 [WARNING] MÓDULO BASE_DADOS: Cópia de segurança (Backup) concluída pelo utilizador 'api_gateway'.
2026-07-06 08:26:07 [INFO] MÓDULO AUTENTICACAO: Login efetuado com sucesso pelo utilizador 'admin'.
2026-07-06 08:27:22 [INFO] MÓDULO AUTENTICACAO: Tentativa de brute-force bloqueada pelo utilizador 'api_gateway'.
2026-07-06 08:28:36 [ERROR] MÓDULO SENSORES: Sensor de fumos ativo.
2026-07-06 08:29:12 [INFO] MÓDULO SENSORES: Temperatura da Sala de Servidores acima do normal.
2026-07-06 08:30:32 [ERROR] MÓDULO AUTENTICACAO: Login efetuado com sucesso pelo utilizador 'mauri'.
2026-07-06 08:32:01 [ERROR] MÓDULO CAMARAS: Falha de armazenamento no DVR_02.
2026-07-06 08:32:53 [INFO] MÓDULO SENSORES: Sensor de fumos ativo.
2026-07-06 08:33:45 [ERROR] MÓDULO AUTENTICACAO: Tentativa de brute-force bloqueada pelo utilizador 'ana_silva'.
2026-07-06 08:34:46 [INFO] MÓDULO CAMARAS: Perda de sinal de vídeo na Câmara_04.
2026-07-06 08:35:44 [WARNING] MÓDULO CAMARAS: Perda de sinal de vídeo na Câmara_04.
2026-07-06 08:36:50 [WARNING] MÓDULO SENSORES: Porta Principal aberta.
2026-07-06 08:37:34 [INFO] MÓDULO AUTENTICACAO: Sessão expirada pelo utilizador 'ana_silva'.
2026-07-06 08:38:18 [WARNING] MÓDULO BASE_DADOS: Cópia de segurança (Backup) concluída pelo utilizador 'convidado_01'.
2026-07-06 08:38:52 [WARNING] MÓDULO SENSORES: Movimento detetado no Corredor B.
2026-07-06 08:39:24 [ERROR] MÓDULO AUTENTICACAO: Falha na palavra-passe pelo utilizador 'admin'.
2026-07-06 08:40:39 [ERROR] MÓDULO AUTENTICACAO: Falha na palavra-passe pelo utilizador 'api_gateway'.
2026-07-06 08:41:53 [CRITICAL] MÓDULO BASE_DADOS: Query executada com sucesso pelo utilizador 'convidado_01'.
2026-07-06 08:43:10 [ERROR] MÓDULO BASE_DADOS: Query executada com sucesso pelo utilizador 'convidado_01'.
2026-07-06 08:43:45 [INFO] MÓDULO AUTENTICACAO: Sessão expirada pelo utilizador 'convidado_01'.
2026-07-06 08:45:07 [CRITICAL] MÓDULO SENSORES: Movimento detetado no Corredor B.
2026-07-06 08:46:13 [CRITICAL] MÓDULO AUTENTICACAO: Login efetuado com sucesso pelo utilizador 'mauri'.
2026-07-06 08:46:48 [WARNING] MÓDULO BASE_DADOS: Erro de integridade referencial pelo utilizador 'mauri'.
2026-07-06 08:48:08 [CRITICAL] MÓDULO AUTENTICACAO: Tentativa de brute-force bloqueada pelo utilizador 'nuno_gomes'.
2026-07-06 08:48:41 [INFO] MÓDULO BASE_DADOS: Erro de integridade referencial pelo utilizador 'convidado_01'.
2026-07-06 08:50:04 [WARNING] MÓDULO CAMARAS: Gravação iniciada por movimento na Câmara_01.
2026-07-06 08:51:24 [WARNING] MÓDULO CAMARAS: Falha de armazenamento no DVR_02.
2026-07-06 08:52:43 [WARNING] MÓDULO CAMARAS: Falha de armazenamento no DVR_02.
2026-07-06 08:53:31 [CRITICAL] MÓDULO CAMARAS: Gravação iniciada por movimento na Câmara_01.
2026-07-06 08:54:28 [CRITICAL] MÓDULO BASE_DADOS: Query executada com sucesso pelo utilizador 'gestor_seguranca'.
2026-07-06 08:55:33 [INFO] MÓDULO AUTENTICACAO: Tentativa de brute-force bloqueada pelo utilizador 'nuno_gomes'.
2026-07-06 08:56:21 [INFO] MÓDULO BASE_DADOS: Query executada com sucesso pelo utilizador 'ana_silva'.
2026-07-06 08:57:46 [ERROR] MÓDULO AUTENTICACAO: Login efetuado com sucesso pelo utilizador 'api_gateway'.
2026-07-06 08:58:30 [INFO] MÓDULO SENSORES: Temperatura da Sala de Servidores acima do normal.
2026-07-06 08:59:45 [INFO] MÓDULO CAMARAS: Perda de sinal de vídeo na Câmara_04.
2026-07-06 09:00:48 [ERROR] MÓDULO AUTENTICACAO: Sessão expirada pelo utilizador 'nuno_gomes'.
2026-07-06 09:02:10 [INFO] MÓDULO BASE_DADOS: Timeout na ligação pelo utilizador 'nuno_gomes'.
2026-07-06 09:03:18 [CRITICAL] MÓDULO BASE_DADOS: Erro de integridade referencial pelo utilizador 'gestor_seguranca'.
2026-07-06 09:04:26 [WARNING] MÓDULO BASE_DADOS: Timeout na ligação pelo utilizador 'gestor_seguranca'.
2026-07-06 09:05:20 [CRITICAL] MÓDULO BASE_DADOS: Query executada com sucesso pelo utilizador 'ana_silva'.
2026-07-06 09:06:18 [ERROR] MÓDULO SENSORES: Porta Principal aberta.
2026-07-06 09:07:44 [WARNING] MÓDULO CAMARAS: Falha de armazenamento no DVR_02.
2026-07-06 09:09:09 [INFO] MÓDULO AUTENTICACAO: Tentativa de brute-force bloqueada pelo utilizador 'ana_silva'.
2026-07-06 09:10:30 [CRITICAL] MÓDULO BASE_DADOS: Erro de integridade referencial pelo utilizador 'admin'.
2026-07-06 09:11:18 [ERROR] MÓDULO CAMARAS: Perda de sinal de vídeo na Câmara_04.
2026-07-06 09:12:31 [INFO] MÓDULO CAMARAS: Falha de armazenamento no DVR_02.
2026-07-06 09:13:24 [INFO] MÓDULO SENSORES: Porta Principal aberta.
2026-07-06 09:14:18 [ERROR] MÓDULO AUTENTICACAO: Login efetuado com sucesso pelo utilizador 'api_gateway'.
2026-07-06 09:15:42 [INFO] MÓDULO BASE_DADOS: Timeout na ligação pelo utilizador 'ana_silva'.
2026-07-06 09:16:40 [ERROR] MÓDULO AUTENTICACAO: Login efetuado com sucesso pelo utilizador 'api_gateway'.
2026-07-06 09:17:24 [ERROR] MÓDULO CAMARAS: Falha de armazenamento no DVR_02.
2026-07-06 09:18:45 [CRITICAL] MÓDULO SENSORES: Movimento detetado no Corredor B.
2026-07-06 09:19:44 [INFO] MÓDULO SENSORES: Temperatura da Sala de Servidores acima do normal.
2026-07-06 09:20:57 [INFO] MÓDULO SENSORES: Sensor de fumos ativo.
2026-07-06 09:22:23 [ERROR] MÓDULO BASE_DADOS: Timeout na ligação pelo utilizador 'gestor_seguranca'.
2026-07-06 09:23:18 [CRITICAL] MÓDULO CAMARAS: Perda de sinal de vídeo na Câmara_04.
2026-07-06 09:24:02 [INFO] MÓDULO AUTENTICACAO: Login efetuado com sucesso pelo utilizador 'convidado_01'.
2026-07-06 09:24:32 [ERROR] MÓDULO AUTENTICACAO: Login efetuado com sucesso pelo utilizador 'admin'.
2026-07-06 09:25:55 [INFO] MÓDULO SENSORES: Temperatura da Sala de Servidores acima do normal.
2026-07-06 09:26:54 [INFO] MÓDULO AUTENTICACAO: Sessão expirada pelo utilizador 'api_gateway'.
2026-07-06 09:28:05 [INFO] MÓDULO BASE_DADOS: Erro de integridade referencial pelo utilizador 'nuno_gomes'.
2026-07-06 09:28:44 [CRITICAL] MÓDULO BASE_DADOS: Erro de integridade referencial pelo utilizador 'admin'.
2026-07-06 09:30:13 [CRITICAL] MÓDULO SENSORES: Movimento detetado no Corredor B.
2026-07-06 09:30:43 [ERROR] MÓDULO AUTENTICACAO: Tentativa de brute-force bloqueada pelo utilizador 'ana_silva'.
2026-07-06 09:31:19 [INFO] MÓDULO BASE_DADOS: Erro de integridade referencial pelo utilizador 'nuno_gomes'.
2026-07-06 09:32:01 [INFO] MÓDULO BASE_DADOS: Cópia de segurança (Backup) concluída pelo utilizador 'convidado_01'.
2026-07-06 09:32:31 [ERROR] MÓDULO CAMARAS: Gravação iniciada por movimento na Câmara_01.
2026-07-06 09:33:02 [ERROR] MÓDULO BASE_DADOS: Query executada com sucesso pelo utilizador 'convidado_01'.
2026-07-06 09:34:09 [INFO] MÓDULO AUTENTICACAO: Login efetuado com sucesso pelo utilizador 'mauri'.
2026-07-06 09:34:46 [INFO] MÓDULO BASE_DADOS: Query executada com sucesso pelo utilizador 'ana_silva'.
2026-07-06 09:35:56 [ERROR] MÓDULO SENSORES: Movimento detetado no Corredor B.
2026-07-06 09:36:45 [CRITICAL] MÓDULO CAMARAS: Falha de armazenamento no DVR_02.
2026-07-06 09:37:38 [ERROR] MÓDULO BASE_DADOS: Erro de integridade referencial pelo utilizador 'api_gateway'.
2026-07-06 09:39:00 [INFO] MÓDULO BASE_DADOS: Query executada com sucesso pelo utilizador 'mauri'.
2026-07-06 09:39:47 [INFO] MÓDULO BASE_DADOS: Erro de integridade referencial pelo utilizador 'api_gateway'.
2026-07-06 09:40:47 [INFO] MÓDULO SENSORES: Sensor de fumos ativo.
2026-07-06 09:41:59 [ERROR] MÓDULO CAMARAS: Falha de armazenamento no DVR_02.
2026-07-06 09:43:13 [INFO] MÓDULO SENSORES: Porta Principal aberta.
2026-07-06 09:43:47 [INFO] MÓDULO SENSORES: Sensor de fumos ativo.
2026-07-06 09:44:59 [ERROR] MÓDULO AUTENTICACAO: Falha na palavra-passe pelo utilizador 'ana_silva'.
2026-07-06 09:45:47 [INFO] MÓDULO SENSORES: Movimento detetado no Corredor B.
2026-07-06 09:46:30 [WARNING] MÓDULO CAMARAS: Perda de sinal de vídeo na Câmara_04.
2026-07-06 09:47:34 [CRITICAL] MÓDULO BASE_DADOS: Query executada com sucesso pelo utilizador 'gestor_seguranca'.
2026-07-06 09:48:27 [ERROR] MÓDULO AUTENTICACAO: Falha na palavra-passe pelo utilizador 'gestor_seguranca'.
2026-07-06 09:49:06 [INFO] MÓDULO CAMARAS: Perda de sinal de vídeo na Câmara_04.
2026-07-06 09:50:10 [INFO] MÓDULO CAMARAS: Falha de armazenamento no DVR_02.
2026-07-06 09:50:46 [INFO] MÓDULO CAMARAS: Falha de armazenamento no DVR_02.
2026-07-06 09:51:20 [INFO] MÓDULO CAMARAS: Gravação iniciada por movimento na Câmara_01.
2026-07-06 09:52:03 [CRITICAL] MÓDULO AUTENTICACAO: Tentativa de brute-force bloqueada pelo utilizador 'admin'.
2026-07-06 09:53:27 [WARNING] MÓDULO BASE_DADOS: Cópia de segurança (Backup) concluída pelo utilizador 'admin'.
2026-07-06 09:54:18 [CRITICAL] MÓDULO BASE_DADOS: Cópia de segurança (Backup) concluída pelo utilizador 'nuno_gomes'.
2026-07-06 09:55:41 [INFO] MÓDULO SENSORES: Porta Principal aberta.
2026-07-06 09:56:38 [INFO] MÓDULO SENSORES: Temperatura da Sala de Servidores acima do normal.
2026-07-06 09:57:16 [INFO] MÓDULO BASE_DADOS: Query executada com sucesso pelo utilizador 'convidado_01'.
2026-07-06 09:58:05 [ERROR] MÓDULO BASE_DADOS: Erro de integridade referencial pelo utilizador 'gestor_seguranca'.
2026-07-06 09:59:05 [ERROR] MÓDULO AUTENTICACAO: Tentativa de brute-force bloqueada pelo utilizador 'api_gateway'.
2026-07-06 10:00:22 [INFO] MÓDULO CAMARAS: Gravação iniciada por movimento na Câmara_01.
2026-07-06 10:01:30 [WARNING] MÓDULO SENSORES: Movimento detetado no Corredor B.
2026-07-06 10:02:00 [INFO] MÓDULO SENSORES: Movimento detetado no Corredor B.
2026-07-06 10:02:31 [WARNING] MÓDULO CAMARAS: Gravação iniciada por movimento na Câmara_01.
2026-07-06 10:03:09 [ERROR] MÓDULO SENSORES: Sensor de fumos ativo.
2026-07-06 10:04:03 [CRITICAL] MÓDULO AUTENTICACAO: Tentativa de brute-force bloqueada pelo utilizador 'mauri'.
2026-07-06 10:05:23 [INFO] MÓDULO CAMARAS: Gravação iniciada por movimento na Câmara_01.
2026-07-06 10:06:28 [CRITICAL] MÓDULO CAMARAS: Falha de armazenamento no DVR_02.
2026-07-06 10:07:58 [WARNING] MÓDULO CAMARAS: Gravação iniciada por movimento na Câmara_01.
2026-07-06 10:08:41 [WARNING] MÓDULO SENSORES: Sensor de fumos ativo.
2026-07-06 10:10:09 [INFO] MÓDULO CAMARAS: Falha de armazenamento no DVR_02.
2026-07-06 10:11:13 [INFO] MÓDULO CAMARAS: Gravação iniciada por movimento na Câmara_01.
2026-07-06 10:12:23 [INFO] MÓDULO BASE_DADOS: Query executada com sucesso pelo utilizador 'mauri'.
2026-07-06 10:13:16 [CRITICAL] MÓDULO CAMARAS: Gravação iniciada por movimento na Câmara_01.
2026-07-06 10:13:55 [WARNING] MÓDULO CAMARAS: Gravação iniciada por movimento na Câmara_01.
2026-07-06 10:14:46 [INFO] MÓDULO SENSORES: Sensor de fumos ativo.
2026-07-06 10:15:28 [WARNING] MÓDULO CAMARAS: Perda de sinal de vídeo na Câmara_04.
2026-07-06 10:16:20 [CRITICAL] MÓDULO CAMARAS: Perda de sinal de vídeo na Câmara_04.
2026-07-06 10:17:29 [INFO] MÓDULO CAMARAS: Gravação iniciada por movimento na Câmara_01.
2026-07-06 10:18:06 [INFO] MÓDULO AUTENTICACAO: Falha na palavra-passe pelo utilizador 'convidado_01'.
2026-07-06 10:19:14 [INFO] MÓDULO BASE_DADOS: Cópia de segurança (Backup) concluída pelo utilizador 'mauri'.
2026-07-06 10:20:30 [INFO] MÓDULO CAMARAS: Gravação iniciada por movimento na Câmara_01.
2026-07-06 10:21:49 [INFO] MÓDULO SENSORES: Porta Principal aberta.
2026-07-06 10:22:22 [CRITICAL] MÓDULO SENSORES: Porta Principal aberta.
2026-07-06 10:23:16 [WARNING] MÓDULO AUTENTICACAO: Sessão expirada pelo utilizador 'admin'.
2026-07-06 10:24:05 [CRITICAL] MÓDULO SENSORES: Porta Principal aberta.
2026-07-06 10:24:45 [INFO] MÓDULO CAMARAS: Falha de armazenamento no DVR_02.
2026-07-06 10:25:28 [CRITICAL] MÓDULO BASE_DADOS: Query executada com sucesso pelo utilizador 'mauri'.
2026-07-06 10:26:47 [INFO] MÓDULO CAMARAS: Gravação iniciada por movimento na Câmara_01.
2026-07-06 10:27:46 [CRITICAL] MÓDULO CAMARAS: Gravação iniciada por movimento na Câmara_01.
2026-07-06 10:28:37 [WARNING] MÓDULO AUTENTICACAO: Tentativa de brute-force bloqueada pelo utilizador 'ana_silva'.
2026-07-06 10:29:35 [INFO] MÓDULO SENSORES: Porta Principal aberta.
2026-07-06 10:30:41 [WARNING] MÓDULO CAMARAS: Perda de sinal de vídeo na Câmara_04.
2026-07-06 10:31:33 [INFO] MÓDULO AUTENTICACAO: Login efetuado com sucesso pelo utilizador 'mauri'.
2026-07-06 10:32:44 [INFO] MÓDULO AUTENTICACAO: Tentativa de brute-force bloqueada pelo utilizador 'mauri'.
2026-07-06 10:33:39 [INFO] MÓDULO AUTENTICACAO: Sessão expirada pelo utilizador 'ana_silva'.
2026-07-06 10:34:52 [INFO] MÓDULO CAMARAS: Perda de sinal de vídeo na Câmara_04.
2026-07-06 10:36:00 [CRITICAL] MÓDULO SENSORES: Movimento detetado no Corredor B.
2026-07-06 10:36:36 [CRITICAL] MÓDULO BASE_DADOS: Query executada com sucesso pelo utilizador 'ana_silva'.
2026-07-06 10:37:52 [INFO] MÓDULO BASE_DADOS: Erro de integridade referencial pelo utilizador 'nuno_gomes'.
2026-07-06 10:39:17 [INFO] MÓDULO AUTENTICACAO: Login efetuado com sucesso pelo utilizador 'gestor_seguranca'.
2026-07-06 10:40:11 [INFO] MÓDULO BASE_DADOS: Cópia de segurança (Backup) concluída pelo utilizador 'api_gateway'.
2026-07-06 10:41:24 [INFO] MÓDULO SENSORES: Porta Principal aberta.
2026-07-06 10:42:26 [INFO] MÓDULO CAMARAS: Gravação iniciada por movimento na Câmara_01.
2026-07-06 10:43:02 [INFO] MÓDULO BASE_DADOS: Cópia de segurança (Backup) concluída pelo utilizador 'mauri'.
2026-07-06 10:43:42 [ERROR] MÓDULO CAMARAS: Falha de armazenamento no DVR_02.
2026-07-06 10:45:05 [WARNING] MÓDULO SENSORES: Temperatura da Sala de Servidores acima do normal.
2026-07-06 10:46:23 [CRITICAL] MÓDULO SENSORES: Temperatura da Sala de Servidores acima do normal.
2026-07-06 10:47:19 [WARNING] MÓDULO BASE_DADOS: Query executada com sucesso pelo utilizador 'gestor_seguranca'.
2026-07-06 10:48:31 [ERROR] MÓDULO AUTENTICACAO: Sessão expirada pelo utilizador 'api_gateway'.
2026-07-06 10:49:35 [CRITICAL] MÓDULO CAMARAS: Gravação iniciada por movimento na Câmara_01.
2026-07-06 10:50:20 [ERROR] MÓDULO AUTENTICACAO: Login efetuado com sucesso pelo utilizador 'convidado_01'.
2026-07-06 10:51:00 [WARNING] MÓDULO BASE_DADOS: Timeout na ligação pelo utilizador 'nuno_gomes'.
2026-07-06 10:52:30 [ERROR] MÓDULO SENSORES: Porta Principal aberta.
2026-07-06 10:53:49 [ERROR] MÓDULO AUTENTICACAO: Tentativa de brute-force bloqueada pelo utilizador 'gestor_seguranca'.
2026-07-06 10:54:56 [ERROR] MÓDULO BASE_DADOS: Timeout na ligação pelo utilizador 'nuno_gomes'.
2026-07-06 10:55:52 [ERROR] MÓDULO SENSORES: Porta Principal aberta.
2026-07-06 10:57:15 [INFO] MÓDULO BASE_DADOS: Erro de integridade referencial pelo utilizador 'api_gateway'.
2026-07-06 10:58:30 [INFO] MÓDULO AUTENTICACAO: Sessão expirada pelo utilizador 'api_gateway'.
2026-07-06 10:59:21 [WARNING] MÓDULO BASE_DADOS: Cópia de segurança (Backup) concluída pelo utilizador 'gestor_seguranca'.
2026-07-06 11:00:44 [INFO] MÓDULO SENSORES: Sensor de fumos ativo.
2026-07-06 11:01:39 [INFO] MÓDULO AUTENTICACAO: Login efetuado com sucesso pelo utilizador 'api_gateway'.
2026-07-06 11:02:42 [CRITICAL] MÓDULO AUTENTICACAO: Sessão expirada pelo utilizador 'gestor_seguranca'.
2026-07-06 11:03:28 [INFO] MÓDULO BASE_DADOS: Erro de integridade referencial pelo utilizador 'gestor_seguranca'.
2026-07-06 11:04:31 [INFO] MÓDULO BASE_DADOS: Timeout na ligação pelo utilizador 'ana_silva'.
2026-07-06 11:05:52 [ERROR] MÓDULO SENSORES: Temperatura da Sala de Servidores acima do normal.
2026-07-06 11:07:13 [WARNING] MÓDULO SENSORES: Porta Principal aberta.
2026-07-06 11:08:01 [INFO] MÓDULO BASE_DADOS: Erro de integridade referencial pelo utilizador 'gestor_seguranca'.
2026-07-06 11:08:44 [INFO] MÓDULO SENSORES: Temperatura da Sala de Servidores acima do normal.
2026-07-06 11:09:36 [CRITICAL] MÓDULO SENSORES: Sensor de fumos ativo.
2026-07-06 11:10:36 [WARNING] MÓDULO SENSORES: Temperatura da Sala de Servidores acima do normal.
2026-07-06 11:12:03 [INFO] MÓDULO CAMARAS: Falha de armazenamento no DVR_02.
2026-07-06 11:13:22 [INFO] MÓDULO BASE_DADOS: Query executada com sucesso pelo utilizador 'convidado_01'.
2026-07-06 11:13:57 [ERROR] MÓDULO CAMARAS: Gravação iniciada por movimento na Câmara_01.
2026-07-06 11:15:01 [CRITICAL] MÓDULO SENSORES: Sensor de fumos ativo.
2026-07-06 11:15:42 [WARNING] MÓDULO AUTENTICACAO: Login efetuado com sucesso pelo utilizador 'gestor_seguranca'.
2026-07-06 11:17:07 [ERROR] MÓDULO AUTENTICACAO: Login efetuado com sucesso pelo utilizador 'admin'.
2026-07-06 11:17:54 [INFO] MÓDULO AUTENTICACAO: Tentativa de brute-force bloqueada pelo utilizador 'nuno_gomes'.
2026-07-06 11:18:53 [ERROR] MÓDULO CAMARAS: Gravação iniciada por movimento na Câmara_01.
2026-07-06 11:19:24 [ERROR] MÓDULO CAMARAS: Gravação iniciada por movimento na Câmara_01.
2026-07-06 11:20:41 [ERROR] MÓDULO CAMARAS: Falha de armazenamento no DVR_02.
2026-07-06 11:21:46 [CRITICAL] MÓDULO BASE_DADOS: Cópia de segurança (Backup) concluída pelo utilizador 'nuno_gomes'.
2026-07-06 11:22:54 [WARNING] MÓDULO SENSORES: Sensor de fumos ativo.
2026-07-06 11:23:43 [INFO] MÓDULO CAMARAS: Gravação iniciada por movimento na Câmara_01.
2026-07-06 11:24:45 [CRITICAL] MÓDULO BASE_DADOS: Timeout na ligação pelo utilizador 'nuno_gomes'.
2026-07-06 11:26:11 [WARNING] MÓDULO SENSORES: Sensor de fumos ativo.
2026-07-06 11:26:44 [ERROR] MÓDULO AUTENTICACAO: Sessão expirada pelo utilizador 'admin'.
2026-07-06 11:28:03 [WARNING] MÓDULO CAMARAS: Falha de armazenamento no DVR_02.
2026-07-06 11:28:45 [ERROR] MÓDULO SENSORES: Porta Principal aberta.
2026-07-06 11:29:35 [CRITICAL] MÓDULO AUTENTICACAO: Tentativa de brute-force bloqueada pelo utilizador 'convidado_01'.
2026-07-06 11:30:39 [WARNING] MÓDULO BASE_DADOS: Timeout na ligação pelo utilizador 'convidado_01'.
2026-07-06 11:32:06 [WARNING] MÓDULO SENSORES: Porta Principal aberta.
2026-07-06 11:33:33 [INFO] MÓDULO CAMARAS: Perda de sinal de vídeo na Câmara_04.
2026-07-06 11:34:19 [ERROR] MÓDULO CAMARAS: Perda de sinal de vídeo na Câmara_04.
2026-07-06 11:34:52 [CRITICAL] MÓDULO BASE_DADOS: Query executada com sucesso pelo utilizador 'mauri'.
2026-07-06 11:35:56 [CRITICAL] MÓDULO BASE_DADOS: Cópia de segurança (Backup) concluída pelo utilizador 'convidado_01'.
2026-07-06 11:37:10 [INFO] MÓDULO BASE_DADOS: Timeout na ligação pelo utilizador 'gestor_seguranca'.
2026-07-06 11:38:37 [INFO] MÓDULO CAMARAS: Perda de sinal de vídeo na Câmara_04.
2026-07-06 11:39:35 [INFO] MÓDULO BASE_DADOS: Timeout na ligação pelo utilizador 'admin'.
2026-07-06 11:40:22 [INFO] MÓDULO SENSORES: Sensor de fumos ativo.
2026-07-06 11:41:11 [WARNING] MÓDULO CAMARAS: Perda de sinal de vídeo na Câmara_04.
2026-07-06 11:41:49 [WARNING] MÓDULO AUTENTICACAO: Login efetuado com sucesso pelo utilizador 'convidado_01'.
2026-07-06 11:42:19 [WARNING] MÓDULO SENSORES: Temperatura da Sala de Servidores acima do normal.
2026-07-06 11:43:32 [WARNING] MÓDULO SENSORES: Porta Principal aberta.
2026-07-06 11:44:07 [ERROR] MÓDULO AUTENTICACAO: Sessão expirada pelo utilizador 'convidado_01'.
2026-07-06 11:45:00 [WARNING] MÓDULO AUTENTICACAO: Login efetuado com sucesso pelo utilizador 'gestor_seguranca'.
2026-07-06 11:45:38 [INFO] MÓDULO SENSORES: Porta Principal aberta.
2026-07-06 11:46:37 [INFO] MÓDULO BASE_DADOS: Query executada com sucesso pelo utilizador 'gestor_seguranca'.
2026-07-06 11:48:05 [WARNING] MÓDULO SENSORES: Movimento detetado no Corredor B.
2026-07-06 11:48:46 [WARNING] MÓDULO SENSORES: Porta Principal aberta.
2026-07-06 11:49:40 [INFO] MÓDULO BASE_DADOS: Cópia de segurança (Backup) concluída pelo utilizador 'api_gateway'.
2026-07-06 11:50:45 [ERROR] MÓDULO SENSORES: Temperatura da Sala de Servidores acima do normal.
2026-07-06 11:51:27 [CRITICAL] MÓDULO CAMARAS: Perda de sinal de vídeo na Câmara_04.
2026-07-06 11:52:39 [INFO] MÓDULO SENSORES: Temperatura da Sala de Servidores acima do normal.
2026-07-06 11:53:38 [INFO] MÓDULO SENSORES: Movimento detetado no Corredor B.
2026-07-06 11:54:50 [WARNING] MÓDULO AUTENTICACAO: Sessão expirada pelo utilizador 'nuno_gomes'.
2026-07-06 11:55:20 [WARNING] MÓDULO CAMARAS: Gravação iniciada por movimento na Câmara_01.
2026-07-06 11:56:42 [ERROR] MÓDULO BASE_DADOS: Erro de integridade referencial pelo utilizador 'nuno_gomes'.
2026-07-06 11:57:18 [WARNING] MÓDULO SENSORES: Porta Principal aberta.
2026-07-06 11:58:32 [INFO] MÓDULO SENSORES: Movimento detetado no Corredor B.
2026-07-06 11:59:09 [ERROR] MÓDULO CAMARAS: Gravação iniciada por movimento na Câmara_01.
2026-07-06 12:00:14 [WARNING] MÓDULO AUTENTICACAO: Tentativa de brute-force bloqueada pelo utilizador 'convidado_01'.
2026-07-06 12:01:29 [INFO] MÓDULO SENSORES: Temperatura da Sala de Servidores acima do normal.
2026-07-06 12:02:34 [CRITICAL] MÓDULO BASE_DADOS: Erro de integridade referencial pelo utilizador 'api_gateway'.
2026-07-06 12:03:29 [ERROR] MÓDULO BASE_DADOS: Erro de integridade referencial pelo utilizador 'gestor_seguranca'.
2026-07-06 12:04:43 [WARNING] MÓDULO SENSORES: Movimento detetado no Corredor B.
2026-07-06 12:05:34 [CRITICAL] MÓDULO AUTENTICACAO: Sessão expirada pelo utilizador 'ana_silva'.
2026-07-06 12:06:55 [INFO] MÓDULO SENSORES: Movimento detetado no Corredor B.
2026-07-06 12:07:51 [CRITICAL] MÓDULO AUTENTICACAO: Tentativa de brute-force bloqueada pelo utilizador 'nuno_gomes'.
2026-07-06 12:08:33 [CRITICAL] MÓDULO SENSORES: Movimento detetado no Corredor B.
2026-07-06 12:09:11 [WARNING] MÓDULO AUTENTICACAO: Tentativa de brute-force bloqueada pelo utilizador 'api_gateway'.
2026-07-06 12:10:34 [CRITICAL] MÓDULO CAMARAS: Gravação iniciada por movimento na Câmara_01.
2026-07-06 12:11:47 [WARNING] MÓDULO SENSORES: Movimento detetado no Corredor B.
2026-07-06 12:12:59 [ERROR] MÓDULO CAMARAS: Gravação iniciada por movimento na Câmara_01.
2026-07-06 12:13:35 [WARNING] MÓDULO BASE_DADOS: Erro de integridade referencial pelo utilizador 'admin'.
2026-07-06 12:14:24 [INFO] MÓDULO BASE_DADOS: Timeout na ligação pelo utilizador 'nuno_gomes'.
2026-07-06 12:15:47 [INFO] MÓDULO BASE_DADOS: Cópia de segurança (Backup) concluída pelo utilizador 'ana_silva'.
2026-07-06 12:16:41 [INFO] MÓDULO SENSORES: Movimento detetado no Corredor B.
2026-07-06 12:17:36 [ERROR] MÓDULO AUTENTICACAO: Falha na palavra-passe pelo utilizador 'convidado_01'.
2026-07-06 12:18:44 [ERROR] MÓDULO AUTENTICACAO: Tentativa de brute-force bloqueada pelo utilizador 'convidado_01'.
2026-07-06 12:20:10 [INFO] MÓDULO CAMARAS: Gravação iniciada por movimento na Câmara_01.
2026-07-06 12:21:18 [CRITICAL] MÓDULO SENSORES: Movimento detetado no Corredor B.
2026-07-06 12:22:33 [INFO] MÓDULO CAMARAS: Falha de armazenamento no DVR_02.
2026-07-06 12:23:06 [WARNING] MÓDULO BASE_DADOS: Query executada com sucesso pelo utilizador 'convidado_01'.
2026-07-06 12:24:14 [INFO] MÓDULO BASE_DADOS: Timeout na ligação pelo utilizador 'nuno_gomes'.
2026-07-06 12:25:14 [CRITICAL] MÓDULO SENSORES: Movimento detetado no Corredor B.
2026-07-06 12:26:43 [INFO] MÓDULO SENSORES: Porta Principal aberta.
2026-07-06 12:27:35 [INFO] MÓDULO AUTENTICACAO: Falha na palavra-passe pelo utilizador 'ana_silva'.
2026-07-06 12:28:19 [INFO] MÓDULO SENSORES: Movimento detetado no Corredor B.
2026-07-06 12:29:44 [ERROR] MÓDULO CAMARAS: Gravação iniciada por movimento na Câmara_01.
2026-07-06 12:30:20 [ERROR] MÓDULO BASE_DADOS: Erro de integridade referencial pelo utilizador 'gestor_seguranca'.
2026-07-06 12:30:58 [WARNING] MÓDULO SENSORES: Temperatura da Sala de Servidores acima do normal.
2026-07-06 12:31:47 [WARNING] MÓDULO BASE_DADOS: Cópia de segurança (Backup) concluída pelo utilizador 'mauri'.
2026-07-06 12:32:50 [WARNING] MÓDULO BASE_DADOS: Erro de integridade referencial pelo utilizador 'mauri'.
2026-07-06 12:34:15 [CRITICAL] MÓDULO CAMARAS: Perda de sinal de vídeo na Câmara_04.
2026-07-06 12:35:17 [INFO] MÓDULO CAMARAS: Perda de sinal de vídeo na Câmara_04.
2026-07-06 12:36:34 [CRITICAL] MÓDULO BASE_DADOS: Query executada com sucesso pelo utilizador 'convidado_01'.
2026-07-06 12:37:42 [CRITICAL] MÓDULO SENSORES: Sensor de fumos ativo.
2026-07-06 12:38:16 [CRITICAL] MÓDULO SENSORES: Movimento detetado no Corredor B.
2026-07-06 12:39:28 [INFO] MÓDULO BASE_DADOS: Cópia de segurança (Backup) concluída pelo utilizador 'mauri'.
2026-07-06 12:40:54 [ERROR] MÓDULO CAMARAS: Gravação iniciada por movimento na Câmara_01.
2026-07-06 12:42:18 [CRITICAL] MÓDULO AUTENTICACAO: Login efetuado com sucesso pelo utilizador 'ana_silva'.
2026-07-06 12:42:59 [INFO] MÓDULO BASE_DADOS: Erro de integridade referencial pelo utilizador 'admin'.
2026-07-06 12:43:49 [WARNING] MÓDULO AUTENTICACAO: Falha na palavra-passe pelo utilizador 'convidado_01'.
2026-07-06 12:45:13 [INFO] MÓDULO SENSORES: Temperatura da Sala de Servidores acima do normal.
2026-07-06 12:45:59 [CRITICAL] MÓDULO CAMARAS: Gravação iniciada por movimento na Câmara_01.
2026-07-06 12:47:25 [ERROR] MÓDULO BASE_DADOS: Query executada com sucesso pelo utilizador 'ana_silva'.
2026-07-06 12:48:20 [INFO] MÓDULO CAMARAS: Falha de armazenamento no DVR_02.
2026-07-06 12:48:54 [WARNING] MÓDULO CAMARAS: Perda de sinal de vídeo na Câmara_04.
2026-07-06 12:49:39 [INFO] MÓDULO SENSORES: Movimento detetado no Corredor B.
2026-07-06 12:51:00 [INFO] MÓDULO SENSORES: Temperatura da Sala de Servidores acima do normal.
2026-07-06 12:51:47 [CRITICAL] MÓDULO BASE_DADOS: Query executada com sucesso pelo utilizador 'admin'.
2026-07-06 12:52:22 [INFO] MÓDULO SENSORES: Porta Principal aberta.
2026-07-06 12:53:15 [ERROR] MÓDULO CAMARAS: Perda de sinal de vídeo na Câmara_04.
2026-07-06 12:54:04 [INFO] MÓDULO SENSORES: Porta Principal aberta.
2026-07-06 12:54:57 [WARNING] MÓDULO BASE_DADOS: Cópia de segurança (Backup) concluída pelo utilizador 'nuno_gomes'.
2026-07-06 12:56:05 [INFO] MÓDULO CAMARAS: Perda de sinal de vídeo na Câmara_04.
2026-07-06 12:56:57 [INFO] MÓDULO BASE_DADOS: Timeout na ligação pelo utilizador 'convidado_01'.
2026-07-06 12:57:37 [INFO] MÓDULO BASE_DADOS: Erro de integridade referencial pelo utilizador 'convidado_01'.
2026-07-06 12:58:17 [INFO] MÓDULO AUTENTICACAO: Sessão expirada pelo utilizador 'ana_silva'.
2026-07-06 12:59:38 [INFO] MÓDULO CAMARAS: Falha de armazenamento no DVR_02.
2026-07-06 13:00:20 [CRITICAL] MÓDULO SENSORES: Movimento detetado no Corredor B.
2026-07-06 13:01:33 [CRITICAL] MÓDULO SENSORES: Movimento detetado no Corredor B.
2026-07-06 13:02:54 [CRITICAL] MÓDULO SENSORES: Temperatura da Sala de Servidores acima do normal.
2026-07-06 13:03:24 [ERROR] MÓDULO BASE_DADOS: Query executada com sucesso pelo utilizador 'convidado_01'.
2026-07-06 13:04:18 [INFO] MÓDULO BASE_DADOS: Query executada com sucesso pelo utilizador 'api_gateway'.
2026-07-06 13:05:12 [INFO] MÓDULO CAMARAS: Gravação iniciada por movimento na Câmara_01.
2026-07-06 13:05:59 [INFO] MÓDULO BASE_DADOS: Timeout na ligação pelo utilizador 'convidado_01'.
2026-07-06 13:06:36 [INFO] MÓDULO AUTENTICACAO: Falha na palavra-passe pelo utilizador 'mauri'.
2026-07-06 13:08:00 [INFO] MÓDULO CAMARAS: Perda de sinal de vídeo na Câmara_04.
2026-07-06 13:09:16 [INFO] MÓDULO CAMARAS: Perda de sinal de vídeo na Câmara_04.
2026-07-06 13:10:12 [CRITICAL] MÓDULO AUTENTICACAO: Tentativa de brute-force bloqueada pelo utilizador 'ana_silva'.
2026-07-06 13:11:30 [WARNING] MÓDULO CAMARAS: Falha de armazenamento no DVR_02.
2026-07-06 13:12:59 [WARNING] MÓDULO AUTENTICACAO: Sessão expirada pelo utilizador 'api_gateway'.
2026-07-06 13:14:14 [INFO] MÓDULO SENSORES: Sensor de fumos ativo.
2026-07-06 13:15:02 [ERROR] MÓDULO CAMARAS: Perda de sinal de vídeo na Câmara_04.
2026-07-06 13:15:38 [INFO] MÓDULO BASE_DADOS: Cópia de segurança (Backup) concluída pelo utilizador 'ana_silva'.
2026-07-06 13:16:19 [INFO] MÓDULO SENSORES: Sensor de fumos ativo.
2026-07-06 13:17:49 [WARNING] MÓDULO CAMARAS: Falha de armazenamento no DVR_02.
2026-07-06 13:18:41 [ERROR] MÓDULO SENSORES: Temperatura da Sala de Servidores acima do normal.
2026-07-06 13:20:03 [INFO] MÓDULO CAMARAS: Gravação iniciada por movimento na Câmara_01.
2026-07-06 13:20:37 [WARNING] MÓDULO BASE_DADOS: Timeout na ligação pelo utilizador 'api_gateway'.
2026-07-06 13:21:31 [ERROR] MÓDULO CAMARAS: Falha de armazenamento no DVR_02.
2026-07-06 13:22:41 [CRITICAL] MÓDULO CAMARAS: Perda de sinal de vídeo na Câmara_04.
2026-07-06 13:23:57 [WARNING] MÓDULO BASE_DADOS: Query executada com sucesso pelo utilizador 'api_gateway'.
2026-07-06 13:25:13 [INFO] MÓDULO CAMARAS: Gravação iniciada por movimento na Câmara_01.
2026-07-06 13:26:20 [INFO] MÓDULO BASE_DADOS: Query executada com sucesso pelo utilizador 'mauri'.
2026-07-06 13:27:41 [CRITICAL] MÓDULO AUTENTICACAO: Sessão expirada pelo utilizador 'admin'.
2026-07-06 13:28:33 [INFO] MÓDULO CAMARAS: Perda de sinal de vídeo na Câmara_04.
2026-07-06 13:29:07 [ERROR] MÓDULO BASE_DADOS: Cópia de segurança (Backup) concluída pelo utilizador 'nuno_gomes'.
2026-07-06 13:30:21 [CRITICAL] MÓDULO AUTENTICACAO: Sessão expirada pelo utilizador 'admin'.
2026-07-06 13:31:38 [INFO] MÓDULO SENSORES: Temperatura da Sala de Servidores acima do normal.
2026-07-06 13:33:02 [INFO] MÓDULO AUTENTICACAO: Login efetuado com sucesso pelo utilizador 'gestor_seguranca'.
2026-07-06 13:33:47 [WARNING] MÓDULO AUTENTICACAO: Login efetuado com sucesso pelo utilizador 'mauri'.
2026-07-06 13:34:39 [ERROR] MÓDULO BASE_DADOS: Timeout na ligação pelo utilizador 'mauri'.
2026-07-06 13:35:25 [WARNING] MÓDULO AUTENTICACAO: Tentativa de brute-force bloqueada pelo utilizador 'gestor_seguranca'.
2026-07-06 13:36:30 [ERROR] MÓDULO SENSORES: Sensor de fumos ativo.
2026-07-06 13:37:40 [INFO] MÓDULO AUTENTICACAO: Login efetuado com sucesso pelo utilizador 'nuno_gomes'.
2026-07-06 13:38:46 [INFO] MÓDULO CAMARAS: Perda de sinal de vídeo na Câmara_04.
2026-07-06 13:39:52 [CRITICAL] MÓDULO BASE_DADOS: Query executada com sucesso pelo utilizador 'mauri'.
2026-07-06 13:41:02 [INFO] MÓDULO SENSORES: Movimento detetado no Corredor B.
2026-07-06 13:42:20 [INFO] MÓDULO SENSORES: Temperatura da Sala de Servidores acima do normal.
2026-07-06 13:43:00 [CRITICAL] MÓDULO CAMARAS: Gravação iniciada por movimento na Câmara_01.
2026-07-06 13:44:05 [INFO] MÓDULO BASE_DADOS: Erro de integridade referencial pelo utilizador 'convidado_01'.
2026-07-06 13:44:53 [INFO] MÓDULO CAMARAS: Gravação iniciada por movimento na Câmara_01.
2026-07-06 13:46:22 [CRITICAL] MÓDULO CAMARAS: Perda de sinal de vídeo na Câmara_04.
2026-07-06 13:47:52 [INFO] MÓDULO SENSORES: Temperatura da Sala de Servidores acima do normal.
2026-07-06 13:48:26 [CRITICAL] MÓDULO CAMARAS: Falha de armazenamento no DVR_02.
2026-07-06 13:48:58 [ERROR] MÓDULO CAMARAS: Falha de armazenamento no DVR_02.
2026-07-06 13:49:37 [INFO] MÓDULO SENSORES: Sensor de fumos ativo.
2026-07-06 13:50:21 [ERROR] MÓDULO CAMARAS: Gravação iniciada por movimento na Câmara_01.
2026-07-06 13:51:45 [CRITICAL] MÓDULO AUTENTICACAO: Login efetuado com sucesso pelo utilizador 'nuno_gomes'.
2026-07-06 13:52:36 [WARNING] MÓDULO BASE_DADOS: Erro de integridade referencial pelo utilizador 'mauri'.
2026-07-06 13:53:18 [WARNING] MÓDULO SENSORES: Temperatura da Sala de Servidores acima do normal.
2026-07-06 13:54:11 [CRITICAL] MÓDULO SENSORES: Porta Principal aberta.
2026-07-06 13:55:33 [CRITICAL] MÓDULO BASE_DADOS: Erro de integridade referencial pelo utilizador 'admin'.
2026-07-06 13:56:55 [WARNING] MÓDULO CAMARAS: Falha de armazenamento no DVR_02.
2026-07-06 13:57:45 [INFO] MÓDULO AUTENTICACAO: Sessão expirada pelo utilizador 'nuno_gomes'.
2026-07-06 13:59:07 [INFO] MÓDULO AUTENTICACAO: Tentativa de brute-force bloqueada pelo utilizador 'convidado_01'.
2026-07-06 14:00:30 [ERROR] MÓDULO BASE_DADOS: Cópia de segurança (Backup) concluída pelo utilizador 'ana_silva'.
2026-07-06 14:01:47 [CRITICAL] MÓDULO AUTENTICACAO: Tentativa de brute-force bloqueada pelo utilizador 'nuno_gomes'.
2026-07-06 14:02:22 [ERROR] MÓDULO SENSORES: Movimento detetado no Corredor B.
2026-07-06 14:03:23 [INFO] MÓDULO CAMARAS: Perda de sinal de vídeo na Câmara_04.
2026-07-06 14:04:14 [WARNING] MÓDULO AUTENTICACAO: Falha na palavra-passe pelo utilizador 'gestor_seguranca'.
2026-07-06 14:05:44 [WARNING] MÓDULO BASE_DADOS: Timeout na ligação pelo utilizador 'convidado_01'.
2026-07-06 14:06:23 [INFO] MÓDULO BASE_DADOS: Timeout na ligação pelo utilizador 'gestor_seguranca'.
2026-07-06 14:07:29 [WARNING] MÓDULO SENSORES: Porta Principal aberta.
2026-07-06 14:08:16 [CRITICAL] MÓDULO CAMARAS: Perda de sinal de vídeo na Câmara_04.
2026-07-06 14:09:15 [ERROR] MÓDULO AUTENTICACAO: Tentativa de brute-force bloqueada pelo utilizador 'api_gateway'.
2026-07-06 14:10:43 [INFO] MÓDULO AUTENTICACAO: Tentativa de brute-force bloqueada pelo utilizador 'mauri'.
2026-07-06 14:12:11 [INFO] MÓDULO SENSORES: Movimento detetado no Corredor B.
2026-07-06 14:13:24 [INFO] MÓDULO BASE_DADOS: Erro de integridade referencial pelo utilizador 'admin'.
2026-07-06 14:14:51 [INFO] MÓDULO AUTENTICACAO: Sessão expirada pelo utilizador 'api_gateway'.
2026-07-06 14:15:22 [INFO] MÓDULO BASE_DADOS: Cópia de segurança (Backup) concluída pelo utilizador 'api_gateway'.
2026-07-06 14:15:53 [ERROR] MÓDULO AUTENTICACAO: Tentativa de brute-force bloqueada pelo utilizador 'convidado_01'.
2026-07-06 14:16:51 [WARNING] MÓDULO CAMARAS: Perda de sinal de vídeo na Câmara_04.
2026-07-06 14:18:13 [INFO] MÓDULO CAMARAS: Perda de sinal de vídeo na Câmara_04.
2026-07-06 14:19:25 [INFO] MÓDULO SENSORES: Porta Principal aberta.
2026-07-06 14:20:26 [ERROR] MÓDULO SENSORES: Movimento detetado no Corredor B.
2026-07-06 14:21:20 [CRITICAL] MÓDULO AUTENTICACAO: Tentativa de brute-force bloqueada pelo utilizador 'api_gateway'.
2026-07-06 14:21:57 [INFO] MÓDULO AUTENTICACAO: Login efetuado com sucesso pelo utilizador 'mauri'.
2026-07-06 14:23:09 [ERROR] MÓDULO SENSORES: Movimento detetado no Corredor B.
2026-07-06 14:23:56 [ERROR] MÓDULO AUTENTICACAO: Tentativa de brute-force bloqueada pelo utilizador 'api_gateway'.
2026-07-06 14:24:27 [WARNING] MÓDULO SENSORES: Movimento detetado no Corredor B.
2026-07-06 14:25:53 [INFO] MÓDULO BASE_DADOS: Cópia de segurança (Backup) concluída pelo utilizador 'convidado_01'.
2026-07-06 14:27:12 [ERROR] MÓDULO BASE_DADOS: Cópia de segurança (Backup) concluída pelo utilizador 'gestor_seguranca'.
2026-07-06 14:28:17 [INFO] MÓDULO CAMARAS: Falha de armazenamento no DVR_02.
2026-07-06 14:29:31 [WARNING] MÓDULO CAMARAS: Perda de sinal de vídeo na Câmara_04.
2026-07-06 14:30:46 [CRITICAL] MÓDULO BASE_DADOS: Query executada com sucesso pelo utilizador 'api_gateway'.
2026-07-06 14:31:24 [CRITICAL] MÓDULO CAMARAS: Perda de sinal de vídeo na Câmara_04.
2026-07-06 14:32:33 [WARNING] MÓDULO CAMARAS: Perda de sinal de vídeo na Câmara_04.
2026-07-06 14:33:15 [INFO] MÓDULO AUTENTICACAO: Login efetuado com sucesso pelo utilizador 'convidado_01'.
2026-07-06 14:33:59 [ERROR] MÓDULO SENSORES: Porta Principal aberta.
2026-07-06 14:35:01 [INFO] MÓDULO CAMARAS: Falha de armazenamento no DVR_02.
2026-07-06 14:36:26 [ERROR] MÓDULO AUTENTICACAO: Sessão expirada pelo utilizador 'api_gateway'.
2026-07-06 14:37:52 [INFO] MÓDULO SENSORES: Movimento detetado no Corredor B.
2026-07-06 14:39:01 [ERROR] MÓDULO AUTENTICACAO: Login efetuado com sucesso pelo utilizador 'convidado_01'.
2026-07-06 14:40:08 [ERROR] MÓDULO BASE_DADOS: Query executada com sucesso pelo utilizador 'nuno_gomes'.
2026-07-06 14:41:26 [WARNING] MÓDULO AUTENTICACAO: Login efetuado com sucesso pelo utilizador 'gestor_seguranca'.
2026-07-06 14:41:56 [INFO] MÓDULO BASE_DADOS: Timeout na ligação pelo utilizador 'admin'.
2026-07-06 14:42:53 [ERROR] MÓDULO CAMARAS: Gravação iniciada por movimento na Câmara_01.
2026-07-06 14:44:12 [CRITICAL] MÓDULO CAMARAS: Falha de armazenamento no DVR_02.
2026-07-06 14:45:39 [WARNING] MÓDULO AUTENTICACAO: Falha na palavra-passe pelo utilizador 'api_gateway'.
2026-07-06 14:46:50 [ERROR] MÓDULO SENSORES: Porta Principal aberta.
2026-07-06 14:47:55 [CRITICAL] MÓDULO SENSORES: Sensor de fumos ativo.
2026-07-06 14:48:58 [WARNING] MÓDULO CAMARAS: Gravação iniciada por movimento na Câmara_01.
2026-07-06 14:49:51 [CRITICAL] MÓDULO BASE_DADOS: Timeout na ligação pelo utilizador 'convidado_01'.
2026-07-06 14:51:02 [ERROR] MÓDULO CAMARAS: Perda de sinal de vídeo na Câmara_04.
2026-07-06 14:52:19 [CRITICAL] MÓDULO BASE_DADOS: Cópia de segurança (Backup) concluída pelo utilizador 'convidado_01'.
2026-07-06 14:53:02 [ERROR] MÓDULO SENSORES: Sensor de fumos ativo.
2026-07-06 14:54:10 [WARNING] MÓDULO BASE_DADOS: Erro de integridade referencial pelo utilizador 'convidado_01'.
2026-07-06 14:55:39 [WARNING] MÓDULO AUTENTICACAO: Sessão expirada pelo utilizador 'admin'.
2026-07-06 14:56:56 [INFO] MÓDULO AUTENTICACAO: Sessão expirada pelo utilizador 'nuno_gomes'.
2026-07-06 14:58:05 [WARNING] MÓDULO CAMARAS: Gravação iniciada por movimento na Câmara_01.
2026-07-06 14:59:12 [ERROR] MÓDULO CAMARAS: Gravação iniciada por movimento na Câmara_01.
2026-07-06 14:59:49 [WARNING] MÓDULO CAMARAS: Falha de armazenamento no DVR_02.
2026-07-06 15:00:55 [INFO] MÓDULO CAMARAS: Perda de sinal de vídeo na Câmara_04.
2026-07-06 15:01:48 [INFO] MÓDULO BASE_DADOS: Query executada com sucesso pelo utilizador 'gestor_seguranca'.
2026-07-06 15:03:01 [ERROR] MÓDULO CAMARAS: Perda de sinal de vídeo na Câmara_04.
2026-07-06 15:03:39 [WARNING] MÓDULO AUTENTICACAO: Sessão expirada pelo utilizador 'api_gateway'.
2026-07-06 15:04:37 [ERROR] MÓDULO BASE_DADOS: Query executada com sucesso pelo utilizador 'api_gateway'.
2026-07-06 15:05:30 [INFO] MÓDULO AUTENTICACAO: Sessão expirada pelo utilizador 'nuno_gomes'.
2026-07-06 15:06:53 [INFO] MÓDULO SENSORES: Porta Principal aberta.
2026-07-06 15:08:10 [INFO] MÓDULO AUTENTICACAO: Login efetuado com sucesso pelo utilizador 'convidado_01'.
2026-07-06 15:09:33 [ERROR] MÓDULO SENSORES: Sensor de fumos ativo.
2026-07-06 15:10:38 [INFO] MÓDULO AUTENTICACAO: Falha na palavra-passe pelo utilizador 'convidado_01'.
2026-07-06 15:11:59 [INFO] MÓDULO SENSORES: Sensor de fumos ativo.
2026-07-06 15:13:19 [WARNING] MÓDULO AUTENTICACAO: Login efetuado com sucesso pelo utilizador 'api_gateway'.
2026-07-06 15:14:21 [CRITICAL] MÓDULO CAMARAS: Gravação iniciada por movimento na Câmara_01.
2026-07-06 15:15:12 [WARNING] MÓDULO AUTENTICACAO: Falha na palavra-passe pelo utilizador 'mauri'.
2026-07-06 15:15:53 [WARNING] MÓDULO AUTENTICACAO: Falha na palavra-passe pelo utilizador 'api_gateway'.
2026-07-06 15:16:54 [INFO] MÓDULO AUTENTICACAO: Tentativa de brute-force bloqueada pelo utilizador 'admin'.
2026-07-06 15:17:51 [WARNING] MÓDULO AUTENTICACAO: Tentativa de brute-force bloqueada pelo utilizador 'convidado_01'.
2026-07-06 15:18:43 [WARNING] MÓDULO SENSORES: Sensor de fumos ativo.
2026-07-06 15:19:49 [INFO] MÓDULO BASE_DADOS: Query executada com sucesso pelo utilizador 'nuno_gomes'.
2026-07-06 15:21:13 [CRITICAL] MÓDULO AUTENTICACAO: Falha na palavra-passe pelo utilizador 'api_gateway'.
2026-07-06 15:22:29 [WARNING] MÓDULO BASE_DADOS: Timeout na ligação pelo utilizador 'admin'.
2026-07-06 15:23:57 [WARNING] MÓDULO AUTENTICACAO: Sessão expirada pelo utilizador 'mauri'.
2026-07-06 15:24:36 [CRITICAL] MÓDULO CAMARAS: Perda de sinal de vídeo na Câmara_04.
2026-07-06 15:25:46 [ERROR] MÓDULO CAMARAS: Perda de sinal de vídeo na Câmara_04.
2026-07-06 15:26:55 [CRITICAL] MÓDULO CAMARAS: Gravação iniciada por movimento na Câmara_01.
2026-07-06 15:27:58 [INFO] MÓDULO CAMARAS: Perda de sinal de vídeo na Câmara_04.
2026-07-06 15:28:48 [CRITICAL] MÓDULO BASE_DADOS: Timeout na ligação pelo utilizador 'api_gateway'.
2026-07-06 15:29:58 [CRITICAL] MÓDULO SENSORES: Sensor de fumos ativo.
2026-07-06 15:31:27 [INFO] MÓDULO CAMARAS: Gravação iniciada por movimento na Câmara_01.
2026-07-06 15:32:05 [INFO] MÓDULO SENSORES: Porta Principal aberta.
2026-07-06 15:33:21 [WARNING] MÓDULO BASE_DADOS: Timeout na ligação pelo utilizador 'mauri'.
2026-07-06 15:34:14 [INFO] MÓDULO SENSORES: Temperatura da Sala de Servidores acima do normal.
2026-07-06 15:34:58 [WARNING] MÓDULO CAMARAS: Perda de sinal de vídeo na Câmara_04.
2026-07-06 15:35:36 [ERROR] MÓDULO CAMARAS: Gravação iniciada por movimento na Câmara_01.
2026-07-06 15:36:37 [INFO] MÓDULO CAMARAS: Perda de sinal de vídeo na Câmara_04.
2026-07-06 15:37:36 [CRITICAL] MÓDULO BASE_DADOS: Erro de integridade referencial pelo utilizador 'gestor_seguranca'.
2026-07-06 15:38:12 [INFO] MÓDULO SENSORES: Porta Principal aberta.
2026-07-06 15:38:45 [WARNING] MÓDULO AUTENTICACAO: Falha na palavra-passe pelo utilizador 'mauri'.
2026-07-06 15:40:11 [WARNING] MÓDULO SENSORES: Temperatura da Sala de Servidores acima do normal.
2026-07-06 15:41:31 [WARNING] MÓDULO CAMARAS: Gravação iniciada por movimento na Câmara_01.
2026-07-06 15:42:23 [INFO] MÓDULO SENSORES: Temperatura da Sala de Servidores acima do normal.
2026-07-06 15:43:28 [WARNING] MÓDULO SENSORES: Movimento detetado no Corredor B.
2026-07-06 15:44:17 [ERROR] MÓDULO CAMARAS: Perda de sinal de vídeo na Câmara_04.
2026-07-06 15:45:13 [WARNING] MÓDULO SENSORES: Sensor de fumos ativo.
2026-07-06 15:46:31 [ERROR] MÓDULO BASE_DADOS: Query executada com sucesso pelo utilizador 'convidado_01'.
2026-07-06 15:47:58 [INFO] MÓDULO AUTENTICACAO: Login efetuado com sucesso pelo utilizador 'ana_silva'.
2026-07-06 15:49:16 [CRITICAL] MÓDULO BASE_DADOS: Erro de integridade referencial pelo utilizador 'mauri'.
2026-07-06 15:50:12 [CRITICAL] MÓDULO SENSORES: Sensor de fumos ativo.
2026-07-06 15:50:54 [WARNING] MÓDULO AUTENTICACAO: Tentativa de brute-force bloqueada pelo utilizador 'gestor_seguranca'.
2026-07-06 15:51:43 [INFO] MÓDULO CAMARAS: Perda de sinal de vídeo na Câmara_04.
2026-07-06 15:53:01 [INFO] MÓDULO CAMARAS: Falha de armazenamento no DVR_02.
2026-07-06 15:54:23 [INFO] MÓDULO AUTENTICACAO: Tentativa de brute-force bloqueada pelo utilizador 'mauri'.
2026-07-06 15:55:24 [ERROR] MÓDULO CAMARAS: Perda de sinal de vídeo na Câmara_04.
2026-07-06 15:56:36 [CRITICAL] MÓDULO SENSORES: Temperatura da Sala de Servidores acima do normal.
2026-07-06 15:58:02 [INFO] MÓDULO BASE_DADOS: Erro de integridade referencial pelo utilizador 'api_gateway'.
2026-07-06 15:58:32 [INFO] MÓDULO AUTENTICACAO: Login efetuado com sucesso pelo utilizador 'gestor_seguranca'.
2026-07-06 15:59:16 [WARNING] MÓDULO CAMARAS: Falha de armazenamento no DVR_02.
2026-07-06 16:00:36 [INFO] MÓDULO SENSORES: Temperatura da Sala de Servidores acima do normal.
2026-07-06 16:02:05 [INFO] MÓDULO SENSORES: Porta Principal aberta.
2026-07-06 16:02:40 [WARNING] MÓDULO BASE_DADOS: Erro de integridade referencial pelo utilizador 'nuno_gomes'.
2026-07-06 16:03:51 [INFO] MÓDULO SENSORES: Movimento detetado no Corredor B.
2026-07-06 16:04:51 [ERROR] MÓDULO CAMARAS: Gravação iniciada por movimento na Câmara_01.
2026-07-06 16:05:27 [CRITICAL] MÓDULO BASE_DADOS: Cópia de segurança (Backup) concluída pelo utilizador 'nuno_gomes'.
2026-07-06 16:05:58 [INFO] MÓDULO AUTENTICACAO: Sessão expirada pelo utilizador 'gestor_seguranca'.
2026-07-06 16:07:22 [INFO] MÓDULO CAMARAS: Gravação iniciada por movimento na Câmara_01.
2026-07-06 16:08:31 [WARNING] MÓDULO AUTENTICACAO: Falha na palavra-passe pelo utilizador 'nuno_gomes'.
2026-07-06 16:09:26 [ERROR] MÓDULO BASE_DADOS: Timeout na ligação pelo utilizador 'admin'.
2026-07-06 16:10:24 [INFO] MÓDULO BASE_DADOS: Cópia de segurança (Backup) concluída pelo utilizador 'nuno_gomes'.
2026-07-06 16:11:13 [WARNING] MÓDULO SENSORES: Movimento detetado no Corredor B.
2026-07-06 16:12:36 [INFO] MÓDULO BASE_DADOS: Query executada com sucesso pelo utilizador 'mauri'.
2026-07-06 16:13:43 [ERROR] MÓDULO AUTENTICACAO: Tentativa de brute-force bloqueada pelo utilizador 'api_gateway'.
2026-07-06 16:15:07 [CRITICAL] MÓDULO AUTENTICACAO: Login efetuado com sucesso pelo utilizador 'ana_silva'.
2026-07-06 16:15:39 [INFO] MÓDULO AUTENTICACAO: Sessão expirada pelo utilizador 'nuno_gomes'.
2026-07-06 16:16:25 [ERROR] MÓDULO SENSORES: Temperatura da Sala de Servidores acima do normal.
2026-07-06 16:17:20 [INFO] MÓDULO SENSORES: Movimento detetado no Corredor B.
2026-07-06 16:18:04 [ERROR] MÓDULO CAMARAS: Gravação iniciada por movimento na Câmara_01.
2026-07-06 16:18:51 [INFO] MÓDULO BASE_DADOS: Timeout na ligação pelo utilizador 'admin'.
2026-07-06 16:19:23 [ERROR] MÓDULO AUTENTICACAO: Falha na palavra-passe pelo utilizador 'mauri'.
2026-07-06 16:20:33 [INFO] MÓDULO CAMARAS: Falha de armazenamento no DVR_02.
2026-07-06 16:21:20 [CRITICAL] MÓDULO SENSORES: Porta Principal aberta.
2026-07-06 16:22:12 [WARNING] MÓDULO SENSORES: Temperatura da Sala de Servidores acima do normal.
2026-07-06 16:23:02 [INFO] MÓDULO BASE_DADOS: Query executada com sucesso pelo utilizador 'admin'.
2026-07-06 16:23:52 [INFO] MÓDULO CAMARAS: Gravação iniciada por movimento na Câmara_01.
2026-07-06 16:24:51 [INFO] MÓDULO BASE_DADOS: Query executada com sucesso pelo utilizador 'gestor_seguranca'.
2026-07-06 16:25:52 [INFO] MÓDULO AUTENTICACAO: Tentativa de brute-force bloqueada pelo utilizador 'gestor_seguranca'.
2026-07-06 16:27:02 [INFO] MÓDULO CAMARAS: Gravação iniciada por movimento na Câmara_01.
2026-07-06 16:27:57 [INFO] MÓDULO AUTENTICACAO: Sessão expirada pelo utilizador 'api_gateway'.
2026-07-06 16:29:23 [ERROR] MÓDULO CAMARAS: Perda de sinal de vídeo na Câmara_04.
2026-07-06 16:30:15 [ERROR] MÓDULO AUTENTICACAO: Sessão expirada pelo utilizador 'mauri'.
2026-07-06 16:31:39 [WARNING] MÓDULO BASE_DADOS: Cópia de segurança (Backup) concluída pelo utilizador 'mauri'.
2026-07-06 16:32:52 [ERROR] MÓDULO BASE_DADOS: Erro de integridade referencial pelo utilizador 'admin'.
2026-07-06 16:33:55 [CRITICAL] MÓDULO CAMARAS: Gravação iniciada por movimento na Câmara_01.
2026-07-06 16:35:20 [INFO] MÓDULO BASE_DADOS: Cópia de segurança (Backup) concluída pelo utilizador 'mauri'.
2026-07-06 16:35:50 [WARNING] MÓDULO BASE_DADOS: Query executada com sucesso pelo utilizador 'admin'.
2026-07-06 16:37:06 [ERROR] MÓDULO BASE_DADOS: Timeout na ligação pelo utilizador 'ana_silva'.
2026-07-06 16:38:31 [WARNING] MÓDULO CAMARAS: Perda de sinal de vídeo na Câmara_04.
2026-07-06 16:39:19 [CRITICAL] MÓDULO CAMARAS: Gravação iniciada por movimento na Câmara_01.
2026-07-06 16:40:23 [ERROR] MÓDULO CAMARAS: Falha de armazenamento no DVR_02.
2026-07-06 16:41:36 [CRITICAL] MÓDULO AUTENTICACAO: Tentativa de brute-force bloqueada pelo utilizador 'gestor_seguranca'.
2026-07-06 16:42:55 [INFO] MÓDULO AUTENTICACAO: Login efetuado com sucesso pelo utilizador 'mauri'.
2026-07-06 16:43:36 [WARNING] MÓDULO AUTENTICACAO: Tentativa de brute-force bloqueada pelo utilizador 'gestor_seguranca'.
2026-07-06 16:44:31 [INFO] MÓDULO CAMARAS: Falha de armazenamento no DVR_02.
2026-07-06 16:45:05 [CRITICAL] MÓDULO CAMARAS: Gravação iniciada por movimento na Câmara_01.
2026-07-06 16:46:06 [ERROR] MÓDULO AUTENTICACAO: Falha na palavra-passe pelo utilizador 'convidado_01'.
2026-07-06 16:47:35 [INFO] MÓDULO SENSORES: Movimento detetado no Corredor B.
2026-07-06 16:48:05 [INFO] MÓDULO CAMARAS: Falha de armazenamento no DVR_02.
2026-07-06 16:49:09 [WARNING] MÓDULO CAMARAS: Gravação iniciada por movimento na Câmara_01.
2026-07-06 16:49:44 [ERROR] MÓDULO CAMARAS: Perda de sinal de vídeo na Câmara_04.
2026-07-06 16:50:43 [CRITICAL] MÓDULO BASE_DADOS: Query executada com sucesso pelo utilizador 'gestor_seguranca'.
2026-07-06 16:51:56 [INFO] MÓDULO AUTENTICACAO: Tentativa de brute-force bloqueada pelo utilizador 'gestor_seguranca'.
2026-07-06 16:53:08 [INFO] MÓDULO SENSORES: Temperatura da Sala de Servidores acima do normal.
2026-07-06 16:53:47 [CRITICAL] MÓDULO BASE_DADOS: Cópia de segurança (Backup) concluída pelo utilizador 'admin'.
2026-07-06 16:54:24 [ERROR] MÓDULO SENSORES: Porta Principal aberta.
2026-07-06 16:55:06 [WARNING] MÓDULO SENSORES: Movimento detetado no Corredor B.
2026-07-06 16:56:21 [WARNING] MÓDULO CAMARAS: Perda de sinal de vídeo na Câmara_04.
2026-07-06 16:57:42 [INFO] MÓDULO BASE_DADOS: Cópia de segurança (Backup) concluída pelo utilizador 'admin'.
2026-07-06 16:59:02 [CRITICAL] MÓDULO CAMARAS: Falha de armazenamento no DVR_02.
2026-07-06 16:59:52 [WARNING] MÓDULO CAMARAS: Gravação iniciada por movimento na Câmara_01.
2026-07-06 17:01:19 [CRITICAL] MÓDULO SENSORES: Movimento detetado no Corredor B.
2026-07-06 17:02:33 [INFO] MÓDULO SENSORES: Movimento detetado no Corredor B.
2026-07-06 17:03:43 [INFO] MÓDULO SENSORES: Sensor de fumos ativo.
2026-07-06 17:04:34 [WARNING] MÓDULO AUTENTICACAO: Falha na palavra-passe pelo utilizador 'admin'.
2026-07-06 17:05:53 [INFO] MÓDULO CAMARAS: Gravação iniciada por movimento na Câmara_01.
2026-07-06 17:07:09 [INFO] MÓDULO BASE_DADOS: Erro de integridade referencial pelo utilizador 'api_gateway'.
2026-07-06 17:08:14 [CRITICAL] MÓDULO AUTENTICACAO: Falha na palavra-passe pelo utilizador 'api_gateway'.
2026-07-06 17:09:44 [ERROR] MÓDULO BASE_DADOS: Cópia de segurança (Backup) concluída pelo utilizador 'ana_silva'.
2026-07-06 17:11:01 [INFO] MÓDULO AUTENTICACAO: Login efetuado com sucesso pelo utilizador 'gestor_seguranca'.
2026-07-06 17:11:55 [INFO] MÓDULO AUTENTICACAO: Tentativa de brute-force bloqueada pelo utilizador 'convidado_01'.
2026-07-06 17:12:56 [CRITICAL] MÓDULO BASE_DADOS: Timeout na ligação pelo utilizador 'api_gateway'.
2026-07-06 17:14:26 [INFO] MÓDULO CAMARAS: Perda de sinal de vídeo na Câmara_04.
2026-07-06 17:15:05 [INFO] MÓDULO SENSORES: Movimento detetado no Corredor B.
2026-07-06 17:16:13 [INFO] MÓDULO CAMARAS: Gravação iniciada por movimento na Câmara_01.
2026-07-06 17:17:30 [WARNING] MÓDULO BASE_DADOS: Cópia de segurança (Backup) concluída pelo utilizador 'nuno_gomes'.
2026-07-06 17:18:39 [WARNING] MÓDULO SENSORES: Porta Principal aberta.
2026-07-06 17:19:20 [ERROR] MÓDULO SENSORES: Porta Principal aberta.
2026-07-06 17:20:01 [INFO] MÓDULO BASE_DADOS: Timeout na ligação pelo utilizador 'gestor_seguranca'.
2026-07-06 17:21:03 [INFO] MÓDULO CAMARAS: Perda de sinal de vídeo na Câmara_04.
2026-07-06 17:22:19 [ERROR] MÓDULO CAMARAS: Perda de sinal de vídeo na Câmara_04.
2026-07-06 17:23:48 [WARNING] MÓDULO SENSORES: Sensor de fumos ativo.
2026-07-06 17:24:48 [INFO] MÓDULO SENSORES: Temperatura da Sala de Servidores acima do normal.
2026-07-06 17:25:57 [INFO] MÓDULO AUTENTICACAO: Login efetuado com sucesso pelo utilizador 'mauri'.
2026-07-06 17:27:00 [INFO] MÓDULO BASE_DADOS: Query executada com sucesso pelo utilizador 'nuno_gomes'.
2026-07-06 17:27:49 [ERROR] MÓDULO AUTENTICACAO: Tentativa de brute-force bloqueada pelo utilizador 'api_gateway'.
2026-07-06 17:28:41 [CRITICAL] MÓDULO SENSORES: Porta Principal aberta.
2026-07-06 17:29:22 [INFO] MÓDULO BASE_DADOS: Timeout na ligação pelo utilizador 'gestor_seguranca'.
2026-07-06 17:30:47 [ERROR] MÓDULO SENSORES: Movimento detetado no Corredor B.
2026-07-06 17:32:08 [INFO] MÓDULO BASE_DADOS: Erro de integridade referencial pelo utilizador 'mauri'.
2026-07-06 17:33:06 [INFO] MÓDULO CAMARAS: Falha de armazenamento no DVR_02.
2026-07-06 17:33:50 [WARNING] MÓDULO BASE_DADOS: Query executada com sucesso pelo utilizador 'mauri'.
2026-07-06 17:34:43 [INFO] MÓDULO SENSORES: Porta Principal aberta.
2026-07-06 17:35:45 [WARNING] MÓDULO BASE_DADOS: Timeout na ligação pelo utilizador 'nuno_gomes'.
2026-07-06 17:37:12 [CRITICAL] MÓDULO CAMARAS: Falha de armazenamento no DVR_02.
2026-07-06 17:38:33 [CRITICAL] MÓDULO AUTENTICACAO: Sessão expirada pelo utilizador 'api_gateway'.
2026-07-06 17:39:44 [CRITICAL] MÓDULO SENSORES: Sensor de fumos ativo.
2026-07-06 17:41:08 [CRITICAL] MÓDULO AUTENTICACAO: Falha na palavra-passe pelo utilizador 'ana_silva'.
2026-07-06 17:42:32 [INFO] MÓDULO AUTENTICACAO: Login efetuado com sucesso pelo utilizador 'convidado_01'.
2026-07-06 17:44:01 [ERROR] MÓDULO AUTENTICACAO: Login efetuado com sucesso pelo utilizador 'mauri'.
2026-07-06 17:45:01 [CRITICAL] MÓDULO CAMARAS: Falha de armazenamento no DVR_02.
2026-07-06 17:45:51 [CRITICAL] MÓDULO AUTENTICACAO: Falha na palavra-passe pelo utilizador 'nuno_gomes'.
2026-07-06 17:46:35 [INFO] MÓDULO SENSORES: Porta Principal aberta.
2026-07-06 17:47:17 [ERROR] MÓDULO CAMARAS: Falha de armazenamento no DVR_02.
2026-07-06 17:47:50 [CRITICAL] MÓDULO BASE_DADOS: Erro de integridade referencial pelo utilizador 'ana_silva'.
2026-07-06 17:48:59 [ERROR] MÓDULO AUTENTICACAO: Login efetuado com sucesso pelo utilizador 'nuno_gomes'.
2026-07-06 17:50:00 [ERROR] MÓDULO CAMARAS: Perda de sinal de vídeo na Câmara_04.
2026-07-06 17:51:04 [INFO] MÓDULO CAMARAS: Perda de sinal de vídeo na Câmara_04.
2026-07-06 17:51:42 [CRITICAL] MÓDULO CAMARAS: Falha de armazenamento no DVR_02.
2026-07-06 17:52:53 [INFO] MÓDULO SENSORES: Temperatura da Sala de Servidores acima do normal.
2026-07-06 17:54:13 [INFO] MÓDULO BASE_DADOS: Query executada com sucesso pelo utilizador 'convidado_01'.
2026-07-06 17:55:00 [INFO] MÓDULO CAMARAS: Perda de sinal de vídeo na Câmara_04.
2026-07-06 17:56:25 [WARNING] MÓDULO BASE_DADOS: Timeout na ligação pelo utilizador 'mauri'.
2026-07-06 17:57:06 [ERROR] MÓDULO BASE_DADOS: Timeout na ligação pelo utilizador 'ana_silva'.
2026-07-06 17:58:35 [ERROR] MÓDULO SENSORES: Movimento detetado no Corredor B.
2026-07-06 17:59:44 [CRITICAL] MÓDULO AUTENTICACAO: Tentativa de brute-force bloqueada pelo utilizador 'admin'.
2026-07-06 18:00:52 [INFO] MÓDULO SENSORES: Movimento detetado no Corredor B.
2026-07-06 18:01:26 [WARNING] MÓDULO CAMARAS: Gravação iniciada por movimento na Câmara_01.
2026-07-06 18:02:29 [CRITICAL] MÓDULO SENSORES: Temperatura da Sala de Servidores acima do normal.
2026-07-06 18:03:46 [INFO] MÓDULO AUTENTICACAO: Falha na palavra-passe pelo utilizador 'ana_silva'.
2026-07-06 18:04:47 [INFO] MÓDULO AUTENTICACAO: Falha na palavra-passe pelo utilizador 'nuno_gomes'.
2026-07-06 18:05:22 [ERROR] MÓDULO SENSORES: Porta Principal aberta.
2026-07-06 18:06:02 [INFO] MÓDULO BASE_DADOS: Cópia de segurança (Backup) concluída pelo utilizador 'convidado_01'.
2026-07-06 18:07:26 [CRITICAL] MÓDULO CAMARAS: Perda de sinal de vídeo na Câmara_04.
2026-07-06 18:08:01 [INFO] MÓDULO SENSORES: Temperatura da Sala de Servidores acima do normal.
2026-07-06 18:08:40 [INFO] MÓDULO AUTENTICACAO: Login efetuado com sucesso pelo utilizador 'admin'.
2026-07-06 18:09:31 [INFO] MÓDULO CAMARAS: Gravação iniciada por movimento na Câmara_01.
2026-07-06 18:10:53 [INFO] MÓDULO SENSORES: Temperatura da Sala de Servidores acima do normal.
2026-07-06 18:11:48 [INFO] MÓDULO AUTENTICACAO: Sessão expirada pelo utilizador 'gestor_seguranca'.
2026-07-06 18:12:37 [INFO] MÓDULO AUTENTICACAO: Falha na palavra-passe pelo utilizador 'nuno_gomes'.
2026-07-06 18:13:40 [ERROR] MÓDULO CAMARAS: Perda de sinal de vídeo na Câmara_04.
2026-07-06 18:14:40 [INFO] MÓDULO SENSORES: Temperatura da Sala de Servidores acima do normal.
2026-07-06 18:15:16 [CRITICAL] MÓDULO CAMARAS: Falha de armazenamento no DVR_02.
2026-07-06 18:16:19 [INFO] MÓDULO CAMARAS: Gravação iniciada por movimento na Câmara_01.
2026-07-06 18:16:53 [WARNING] MÓDULO AUTENTICACAO: Login efetuado com sucesso pelo utilizador 'admin'.
2026-07-06 18:17:42 [ERROR] MÓDULO CAMARAS: Perda de sinal de vídeo na Câmara_04.
2026-07-06 18:19:10 [INFO] MÓDULO CAMARAS: Gravação iniciada por movimento na Câmara_01.
2026-07-06 18:20:08 [ERROR] MÓDULO BASE_DADOS: Timeout na ligação pelo utilizador 'nuno_gomes'.
2026-07-06 18:20:53 [INFO] MÓDULO CAMARAS: Gravação iniciada por movimento na Câmara_01.
2026-07-06 18:21:47 [WARNING] MÓDULO SENSORES: Sensor de fumos ativo.
2026-07-06 18:22:25 [WARNING] MÓDULO BASE_DADOS: Erro de integridade referencial pelo utilizador 'admin'.
2026-07-06 18:23:01 [ERROR] MÓDULO SENSORES: Sensor de fumos ativo.
2026-07-06 18:23:31 [WARNING] MÓDULO SENSORES: Movimento detetado no Corredor B.
2026-07-06 18:24:01 [CRITICAL] MÓDULO CAMARAS: Perda de sinal de vídeo na Câmara_04.
2026-07-06 18:24:58 [WARNING] MÓDULO AUTENTICACAO: Tentativa de brute-force bloqueada pelo utilizador 'admin'.
2026-07-06 18:26:02 [INFO] MÓDULO SENSORES: Porta Principal aberta.
2026-07-06 18:27:09 [INFO] MÓDULO BASE_DADOS: Cópia de segurança (Backup) concluída pelo utilizador 'nuno_gomes'.
2026-07-06 18:28:22 [ERROR] MÓDULO AUTENTICACAO: Falha na palavra-passe pelo utilizador 'admin'.
2026-07-06 18:28:57 [CRITICAL] MÓDULO AUTENTICACAO: Falha na palavra-passe pelo utilizador 'convidado_01'.
2026-07-06 18:29:31 [INFO] MÓDULO AUTENTICACAO: Sessão expirada pelo utilizador 'api_gateway'.
2026-07-06 18:30:49 [INFO] MÓDULO AUTENTICACAO: Falha na palavra-passe pelo utilizador 'gestor_seguranca'.
2026-06-29 20:52:37 [INFO] MÓDULO BASE_DADOS: Cópia de segurança (Backup) concluída pelo utilizador 'nuno_gomes'.

2026-06-29 20:56:12 [INFO] MÓDULO AUTENTICACAO: Tentativa de brute-force bloqueada pelo utilizador 'nuno_gomes'.

2026-06-29 21:17:22 [INFO] MÓDULO BASE_DADOS: Erro de integridade referencial pelo utilizador 'nuno_gomes'.

2026-06-29 21:24:24 [INFO] MÓDULO BASE_DADOS: Cópia de segurança (Backup) concluída pelo utilizador 'nuno_gomes'.

2026-06-29 22:06:52 [ERROR] MÓDULO BASE_DADOS: Cópia de segurança (Backup) concluída pelo utilizador 'nuno_gomes'.

2026-06-29 22:09:19 [WARNING] MÓDULO BASE_DADOS: Erro de integridade referencial pelo utilizador 'nuno_gomes'.

2026-06-29 23:18:35 [ERROR] MÓDULO AUTENTICACAO: Login efetuado com sucesso pelo utilizador 'nuno_gomes'.

2026-06-29 23:44:26 [WARNING] MÓDULO BASE_DADOS: Erro de integridade referencial pelo utilizador 'nuno_gomes'.

2026-06-29 23:46:49 [ERROR] MÓDULO AUTENTICACAO: Login efetuado com sucesso pelo utilizador 'nuno_gomes'.

2026-06-29 23:52:16 [CRITICAL] MÓDULO BASE_DADOS: Erro de integridade referencial pelo utilizador 'nuno_gomes'.

2026-07-01 18:00:09 [INFO] MÓDULO AUTENTICACAO: Tentativa de brute-force bloqueada pelo utilizador 'nuno_gomes'.

2026-07-01 18:02:45 [INFO] MÓDULO BASE_DADOS: Erro de integridade referencial pelo utilizador 'nuno_gomes'.

2026-07-02 02:43:30 [ERROR] MÓDULO AUTENTICACAO: Tentativa de brute-force bloqueada pelo utilizador 'nuno_gomes'.

2026-07-03 03:13:33 [INFO] MÓDULO BASE_DADOS: Cópia de segurança (Backup) concluída pelo utilizador 'nuno_gomes'.
2026-06-29 21:06:05 [INFO] MÓDULO BASE_DADOS: Erro de integridade referencial pelo utilizador 'mauri'.

2026-06-29 21:11:01 [CRITICAL] MÓDULO AUTENTICACAO: Falha na palavra-passe pelo utilizador 'mauri'.

2026-06-29 21:25:52 [INFO] MÓDULO BASE_DADOS: Erro de integridade referencial pelo utilizador 'mauri'.

2026-06-29 21:49:09 [INFO] MÓDULO AUTENTICACAO: Tentativa de brute-force bloqueada pelo utilizador 'mauri'.

2026-06-29 21:53:31 [WARNING] MÓDULO BASE_DADOS: Cópia de segurança (Backup) concluída pelo utilizador 'mauri'.

2026-06-29 21:56:31 [INFO] MÓDULO AUTENTICACAO: Sessão expirada pelo utilizador 'mauri'.

2026-06-29 22:01:52 [CRITICAL] MÓDULO AUTENTICACAO: Sessão expirada pelo utilizador 'mauri'.

2026-06-29 22:12:21 [INFO] MÓDULO AUTENTICACAO: Falha na palavra-passe pelo utilizador 'mauri'.

2026-06-29 22:18:21 [INFO] MÓDULO AUTENTICACAO: Sessão expirada pelo utilizador 'mauri'.

2026-06-29 22:21:13 [ERROR] MÓDULO BASE_DADOS: Timeout na ligação pelo utilizador 'mauri'.

2026-06-29 22:25:33 [INFO] MÓDULO BASE_DADOS: Cópia de segurança (Backup) concluída pelo utilizador 'mauri'.

2026-06-29 22:27:08 [WARNING] MÓDULO AUTENTICACAO: Tentativa de brute-force bloqueada pelo utilizador 'mauri'.

2026-06-29 22:32:02 [ERROR] MÓDULO AUTENTICACAO: Login efetuado com sucesso pelo utilizador 'mauri'.

2026-06-29 22:36:06 [ERROR] MÓDULO AUTENTICACAO: Sessão expirada pelo utilizador 'mauri'.

2026-06-29 22:38:58 [CRITICAL] MÓDULO AUTENTICACAO: Sessão expirada pelo utilizador 'mauri'.

2026-06-29 22:51:09 [INFO] MÓDULO AUTENTICACAO: Tentativa de brute-force bloqueada pelo utilizador 'mauri'.

2026-06-29 22:54:38 [WARNING] MÓDULO BASE_DADOS: Query executada com sucesso pelo utilizador 'mauri'.

2026-06-29 22:56:34 [INFO] MÓDULO BASE_DADOS: Erro de integridade referencial pelo utilizador 'mauri'.

2026-06-29 23:03:34 [INFO] MÓDULO AUTENTICACAO: Tentativa de brute-force bloqueada pelo utilizador 'mauri'.

2026-06-29 23:05:43 [INFO] MÓDULO BASE_DADOS: Erro de integridade referencial pelo utilizador 'mauri'.

2026-06-29 23:15:26 [CRITICAL] MÓDULO AUTENTICACAO: Tentativa de brute-force bloqueada pelo utilizador 'mauri'.

2026-06-29 23:17:28 [ERROR] MÓDULO AUTENTICACAO: Tentativa de brute-force bloqueada pelo utilizador 'mauri'.

2026-06-29 23:26:40 [CRITICAL] MÓDULO AUTENTICACAO: Login efetuado com sucesso pelo utilizador 'mauri'.

2026-06-29 23:45:58 [ERROR] MÓDULO BASE_DADOS: Erro de integridade referencial pelo utilizador 'mauri'.

2026-06-29 23:42:03 [INFO] MÓDULO AUTENTICACAO: Tentativa de brute-force bloqueada pelo utilizador 'mauri'.

2026-06-30 00:07:45 [CRITICAL] MÓDULO AUTENTICACAO: Falha na palavra-passe pelo utilizador 'mauri'.

2026-06-30 00:26:32 [INFO] MÓDULO AUTENTICACAO: Login efetuado com sucesso pelo utilizador 'mauri'.

2026-06-30 00:27:24 [ERROR] MÓDULO BASE_DADOS: Cópia de segurança (Backup) concluída pelo utilizador 'mauri'.

2026-07-03 18:52:15 [INFO] MÓDULO BASE_DADOS: Query executada com sucesso pelo utilizador 'mauri'.

3. Utilizador: ana_silva
2026-06-29 21:03:19 [INFO] MÓDULO BASE_DADOS: Query executada com sucesso pelo utilizador 'ana_silva'.

2026-06-29 21:21:43 [INFO] MÓDULO AUTENTICACAO: Tentativa de brute-force bloqueada pelo utilizador 'ana_silva'.

2026-06-29 21:28:28 [INFO] MÓDULO BASE_DADOS: Query executada com sucesso pelo utilizador 'ana_silva'.

2026-06-29 21:33:31 [CRITICAL] MÓDULO BASE_DADOS: Erro de integridade referencial pelo utilizador 'ana_silva'.

2026-06-29 21:36:23 [CRITICAL] MÓDULO BASE_DADOS: Erro de integridade referencial pelo utilizador 'ana_silva'.

2026-06-29 21:45:34 [INFO] MÓDULO BASE_DADOS: Erro de integridade referencial pelo utilizador 'ana_silva'.

2026-06-29 22:37:17 [INFO] MÓDULO BASE_DADOS: Cópia de segurança (Backup) concluída pelo utilizador 'ana_silva'.

2026-06-29 22:58:37 [INFO] MÓDULO BASE_DADOS: Erro de integridade referencial pelo utilizador 'ana_silva'.

2026-06-29 23:43:16 [ERROR] MÓDULO BASE_DADOS: Query executada com sucesso pelo utilizador 'ana_silva'.

2026-06-29 23:48:15 [CRITICAL] MÓDULO BASE_DADOS: Erro de integridade referencial pelo utilizador 'ana_silva'.

2026-06-29 23:56:59 [CRITICAL] MÓDULO BASE_DADOS: Cópia de segurança (Backup) concluída pelo utilizador 'ana_silva'.

2026-06-29 23:59:24 [ERROR] MÓDULO AUTENTICACAO: Falha na palavra-passe pelo utilizador 'ana_silva'.

2026-06-30 00:13:38 [INFO] MÓDULO BASE_DADOS: Erro de integridade referencial pelo utilizador 'ana_silva'.

2026-06-30 00:18:27 [ERROR] MÓDULO AUTENTICACAO: Sessão expirada pelo utilizador 'ana_silva'.

2026-07-02 09:35:50 [CRITICAL] MÓDULO BASE_DADOS: Cópia de segurança (Backup) concluída pelo utilizador 'ana_silva'.
2026-06-29 21:09:23 [INFO] MÓDULO AUTENTICACAO: Sessão expirada pelo utilizador 'gestor_seguranca'.

2026-06-29 21:22:29 [INFO] MÓDULO AUTENTICACAO: Falha na palavra-passe pelo utilizador 'gestor_seguranca'.

2026-06-29 21:23:48 [WARNING] MÓDULO AUTENTICACAO: Tentativa de brute-force bloqueada pelo utilizador 'gestor_seguranca'.

2026-06-29 21:34:06 [CRITICAL] MÓDULO BASE_DADOS: Query executada com sucesso pelo utilizador 'gestor_seguranca'.

2026-06-29 21:39:53 [INFO] MÓDULO AUTENTICACAO: Tentativa de brute-force bloqueada pelo utilizador 'gestor_seguranca'.

2026-06-29 22:12:52 [WARNING] MÓDULO AUTENTICACAO: Falha na palavra-passe pelo utilizador 'gestor_seguranca'.

2026-06-29 22:46:22 [INFO] MÓDULO BASE_DADOS: Erro de integridade referencial pelo utilizador 'gestor_seguranca'.

2026-06-29 22:55:35 [WARNING] MÓDULO BASE_DADOS: Query executada com sucesso pelo utilizador 'gestor_seguranca'.

2026-06-29 23:11:23 [CRITICAL] MÓDULO AUTENTICACAO: Login efetuado com sucesso pelo utilizador 'gestor_seguranca'.

2026-06-29 23:16:30 [CRITICAL] MÓDULO AUTENTICACAO: Sessão expirada pelo utilizador 'gestor_seguranca'.

2026-06-29 23:19:47 [WARNING] MÓDULO BASE_DADOS: Erro de integridade referencial pelo utilizador 'gestor_seguranca'.

2026-06-29 23:34:18 [ERROR] MÓDULO BASE_DADOS: Query executada com sucesso pelo utilizador 'gestor_seguranca'.

2026-06-29 23:43:52 [WARNING] MÓDULO AUTENTICACAO: Sessão expirada pelo utilizador 'gestor_seguranca'.

2026-06-29 23:59:58 [INFO] MÓDULO AUTENTICACAO: Login efetuado com sucesso pelo utilizador 'gestor_seguranca'.

2026-06-30 00:01:42 [INFO] MÓDULO AUTENTICACAO: Falha na palavra-passe pelo utilizador 'gestor_seguranca'.

2026-06-30 00:19:46 [INFO] MÓDULO BASE_DADOS: Timeout na ligação pelo utilizador 'gestor_seguranca'.

2026-06-30 00:22:41 [WARNING] MÓDULO AUTENTICACAO: Login efetuado com sucesso pelo utilizador 'gestor_seguranca'.

2026-07-01 02:15:39 [WARNING] MÓDULO AUTENTICACAO: Falha na palavra-passe pelo utilizador 'gestor_seguranca'.

2026-07-01 05:45:22 [WARNING] MÓDULO AUTENTICACAO: Sessão expirada pelo utilizador 'gestor_seguranca'.

2026-07-03 13:41:13 [ERROR] MÓDULO BASE_DADOS: Erro de integridade referencial pelo utilizador 'gestor_seguranca'.

2026-07-03 15:18:22 [CRITICAL] MÓDULO AUTENTICACAO: Falha na palavra-passe pelo utilizador 'gestor_seguranca'.

2026-07-04 06:56:15 [INFO] MÓDULO BASE_DADOS: Query executada com sucesso pelo utilizador 'gestor_seguranca'.
2026-06-29 21:04:02 [INFO] MÓDULO BASE_DADOS: Timeout na ligação pelo utilizador 'convidado_01'.

2026-06-29 21:04:37 [CRITICAL] MÓDULO AUTENTICACAO: Login efetuado com sucesso pelo utilizador 'convidado_01'.

2026-06-29 21:18:22 [INFO] MÓDULO BASE_DADOS: Cópia de segurança (Backup) concluída pelo utilizador 'convidado_01'.

2026-06-29 22:20:33 [ERROR] MÓDULO BASE_DADOS: Erro de integridade referencial pelo utilizador 'convidado_01'.

2026-06-29 22:42:59 [CRITICAL] MÓDULO BASE_DADOS: Query executada com sucesso pelo utilizador 'convidado_01'.

2026-06-29 22:49:04 [CRITICAL] MÓDULO AUTENTICACAO: Falha na palavra-passe pelo utilizador 'convidado_01'.

2026-06-29 22:59:38 [CRITICAL] MÓDULO BASE_DADOS: Erro de integridade referencial pelo utilizador 'convidado_01'.

2026-06-29 23:27:15 [INFO] MÓDULO BASE_DADOS: Query executada com sucesso pelo utilizador 'convidado_01'.

2026-06-29 23:28:27 [WARNING] MÓDULO BASE_DADOS: Erro de integridade referencial pelo utilizador 'convidado_01'.

2026-06-29 23:29:54 [WARNING] MÓDULO BASE_DADOS: Timeout na ligação pelo utilizador 'convidado_01'.

2026-06-29 23:36:32 [CRITICAL] MÓDULO BASE_DADOS: Cópia de segurança (Backup) concluída pelo utilizador 'convidado_01'.

2026-06-29 23:40:41 [INFO] MÓDULO BASE_DADOS: Timeout na ligação pelo utilizador 'convidado_01'.

2026-06-30 00:04:33 [WARNING] MÓDULO AUTENTICACAO: Falha na palavra-passe pelo utilizador 'convidado_01'.

2026-06-30 00:09:03 [WARNING] MÓDULO BASE_DADOS: Timeout na ligação pelo utilizador 'convidado_01'.

2026-06-30 00:20:50 [CRITICAL] MÓDULO AUTENTICACAO: Tentativa de brute-force bloqueada pelo utilizador 'convidado_01'.

2026-07-01 19:40:30 [INFO] MÓDULO AUTENTICACAO: Sessão expirada pelo utilizador 'convidado_01'.

2026-07-03 13:37:22 [ERROR] MÓDULO AUTENTICACAO: Tentativa de brute-force bloqueada pelo utilizador 'convidado_01'.

2026-07-03 13:38:17 [WARNING] MÓDULO BASE_DADOS: Erro de integridade referencial pelo utilizador 'convidado_01'.

2026-07-04 22:52:00 [WARNING] MÓDULO AUTENTICACAO: Login efetuado com sucesso pelo utilizador 'convidado_01'.
2026-06-29 20:55:19 [INFO] MÓDULO AUTENTICACAO: Falha na palavra-passe pelo utilizador 'admin'.

2026-06-29 21:06:35 [ERROR] MÓDULO AUTENTICACAO: Sessão expirada pelo utilizador 'admin'.

2026-06-29 21:27:54 [WARNING] MÓDULO AUTENTICACAO: Falha na palavra-passe pelo utilizador 'admin'.

2026-06-29 22:13:39 [INFO] MÓDULO BASE_DADOS: Query executada com sucesso pelo utilizador 'admin'.

2026-06-29 22:26:05 [INFO] MÓDULO BASE_DADOS: Erro de integridade referencial pelo utilizador 'admin'.

2026-06-29 22:39:59 [CRITICAL] MÓDULO BASE_DADOS: Query executada com sucesso pelo utilizador 'admin'.

2026-06-29 22:45:50 [INFO] MÓDULO BASE_DADOS: Query executada com sucesso pelo utilizador 'admin'.

2026-06-29 23:06:32 [INFO] MÓDULO AUTENTICACAO: Login efetuado com sucesso pelo utilizador 'admin'.

2026-06-29 23:09:25 [INFO] MÓDULO BASE_DADOS: Timeout na ligação pelo utilizador 'admin'.

2026-06-29 23:13:09 [CRITICAL] MÓDULO AUTENTICACAO: Login efetuado com sucesso pelo utilizador 'admin'.

2026-06-30 00:14:31 [INFO] MÓDULO BASE_DADOS: Erro de integridade referencial pelo utilizador 'admin'.

2026-06-30 00:25:03 [WARNING] MÓDULO BASE_DADOS: Cópia de segurança (Backup) concluída pelo utilizador 'admin'.

2026-07-03 18:53:50 [INFO] MÓDULO BASE_DADOS: Timeout na ligação pelo utilizador 'admin'.

2026-07-06 09:28:44 [CRITICAL] MÓDULO BASE_DADOS: Erro de integridade referencial pelo utilizador 'admin'.
2026-06-29 21:15:02 [ERROR] MÓDULO BASE_DADOS: Query executada com sucesso pelo utilizador 'api_gateway'.

2026-06-29 21:29:47 [INFO] MÓDULO AUTENTICACAO: Tentativa de brute-force bloqueada pelo utilizador 'api_gateway'.

2026-06-29 21:30:56 [CRITICAL] MÓDULO BASE_DADOS: Erro de integridade referencial pelo utilizador 'api_gateway'.

2026-06-29 21:42:01 [CRITICAL] MÓDULO AUTENTICACAO: Login efetuado com sucesso pelo utilizador 'api_gateway'.

2026-06-29 21:49:52 [INFO] MÓDULO AUTENTICACAO: Tentativa de brute-force bloqueada pelo utilizador 'api_gateway'.

2026-06-29 22:02:30 [WARNING] MÓDULO AUTENTICACAO: Tentativa de brute-force bloqueada pelo utilizador 'api_gateway'.

2026-06-29 22:19:23 [ERROR] MÓDULO BASE_DADOS: Erro de integridade referencial pelo utilizador 'api_gateway'.

2026-06-29 22:29:20 [WARNING] MÓDULO AUTENTICACAO: Falha na palavra-passe pelo utilizador 'api_gateway'.

2026-06-29 22:44:21 [INFO] MÓDULO AUTENTICACAO: Tentativa de brute-force bloqueada pelo utilizador 'api_gateway'.

2026-06-29 22:48:00 [CRITICAL] MÓDULO AUTENTICACAO: Falha na palavra-passe pelo utilizador 'api_gateway'.

2026-06-29 23:00:55 [ERROR] MÓDULO AUTENTICACAO: Login efetuado com sucesso pelo utilizador 'api_gateway'.

2026-06-29 23:04:20 [WARNING] MÓDULO BASE_DADOS: Query executada com sucesso pelo utilizador 'api_gateway'.

2026-06-29 23:12:32 [CRITICAL] MÓDULO BASE_DADOS: Timeout na ligação pelo utilizador 'api_gateway'.

2026-06-30 00:06:50 [CRITICAL] MÓDULO BASE_DADOS: Erro de integridade referencial pelo utilizador 'api_gateway'.

2026-06-30 00:12:08 [ERROR] MÓDULO AUTENTICACAO: Falha na palavra-passe pelo utilizador 'api_gateway'.

2026-06-30 03:38:56 [WARNING] MÓDULO AUTENTICACAO: Sessão expirada pelo utilizador 'api_gateway'.

2026-07-01 14:32:14 [INFO] MÓDULO BASE_DADOS: Cópia de segurança (Backup) concluída pelo utilizador 'api_gateway'.
2026-05-01 09:15:22 [WARNING] MÓDULO AUTENTICACAO: Utilizador 'ana_silva' desativado por inatividade prolongada.
2026-05-03 09:22:11 [INFO] MÓDULO AUTENTICACAO: Utilizador 'carlos_bento' desativado pelo administrador 'admin'.
2026-05-05 09:34:05 [INFO] MÓDULO BASE_DADOS: Utilizador 'marta_santos' excluído permanentemente do sistema.
2026-05-07 09:47:18 [WARNING] MÓDULO AUTENTICACAO: Utilizador 'pedro_rocha' desativado após múltiplas falhas de palavra-passe.
2026-05-09 10:02:50 [INFO] MÓDULO BASE_DADOS: Utilizador 'joao_pinto' excluído por revogação de contrato.
2026-05-11 10:15:33 [WARNING] MÓDULO AUTENTICACAO: Utilizador 'luisa_gomes' desativado por política de segurança pendente.
2026-05-13 10:30:12 [INFO] MÓDULO BASE_DADOS: Utilizador 'tiago_almeida' excluído conforme pedido de RGPD.
2026-05-15 10:45:55 [WARNING] MÓDULO AUTENTICACAO: Utilizador 'sofia_martins' desativado temporariamente pela equipa de suporte.
2026-05-17 11:01:04 [INFO] MÓDULO BASE_DADOS: Utilizador 'rui_fonseca' excluído da tabela de credenciais ativas.
2026-05-19 11:14:27 [WARNING] MÓDULO AUTENTICACAO: Utilizador 'mariana_costa' desativado por falta de renovação de acessos.
2026-05-21 11:28:40 [INFO] MÓDULO BASE_DADOS: Utilizador 'ricardo_reis' excluído por duplicação de registo no sistema.
2026-05-23 11:42:19 [WARNING] MÓDULO AUTENTICACAO: Utilizador 'catarina_lopes' desativado por suspeita de acesso indevido.
2026-05-25 11:55:02 [INFO] MÓDULO BASE_DADOS: Utilizador 'manuel_sousa' excluído pelo administrador 'api_gateway'.
2026-05-27 12:10:36 [WARNING] MÓDULO AUTENTICACAO: Utilizador 'beatriz_nunes' desativado automaticamente pelo sistema de auditoria.
2026-05-29 12:25:11 [INFO] MÓDULO BASE_DADOS: Utilizador 'goncalo_dias' excluído permanentemente após auditoria interna.
2026-05-31 12:40:48 [WARNING] MÓDULO AUTENTICACAO: Utilizador 'andre_cardoso' desativado por expiração de credenciais temporárias.
2026-06-02 12:52:14 [INFO] MÓDULO BASE_DADOS: Utilizador 'filipa_marques' excluído devido a reestruturação de acessos.
2026-06-04 13:05:59 [WARNING] MÓDULO AUTENTICACAO: Utilizador 'nuno_teixeira' desativado por conformidade com o plano de segurança.
2026-06-06 13:18:23 [INFO] MÓDULO BASE_DADOS: Utilizador 'ines_correia' excluído por inatividade superior a um ano.
2026-06-08 13:30:45 [WARNING] MÓDULO AUTENTICACAO: Utilizador 'diogo_machado' desativado para investigação de integridade de conta.
2026-06-10 13:45:12 [INFO] MÓDULO BASE_DADOS: Utilizador 'patricia_coelho' excluído por remoção de perfil de testes.
2026-06-12 14:00:03 [WARNING] MÓDULO AUTENTICACAO: Utilizador 'hugo_ferreira' desativado após expirar o período de carência.
2026-06-14 14:12:50 [INFO] MÓDULO BASE_DADOS: Utilizador 'claudia_simoes' excluído da base de dados principal pelo processo automated_cleanup.
2026-06-16 14:25:37 [WARNING] MÓDULO AUTENTICACAO: Utilizador 'vitor_pereira' desativado manualmente pelo operador de turno.
2026-06-18 14:40:19 [INFO] MÓDULO BASE_DADOS: Utilizador 'sara_tavares' excluído após migração para ambiente externo.
2026-06-20 14:55:01 [WARNING] MÓDULO AUTENTICACAO: Utilizador 'bruno_carvalho' desativado preventivamente por alteração de funções.
2026-06-22 15:10:44 [INFO] MÓDULO BASE_DADOS: Utilizador 'joana_mendes' excluído por solicitação do departamento de RH.
2026-06-24 15:22:18 [WARNING] MÓDULO AUTENTICACAO: Utilizador 'daniel_ribeiro' desativado devido a restrições de horários de acesso.
2026-06-26 15:35:00 [INFO] MÓDULO BASE_DADOS: Utilizador 'rita_vieira' excluído permanentemente por violação de termos de utilização.
2026-06-28 15:48:12 [WARNING] MÓDULO AUTENTICACAO: Utilizador 'antonio_neves' desativado por bloqueio administrativo remoto.
2026-05-01 16:02:11 [INFO] MÓDULO BASE_DADOS: Utilizador 'tiago_nogueira' excluído após revogação de acessos temporários.
2026-05-02 10:14:35 [WARNING] MÓDULO AUTENTICACAO: Utilizador 'carla_peixoto' desativado por inatividade no portal de clientes.
2026-05-03 16:25:50 [INFO] MÓDULO BASE_DADOS: Utilizador 'marcos_braz' excluído por duplicidade com registo externo.
2026-05-04 11:32:18 [WARNING] MÓDULO AUTENTICACAO: Utilizador 'andreia_melo' desativado automaticamente por falha na validação MFA.
2026-05-05 17:40:03 [INFO] MÓDULO BASE_DADOS: Utilizador 'filipe_guerra' excluído devido ao encerramento definitivo de conta.
2026-05-06 09:05:44 [WARNING] MÓDULO AUTENTICACAO: Utilizador 'juliana_paiva' desativado por ordem do administrador de segurança.
2026-05-07 14:18:29 [INFO] MÓDULO BASE_DADOS: Utilizador 'ricardo_jorge' excluído conforme as diretivas internas de retenção de dados.
2026-05-08 10:50:12 [WARNING] MÓDULO AUTENTICACAO: Utilizador 'patricia_basto' desativado temporariamente para manutenção de perfil.
2026-05-09 15:11:55 [INFO] MÓDULO BASE_DADOS: Utilizador 'gustavo_lima' excluído por expiração do período de testes.
2026-05-10 11:22:36 [WARNING] MÓDULO AUTENTICACAO: Utilizador 'clara_bessa' desativado por suspeita de partilha de credenciais.
2026-05-11 16:34:02 [INFO] MÓDULO BASE_DADOS: Utilizador 'afonso_henriques' excluído permanente através da consola administrativa.
2026-05-12 08:45:19 [WARNING] MÓDULO AUTENTICACAO: Utilizador 'monica_sanches' desativado por falta de assinatura digital válida.
2026-05-13 13:55:47 [INFO] MÓDULO BASE_DADOS: Utilizador 'sergio_marques' excluído por reestruturação das equipas de desenvolvimento.
2026-05-14 12:08:33 [WARNING] MÓDULO AUTENTICACAO: Utilizador 'vania_guedes' desativado preventivamente por deteção de anomalias no IP.
2026-05-15 17:20:11 [INFO] MÓDULO BASE_DADOS: Utilizador 'lucas_matos' excluído por solicitação explícita do utilizador.
2026-05-16 10:31:54 [WARNING] MÓDULO AUTENTICACAO: Utilizador 'renato_seixas' desativado por não conformidade com as novas políticas de acessos.
2026-05-17 14:42:08 [INFO] MÓDULO BASE_DADOS: Utilizador 'debora_silva' excluído da tabela de staging pós-migração.
2026-05-18 11:53:22 [WARNING] MÓDULO AUTENTICACAO: Utilizador 'eduardo_pinto' desativado após bloqueio no módulo de segurança perimetral.
2026-05-19 16:05:49 [INFO] MÓDULO BASE_DADOS: Utilizador 'barbara_cruz' excluído por cancelamento de subscrição comercial.
2026-05-20 09:12:15 [WARNING] MÓDULO AUTENTICACAO: Utilizador 'samuel_antunes' desativado por ultrapassar o limite de sessões simultâneas.
2026-05-21 15:25:31 [INFO] MÓDULO BASE_DADOS: Utilizador 'mario_ruas' excluído por limpeza rotineira de contas fantasma.
2026-05-22 10:40:04 [WARNING] MÓDULO AUTENTICACAO: Utilizador 'helena_vaz' desativado devido a pendências na validação de e-mail.
2026-05-23 14:52:18 [INFO] MÓDULO BASE_DADOS: Utilizador 'artur_morais' excluído para cumprimento de requisitos de auditoria externa.
2026-05-24 11:15:59 [WARNING] MÓDULO AUTENTICACAO: Utilizador 'alice_bastos' desativado temporariamente pela equipa de Helpdesk.
2026-05-25 16:28:43 [INFO] MÓDULO BASE_DADOS: Utilizador 'nelson_gomes' excluído após falha crítica na renovação de contrato de outsourcing.
2026-05-26 09:35:12 [WARNING] MÓDULO AUTENTICACAO: Utilizador 'tatiana_rosa' desativado automaticamente por expiração de token API.
2026-05-27 13:47:06 [INFO] MÓDULO BASE_DADOS: Utilizador 'caio_borges' excluído permanentemente da BD de produção pelo processo rotineiro.
2026-05-28 12:02:55 [WARNING] MÓDULO AUTENTICACAO: Utilizador 'orlando_faria' desativado por inatividade superior a 90 dias.
2026-05-29 17:15:33 [INFO] MÓDULO BASE_DADOS: Utilizador 'joana_antunes' excluído por migração de dados para o histórico legado.
2026-05-30 10:22:41 [WARNING] MÓDULO AUTENTICACAO: Utilizador 'igor_lopes' desativado devido a alterações nas permissões do grupo de utilizadores.
2026-06-01 14:34:19 [INFO] MÓDULO BASE_DADOS: Utilizador 'pula_coelho' excluído por eliminação manual efetuada pelo 'sysadmin'.
2026-06-02 11:47:02 [WARNING] MÓDULO AUTENTICACAO: Utilizador 'leticia_mendes' desativado por expiração da palavra-passe padrão de primeiro acesso.
2026-06-03 16:55:28 [INFO] MÓDULO BASE_DADOS: Utilizador 'carlos_magno' excluído por insolvência da conta corporativa associada.
2026-06-04 09:10:45 [WARNING] MÓDULO AUTENTICACAO: Utilizador 'gisela_freitas' desativado preventivamente após alerta do SOC.
2026-06-05 13:22:14 [INFO] MÓDULO BASE_DADOS: Utilizador 'fabio_junior' excluído por pedido de esquecimento ao abrigo do RGPD.
2026-06-06 10:35:59 [WARNING] MÓDULO AUTENTICACAO: Utilizador 'diana_rego' desativado por quebra de políticas de utilização interna.
2026-06-07 15:48:11 [INFO] MÓDULO BASE_DADOS: Utilizador 'marcelo_rebelo' excluído permanentemente para libertação de licenças ativas.
2026-06-08 11:02:36 [WARNING] MÓDULO AUTENTICACAO: Utilizador 'isabel_soares' desativado por transição de departamento e perfil em aprovação.
2026-06-09 14:15:03 [INFO] MÓDULO BASE_DADOS: Utilizador 'alexandre_frota' excluído da BD de autenticação externa.
2026-06-10 12:28:47 [WARNING] MÓDULO AUTENTICACAO: Utilizador 'olivia_ortiz' desativado automaticamente por falta de atividade no trimestre.
2026-06-11 17:40:12 [INFO] MÓDULO BASE_DADOS: Utilizador 'leonardo_vici' excluído do sistema principal após conclusão do projeto 'Alpha'.
2026-06-12 09:52:55 [WARNING] MÓDULO AUTENTICACAO: Utilizador 'bruna_marques' desativado devido a bloqueio preventivo de segurança.
2026-06-13 15:05:19 [INFO] MÓDULO BASE_DADOS: Utilizador 'guilherme_tell' excluído por eliminação em lote de utilizadores inativos.
2026-06-14 10:18:34 [WARNING] MÓDULO AUTENTICACAO: Utilizador 'andre_silveira' desativado após consecutivas rejeições de autenticação federada.
2026-06-15 16:30:22 [INFO] MÓDULO BASE_DADOS: Utilizador 'cecilia_meireles' excluído permanentemente por remoção de ambiente de desenvolvimento.
2026-06-16 11:42:01 [WARNING] MÓDULO AUTENTICACAO: Utilizador 'mauro_santos' desativado pelo operador do sistema por manutenção programada.
2026-06-17 14:55:48 [INFO] MÓDULO BASE_DADOS: Utilizador 'larissa_mano' excluído por revogação de acessos globais de segurança.
2026-06-18 12:08:14 [WARNING] MÓDULO AUTENTICACAO: Utilizador 'telmo_correia' desativado devido a expiração de contrato de prestação de serviços.
2026-06-19 17:19:33 [INFO] MÓDULO BASE_DADOS: Utilizador 'sandra_nunes' excluído com sucesso do repositório de identidades principal.
2026-06-20 08:32:05 [WARNING] MÓDULO AUTENTICACAO: Utilizador 'valter_cardoso' desativado por inconformidade cadastral detetada pelo script de auditoria.
2026-05-01 16:02:11 [INFO] MÓDULO BASE_DADOS: Utilizador 'tiago_nogueira' excluído após revogação de acessos temporários.
2026-05-02 10:14:35 [WARNING] MÓDULO AUTENTICACAO: Utilizador 'carla_peixoto' desativado por inatividade no portal de clientes.
2026-05-03 16:25:50 [INFO] MÓDULO BASE_DADOS: Utilizador 'marcos_braz' excluído por duplicidade com registo externo.
2026-05-04 11:32:18 [WARNING] MÓDULO AUTENTICACAO: Utilizador 'andreia_melo' desativado automaticamente por falha na validação MFA.
2026-05-05 17:40:03 [INFO] MÓDULO BASE_DADOS: Utilizador 'filipe_guerra' excluído devido ao encerramento definitivo de conta.
2026-05-06 09:05:44 [WARNING] MÓDULO AUTENTICACAO: Utilizador 'juliana_paiva' desativado por ordem do administrador de segurança.
2026-05-07 14:18:29 [INFO] MÓDULO BASE_DADOS: Utilizador 'ricardo_jorge' excluído conforme as diretivas internas de retenção de dados.
2026-05-08 10:50:12 [WARNING] MÓDULO AUTENTICACAO: Utilizador 'patricia_basto' desativado temporariamente para manutenção de perfil.
2026-05-09 15:11:55 [INFO] MÓDULO BASE_DADOS: Utilizador 'gustavo_lima' excluído por expiração do período de testes.
2026-05-10 11:22:36 [WARNING] MÓDULO AUTENTICACAO: Utilizador 'clara_bessa' desativado por suspeita de partilha de credenciais.
2026-05-11 16:34:02 [INFO] MÓDULO BASE_DADOS: Utilizador 'afonso_henriques' excluído permanente através da consola administrativa.
2026-05-12 08:45:19 [WARNING] MÓDULO AUTENTICACAO: Utilizador 'monica_sanches' desativado por falta de assinatura digital válida.
2026-05-13 13:55:47 [INFO] MÓDULO BASE_DADOS: Utilizador 'sergio_marques' excluído por reestruturação das equipas de desenvolvimento.
2026-05-14 12:08:33 [WARNING] MÓDULO AUTENTICACAO: Utilizador 'vania_guedes' desativado preventivamente por deteção de anomalias no IP.
2026-05-15 17:20:11 [INFO] MÓDULO BASE_DADOS: Utilizador 'lucas_matos' excluído por solicitação explícita do utilizador.
2026-05-16 10:31:54 [WARNING] MÓDULO AUTENTICACAO: Utilizador 'renato_seixas' desativado por não conformidade com as novas políticas de acessos.
2026-05-17 14:42:08 [INFO] MÓDULO BASE_DADOS: Utilizador 'debora_silva' excluído da tabela de staging pós-migração.
2026-05-18 11:53:22 [WARNING] MÓDULO AUTENTICACAO: Utilizador 'eduardo_pinto' desativado após bloqueio no módulo de segurança perimetral.
2026-05-19 16:05:49 [INFO] MÓDULO BASE_DADOS: Utilizador 'barbara_cruz' excluído por cancelamento de subscrição comercial.
2026-05-20 09:12:15 [WARNING] MÓDULO AUTENTICACAO: Utilizador 'samuel_antunes' desativado por ultrapassar o limite de sessões simultâneas.
2026-05-21 15:25:31 [INFO] MÓDULO BASE_DADOS: Utilizador 'mario_ruas' excluído por limpeza rotineira de contas fantasma.
2026-05-22 10:40:04 [WARNING] MÓDULO AUTENTICACAO: Utilizador 'helena_vaz' desativado devido a pendências na validação de e-mail.
2026-05-23 14:52:18 [INFO] MÓDULO BASE_DADOS: Utilizador 'artur_morais' excluído para cumprimento de requisitos de auditoria externa.
2026-05-24 11:15:59 [WARNING] MÓDULO AUTENTICACAO: Utilizador 'alice_bastos' desativado temporariamente pela equipa de Helpdesk.
2026-05-25 16:28:43 [INFO] MÓDULO BASE_DADOS: Utilizador 'nelson_gomes' excluído após falha crítica na renovação de contrato de outsourcing.
2026-05-26 09:35:12 [WARNING] MÓDULO AUTENTICACAO: Utilizador 'tatiana_rosa' desativado automaticamente por expiração de token API.
2026-05-27 13:47:06 [INFO] MÓDULO BASE_DADOS: Utilizador 'caio_borges' excluído permanentemente da BD de produção pelo processo rotineiro.
2026-05-28 12:02:55 [WARNING] MÓDULO AUTENTICACAO: Utilizador 'orlando_faria' desativado por inatividade superior a 90 dias.
2026-05-29 17:15:33 [INFO] MÓDULO BASE_DADOS: Utilizador 'joana_antunes' excluído por migração de dados para o histórico legado.
2026-05-30 10:22:41 [WARNING] MÓDULO AUTENTICACAO: Utilizador 'igor_lopes' desativado devido a alterações nas permissões do grupo de utilizadores.
2026-06-01 14:34:19 [INFO] MÓDULO BASE_DADOS: Utilizador 'paula_coelho' excluído por eliminação manual efetuada pelo 'sysadmin'.
2026-06-02 11:47:02 [WARNING] MÓDULO AUTENTICACAO: Utilizador 'leticia_mendes' desativado por expiração da palavra-passe padrão de primeiro acesso.
2026-06-03 16:55:28 [INFO] MÓDULO BASE_DADOS: Utilizador 'carlos_magno' excluído por insolvência da conta corporativa associada.
2026-06-04 09:10:45 [WARNING] MÓDULO AUTENTICACAO: Utilizador 'gisela_freitas' desativado preventivamente após alerta do SOC.
2026-06-05 13:22:14 [INFO] MÓDULO BASE_DADOS: Utilizador 'fabio_junior' excluído por pedido de esquecimento ao abrigo do RGPD.
2026-06-06 10:35:59 [WARNING] MÓDULO AUTENTICACAO: Utilizador 'diana_rego' desativado por quebra de políticas de utilização interna.
2026-06-07 15:48:11 [INFO] MÓDULO BASE_DADOS: Utilizador 'marcelo_rebelo' excluído permanentemente para libertação de licenças ativas.
2026-06-08 11:02:36 [WARNING] MÓDULO AUTENTICACAO: Utilizador 'isabel_soares' desativado por transição de departamento e perfil em aprovação.
2026-06-09 14:15:03 [INFO] MÓDULO BASE_DADOS: Utilizador 'alexandre_frota' excluído da BD de autenticação externa.
2026-06-10 12:28:47 [WARNING] MÓDULO AUTENTICACAO: Utilizador 'olivia_ortiz' desativado automaticamente por falta de atividade no trimestre.
2026-06-11 17:40:12 [INFO] MÓDULO BASE_DADOS: Utilizador 'leonardo_vici' excluído do sistema principal após conclusão do projeto 'Alpha'.
2026-06-12 09:52:55 [WARNING] MÓDULO AUTENTICACAO: Utilizador 'bruna_marques' desativado devido a bloqueio preventivo de segurança.
2026-06-13 15:05:19 [INFO] MÓDULO BASE_DADOS: Utilizador 'guilherme_tell' excluído por eliminação em lote de utilizadores inativos.
2026-06-14 10:18:34 [WARNING] MÓDULO AUTENTICACAO: Utilizador 'andre_silveira' desativado após consecutivas rejeições de autenticação federada.
2026-06-15 16:30:22 [INFO] MÓDULO BASE_DADOS: Utilizador 'cecilia_meireles' excluído permanentemente por remoção de ambiente de desenvolvimento.
2026-06-16 11:42:01 [WARNING] MÓDULO AUTENTICACAO: Utilizador 'mauro_santos' desativado pelo operador do sistema por manutenção programada.
2026-06-17 14:55:48 [INFO] MÓDULO BASE_DADOS: Utilizador 'larissa_mano' excluído por revogação de acessos globais de segurança.
2026-06-18 12:08:14 [WARNING] MÓDULO AUTENTICACAO: Utilizador 'telmo_correia' desativado devido a expiração de contrato de prestação de serviços.
2026-06-19 17:19:33 [INFO] MÓDULO BASE_DADOS: Utilizador 'sandra_nunes' excluído com sucesso do repositório de identidades principal.
2026-06-20 08:32:05 [WARNING] MÓDULO AUTENTICACAO: Utilizador 'valter_cardoso' desativado por inconformidade cadastral detetada pelo script de auditoria.
2026-05-02 14:18:29 [INFO] MÓDULO BASE_DADOS: Utilizador 'ricardo_jorge' excluído conforme as diretivas internas de retenção de dados.
2026-05-05 15:11:55 [INFO] MÓDULO BASE_DADOS: Utilizador 'gustavo_lima' excluído por expiração do período de testes.
2026-05-08 16:34:02 [INFO] MÓDULO BASE_DADOS: Utilizador 'afonso_henriques' excluído permanente através da consola administrativa.
2026-05-12 13:55:47 [INFO] MÓDULO BASE_DADOS: Utilizador 'sergio_marques' excluído por reestruturação das equipas de desenvolvimento.
2026-05-15 17:20:11 [INFO] MÓDULO BASE_DADOS: Utilizador 'lucas_matos' excluído por solicitação explícita do utilizador.
2026-05-19 14:42:08 [INFO] MÓDULO BASE_DADOS: Utilizador 'debora_silva' excluído da tabela de staging pós-migração.
2026-05-22 16:05:49 [INFO] MÓDULO BASE_DADOS: Utilizador 'barbara_cruz' excluído por cancelamento de subscrição comercial.
2026-05-25 15:25:31 [INFO] MÓDULO BASE_DADOS: Utilizador 'mario_ruas' excluído por limpeza rotineira de contas fantasma.
2026-05-28 14:52:18 [INFO] MÓDULO BASE_DADOS: Utilizador 'artur_morais' excluído para cumprimento de requisitos de auditoria externa.
2026-06-01 16:28:43 [INFO] MÓDULO BASE_DADOS: Utilizador 'nelson_gomes' excluído após falha crítica na renovação de contrato de outsourcing.
2026-06-04 13:47:06 [INFO] MÓDULO BASE_DADOS: Utilizador 'caio_borges' excluído permanentemente da BD de produção pelo processo rotineiro.
2026-06-07 17:15:33 [INFO] MÓDULO BASE_DADOS: Utilizador 'joana_antunes' excluído por migração de dados para o histórico legado.
2026-06-09 11:32:18 [WARNING] MÓDULO AUTENTICACAO: Utilizador 'andreia_melo' desativado automaticamente por falha na validação MFA.
2026-06-10 14:34:19 [INFO] MÓDULO BASE_DADOS: Utilizador 'paula_coelho' excluído por eliminação manual efetuada pelo 'sysadmin'.
2026-06-12 09:05:44 [WARNING] MÓDULO AUTENTICACAO: Utilizador 'juliana_paiva' desativado por ordem do administrador de segurança.
2026-06-14 16:55:28 [INFO] MÓDULO BASE_DADOS: Utilizador 'carlos_magno' excluído por insolvência da conta corporativa associada.
2026-06-15 10:50:12 [WARNING] MÓDULO AUTENTICACAO: Utilizador 'patricia_basto' desativado temporariamente para manutenção de perfil.
2026-06-17 13:22:14 [INFO] MÓDULO BASE_DADOS: Utilizador 'fabio_junior' excluído por pedido de esquecimento ao abrigo do RGPD.
2026-06-18 11:22:36 [WARNING] MÓDULO AUTENTICACAO: Utilizador 'clara_bessa' desativado por suspeita de partilha de credenciais.
2026-06-20 15:48:11 [INFO] MÓDULO BASE_DADOS: Utilizador 'marcelo_rebelo' excluído permanentemente para libertação de licenças ativas.
2026-06-21 08:45:19 [WARNING] MÓDULO AUTENTICACAO: Utilizador 'monica_sanches' desativado por falta de assinatura digital válida.
2026-06-23 14:15:03 [INFO] MÓDULO BASE_DADOS: Utilizador 'alexandre_frota' excluído da BD de autenticação externa.
2026-06-24 12:08:33 [WARNING] MÓDULO AUTENTICACAO: Utilizador 'vania_guedes' desativado preventivamente por deteção de anomalias no IP.
2026-06-26 17:40:12 [INFO] MÓDULO BASE_DADOS: Utilizador 'leonardo_vici' excluído do sistema principal após conclusão do projeto 'Alpha'.
2026-06-27 10:31:54 [WARNING] MÓDULO AUTENTICACAO: Utilizador 'renato_seixas' desativado por não conformidade com as novas políticas de acessos.
2026-06-29 15:05:19 [INFO] MÓDULO BASE_DADOS: Utilizador 'guilherme_tell' excluído por eliminação em lote de utilizadores inativos.
2026-06-30 11:53:22 [WARNING] MÓDULO AUTENTICACAO: Utilizador 'eduardo_pinto' desativado após bloqueio no módulo de segurança perimetral.
2026-07-01 16:30:22 [INFO] MÓDULO BASE_DADOS: Utilizador 'cecilia_meireles' excluído permanentemente por remoção de ambiente de desenvolvimento.
2026-07-02 09:12:15 [WARNING] MÓDULO AUTENTICACAO: Utilizador 'samuel_antunes' desativado por ultrapassar o limite de sessões simultâneas.
2026-07-03 14:55:48 [INFO] MÓDULO BASE_DADOS: Utilizador 'larissa_mano' excluído por revogação de acessos globais de segurança.
2026-07-04 10:40:04 [WARNING] MÓDULO AUTENTICACAO: Utilizador 'helena_vaz' desativado devido a pendências na validação de e-mail.
2026-07-05 17:19:33 [INFO] MÓDULO BASE_DADOS: Utilizador 'sandra_nunes' excluído com sucesso do repositório de identidades principal.
2026-07-06 11:15:59 [WARNING] MÓDULO AUTENTICACAO: Utilizador 'alice_bastos' desativado temporariamente pela equipa de Helpdesk.
2026-07-07 09:35:12 [WARNING] MÓDULO AUTENTICACAO: Utilizador 'tatiana_rosa' desativado automaticamente por expiração de token API.
2026-07-08 12:02:55 [WARNING] MÓDULO AUTENTICACAO: Utilizador 'orlando_faria' desativado por inatividade superior a 90 dias.


