"ID","Data/Hora","Status","Módulo","Observação","Utilizador"
"1","2026-07-13 18:48:54","INFO","AUTENTICACAO","Falha na palavra-passe pelo utilizador 'admin'.","admin"
"2","2026-07-13 18:48:54","INFO","AUTENTICACAO","Tentativa de brute-force bloqueada pelo utilizador 'nuno_gomes'.","nuno_gomes"
"3","2026-07-13 18:48:54","CRITICO","AUTENTICACAO","Login efetuado com sucesso pelo utilizador 'convidado_01'.","convidado_01"
"4","2026-07-13 18:48:54","INFO","AUTENTICACAO","Sessão expirada pelo utilizador 'admin'.","admin"
"5","2026-07-13 18:48:54","INFO","AUTENTICACAO","Sessão expirada pelo utilizador 'gestor_seguranca'.","gestor_seguranca"
"6","2026-07-13 18:48:54","CRITICO","AUTENTICACAO","Falha na palavra-passe pelo utilizador 'mauri'.","mauri"
"7","2026-07-13 18:48:54","INFO","AUTENTICACAO","Tentativa de brute-force bloqueada pelo utilizador 'ana_silva'.","ana_silva"
"8","2026-07-13 18:48:54","INFO","AUTENTICACAO","Falha na palavra-passe pelo utilizador 'gestor_seguranca'.","gestor_seguranca"
"9","2026-07-13 18:48:54","ATENCAO","AUTENTICACAO","Tentativa de brute-force bloqueada pelo utilizador 'gestor_seguranca'.","gestor_seguranca"
"10","2026-07-13 18:48:54","ATENCAO","AUTENTICACAO","Falha na palavra-passe pelo utilizador 'admin'.","admin"
"11","2026-07-13 18:48:54","INFO","AUTENTICACAO","Tentativa de brute-force bloqueada pelo utilizador 'api_gateway'.","api_gateway"
"12","2026-07-13 18:48:54","INFO","AUTENTICACAO","Tentativa de brute-force bloqueada pelo utilizador 'gestor_seguranca'.","gestor_seguranca"
"13","2026-07-13 18:48:54","CRITICO","AUTENTICACAO","Login efetuado com sucesso pelo utilizador 'api_gateway'.","api_gateway"
"14","2026-07-13 18:48:54","INFO","AUTENTICACAO","Sessão expirada pelo utilizador 'convidado_01'.","convidado_01"
"15","2026-07-13 18:48:54","INFO","AUTENTICACAO","Tentativa de brute-force bloqueada pelo utilizador 'mauri'.","mauri"
"16","2026-07-13 18:48:54","INFO","AUTENTICACAO","Tentativa de brute-force bloqueada pelo utilizador 'api_gateway'.","api_gateway"
"17","2026-07-13 18:48:54","INFO","AUTENTICACAO","Sessão expirada pelo utilizador 'mauri'.","mauri"
"18","2026-07-13 18:48:54","CRITICO","AUTENTICACAO","Sessão expirada pelo utilizador 'mauri'.","mauri"
"19","2026-07-13 18:48:54","ATENCAO","AUTENTICACAO","Tentativa de brute-force bloqueada pelo utilizador 'api_gateway'.","api_gateway"
"20","2026-07-13 18:48:54","INFO","AUTENTICACAO","Falha na palavra-passe pelo utilizador 'mauri'.","mauri"
"21","2026-07-13 18:48:54","ATENCAO","AUTENTICACAO","Falha na palavra-passe pelo utilizador 'gestor_seguranca'.","gestor_seguranca"
"22","2026-07-13 18:48:54","INFO","AUTENTICACAO","Sessão expirada pelo utilizador 'mauri'.","mauri"
"23","2026-07-13 18:48:54","ATENCAO","AUTENTICACAO","Tentativa de brute-force bloqueada pelo utilizador 'mauri'.","mauri"
"24","2026-07-13 18:48:54","ATENCAO","AUTENTICACAO","Falha na palavra-passe pelo utilizador 'api_gateway'.","api_gateway"
"25","2026-07-13 18:48:54","INFO","AUTENTICACAO","Login efetuado com sucesso pelo utilizador 'mauri'.","mauri"
"26","2026-07-13 18:48:54","INFO","AUTENTICACAO","Sessão expirada pelo utilizador 'mauri'.","mauri"
"27","2026-07-13 18:48:54","CRITICO","AUTENTICACAO","Sessão expirada pelo utilizador 'mauri'.","mauri"
"28","2026-07-13 18:48:54","INFO","AUTENTICACAO","Tentativa de brute-force bloqueada pelo utilizador 'api_gateway'.","api_gateway"
"29","2026-07-13 18:48:54","CRITICO","AUTENTICACAO","Falha na palavra-passe pelo utilizador 'api_gateway'.","api_gateway"
"30","2026-07-13 18:48:54","CRITICO","AUTENTICACAO","Falha na palavra-passe pelo utilizador 'convidado_01'.","convidado_01"
"31","2026-07-13 18:48:54","INFO","AUTENTICACAO","Tentativa de brute-force bloqueada pelo utilizador 'mauri'.","mauri"
"32","2026-07-13 18:48:54","INFO","AUTENTICACAO","Login efetuado com sucesso pelo utilizador 'api_gateway'.","api_gateway"
"33","2026-07-13 18:48:54","INFO","AUTENTICACAO","Tentativa de brute-force bloqueada pelo utilizador 'mauri'.","mauri"
"34","2026-07-13 18:48:54","INFO","AUTENTICACAO","Login efetuado com sucesso pelo utilizador 'admin'.","admin"
"35","2026-07-13 18:48:54","CRITICO","AUTENTICACAO","Login efetuado com sucesso pelo utilizador 'gestor_seguranca'.","gestor_seguranca"
"36","2026-07-13 18:48:54","CRITICO","AUTENTICACAO","Login efetuado com sucesso pelo utilizador 'admin'.","admin"
"37","2026-07-13 18:48:54","CRITICO","AUTENTICACAO","Tentativa de brute-force bloqueada pelo utilizador 'mauri'.","mauri"
"38","2026-07-13 18:48:54","CRITICO","AUTENTICACAO","Sessão expirada pelo utilizador 'gestor_seguranca'.","gestor_seguranca"
"39","2026-07-13 18:48:54","INFO","AUTENTICACAO","Tentativa de brute-force bloqueada pelo utilizador 'mauri'.","mauri"
"40","2026-07-13 18:48:54","INFO","AUTENTICACAO","Login efetuado com sucesso pelo utilizador 'nuno_gomes'.","nuno_gomes"
"41","2026-07-13 18:48:54","CRITICO","AUTENTICACAO","Login efetuado com sucesso pelo utilizador 'mauri'.","mauri"
"42","2026-07-13 18:48:54","INFO","AUTENTICACAO","Tentativa de brute-force bloqueada pelo utilizador 'mauri'.","mauri"
"43","2026-07-13 18:48:54","ATENCAO","AUTENTICACAO","Sessão expirada pelo utilizador 'gestor_seguranca'.","gestor_seguranca"
"44","2026-07-13 18:48:54","INFO","AUTENTICACAO","Login efetuado com sucesso pelo utilizador 'nuno_gomes'.","nuno_gomes"
"45","2026-07-13 18:48:54","INFO","AUTENTICACAO","Tentativa de brute-force bloqueada pelo utilizador 'api_gateway'.","api_gateway"
"46","2026-07-13 18:48:54","ATENCAO","AUTENTICACAO","Tentativa de brute-force bloqueada pelo utilizador 'api_gateway'.","api_gateway"
"47","2026-07-13 18:48:54","INFO","AUTENTICACAO","Falha na palavra-passe pelo utilizador 'ana_silva'.","ana_silva"
"48","2026-07-13 18:48:54","INFO","AUTENTICACAO","Login efetuado com sucesso pelo utilizador 'gestor_seguranca'.","gestor_seguranca"
"49","2026-07-13 18:48:54","INFO","AUTENTICACAO","Falha na palavra-passe pelo utilizador 'gestor_seguranca'.","gestor_seguranca"
"50","2026-07-13 18:48:54","ATENCAO","AUTENTICACAO","Falha na palavra-passe pelo utilizador 'convidado_01'.","convidado_01"
"51","2026-07-13 18:48:54","CRITICO","AUTENTICACAO","Falha na palavra-passe pelo utilizador 'mauri'.","mauri"
"52","2026-07-13 18:48:54","INFO","AUTENTICACAO","Falha na palavra-passe pelo utilizador 'api_gateway'.","api_gateway"
"53","2026-07-13 18:48:54","ATENCAO","AUTENTICACAO","Falha na palavra-passe pelo utilizador 'convidado_01'.","convidado_01"
"54","2026-07-13 18:48:54","INFO","AUTENTICACAO","Sessão expirada pelo utilizador 'ana_silva'.","ana_silva"
"55","2026-07-13 18:48:54","CRITICO","AUTENTICACAO","Tentativa de brute-force bloqueada pelo utilizador 'convidado_01'.","convidado_01"
"56","2026-07-13 18:48:54","ATENCAO","AUTENTICACAO","Login efetuado com sucesso pelo utilizador 'gestor_seguranca'.","gestor_seguranca"
"57","2026-07-13 18:48:54","INFO","AUTENTICACAO","Login efetuado com sucesso pelo utilizador 'mauri'.","mauri"
"58","2026-07-13 18:48:54","INFO","AUTENTICACAO","Falha na palavra-passe pelo utilizador 'api_gateway'.","api_gateway"
"59","2026-07-13 18:48:54","INFO","AUTENTICACAO","Sessão expirada pelo utilizador 'ana_silva'.","ana_silva"
"60","2026-07-13 18:48:54","CRITICO","AUTENTICACAO","Sessão expirada pelo utilizador 'nuno_gomes'.","nuno_gomes"
"61","2026-07-13 18:48:54","INFO","AUTENTICACAO","Falha na palavra-passe pelo utilizador 'mauri'.","mauri"
"62","2026-07-13 18:48:54","INFO","AUTENTICACAO","Login efetuado com sucesso pelo utilizador 'admin'.","admin"
"63","2026-07-13 18:48:54","INFO","AUTENTICACAO","Login efetuado com sucesso pelo utilizador 'nuno_gomes'.","nuno_gomes"
"64","2026-07-13 18:48:54","INFO","AUTENTICACAO","Falha na palavra-passe pelo utilizador 'api_gateway'.","api_gateway"
"65","2026-07-13 18:48:54","INFO","AUTENTICACAO","Login efetuado com sucesso pelo utilizador 'nuno_gomes'.","nuno_gomes"
"66","2026-07-13 18:48:54","CRITICO","AUTENTICACAO","Sessão expirada pelo utilizador 'gestor_seguranca'.","gestor_seguranca"
"67","2026-07-13 18:48:54","INFO","AUTENTICACAO","Falha na palavra-passe pelo utilizador 'convidado_01'.","convidado_01"
"68","2026-07-13 18:48:54","INFO","AUTENTICACAO","Sessão expirada pelo utilizador 'admin'.","admin"
"69","2026-07-13 18:48:54","INFO","AUTENTICACAO","Login efetuado com sucesso pelo utilizador 'api_gateway'.","api_gateway"
"70","2026-07-13 18:48:54","INFO","AUTENTICACAO","Tentativa de brute-force bloqueada pelo utilizador 'convidado_01'.","convidado_01"
"71","2026-07-13 18:48:54","INFO","AUTENTICACAO","Tentativa de brute-force bloqueada pelo utilizador 'gestor_seguranca'.","gestor_seguranca"
"72","2026-07-13 18:48:54","INFO","AUTENTICACAO","Falha na palavra-passe pelo utilizador 'admin'.","admin"
"73","2026-07-13 18:48:54","ATENCAO","AUTENTICACAO","Sessão expirada pelo utilizador 'admin'.","admin"
"74","2026-07-13 18:48:54","INFO","AUTENTICACAO","Falha na palavra-passe pelo utilizador 'gestor_seguranca'.","gestor_seguranca"
"75","2026-07-13 18:48:54","CRITICO","AUTENTICACAO","Falha na palavra-passe pelo utilizador 'ana_silva'.","ana_silva"
"76","2026-07-13 18:48:54","INFO","AUTENTICACAO","Login efetuado com sucesso pelo utilizador 'gestor_seguranca'.","gestor_seguranca"
"77","2026-07-13 18:48:54","INFO","AUTENTICACAO","Falha na palavra-passe pelo utilizador 'nuno_gomes'.","nuno_gomes"
"78","2026-07-13 18:48:54","INFO","AUTENTICACAO","Tentativa de brute-force bloqueada pelo utilizador 'gestor_seguranca'.","gestor_seguranca"
"79","2026-07-13 18:48:54","INFO","AUTENTICACAO","Tentativa de brute-force bloqueada pelo utilizador 'admin'.","admin"
"80","2026-07-13 18:48:54","INFO","AUTENTICACAO","Sessão expirada pelo utilizador 'api_gateway'.","api_gateway"
"81","2026-07-13 18:48:54","INFO","AUTENTICACAO","Falha na palavra-passe pelo utilizador 'ana_silva'.","ana_silva"
"82","2026-07-13 18:48:54","INFO","AUTENTICACAO","Login efetuado com sucesso pelo utilizador 'convidado_01'.","convidado_01"
"83","2026-07-13 18:48:54","INFO","AUTENTICACAO","Login efetuado com sucesso pelo utilizador 'convidado_01'.","convidado_01"
"84","2026-07-13 18:48:54","INFO","AUTENTICACAO","Login efetuado com sucesso pelo utilizador 'mauri'.","mauri"
"85","2026-07-13 18:48:54","INFO","AUTENTICACAO","Falha na palavra-passe pelo utilizador 'api_gateway'.","api_gateway"
"86","2026-07-13 18:48:54","INFO","AUTENTICACAO","Falha na palavra-passe pelo utilizador 'nuno_gomes'.","nuno_gomes"
"87","2026-07-13 18:48:54","INFO","AUTENTICACAO","Falha na palavra-passe pelo utilizador 'admin'.","admin"
"88","2026-07-13 18:48:54","CRITICO","AUTENTICACAO","Tentativa de brute-force bloqueada pelo utilizador 'gestor_seguranca'.","gestor_seguranca"
"89","2026-07-13 18:48:54","CRITICO","AUTENTICACAO","Falha na palavra-passe pelo utilizador 'api_gateway'.","api_gateway"
"90","2026-07-13 18:48:54","CRITICO","AUTENTICACAO","Sessão expirada pelo utilizador 'mauri'.","mauri"
"91","2026-07-13 18:48:54","ATENCAO","AUTENTICACAO","Sessão expirada pelo utilizador 'nuno_gomes'.","nuno_gomes"
"92","2026-07-13 18:48:54","CRITICO","AUTENTICACAO","Sessão expirada pelo utilizador 'ana_silva'.","ana_silva"
"93","2026-07-13 18:48:54","CRITICO","AUTENTICACAO","Falha na palavra-passe pelo utilizador 'convidado_01'.","convidado_01"
"94","2026-07-13 18:48:54","ATENCAO","AUTENTICACAO","Tentativa de brute-force bloqueada pelo utilizador 'ana_silva'.","ana_silva"
"95","2026-07-13 18:48:54","INFO","AUTENTICACAO","Falha na palavra-passe pelo utilizador 'admin'.","admin"
"96","2026-07-13 18:48:54","INFO","AUTENTICACAO","Falha na palavra-passe pelo utilizador 'gestor_seguranca'.","gestor_seguranca"
"97","2026-07-13 18:48:54","CRITICO","AUTENTICACAO","Login efetuado com sucesso pelo utilizador 'convidado_01'.","convidado_01"
"98","2026-07-13 18:48:54","INFO","AUTENTICACAO","Sessão expirada pelo utilizador 'convidado_01'.","convidado_01"
"99","2026-07-13 18:48:54","ATENCAO","AUTENTICACAO","Login efetuado com sucesso pelo utilizador 'api_gateway'.","api_gateway"
"100","2026-07-13 18:48:54","CRITICO","AUTENTICACAO","Tentativa de brute-force bloqueada pelo utilizador 'convidado_01'.","convidado_01"
"101","2026-07-13 18:48:54","INFO","AUTENTICACAO","Login efetuado com sucesso pelo utilizador 'api_gateway'.","api_gateway"
"102","2026-07-13 18:48:54","ATENCAO","AUTENTICACAO","Sessão expirada pelo utilizador 'nuno_gomes'.","nuno_gomes"
"103","2026-07-13 18:48:54","ATENCAO","AUTENTICACAO","Sessão expirada pelo utilizador 'api_gateway'.","api_gateway"
"104","2026-07-13 18:48:54","CRITICO","AUTENTICACAO","Falha na palavra-passe pelo utilizador 'gestor_seguranca'.","gestor_seguranca"
"105","2026-07-13 18:48:54","INFO","AUTENTICACAO","Falha na palavra-passe pelo utilizador 'gestor_seguranca'.","gestor_seguranca"
"106","2026-07-13 18:48:54","ATENCAO","AUTENTICACAO","Login efetuado com sucesso pelo utilizador 'gestor_seguranca'.","gestor_seguranca"
"107","2026-07-13 18:48:54","ATENCAO","AUTENTICACAO","Login efetuado com sucesso pelo utilizador 'nuno_gomes'.","nuno_gomes"
"108","2026-07-13 18:48:54","ATENCAO","AUTENTICACAO","Sessão expirada pelo utilizador 'ana_silva'.","ana_silva"
"109","2026-07-13 18:48:54","INFO","AUTENTICACAO","Tentativa de brute-force bloqueada pelo utilizador 'mauri'.","mauri"
"110","2026-07-13 18:48:54","INFO","AUTENTICACAO","Tentativa de brute-force bloqueada pelo utilizador 'nuno_gomes'.","nuno_gomes"
"111","2026-07-13 18:48:54","INFO","AUTENTICACAO","Falha na palavra-passe pelo utilizador 'mauri'.","mauri"
"112","2026-07-13 18:48:54","CRITICO","AUTENTICACAO","Sessão expirada pelo utilizador 'ana_silva'.","ana_silva"
"113","2026-07-13 18:48:54","INFO","AUTENTICACAO","Falha na palavra-passe pelo utilizador 'nuno_gomes'.","nuno_gomes"
"114","2026-07-13 18:48:54","CRITICO","AUTENTICACAO","Falha na palavra-passe pelo utilizador 'mauri'.","mauri"
"115","2026-07-13 18:48:54","INFO","AUTENTICACAO","Login efetuado com sucesso pelo utilizador 'convidado_01'.","convidado_01"
"116","2026-07-13 18:48:54","CRITICO","AUTENTICACAO","Tentativa de brute-force bloqueada pelo utilizador 'ana_silva'.","ana_silva"
"117","2026-07-13 18:48:54","INFO","AUTENTICACAO","Tentativa de brute-force bloqueada pelo utilizador 'mauri'.","mauri"
"118","2026-07-13 18:48:54","INFO","AUTENTICACAO","Tentativa de brute-force bloqueada pelo utilizador 'api_gateway'.","api_gateway"
"119","2026-07-13 18:48:54","INFO","AUTENTICACAO","Tentativa de brute-force bloqueada pelo utilizador 'ana_silva'.","ana_silva"
"120","2026-07-13 18:48:54","INFO","AUTENTICACAO","Sessão expirada pelo utilizador 'mauri'.","mauri"
"121","2026-07-13 18:48:54","INFO","AUTENTICACAO","Sessão expirada pelo utilizador 'gestor_seguranca'.","gestor_seguranca"
"122","2026-07-13 18:48:54","ATENCAO","AUTENTICACAO","Login efetuado com sucesso pelo utilizador 'api_gateway'.","api_gateway"
"123","2026-07-13 18:48:54","INFO","AUTENTICACAO","Tentativa de brute-force bloqueada pelo utilizador 'mauri'.","mauri"
"124","2026-07-13 18:48:54","INFO","AUTENTICACAO","Tentativa de brute-force bloqueada pelo utilizador 'admin'.","admin"
"125","2026-07-13 18:48:54","INFO","AUTENTICACAO","Falha na palavra-passe pelo utilizador 'mauri'.","mauri"
"126","2026-07-13 18:48:54","INFO","AUTENTICACAO","Sessão expirada pelo utilizador 'admin'.","admin"
"127","2026-07-13 18:48:54","INFO","AUTENTICACAO","Login efetuado com sucesso pelo utilizador 'gestor_seguranca'.","gestor_seguranca"
"128","2026-07-13 18:48:54","INFO","AUTENTICACAO","Tentativa de brute-force bloqueada pelo utilizador 'nuno_gomes'.","nuno_gomes"
"129","2026-07-13 18:48:54","INFO","AUTENTICACAO","Tentativa de brute-force bloqueada pelo utilizador 'mauri'.","mauri"
"130","2026-07-13 18:48:54","INFO","AUTENTICACAO","Falha na palavra-passe pelo utilizador 'nuno_gomes'.","nuno_gomes"
"131","2026-07-13 18:48:54","CRITICO","AUTENTICACAO","Falha na palavra-passe pelo utilizador 'ana_silva'.","ana_silva"
"132","2026-07-13 18:48:54","ATENCAO","AUTENTICACAO","Sessão expirada pelo utilizador 'convidado_01'.","convidado_01"
"133","2026-07-13 18:48:54","INFO","AUTENTICACAO","Tentativa de brute-force bloqueada pelo utilizador 'ana_silva'.","ana_silva"
"134","2026-07-13 18:48:54","ATENCAO","AUTENTICACAO","Falha na palavra-passe pelo utilizador 'gestor_seguranca'.","gestor_seguranca"
"135","2026-07-13 18:48:54","INFO","AUTENTICACAO","Tentativa de brute-force bloqueada pelo utilizador 'mauri'.","mauri"
"136","2026-07-13 18:48:54","CRITICO","AUTENTICACAO","Login efetuado com sucesso pelo utilizador 'nuno_gomes'.","nuno_gomes"
"137","2026-07-13 18:48:54","CRITICO","AUTENTICACAO","Tentativa de brute-force bloqueada pelo utilizador 'api_gateway'.","api_gateway"
"138","2026-07-13 18:48:54","CRITICO","AUTENTICACAO","Sessão expirada pelo utilizador 'ana_silva'.","ana_silva"
"139","2026-07-13 18:48:54","INFO","AUTENTICACAO","Sessão expirada pelo utilizador 'nuno_gomes'.","nuno_gomes"
"140","2026-07-13 18:48:54","ATENCAO","AUTENTICACAO","Tentativa de brute-force bloqueada pelo utilizador 'convidado_01'.","convidado_01"
"141","2026-07-13 18:48:54","CRITICO","AUTENTICACAO","Tentativa de brute-force bloqueada pelo utilizador 'gestor_seguranca'.","gestor_seguranca"
"142","2026-07-13 18:48:54","ATENCAO","AUTENTICACAO","Falha na palavra-passe pelo utilizador 'ana_silva'.","ana_silva"
"143","2026-07-13 18:48:54","ATENCAO","AUTENTICACAO","Login efetuado com sucesso pelo utilizador 'convidado_01'.","convidado_01"
"144","2026-07-13 18:48:54","CRITICO","AUTENTICACAO","Tentativa de brute-force bloqueada pelo utilizador 'admin'.","admin"
"145","2026-07-13 18:48:54","INFO","AUTENTICACAO","Tentativa de brute-force bloqueada pelo utilizador 'api_gateway'.","api_gateway"
"146","2026-07-13 18:48:54","CRITICO","AUTENTICACAO","Login efetuado com sucesso pelo utilizador 'mauri'.","mauri"
"147","2026-07-13 18:48:54","INFO","AUTENTICACAO","Tentativa de brute-force bloqueada pelo utilizador 'admin'.","admin"
"148","2026-07-13 18:48:54","INFO","AUTENTICACAO","Tentativa de brute-force bloqueada pelo utilizador 'mauri'.","mauri"
"149","2026-07-13 18:48:54","ATENCAO","AUTENTICACAO","Login efetuado com sucesso pelo utilizador 'admin'.","admin"
"150","2026-07-13 18:48:54","INFO","AUTENTICACAO","Sessão expirada pelo utilizador 'mauri'.","mauri"
"151","2026-07-13 18:48:54","INFO","AUTENTICACAO","Tentativa de brute-force bloqueada pelo utilizador 'gestor_seguranca'.","gestor_seguranca"
"152","2026-07-13 18:48:54","INFO","AUTENTICACAO","Sessão expirada pelo utilizador 'convidado_01'.","convidado_01"
"153","2026-07-13 18:48:54","INFO","AUTENTICACAO","Tentativa de brute-force bloqueada pelo utilizador 'api_gateway'.","api_gateway"
"154","2026-07-13 18:48:54","INFO","AUTENTICACAO","Sessão expirada pelo utilizador 'api_gateway'.","api_gateway"
"155","2026-07-13 18:48:54","ATENCAO","AUTENTICACAO","Falha na palavra-passe pelo utilizador 'admin'.","admin"
"156","2026-07-13 18:48:54","INFO","AUTENTICACAO","Falha na palavra-passe pelo utilizador 'mauri'.","mauri"
"157","2026-07-13 18:48:54","CRITICO","AUTENTICACAO","Tentativa de brute-force bloqueada pelo utilizador 'mauri'.","mauri"
"158","2026-07-13 18:48:54","INFO","AUTENTICACAO","Tentativa de brute-force bloqueada pelo utilizador 'admin'.","admin"
"159","2026-07-13 18:48:54","INFO","AUTENTICACAO","Falha na palavra-passe pelo utilizador 'nuno_gomes'.","nuno_gomes"
"160","2026-07-13 18:48:54","INFO","AUTENTICACAO","Falha na palavra-passe pelo utilizador 'mauri'.","mauri"
"161","2026-07-13 18:48:54","CRITICO","AUTENTICACAO","Tentativa de brute-force bloqueada pelo utilizador 'gestor_seguranca'.","gestor_seguranca"
"162","2026-07-13 18:48:54","INFO","AUTENTICACAO","Tentativa de brute-force bloqueada pelo utilizador 'admin'.","admin"
"163","2026-07-13 18:48:54","INFO","AUTENTICACAO","Tentativa de brute-force bloqueada pelo utilizador 'convidado_01'.","convidado_01"
"164","2026-07-13 18:48:54","INFO","AUTENTICACAO","Login efetuado com sucesso pelo utilizador 'mauri'.","mauri"
"165","2026-07-13 18:48:54","INFO","AUTENTICACAO","Sessão expirada pelo utilizador 'mauri'.","mauri"
"166","2026-07-13 18:48:54","ATENCAO","AUTENTICACAO","Login efetuado com sucesso pelo utilizador 'ana_silva'.","ana_silva"
"167","2026-07-13 18:48:54","INFO","AUTENTICACAO","Sessão expirada pelo utilizador 'nuno_gomes'.","nuno_gomes"
"168","2026-07-13 18:48:54","INFO","AUTENTICACAO","Sessão expirada pelo utilizador 'convidado_01'.","convidado_01"
"169","2026-07-13 18:48:54","ATENCAO","AUTENTICACAO","Login efetuado com sucesso pelo utilizador 'mauri'.","mauri"
"170","2026-07-13 18:48:54","CRITICO","AUTENTICACAO","Falha na palavra-passe pelo utilizador 'convidado_01'.","convidado_01"
"171","2026-07-13 18:48:54","ATENCAO","AUTENTICACAO","Tentativa de brute-force bloqueada pelo utilizador 'convidado_01'.","convidado_01"
"172","2026-07-13 18:48:54","INFO","AUTENTICACAO","Login efetuado com sucesso pelo utilizador 'gestor_seguranca'.","gestor_seguranca"
"173","2026-07-13 18:48:54","ATENCAO","AUTENTICACAO","Tentativa de brute-force bloqueada pelo utilizador 'mauri'.","mauri"
"174","2026-07-13 18:48:54","ATENCAO","AUTENTICACAO","Falha na palavra-passe pelo utilizador 'ana_silva'.","ana_silva"
"175","2026-07-13 18:48:54","INFO","AUTENTICACAO","Tentativa de brute-force bloqueada pelo utilizador 'api_gateway'.","api_gateway"
"176","2026-07-13 18:48:54","CRITICO","AUTENTICACAO","Falha na palavra-passe pelo utilizador 'admin'.","admin"
"177","2026-07-13 18:48:54","ATENCAO","AUTENTICACAO","Tentativa de brute-force bloqueada pelo utilizador 'mauri'.","mauri"
"178","2026-07-13 18:48:54","CRITICO","AUTENTICACAO","Login efetuado com sucesso pelo utilizador 'nuno_gomes'.","nuno_gomes"
"179","2026-07-13 18:48:54","INFO","AUTENTICACAO","Login efetuado com sucesso pelo utilizador 'convidado_01'.","convidado_01"
"180","2026-07-13 18:48:54","INFO","AUTENTICACAO","Sessão expirada pelo utilizador 'api_gateway'.","api_gateway"
"181","2026-07-13 18:48:54","INFO","AUTENTICACAO","Login efetuado com sucesso pelo utilizador 'mauri'.","mauri"
"182","2026-07-13 18:48:54","CRITICO","AUTENTICACAO","Login efetuado com sucesso pelo utilizador 'gestor_seguranca'.","gestor_seguranca"
"183","2026-07-13 18:48:54","CRITICO","AUTENTICACAO","Sessão expirada pelo utilizador 'gestor_seguranca'.","gestor_seguranca"
"184","2026-07-13 18:48:54","INFO","AUTENTICACAO","Login efetuado com sucesso pelo utilizador 'api_gateway'.","api_gateway"
"185","2026-07-13 18:48:54","INFO","AUTENTICACAO","Sessão expirada pelo utilizador 'admin'.","admin"
"186","2026-07-13 18:48:54","INFO","AUTENTICACAO","Login efetuado com sucesso pelo utilizador 'nuno_gomes'.","nuno_gomes"
"187","2026-07-13 18:48:54","CRITICO","AUTENTICACAO","Login efetuado com sucesso pelo utilizador 'nuno_gomes'.","nuno_gomes"
"188","2026-07-13 18:48:54","INFO","AUTENTICACAO","Login efetuado com sucesso pelo utilizador 'gestor_seguranca'.","gestor_seguranca"
"189","2026-07-13 18:48:54","INFO","AUTENTICACAO","Login efetuado com sucesso pelo utilizador 'api_gateway'.","api_gateway"
"190","2026-07-13 18:48:54","ATENCAO","AUTENTICACAO","Falha na palavra-passe pelo utilizador 'mauri'.","mauri"
"191","2026-07-13 18:48:54","INFO","AUTENTICACAO","Login efetuado com sucesso pelo utilizador 'ana_silva'.","ana_silva"
"192","2026-07-13 18:48:54","INFO","AUTENTICACAO","Login efetuado com sucesso pelo utilizador 'mauri'.","mauri"
"193","2026-07-13 18:48:54","INFO","AUTENTICACAO","Falha na palavra-passe pelo utilizador 'api_gateway'.","api_gateway"
"194","2026-07-13 18:48:54","ATENCAO","AUTENTICACAO","Login efetuado com sucesso pelo utilizador 'gestor_seguranca'.","gestor_seguranca"
"195","2026-07-13 18:48:54","INFO","AUTENTICACAO","Falha na palavra-passe pelo utilizador 'convidado_01'.","convidado_01"
"196","2026-07-13 18:48:54","INFO","AUTENTICACAO","Falha na palavra-passe pelo utilizador 'ana_silva'.","ana_silva"
"197","2026-07-13 18:48:54","INFO","AUTENTICACAO","Tentativa de brute-force bloqueada pelo utilizador 'mauri'.","mauri"
"198","2026-07-13 18:48:54","INFO","AUTENTICACAO","Login efetuado com sucesso pelo utilizador 'api_gateway'.","api_gateway"
"199","2026-07-13 18:48:54","INFO","AUTENTICACAO","Sessão expirada pelo utilizador 'admin'.","admin"
"200","2026-07-13 18:48:54","INFO","AUTENTICACAO","Login efetuado com sucesso pelo utilizador 'convidado_01'.","convidado_01"
"201","2026-07-13 18:48:54","INFO","AUTENTICACAO","Sessão expirada pelo utilizador 'gestor_seguranca'.","gestor_seguranca"
"202","2026-07-13 18:48:54","ATENCAO","AUTENTICACAO","Tentativa de brute-force bloqueada pelo utilizador 'api_gateway'.","api_gateway"
"203","2026-07-13 18:48:54","ATENCAO","AUTENTICACAO","Tentativa de brute-force bloqueada pelo utilizador 'mauri'.","mauri"
"204","2026-07-13 18:48:54","ATENCAO","AUTENTICACAO","Tentativa de brute-force bloqueada pelo utilizador 'mauri'.","mauri"
"205","2026-07-13 18:48:54","CRITICO","AUTENTICACAO","Login efetuado com sucesso pelo utilizador 'api_gateway'.","api_gateway"
"206","2026-07-13 18:48:54","INFO","AUTENTICACAO","Login efetuado com sucesso pelo utilizador 'api_gateway'.","api_gateway"
"207","2026-07-13 18:48:54","ATENCAO","AUTENTICACAO","Falha na palavra-passe pelo utilizador 'gestor_seguranca'.","gestor_seguranca"
"208","2026-07-13 18:48:54","INFO","AUTENTICACAO","Tentativa de brute-force bloqueada pelo utilizador 'api_gateway'.","api_gateway"
"209","2026-07-13 18:48:54","INFO","AUTENTICACAO","Tentativa de brute-force bloqueada pelo utilizador 'gestor_seguranca'.","gestor_seguranca"
"210","2026-07-13 18:48:54","INFO","AUTENTICACAO","Falha na palavra-passe pelo utilizador 'ana_silva'.","ana_silva"
"211","2026-07-13 18:48:54","ATENCAO","AUTENTICACAO","Falha na palavra-passe pelo utilizador 'convidado_01'.","convidado_01"
"212","2026-07-13 18:48:54","INFO","AUTENTICACAO","Falha na palavra-passe pelo utilizador 'nuno_gomes'.","nuno_gomes"
"213","2026-07-13 18:48:54","INFO","AUTENTICACAO","Tentativa de brute-force bloqueada pelo utilizador 'mauri'.","mauri"
"214","2026-07-13 18:48:54","INFO","AUTENTICACAO","Tentativa de brute-force bloqueada pelo utilizador 'ana_silva'.","ana_silva"
"215","2026-07-13 18:48:54","INFO","AUTENTICACAO","Login efetuado com sucesso pelo utilizador 'nuno_gomes'.","nuno_gomes"
"216","2026-07-13 18:48:54","INFO","AUTENTICACAO","Sessão expirada pelo utilizador 'api_gateway'.","api_gateway"
"217","2026-07-13 18:48:54","CRITICO","AUTENTICACAO","Sessão expirada pelo utilizador 'ana_silva'.","ana_silva"
"218","2026-07-13 18:48:54","ATENCAO","AUTENTICACAO","Login efetuado com sucesso pelo utilizador 'nuno_gomes'.","nuno_gomes"
"219","2026-07-13 18:48:54","ATENCAO","AUTENTICACAO","Tentativa de brute-force bloqueada pelo utilizador 'convidado_01'.","convidado_01"
"220","2026-07-13 18:48:54","ATENCAO","AUTENTICACAO","Sessão expirada pelo utilizador 'mauri'.","mauri"
"221","2026-07-13 18:48:54","ATENCAO","AUTENTICACAO","Falha na palavra-passe pelo utilizador 'gestor_seguranca'.","gestor_seguranca"
"222","2026-07-13 18:48:54","ATENCAO","AUTENTICACAO","Tentativa de brute-force bloqueada pelo utilizador 'nuno_gomes'.","nuno_gomes"
"223","2026-07-13 18:48:54","INFO","AUTENTICACAO","Falha na palavra-passe pelo utilizador 'admin'.","admin"
"224","2026-07-13 18:48:54","INFO","AUTENTICACAO","Sessão expirada pelo utilizador 'convidado_01'.","convidado_01"
"225","2026-07-13 18:48:54","INFO","AUTENTICACAO","Sessão expirada pelo utilizador 'gestor_seguranca'.","gestor_seguranca"
"226","2026-07-13 18:48:54","CRITICO","AUTENTICACAO","Login efetuado com sucesso pelo utilizador 'ana_silva'.","ana_silva"
"227","2026-07-13 18:48:54","INFO","AUTENTICACAO","Login efetuado com sucesso pelo utilizador 'nuno_gomes'.","nuno_gomes"
"228","2026-07-13 18:48:54","CRITICO","AUTENTICACAO","Tentativa de brute-force bloqueada pelo utilizador 'mauri'.","mauri"
"229","2026-07-13 18:48:54","CRITICO","AUTENTICACAO","Tentativa de brute-force bloqueada pelo utilizador 'gestor_seguranca'.","gestor_seguranca"
"230","2026-07-13 18:48:54","INFO","AUTENTICACAO","Falha na palavra-passe pelo utilizador 'ana_silva'.","ana_silva"
"231","2026-07-13 18:48:54","INFO","AUTENTICACAO","Sessão expirada pelo utilizador 'nuno_gomes'.","nuno_gomes"
"232","2026-07-13 18:48:54","INFO","AUTENTICACAO","Login efetuado com sucesso pelo utilizador 'gestor_seguranca'.","gestor_seguranca"
"233","2026-07-13 18:48:54","INFO","AUTENTICACAO","Tentativa de brute-force bloqueada pelo utilizador 'gestor_seguranca'.","gestor_seguranca"
"234","2026-07-13 18:48:54","INFO","AUTENTICACAO","Sessão expirada pelo utilizador 'nuno_gomes'.","nuno_gomes"
"235","2026-07-13 18:48:54","INFO","AUTENTICACAO","Sessão expirada pelo utilizador 'admin'.","admin"
"236","2026-07-13 18:48:54","INFO","AUTENTICACAO","Tentativa de brute-force bloqueada pelo utilizador 'ana_silva'.","ana_silva"
"237","2026-07-13 18:48:54","INFO","AUTENTICACAO","Login efetuado com sucesso pelo utilizador 'gestor_seguranca'.","gestor_seguranca"
"238","2026-07-13 18:48:54","INFO","AUTENTICACAO","Sessão expirada pelo utilizador 'admin'.","admin"
"239","2026-07-13 18:48:54","INFO","AUTENTICACAO","Login efetuado com sucesso pelo utilizador 'mauri'.","mauri"
"240","2026-07-13 18:48:54","INFO","AUTENTICACAO","Falha na palavra-passe pelo utilizador 'ana_silva'.","ana_silva"
"241","2026-07-13 18:48:54","CRITICO","AUTENTICACAO","Falha na palavra-passe pelo utilizador 'ana_silva'.","ana_silva"
"242","2026-07-13 18:48:54","INFO","AUTENTICACAO","Login efetuado com sucesso pelo utilizador 'ana_silva'.","ana_silva"
"243","2026-07-13 18:48:54","INFO","AUTENTICACAO","Tentativa de brute-force bloqueada pelo utilizador 'api_gateway'.","api_gateway"
"244","2026-07-13 18:48:54","INFO","AUTENTICACAO","Sessão expirada pelo utilizador 'api_gateway'.","api_gateway"
"245","2026-07-13 18:48:54","INFO","AUTENTICACAO","Tentativa de brute-force bloqueada pelo utilizador 'gestor_seguranca'.","gestor_seguranca"
"246","2026-07-13 18:48:54","INFO","AUTENTICACAO","Login efetuado com sucesso pelo utilizador 'nuno_gomes'.","nuno_gomes"
"247","2026-07-13 18:48:54","CRITICO","AUTENTICACAO","Falha na palavra-passe pelo utilizador 'mauri'.","mauri"
"248","2026-07-13 18:48:54","INFO","AUTENTICACAO","Falha na palavra-passe pelo utilizador 'convidado_01'.","convidado_01"
"249","2026-07-13 18:48:54","INFO","AUTENTICACAO","Sessão expirada pelo utilizador 'nuno_gomes'.","nuno_gomes"
"250","2026-07-13 18:48:54","INFO","AUTENTICACAO","Tentativa de brute-force bloqueada pelo utilizador 'nuno_gomes'.","nuno_gomes"
"251","2026-07-13 18:48:54","CRITICO","AUTENTICACAO","Falha na palavra-passe pelo utilizador 'nuno_gomes'.","nuno_gomes"
"252","2026-07-13 18:48:54","INFO","AUTENTICACAO","Falha na palavra-passe pelo utilizador 'mauri'.","mauri"
"253","2026-07-13 18:48:54","INFO","AUTENTICACAO","Login efetuado com sucesso pelo utilizador 'mauri'.","mauri"
"254","2026-07-13 18:48:54","INFO","AUTENTICACAO","Tentativa de brute-force bloqueada pelo utilizador 'gestor_seguranca'.","gestor_seguranca"
"255","2026-07-13 18:48:54","INFO","AUTENTICACAO","Tentativa de brute-force bloqueada pelo utilizador 'nuno_gomes'.","nuno_gomes"
"256","2026-07-13 18:48:54","INFO","AUTENTICACAO","Login efetuado com sucesso pelo utilizador 'admin'.","admin"
"257","2026-07-13 18:48:54","CRITICO","AUTENTICACAO","Login efetuado com sucesso pelo utilizador 'convidado_01'.","convidado_01"
"258","2026-07-13 18:48:54","INFO","AUTENTICACAO","Login efetuado com sucesso pelo utilizador 'api_gateway'.","api_gateway"
"259","2026-07-13 18:48:54","INFO","AUTENTICACAO","Login efetuado com sucesso pelo utilizador 'admin'.","admin"
"260","2026-07-13 18:48:54","CRITICO","AUTENTICACAO","Login efetuado com sucesso pelo utilizador 'ana_silva'.","ana_silva"
"261","2026-07-13 18:48:54","INFO","AUTENTICACAO","Tentativa de brute-force bloqueada pelo utilizador 'mauri'.","mauri"
"262","2026-07-13 18:48:54","INFO","AUTENTICACAO","Sessão expirada pelo utilizador 'api_gateway'.","api_gateway"
"263","2026-07-13 18:48:54","INFO","AUTENTICACAO","Falha na palavra-passe pelo utilizador 'gestor_seguranca'.","gestor_seguranca"
"264","2026-07-13 18:48:54","ATENCAO","AUTENTICACAO","Sessão expirada pelo utilizador 'api_gateway'.","api_gateway"
"265","2026-07-13 18:48:54","INFO","AUTENTICACAO","Falha na palavra-passe pelo utilizador 'convidado_01'.","convidado_01"
"266","2026-07-13 18:48:54","CRITICO","AUTENTICACAO","Tentativa de brute-force bloqueada pelo utilizador 'convidado_01'.","convidado_01"
"267","2026-07-13 18:48:54","ATENCAO","AUTENTICACAO","Sessão expirada pelo utilizador 'gestor_seguranca'.","gestor_seguranca"
"268","2026-07-13 18:48:54","CRITICO","AUTENTICACAO","Falha na palavra-passe pelo utilizador 'admin'.","admin"
"269","2026-07-13 18:48:54","INFO","AUTENTICACAO","Falha na palavra-passe pelo utilizador 'api_gateway'.","api_gateway"
"270","2026-07-13 18:48:54","INFO","AUTENTICACAO","Login efetuado com sucesso pelo utilizador 'convidado_01'.","convidado_01"
"271","2026-07-13 18:48:54","ATENCAO","AUTENTICACAO","Tentativa de brute-force bloqueada pelo utilizador 'nuno_gomes'.","nuno_gomes"
"272","2026-07-13 18:48:54","CRITICO","AUTENTICACAO","Tentativa de brute-force bloqueada pelo utilizador 'admin'.","admin"
"273","2026-07-13 18:48:54","INFO","AUTENTICACAO","Tentativa de brute-force bloqueada pelo utilizador 'nuno_gomes'.","nuno_gomes"
"274","2026-07-13 18:48:54","INFO","AUTENTICACAO","Login efetuado com sucesso pelo utilizador 'convidado_01'.","convidado_01"
"275","2026-07-13 18:48:54","INFO","AUTENTICACAO","Tentativa de brute-force bloqueada pelo utilizador 'admin'.","admin"
"276","2026-07-13 18:48:54","INFO","AUTENTICACAO","Login efetuado com sucesso pelo utilizador 'gestor_seguranca'.","gestor_seguranca"
"277","2026-07-13 18:48:54","INFO","AUTENTICACAO","Falha na palavra-passe pelo utilizador 'admin'.","admin"
"278","2026-07-13 18:48:54","INFO","AUTENTICACAO","Login efetuado com sucesso pelo utilizador 'admin'.","admin"
"279","2026-07-13 18:48:54","CRITICO","AUTENTICACAO","Login efetuado com sucesso pelo utilizador 'mauri'.","mauri"
"280","2026-07-13 18:48:54","INFO","AUTENTICACAO","Falha na palavra-passe pelo utilizador 'admin'.","admin"
"281","2026-07-13 18:48:54","ATENCAO","AUTENTICACAO","Tentativa de brute-force bloqueada pelo utilizador 'mauri'.","mauri"
"282","2026-07-13 18:48:54","INFO","AUTENTICACAO","Sessão expirada pelo utilizador 'convidado_01'.","convidado_01"
"283","2026-07-13 18:48:54","INFO","AUTENTICACAO","Sessão expirada pelo utilizador 'mauri'.","mauri"
"284","2026-07-13 18:48:54","ATENCAO","AUTENTICACAO","Tentativa de brute-force bloqueada pelo utilizador 'convidado_01'.","convidado_01"
"285","2026-07-13 18:48:54","CRITICO","AUTENTICACAO","Login efetuado com sucesso pelo utilizador 'nuno_gomes'.","nuno_gomes"
"286","2026-07-13 18:48:54","INFO","AUTENTICACAO","Sessão expirada pelo utilizador 'nuno_gomes'.","nuno_gomes"
"287","2026-07-13 18:48:54","INFO","AUTENTICACAO","Tentativa de brute-force bloqueada pelo utilizador 'convidado_01'.","convidado_01"
"288","2026-07-13 18:48:54","INFO","AUTENTICACAO","Falha na palavra-passe pelo utilizador 'admin'.","admin"
"289","2026-07-13 18:48:54","INFO","AUTENTICACAO","Tentativa de brute-force bloqueada pelo utilizador 'nuno_gomes'.","nuno_gomes"
"290","2026-07-13 18:48:54","CRITICO","AUTENTICACAO","Login efetuado com sucesso pelo utilizador 'admin'.","admin"
"291","2026-07-13 18:48:54","CRITICO","AUTENTICACAO","Login efetuado com sucesso pelo utilizador 'convidado_01'.","convidado_01"
"292","2026-07-13 18:48:54","INFO","AUTENTICACAO","Falha na palavra-passe pelo utilizador 'gestor_seguranca'.","gestor_seguranca"
"293","2026-07-13 18:48:54","INFO","AUTENTICACAO","Tentativa de brute-force bloqueada pelo utilizador 'convidado_01'.","convidado_01"
"294","2026-07-13 18:48:54","INFO","AUTENTICACAO","Sessão expirada pelo utilizador 'admin'.","admin"
"295","2026-07-13 18:48:54","INFO","AUTENTICACAO","Login efetuado com sucesso pelo utilizador 'convidado_01'.","convidado_01"
"296","2026-07-13 18:48:54","INFO","AUTENTICACAO","Login efetuado com sucesso pelo utilizador 'ana_silva'.","ana_silva"
"297","2026-07-13 18:48:54","CRITICO","AUTENTICACAO","Falha na palavra-passe pelo utilizador 'gestor_seguranca'.","gestor_seguranca"
"298","2026-07-13 18:48:54","ATENCAO","AUTENTICACAO","Login efetuado com sucesso pelo utilizador 'admin'.","admin"
"299","2026-07-13 18:48:54","INFO","AUTENTICACAO","Sessão expirada pelo utilizador 'ana_silva'.","ana_silva"
"300","2026-07-13 18:48:54","INFO","AUTENTICACAO","Tentativa de brute-force bloqueada pelo utilizador 'gestor_seguranca'.","gestor_seguranca"
"301","2026-07-13 18:48:54","ATENCAO","AUTENTICACAO","Sessão expirada pelo utilizador 'ana_silva'.","ana_silva"
"302","2026-07-13 18:48:54","INFO","AUTENTICACAO","Login efetuado com sucesso pelo utilizador 'api_gateway'.","api_gateway"
"303","2026-07-13 18:48:54","INFO","AUTENTICACAO","Tentativa de brute-force bloqueada pelo utilizador 'convidado_01'.","convidado_01"
"304","2026-07-13 18:48:54","INFO","AUTENTICACAO","Login efetuado com sucesso pelo utilizador 'nuno_gomes'.","nuno_gomes"
"305","2026-07-13 18:48:54","INFO","AUTENTICACAO","Tentativa de brute-force bloqueada pelo utilizador 'convidado_01'.","convidado_01"
"306","2026-07-13 18:48:54","INFO","AUTENTICACAO","Falha na palavra-passe pelo utilizador 'api_gateway'.","api_gateway"
"307","2026-07-13 18:48:54","INFO","AUTENTICACAO","Login efetuado com sucesso pelo utilizador 'nuno_gomes'.","nuno_gomes"
"308","2026-07-13 18:48:54","ATENCAO","AUTENTICACAO","Falha na palavra-passe pelo utilizador 'mauri'.","mauri"
"309","2026-07-13 18:48:54","ATENCAO","AUTENTICACAO","Login efetuado com sucesso pelo utilizador 'convidado_01'.","convidado_01"
"310","2026-07-13 18:48:54","CRITICO","AUTENTICACAO","Sessão expirada pelo utilizador 'convidado_01'.","convidado_01"
"311","2026-07-13 18:48:54","INFO","AUTENTICACAO","Tentativa de brute-force bloqueada pelo utilizador 'gestor_seguranca'.","gestor_seguranca"
"312","2026-07-13 18:48:54","INFO","AUTENTICACAO","Tentativa de brute-force bloqueada pelo utilizador 'mauri'.","mauri"
"313","2026-07-13 18:48:54","INFO","AUTENTICACAO","Tentativa de brute-force bloqueada pelo utilizador 'convidado_01'.","convidado_01"
"314","2026-07-13 18:48:54","INFO","AUTENTICACAO","Sessão expirada pelo utilizador 'ana_silva'.","ana_silva"
"315","2026-07-13 18:48:54","CRITICO","AUTENTICACAO","Sessão expirada pelo utilizador 'convidado_01'.","convidado_01"
"316","2026-07-13 18:48:54","CRITICO","AUTENTICACAO","Login efetuado com sucesso pelo utilizador 'gestor_seguranca'.","gestor_seguranca"
"317","2026-07-13 18:48:54","INFO","AUTENTICACAO","Falha na palavra-passe pelo utilizador 'ana_silva'.","ana_silva"
"318","2026-07-13 18:48:54","ATENCAO","AUTENTICACAO","Tentativa de brute-force bloqueada pelo utilizador 'gestor_seguranca'.","gestor_seguranca"
"319","2026-07-13 18:48:54","CRITICO","AUTENTICACAO","Tentativa de brute-force bloqueada pelo utilizador 'admin'.","admin"
"320","2026-07-13 18:48:54","CRITICO","AUTENTICACAO","Sessão expirada pelo utilizador 'admin'.","admin"
"321","2026-07-13 18:48:54","INFO","AUTENTICACAO","Sessão expirada pelo utilizador 'admin'.","admin"
"322","2026-07-13 18:48:54","ATENCAO","AUTENTICACAO","Sessão expirada pelo utilizador 'mauri'.","mauri"
"323","2026-07-13 18:48:54","CRITICO","AUTENTICACAO","Sessão expirada pelo utilizador 'admin'.","admin"
"324","2026-07-13 18:48:54","INFO","AUTENTICACAO","Tentativa de brute-force bloqueada pelo utilizador 'gestor_seguranca'.","gestor_seguranca"
"325","2026-07-13 18:48:54","CRITICO","AUTENTICACAO","Tentativa de brute-force bloqueada pelo utilizador 'api_gateway'.","api_gateway"
"326","2026-07-13 18:48:54","INFO","AUTENTICACAO","Login efetuado com sucesso pelo utilizador 'mauri'.","mauri"
"327","2026-07-13 18:48:54","INFO","AUTENTICACAO","Sessão expirada pelo utilizador 'nuno_gomes'.","nuno_gomes"
"328","2026-07-13 18:48:54","ATENCAO","AUTENTICACAO","Login efetuado com sucesso pelo utilizador 'admin'.","admin"
"329","2026-07-13 18:48:54","ATENCAO","AUTENTICACAO","Tentativa de brute-force bloqueada pelo utilizador 'mauri'.","mauri"
"330","2026-07-13 18:48:54","INFO","AUTENTICACAO","Login efetuado com sucesso pelo utilizador 'ana_silva'.","ana_silva"
"331","2026-07-13 18:48:54","INFO","AUTENTICACAO","Tentativa de brute-force bloqueada pelo utilizador 'gestor_seguranca'.","gestor_seguranca"
"332","2026-07-13 18:48:54","INFO","AUTENTICACAO","Falha na palavra-passe pelo utilizador 'api_gateway'.","api_gateway"
"333","2026-07-13 18:48:54","INFO","AUTENTICACAO","Sessão expirada pelo utilizador 'nuno_gomes'.","nuno_gomes"
"334","2026-07-13 18:48:54","INFO","AUTENTICACAO","Tentativa de brute-force bloqueada pelo utilizador 'convidado_01'.","convidado_01"
"335","2026-07-13 18:48:54","INFO","AUTENTICACAO","Tentativa de brute-force bloqueada pelo utilizador 'convidado_01'.","convidado_01"
"336","2026-07-13 18:48:54","INFO","AUTENTICACAO","Sessão expirada pelo utilizador 'mauri'.","mauri"
"337","2026-07-13 18:48:54","ATENCAO","AUTENTICACAO","Falha na palavra-passe pelo utilizador 'gestor_seguranca'.","gestor_seguranca"
"338","2026-07-13 18:48:54","INFO","AUTENTICACAO","Login efetuado com sucesso pelo utilizador 'gestor_seguranca'.","gestor_seguranca"
"339","2026-07-13 18:48:54","CRITICO","AUTENTICACAO","Sessão expirada pelo utilizador 'mauri'.","mauri"
"340","2026-07-13 18:48:54","ATENCAO","AUTENTICACAO","Sessão expirada pelo utilizador 'mauri'.","mauri"
"341","2026-07-13 18:48:54","INFO","AUTENTICACAO","Sessão expirada pelo utilizador 'ana_silva'.","ana_silva"
"342","2026-07-13 18:48:54","INFO","AUTENTICACAO","Login efetuado com sucesso pelo utilizador 'admin'.","admin"
"343","2026-07-13 18:48:54","ATENCAO","AUTENTICACAO","Tentativa de brute-force bloqueada pelo utilizador 'ana_silva'.","ana_silva"
"344","2026-07-13 18:48:54","CRITICO","AUTENTICACAO","Sessão expirada pelo utilizador 'nuno_gomes'.","nuno_gomes"
"345","2026-07-13 18:48:54","INFO","AUTENTICACAO","Tentativa de brute-force bloqueada pelo utilizador 'nuno_gomes'.","nuno_gomes"
"346","2026-07-13 18:48:54","CRITICO","AUTENTICACAO","Login efetuado com sucesso pelo utilizador 'ana_silva'.","ana_silva"
"347","2026-07-13 18:48:54","INFO","AUTENTICACAO","Falha na palavra-passe pelo utilizador 'convidado_01'.","convidado_01"
"348","2026-07-13 18:48:54","INFO","AUTENTICACAO","Falha na palavra-passe pelo utilizador 'ana_silva'.","ana_silva"
"349","2026-07-13 18:48:54","INFO","AUTENTICACAO","Tentativa de brute-force bloqueada pelo utilizador 'mauri'.","mauri"
"350","2026-07-13 18:48:54","INFO","AUTENTICACAO","Tentativa de brute-force bloqueada pelo utilizador 'convidado_01'.","convidado_01"
"351","2026-07-13 18:48:54","INFO","AUTENTICACAO","Sessão expirada pelo utilizador 'convidado_01'.","convidado_01"
"352","2026-07-13 18:48:54","INFO","AUTENTICACAO","Tentativa de brute-force bloqueada pelo utilizador 'nuno_gomes'.","nuno_gomes"
"353","2026-07-13 18:48:54","INFO","AUTENTICACAO","Tentativa de brute-force bloqueada pelo utilizador 'gestor_seguranca'.","gestor_seguranca"
"354","2026-07-13 18:48:54","INFO","AUTENTICACAO","Falha na palavra-passe pelo utilizador 'gestor_seguranca'.","gestor_seguranca"
"355","2026-07-13 18:48:54","ATENCAO","AUTENTICACAO","Login efetuado com sucesso pelo utilizador 'api_gateway'.","api_gateway"
"356","2026-07-13 18:48:54","INFO","AUTENTICACAO","Tentativa de brute-force bloqueada pelo utilizador 'admin'.","admin"
"357","2026-07-13 18:48:54","INFO","AUTENTICACAO","Sessão expirada pelo utilizador 'gestor_seguranca'.","gestor_seguranca"
"358","2026-07-13 18:48:54","INFO","AUTENTICACAO","Login efetuado com sucesso pelo utilizador 'mauri'.","mauri"
"359","2026-07-13 18:48:54","CRITICO","AUTENTICACAO","Login efetuado com sucesso pelo utilizador 'convidado_01'.","convidado_01"
"360","2026-07-13 18:48:54","INFO","AUTENTICACAO","Sessão expirada pelo utilizador 'api_gateway'.","api_gateway"
"361","2026-07-13 18:48:54","ATENCAO","AUTENTICACAO","Login efetuado com sucesso pelo utilizador 'admin'.","admin"
"362","2026-07-13 18:48:54","CRITICO","AUTENTICACAO","Tentativa de brute-force bloqueada pelo utilizador 'convidado_01'.","convidado_01"
"363","2026-07-13 18:48:54","INFO","AUTENTICACAO","Sessão expirada pelo utilizador 'admin'.","admin"
"364","2026-07-13 18:48:54","ATENCAO","AUTENTICACAO","Login efetuado com sucesso pelo utilizador 'admin'.","admin"
"365","2026-07-13 18:48:54","ATENCAO","AUTENTICACAO","Tentativa de brute-force bloqueada pelo utilizador 'gestor_seguranca'.","gestor_seguranca"
"366","2026-07-13 18:48:54","INFO","AUTENTICACAO","Falha na palavra-passe pelo utilizador 'gestor_seguranca'.","gestor_seguranca"
"367","2026-07-13 18:48:54","INFO","AUTENTICACAO","Sessão expirada pelo utilizador 'gestor_seguranca'.","gestor_seguranca"
"368","2026-07-13 18:48:54","ATENCAO","AUTENTICACAO","Sessão expirada pelo utilizador 'convidado_01'.","convidado_01"
"369","2026-07-13 18:48:54","CRITICO","AUTENTICACAO","Tentativa de brute-force bloqueada pelo utilizador 'ana_silva'.","ana_silva"
"370","2026-07-13 18:48:54","INFO","AUTENTICACAO","Sessão expirada pelo utilizador 'nuno_gomes'.","nuno_gomes"
"371","2026-07-13 18:48:54","ATENCAO","AUTENTICACAO","Login efetuado com sucesso pelo utilizador 'convidado_01'.","convidado_01"
"372","2026-07-13 18:48:54","CRITICO","AUTENTICACAO","Falha na palavra-passe pelo utilizador 'convidado_01'.","convidado_01"
"373","2026-07-13 18:48:54","CRITICO","AUTENTICACAO","Tentativa de brute-force bloqueada pelo utilizador 'api_gateway'.","api_gateway"
"374","2026-07-13 18:48:54","INFO","AUTENTICACAO","Login efetuado com sucesso pelo utilizador 'mauri'.","mauri"
"375","2026-07-13 18:48:54","ATENCAO","AUTENTICACAO","Sessão expirada pelo utilizador 'api_gateway'.","api_gateway"
"376","2026-07-13 18:48:54","ATENCAO","AUTENTICACAO","Sessão expirada pelo utilizador 'admin'.","admin"
"377","2026-07-13 18:48:54","INFO","AUTENTICACAO","Login efetuado com sucesso pelo utilizador 'convidado_01'.","convidado_01"
"378","2026-07-13 18:48:54","CRITICO","AUTENTICACAO","Tentativa de brute-force bloqueada pelo utilizador 'ana_silva'.","ana_silva"
"379","2026-07-13 18:48:54","INFO","AUTENTICACAO","Tentativa de brute-force bloqueada pelo utilizador 'convidado_01'.","convidado_01"
"380","2026-07-13 18:48:54","INFO","AUTENTICACAO","Sessão expirada pelo utilizador 'gestor_seguranca'.","gestor_seguranca"
"381","2026-07-13 18:48:54","INFO","AUTENTICACAO","Login efetuado com sucesso pelo utilizador 'nuno_gomes'.","nuno_gomes"
"382","2026-07-13 18:48:54","CRITICO","AUTENTICACAO","Login efetuado com sucesso pelo utilizador 'nuno_gomes'.","nuno_gomes"
"383","2026-07-13 18:48:54","CRITICO","AUTENTICACAO","Falha na palavra-passe pelo utilizador 'api_gateway'.","api_gateway"
"384","2026-07-13 18:48:54","INFO","AUTENTICACAO","Sessão expirada pelo utilizador 'convidado_01'.","convidado_01"
"385","2026-07-13 18:48:54","CRITICO","AUTENTICACAO","Sessão expirada pelo utilizador 'ana_silva'.","ana_silva"
"386","2026-07-13 18:48:54","INFO","AUTENTICACAO","Falha na palavra-passe pelo utilizador 'convidado_01'.","convidado_01"
"387","2026-07-13 18:48:54","CRITICO","AUTENTICACAO","Tentativa de brute-force bloqueada pelo utilizador 'admin'.","admin"
"388","2026-07-13 18:48:54","INFO","AUTENTICACAO","Login efetuado com sucesso pelo utilizador 'gestor_seguranca'.","gestor_seguranca"
"389","2026-07-13 18:48:54","ATENCAO","AUTENTICACAO","Sessão expirada pelo utilizador 'nuno_gomes'.","nuno_gomes"
"390","2026-07-13 18:48:54","CRITICO","AUTENTICACAO","Falha na palavra-passe pelo utilizador 'nuno_gomes'.","nuno_gomes"
"391","2026-07-13 18:48:54","INFO","AUTENTICACAO","Falha na palavra-passe pelo utilizador 'gestor_seguranca'.","gestor_seguranca"
"392","2026-07-13 18:48:54","INFO","AUTENTICACAO","Falha na palavra-passe pelo utilizador 'nuno_gomes'.","nuno_gomes"
"393","2026-07-13 18:48:54","INFO","AUTENTICACAO","Tentativa de brute-force bloqueada pelo utilizador 'admin'.","admin"
"394","2026-07-13 18:48:54","INFO","AUTENTICACAO","Login efetuado com sucesso pelo utilizador 'api_gateway'.","api_gateway"
"395","2026-07-13 18:48:54","CRITICO","AUTENTICACAO","Sessão expirada pelo utilizador 'mauri'.","mauri"
"396","2026-07-13 18:48:54","INFO","AUTENTICACAO","Falha na palavra-passe pelo utilizador 'api_gateway'.","api_gateway"
"397","2026-07-13 18:48:54","INFO","AUTENTICACAO","Falha na palavra-passe pelo utilizador 'admin'.","admin"
"398","2026-07-13 18:48:54","INFO","AUTENTICACAO","Login efetuado com sucesso pelo utilizador 'api_gateway'.","api_gateway"
"399","2026-07-13 18:48:54","INFO","AUTENTICACAO","Sessão expirada pelo utilizador 'api_gateway'.","api_gateway"
"400","2026-07-13 18:48:54","ATENCAO","AUTENTICACAO","Sessão expirada pelo utilizador 'nuno_gomes'.","nuno_gomes"
"401","2026-07-13 18:48:54","ATENCAO","AUTENTICACAO","Sessão expirada pelo utilizador 'nuno_gomes'.","nuno_gomes"
"402","2026-07-13 18:48:54","INFO","AUTENTICACAO","Login efetuado com sucesso pelo utilizador 'admin'.","admin"
"403","2026-07-13 18:48:54","INFO","AUTENTICACAO","Login efetuado com sucesso pelo utilizador 'mauri'.","mauri"
"404","2026-07-13 18:48:54","ATENCAO","AUTENTICACAO","Tentativa de brute-force bloqueada pelo utilizador 'admin'.","admin"
"405","2026-07-13 18:48:54","CRITICO","AUTENTICACAO","Login efetuado com sucesso pelo utilizador 'gestor_seguranca'.","gestor_seguranca"
"406","2026-07-13 18:48:54","INFO","AUTENTICACAO","Tentativa de brute-force bloqueada pelo utilizador 'api_gateway'.","api_gateway"
"407","2026-07-13 18:48:54","INFO","AUTENTICACAO","Tentativa de brute-force bloqueada pelo utilizador 'gestor_seguranca'.","gestor_seguranca"
"408","2026-07-13 18:48:54","INFO","AUTENTICACAO","Login efetuado com sucesso pelo utilizador 'gestor_seguranca'.","gestor_seguranca"
"409","2026-07-13 18:48:54","CRITICO","AUTENTICACAO","Tentativa de brute-force bloqueada pelo utilizador 'ana_silva'.","ana_silva"
"410","2026-07-13 18:48:54","INFO","AUTENTICACAO","Tentativa de brute-force bloqueada pelo utilizador 'gestor_seguranca'.","gestor_seguranca"
"411","2026-07-13 18:48:54","ATENCAO","AUTENTICACAO","Login efetuado com sucesso pelo utilizador 'convidado_01'.","convidado_01"
"412","2026-07-13 18:48:54","ATENCAO","AUTENTICACAO","Falha na palavra-passe pelo utilizador 'ana_silva'.","ana_silva"
"413","2026-07-13 18:48:54","ATENCAO","AUTENTICACAO","Tentativa de brute-force bloqueada pelo utilizador 'admin'.","admin"
"414","2026-07-13 18:48:54","INFO","AUTENTICACAO","Falha na palavra-passe pelo utilizador 'gestor_seguranca'.","gestor_seguranca"
"415","2026-07-13 18:48:54","INFO","AUTENTICACAO","Sessão expirada pelo utilizador 'api_gateway'.","api_gateway"
"416","2026-07-13 18:48:54","INFO","AUTENTICACAO","Login efetuado com sucesso pelo utilizador 'convidado_01'.","convidado_01"
"417","2026-07-13 18:48:54","CRITICO","AUTENTICACAO","Login efetuado com sucesso pelo utilizador 'convidado_01'.","convidado_01"
"418","2026-07-13 18:48:54","CRITICO","AUTENTICACAO","Login efetuado com sucesso pelo utilizador 'nuno_gomes'.","nuno_gomes"
"419","2026-07-13 18:48:54","INFO","AUTENTICACAO","Sessão expirada pelo utilizador 'ana_silva'.","ana_silva"
"420","2026-07-13 18:48:54","ATENCAO","AUTENTICACAO","Login efetuado com sucesso pelo utilizador 'gestor_seguranca'.","gestor_seguranca"
"421","2026-07-13 18:48:54","INFO","AUTENTICACAO","Sessão expirada pelo utilizador 'admin'.","admin"
"422","2026-07-13 18:48:54","INFO","AUTENTICACAO","Tentativa de brute-force bloqueada pelo utilizador 'gestor_seguranca'.","gestor_seguranca"
"423","2026-07-13 18:48:54","INFO","AUTENTICACAO","Falha na palavra-passe pelo utilizador 'api_gateway'.","api_gateway"
"424","2026-07-13 18:48:54","INFO","AUTENTICACAO","Sessão expirada pelo utilizador 'mauri'.","mauri"
"425","2026-07-13 18:48:54","INFO","AUTENTICACAO","Tentativa de brute-force bloqueada pelo utilizador 'api_gateway'.","api_gateway"
"426","2026-07-13 18:48:54","CRITICO","AUTENTICACAO","Falha na palavra-passe pelo utilizador 'ana_silva'.","ana_silva"
"427","2026-07-13 18:48:54","INFO","AUTENTICACAO","Login efetuado com sucesso pelo utilizador 'api_gateway'.","api_gateway"
"428","2026-07-13 18:48:54","INFO","AUTENTICACAO","Login efetuado com sucesso pelo utilizador 'admin'.","admin"
"429","2026-07-13 18:48:54","INFO","AUTENTICACAO","Falha na palavra-passe pelo utilizador 'convidado_01'.","convidado_01"
"430","2026-07-13 18:48:54","INFO","AUTENTICACAO","Falha na palavra-passe pelo utilizador 'gestor_seguranca'.","gestor_seguranca"
"431","2026-07-13 18:48:54","CRITICO","AUTENTICACAO","Tentativa de brute-force bloqueada pelo utilizador 'ana_silva'.","ana_silva"
"432","2026-07-13 18:48:54","INFO","AUTENTICACAO","Falha na palavra-passe pelo utilizador 'nuno_gomes'.","nuno_gomes"
"433","2026-07-13 18:48:54","INFO","AUTENTICACAO","Sessão expirada pelo utilizador 'ana_silva'.","ana_silva"
"434","2026-07-13 18:48:54","INFO","AUTENTICACAO","Tentativa de brute-force bloqueada pelo utilizador 'ana_silva'.","ana_silva"
"435","2026-07-13 18:48:54","ATENCAO","AUTENTICACAO","Sessão expirada pelo utilizador 'convidado_01'.","convidado_01"
"436","2026-07-13 18:48:54","INFO","AUTENTICACAO","Login efetuado com sucesso pelo utilizador 'ana_silva'.","ana_silva"
"437","2026-07-13 18:48:54","INFO","AUTENTICACAO","Falha na palavra-passe pelo utilizador 'ana_silva'.","ana_silva"
"438","2026-07-13 18:48:54","CRITICO","AUTENTICACAO","Sessão expirada pelo utilizador 'admin'.","admin"
"439","2026-07-13 18:48:54","INFO","AUTENTICACAO","Falha na palavra-passe pelo utilizador 'nuno_gomes'.","nuno_gomes"
"440","2026-07-13 18:48:54","CRITICO","AUTENTICACAO","Login efetuado com sucesso pelo utilizador 'ana_silva'.","ana_silva"
"441","2026-07-13 18:48:54","ATENCAO","AUTENTICACAO","Sessão expirada pelo utilizador 'nuno_gomes'.","nuno_gomes"
"442","2026-07-13 18:48:54","CRITICO","AUTENTICACAO","Falha na palavra-passe pelo utilizador 'convidado_01'.","convidado_01"
"443","2026-07-13 18:48:54","INFO","AUTENTICACAO","Falha na palavra-passe pelo utilizador 'nuno_gomes'.","nuno_gomes"
"444","2026-07-13 18:48:54","INFO","AUTENTICACAO","Sessão expirada pelo utilizador 'convidado_01'.","convidado_01"
"445","2026-07-13 18:48:54","ATENCAO","AUTENTICACAO","Falha na palavra-passe pelo utilizador 'ana_silva'.","ana_silva"
"446","2026-07-13 18:48:54","ATENCAO","AUTENTICACAO","Tentativa de brute-force bloqueada pelo utilizador 'api_gateway'.","api_gateway"
"447","2026-07-13 18:48:54","INFO","AUTENTICACAO","Login efetuado com sucesso pelo utilizador 'convidado_01'.","convidado_01"
"448","2026-07-13 18:48:54","INFO","AUTENTICACAO","Sessão expirada pelo utilizador 'mauri'.","mauri"
"449","2026-07-13 18:48:54","INFO","AUTENTICACAO","Login efetuado com sucesso pelo utilizador 'nuno_gomes'.","nuno_gomes"
"450","2026-07-13 18:48:54","INFO","AUTENTICACAO","Sessão expirada pelo utilizador 'nuno_gomes'.","nuno_gomes"
"451","2026-07-13 18:48:54","CRITICO","AUTENTICACAO","Login efetuado com sucesso pelo utilizador 'gestor_seguranca'.","gestor_seguranca"
"452","2026-07-13 18:48:54","ATENCAO","AUTENTICACAO","Login efetuado com sucesso pelo utilizador 'admin'.","admin"
"453","2026-07-13 18:48:54","CRITICO","AUTENTICACAO","Falha na palavra-passe pelo utilizador 'convidado_01'.","convidado_01"
"454","2026-07-13 18:48:54","INFO","AUTENTICACAO","Sessão expirada pelo utilizador 'api_gateway'.","api_gateway"
"455","2026-07-13 18:48:54","ATENCAO","AUTENTICACAO","Login efetuado com sucesso pelo utilizador 'nuno_gomes'.","nuno_gomes"
"456","2026-07-13 18:48:54","INFO","AUTENTICACAO","Login efetuado com sucesso pelo utilizador 'api_gateway'.","api_gateway"
"457","2026-07-13 18:48:54","INFO","AUTENTICACAO","Falha na palavra-passe pelo utilizador 'gestor_seguranca'.","gestor_seguranca"
"458","2026-07-13 18:48:54","INFO","AUTENTICACAO","Tentativa de brute-force bloqueada pelo utilizador 'nuno_gomes'.","nuno_gomes"
"459","2026-07-13 18:48:54","CRITICO","AUTENTICACAO","Login efetuado com sucesso pelo utilizador 'api_gateway'.","api_gateway"
"460","2026-07-13 18:48:54","INFO","AUTENTICACAO","Falha na palavra-passe pelo utilizador 'ana_silva'.","ana_silva"
"461","2026-07-13 18:48:54","ATENCAO","AUTENTICACAO","Falha na palavra-passe pelo utilizador 'api_gateway'.","api_gateway"
"462","2026-07-13 18:48:54","CRITICO","AUTENTICACAO","Tentativa de brute-force bloqueada pelo utilizador 'convidado_01'.","convidado_01"
"463","2026-07-13 18:48:54","INFO","AUTENTICACAO","Falha na palavra-passe pelo utilizador 'admin'.","admin"
"464","2026-07-13 18:48:54","ATENCAO","AUTENTICACAO","Sessão expirada pelo utilizador 'convidado_01'.","convidado_01"
"465","2026-07-13 18:48:54","INFO","AUTENTICACAO","Falha na palavra-passe pelo utilizador 'ana_silva'.","ana_silva"
"466","2026-07-13 18:48:54","INFO","AUTENTICACAO","Falha na palavra-passe pelo utilizador 'convidado_01'.","convidado_01"
"467","2026-07-13 18:48:54","INFO","AUTENTICACAO","Falha na palavra-passe pelo utilizador 'mauri'.","mauri"
"468","2026-07-13 18:48:54","INFO","AUTENTICACAO","Falha na palavra-passe pelo utilizador 'ana_silva'.","ana_silva"
"469","2026-07-13 18:48:54","INFO","AUTENTICACAO","Falha na palavra-passe pelo utilizador 'nuno_gomes'.","nuno_gomes"
"470","2026-07-13 18:48:54","INFO","AUTENTICACAO","Login efetuado com sucesso pelo utilizador 'gestor_seguranca'.","gestor_seguranca"
"471","2026-07-13 18:48:54","INFO","AUTENTICACAO","Sessão expirada pelo utilizador 'nuno_gomes'.","nuno_gomes"
"472","2026-07-13 18:48:54","INFO","AUTENTICACAO","Falha na palavra-passe pelo utilizador 'mauri'.","mauri"
"473","2026-07-13 18:48:54","INFO","AUTENTICACAO","Sessão expirada pelo utilizador 'mauri'.","mauri"
"474","2026-07-13 18:48:54","CRITICO","AUTENTICACAO","Login efetuado com sucesso pelo utilizador 'convidado_01'.","convidado_01"
"475","2026-07-13 18:48:54","INFO","AUTENTICACAO","Falha na palavra-passe pelo utilizador 'convidado_01'.","convidado_01"
"476","2026-07-13 18:48:54","INFO","AUTENTICACAO","Login efetuado com sucesso pelo utilizador 'mauri'.","mauri"
"477","2026-07-13 18:48:54","INFO","AUTENTICACAO","Sessão expirada pelo utilizador 'nuno_gomes'.","nuno_gomes"
"478","2026-07-13 18:48:54","INFO","AUTENTICACAO","Tentativa de brute-force bloqueada pelo utilizador 'nuno_gomes'.","nuno_gomes"
"479","2026-07-13 18:48:54","INFO","AUTENTICACAO","Login efetuado com sucesso pelo utilizador 'api_gateway'.","api_gateway"
"480","2026-07-13 18:48:54","INFO","AUTENTICACAO","Falha na palavra-passe pelo utilizador 'nuno_gomes'.","nuno_gomes"
"481","2026-07-13 18:48:54","ATENCAO","AUTENTICACAO","Sessão expirada pelo utilizador 'mauri'.","mauri"
"482","2026-07-13 18:48:54","INFO","AUTENTICACAO","Falha na palavra-passe pelo utilizador 'api_gateway'.","api_gateway"
"483","2026-07-13 18:48:54","INFO","AUTENTICACAO","Falha na palavra-passe pelo utilizador 'admin'.","admin"
"484","2026-07-13 18:48:54","INFO","AUTENTICACAO","Tentativa de brute-force bloqueada pelo utilizador 'convidado_01'.","convidado_01"
"485","2026-07-13 18:48:54","ATENCAO","AUTENTICACAO","Falha na palavra-passe pelo utilizador 'gestor_seguranca'.","gestor_seguranca"
"486","2026-07-13 18:48:54","INFO","AUTENTICACAO","Falha na palavra-passe pelo utilizador 'gestor_seguranca'.","gestor_seguranca"
"487","2026-07-13 18:48:54","INFO","AUTENTICACAO","Login efetuado com sucesso pelo utilizador 'admin'.","admin"
"488","2026-07-13 18:48:54","INFO","AUTENTICACAO","Falha na palavra-passe pelo utilizador 'api_gateway'.","api_gateway"
"489","2026-07-13 18:48:54","INFO","AUTENTICACAO","Tentativa de brute-force bloqueada pelo utilizador 'convidado_01'.","convidado_01"
"490","2026-07-13 18:48:54","INFO","AUTENTICACAO","Sessão expirada pelo utilizador 'api_gateway'.","api_gateway"
"491","2026-07-13 18:48:54","CRITICO","AUTENTICACAO","Sessão expirada pelo utilizador 'ana_silva'.","ana_silva"
"492","2026-07-13 18:48:54","CRITICO","AUTENTICACAO","Login efetuado com sucesso pelo utilizador 'convidado_01'.","convidado_01"
"493","2026-07-13 18:48:54","ATENCAO","AUTENTICACAO","Sessão expirada pelo utilizador 'admin'.","admin"
"494","2026-07-13 18:48:54","ATENCAO","AUTENTICACAO","Tentativa de brute-force bloqueada pelo utilizador 'admin'.","admin"
"495","2026-07-13 18:48:54","INFO","AUTENTICACAO","Sessão expirada pelo utilizador 'convidado_01'.","convidado_01"
"496","2026-07-13 18:48:54","ATENCAO","AUTENTICACAO","Sessão expirada pelo utilizador 'ana_silva'.","ana_silva"
"497","2026-07-13 18:48:54","CRITICO","AUTENTICACAO","Tentativa de brute-force bloqueada pelo utilizador 'ana_silva'.","ana_silva"
"498","2026-07-13 18:48:54","INFO","AUTENTICACAO","Login efetuado com sucesso pelo utilizador 'admin'.","admin"
"499","2026-07-13 18:48:54","INFO","AUTENTICACAO","Tentativa de brute-force bloqueada pelo utilizador 'nuno_gomes'.","nuno_gomes"
"500","2026-07-13 18:48:54","ATENCAO","AUTENTICACAO","Tentativa de brute-force bloqueada pelo utilizador 'gestor_seguranca'.","gestor_seguranca"
"501","2026-07-13 18:48:54","INFO","AUTENTICACAO","Login efetuado com sucesso pelo utilizador 'convidado_01'.","convidado_01"
"502","2026-07-13 18:48:54","INFO","AUTENTICACAO","Sessão expirada pelo utilizador 'gestor_seguranca'.","gestor_seguranca"
"503","2026-07-13 18:48:54","INFO","AUTENTICACAO","Login efetuado com sucesso pelo utilizador 'mauri'.","mauri"
"504","2026-07-13 18:48:54","INFO","AUTENTICACAO","Tentativa de brute-force bloqueada pelo utilizador 'ana_silva'.","ana_silva"
"505","2026-07-13 18:48:54","INFO","AUTENTICACAO","Tentativa de brute-force bloqueada pelo utilizador 'ana_silva'.","ana_silva"
"506","2026-07-13 18:48:54","INFO","AUTENTICACAO","Tentativa de brute-force bloqueada pelo utilizador 'admin'.","admin"
"507","2026-07-13 18:48:54","ATENCAO","AUTENTICACAO","Falha na palavra-passe pelo utilizador 'admin'.","admin"
"508","2026-07-13 18:48:54","ATENCAO","AUTENTICACAO","Sessão expirada pelo utilizador 'gestor_seguranca'.","gestor_seguranca"
"509","2026-07-13 18:48:54","CRITICO","AUTENTICACAO","Tentativa de brute-force bloqueada pelo utilizador 'ana_silva'.","ana_silva"
"510","2026-07-13 18:48:54","CRITICO","AUTENTICACAO","Sessão expirada pelo utilizador 'ana_silva'.","ana_silva"
"511","2026-07-13 18:48:54","INFO","AUTENTICACAO","Login efetuado com sucesso pelo utilizador 'nuno_gomes'.","nuno_gomes"
"512","2026-07-13 18:48:54","INFO","AUTENTICACAO","Sessão expirada pelo utilizador 'api_gateway'.","api_gateway"
"513","2026-07-13 18:48:54","INFO","AUTENTICACAO","Tentativa de brute-force bloqueada pelo utilizador 'convidado_01'.","convidado_01"
"514","2026-07-13 18:48:54","INFO","AUTENTICACAO","Login efetuado com sucesso pelo utilizador 'ana_silva'.","ana_silva"
"515","2026-07-13 18:48:54","INFO","AUTENTICACAO","Falha na palavra-passe pelo utilizador 'ana_silva'.","ana_silva"
"516","2026-07-13 18:48:54","ATENCAO","AUTENTICACAO","Sessão expirada pelo utilizador 'ana_silva'.","ana_silva"
"517","2026-07-13 18:48:54","CRITICO","AUTENTICACAO","Tentativa de brute-force bloqueada pelo utilizador 'mauri'.","mauri"
"518","2026-07-13 18:48:54","CRITICO","AUTENTICACAO","Sessão expirada pelo utilizador 'api_gateway'.","api_gateway"
"519","2026-07-13 18:48:54","CRITICO","AUTENTICACAO","Login efetuado com sucesso pelo utilizador 'admin'.","admin"
"520","2026-07-13 18:48:54","ATENCAO","AUTENTICACAO","Sessão expirada pelo utilizador 'admin'.","admin"
"521","2026-07-13 18:48:54","INFO","AUTENTICACAO","Tentativa de brute-force bloqueada pelo utilizador 'nuno_gomes'.","nuno_gomes"
"522","2026-07-13 18:48:54","INFO","AUTENTICACAO","Sessão expirada pelo utilizador 'admin'.","admin"
"523","2026-07-13 18:48:54","ATENCAO","AUTENTICACAO","Login efetuado com sucesso pelo utilizador 'ana_silva'.","ana_silva"
"524","2026-07-13 18:48:54","CRITICO","AUTENTICACAO","Falha na palavra-passe pelo utilizador 'admin'.","admin"
"525","2026-07-13 18:48:54","CRITICO","AUTENTICACAO","Falha na palavra-passe pelo utilizador 'gestor_seguranca'.","gestor_seguranca"
"526","2026-07-13 18:48:54","ATENCAO","AUTENTICACAO","Tentativa de brute-force bloqueada pelo utilizador 'nuno_gomes'.","nuno_gomes"
"527","2026-07-13 18:48:54","INFO","AUTENTICACAO","Falha na palavra-passe pelo utilizador 'convidado_01'.","convidado_01"
"528","2026-07-13 18:48:54","INFO","AUTENTICACAO","Tentativa de brute-force bloqueada pelo utilizador 'nuno_gomes'.","nuno_gomes"
"529","2026-07-13 18:48:54","ATENCAO","AUTENTICACAO","Sessão expirada pelo utilizador 'convidado_01'.","convidado_01"
"530","2026-07-13 18:48:54","INFO","AUTENTICACAO","Falha na palavra-passe pelo utilizador 'gestor_seguranca'.","gestor_seguranca"
"531","2026-07-13 18:48:54","INFO","AUTENTICACAO","Tentativa de brute-force bloqueada pelo utilizador 'nuno_gomes'.","nuno_gomes"
"532","2026-07-13 18:48:54","INFO","AUTENTICACAO","Tentativa de brute-force bloqueada pelo utilizador 'mauri'.","mauri"
"533","2026-07-13 18:48:54","INFO","AUTENTICACAO","Tentativa de brute-force bloqueada pelo utilizador 'admin'.","admin"
"534","2026-07-13 18:48:54","CRITICO","AUTENTICACAO","Tentativa de brute-force bloqueada pelo utilizador 'api_gateway'.","api_gateway"
"535","2026-07-13 18:48:54","CRITICO","AUTENTICACAO","Sessão expirada pelo utilizador 'gestor_seguranca'.","gestor_seguranca"
"536","2026-07-13 18:48:54","ATENCAO","AUTENTICACAO","Falha na palavra-passe pelo utilizador 'mauri'.","mauri"
"537","2026-07-13 18:48:54","INFO","AUTENTICACAO","Sessão expirada pelo utilizador 'convidado_01'.","convidado_01"
"538","2026-07-13 18:48:54","CRITICO","AUTENTICACAO","Login efetuado com sucesso pelo utilizador 'mauri'.","mauri"
"539","2026-07-13 18:48:54","ATENCAO","AUTENTICACAO","Login efetuado com sucesso pelo utilizador 'gestor_seguranca'.","gestor_seguranca"
"540","2026-07-13 18:48:54","INFO","AUTENTICACAO","Sessão expirada pelo utilizador 'mauri'.","mauri"
"541","2026-07-13 18:48:54","ATENCAO","AUTENTICACAO","Falha na palavra-passe pelo utilizador 'nuno_gomes'.","nuno_gomes"
"542","2026-07-13 18:48:54","ATENCAO","AUTENTICACAO","Login efetuado com sucesso pelo utilizador 'convidado_01'.","convidado_01"
"543","2026-07-13 18:48:54","INFO","AUTENTICACAO","Login efetuado com sucesso pelo utilizador 'mauri'.","mauri"
"544","2026-07-13 18:48:54","CRITICO","AUTENTICACAO","Sessão expirada pelo utilizador 'api_gateway'.","api_gateway"
"545","2026-07-13 18:48:54","CRITICO","AUTENTICACAO","Falha na palavra-passe pelo utilizador 'convidado_01'.","convidado_01"
"546","2026-07-13 18:48:54","ATENCAO","AUTENTICACAO","Sessão expirada pelo utilizador 'ana_silva'.","ana_silva"
"547","2026-07-13 18:48:54","INFO","AUTENTICACAO","Sessão expirada pelo utilizador 'api_gateway'.","api_gateway"
"548","2026-07-13 18:48:54","INFO","AUTENTICACAO","Sessão expirada pelo utilizador 'admin'.","admin"
"549","2026-07-13 18:48:54","INFO","AUTENTICACAO","Tentativa de brute-force bloqueada pelo utilizador 'convidado_01'.","convidado_01"
"550","2026-07-13 18:48:54","INFO","AUTENTICACAO","Falha na palavra-passe pelo utilizador 'ana_silva'.","ana_silva"
"551","2026-07-13 18:48:54","INFO","AUTENTICACAO","Tentativa de brute-force bloqueada pelo utilizador 'nuno_gomes'.","nuno_gomes"
"552","2026-07-13 18:48:54","ATENCAO","AUTENTICACAO","Sessão expirada pelo utilizador 'api_gateway'.","api_gateway"
"553","2026-07-13 18:48:54","INFO","AUTENTICACAO","Falha na palavra-passe pelo utilizador 'ana_silva'.","ana_silva"
"554","2026-07-13 18:48:54","INFO","AUTENTICACAO","Sessão expirada pelo utilizador 'convidado_01'.","convidado_01"
"555","2026-07-13 18:48:54","INFO","AUTENTICACAO","Falha na palavra-passe pelo utilizador 'admin'.","admin"
"556","2026-07-13 18:48:54","ATENCAO","AUTENTICACAO","Sessão expirada pelo utilizador 'nuno_gomes'.","nuno_gomes"
"557","2026-07-13 18:48:54","INFO","AUTENTICACAO","Login efetuado com sucesso pelo utilizador 'ana_silva'.","ana_silva"
"558","2026-07-13 18:48:54","INFO","AUTENTICACAO","Login efetuado com sucesso pelo utilizador 'gestor_seguranca'.","gestor_seguranca"
"559","2026-07-13 18:48:54","CRITICO","AUTENTICACAO","Tentativa de brute-force bloqueada pelo utilizador 'api_gateway'.","api_gateway"
"560","2026-07-13 18:48:54","INFO","AUTENTICACAO","Sessão expirada pelo utilizador 'api_gateway'.","api_gateway"
"561","2026-07-13 18:48:54","ATENCAO","AUTENTICACAO","Tentativa de brute-force bloqueada pelo utilizador 'mauri'.","mauri"
"562","2026-07-13 18:48:54","INFO","AUTENTICACAO","Tentativa de brute-force bloqueada pelo utilizador 'mauri'.","mauri"
"563","2026-07-13 18:48:54","INFO","AUTENTICACAO","Tentativa de brute-force bloqueada pelo utilizador 'gestor_seguranca'.","gestor_seguranca"
"564","2026-07-13 18:48:54","INFO","AUTENTICACAO","Tentativa de brute-force bloqueada pelo utilizador 'convidado_01'.","convidado_01"
"565","2026-07-13 18:48:54","ATENCAO","AUTENTICACAO","Tentativa de brute-force bloqueada pelo utilizador 'nuno_gomes'.","nuno_gomes"
"566","2026-07-13 18:48:54","ATENCAO","AUTENTICACAO","Falha na palavra-passe pelo utilizador 'api_gateway'.","api_gateway"
"567","2026-07-13 18:48:54","INFO","AUTENTICACAO","Tentativa de brute-force bloqueada pelo utilizador 'nuno_gomes'.","nuno_gomes"
"568","2026-07-13 18:48:54","INFO","AUTENTICACAO","Login efetuado com sucesso pelo utilizador 'gestor_seguranca'.","gestor_seguranca"
"569","2026-07-13 18:48:54","INFO","AUTENTICACAO","Login efetuado com sucesso pelo utilizador 'gestor_seguranca'.","gestor_seguranca"
"570","2026-07-13 18:48:54","ATENCAO","AUTENTICACAO","Login efetuado com sucesso pelo utilizador 'gestor_seguranca'.","gestor_seguranca"
"571","2026-07-13 18:48:54","INFO","AUTENTICACAO","Falha na palavra-passe pelo utilizador 'api_gateway'.","api_gateway"
"572","2026-07-13 18:48:54","INFO","AUTENTICACAO","Sessão expirada pelo utilizador 'convidado_01'.","convidado_01"
"573","2026-07-13 18:48:54","CRITICO","AUTENTICACAO","Tentativa de brute-force bloqueada pelo utilizador 'convidado_01'.","convidado_01"
"574","2026-07-13 18:48:54","ATENCAO","AUTENTICACAO","Tentativa de brute-force bloqueada pelo utilizador 'api_gateway'.","api_gateway"
"575","2026-07-13 18:48:54","ATENCAO","AUTENTICACAO","Falha na palavra-passe pelo utilizador 'api_gateway'.","api_gateway"
"576","2026-07-13 18:48:54","INFO","AUTENTICACAO","Login efetuado com sucesso pelo utilizador 'mauri'.","mauri"
"577","2026-07-13 18:48:54","INFO","AUTENTICACAO","Sessão expirada pelo utilizador 'api_gateway'.","api_gateway"
"578","2026-07-13 18:48:54","INFO","AUTENTICACAO","Falha na palavra-passe pelo utilizador 'mauri'.","mauri"
"579","2026-07-13 18:48:54","INFO","AUTENTICACAO","Tentativa de brute-force bloqueada pelo utilizador 'admin'.","admin"
"580","2026-07-13 18:48:54","INFO","AUTENTICACAO","Tentativa de brute-force bloqueada pelo utilizador 'gestor_seguranca'.","gestor_seguranca"
"581","2026-07-13 18:48:54","CRITICO","AUTENTICACAO","Login efetuado com sucesso pelo utilizador 'api_gateway'.","api_gateway"
"582","2026-07-13 18:48:54","CRITICO","AUTENTICACAO","Falha na palavra-passe pelo utilizador 'gestor_seguranca'.","gestor_seguranca"
"583","2026-07-13 18:48:54","ATENCAO","AUTENTICACAO","Falha na palavra-passe pelo utilizador 'gestor_seguranca'.","gestor_seguranca"
"584","2026-07-13 18:48:54","INFO","AUTENTICACAO","Login efetuado com sucesso pelo utilizador 'ana_silva'.","ana_silva"
"585","2026-07-13 18:48:54","INFO","AUTENTICACAO","Sessão expirada pelo utilizador 'admin'.","admin"
"586","2026-07-13 18:48:54","INFO","AUTENTICACAO","Login efetuado com sucesso pelo utilizador 'api_gateway'.","api_gateway"
"587","2026-07-13 18:48:54","CRITICO","AUTENTICACAO","Sessão expirada pelo utilizador 'admin'.","admin"
"588","2026-07-13 18:48:54","INFO","AUTENTICACAO","Login efetuado com sucesso pelo utilizador 'mauri'.","mauri"
"589","2026-07-13 18:48:54","ATENCAO","AUTENTICACAO","Falha na palavra-passe pelo utilizador 'admin'.","admin"
"590","2026-07-13 18:48:54","ATENCAO","AUTENTICACAO","Sessão expirada pelo utilizador 'mauri'.","mauri"
"591","2026-07-13 18:48:54","INFO","AUTENTICACAO","Login efetuado com sucesso pelo utilizador 'mauri'.","mauri"
"592","2026-07-13 18:48:54","INFO","AUTENTICACAO","Login efetuado com sucesso pelo utilizador 'admin'.","admin"
"593","2026-07-13 18:48:54","CRITICO","AUTENTICACAO","Sessão expirada pelo utilizador 'gestor_seguranca'.","gestor_seguranca"
"594","2026-07-13 18:48:54","INFO","AUTENTICACAO","Tentativa de brute-force bloqueada pelo utilizador 'admin'.","admin"
"595","2026-07-13 18:48:54","INFO","AUTENTICACAO","Sessão expirada pelo utilizador 'nuno_gomes'.","nuno_gomes"
"596","2026-07-13 18:48:54","INFO","AUTENTICACAO","Falha na palavra-passe pelo utilizador 'admin'.","admin"
"597","2026-07-13 18:48:54","INFO","AUTENTICACAO","Falha na palavra-passe pelo utilizador 'convidado_01'.","convidado_01"
"598","2026-07-13 18:48:54","CRITICO","AUTENTICACAO","Sessão expirada pelo utilizador 'ana_silva'.","ana_silva"
"599","2026-07-13 18:48:54","INFO","AUTENTICACAO","Sessão expirada pelo utilizador 'convidado_01'.","convidado_01"
"600","2026-07-13 18:48:54","INFO","AUTENTICACAO","Falha na palavra-passe pelo utilizador 'mauri'.","mauri"
"601","2026-07-13 18:48:54","CRITICO","AUTENTICACAO","Falha na palavra-passe pelo utilizador 'ana_silva'.","ana_silva"
"602","2026-07-13 18:48:54","INFO","AUTENTICACAO","Tentativa de brute-force bloqueada pelo utilizador 'ana_silva'.","ana_silva"
"603","2026-07-13 18:48:54","INFO","AUTENTICACAO","Falha na palavra-passe pelo utilizador 'convidado_01'.","convidado_01"
"604","2026-07-13 18:48:54","INFO","AUTENTICACAO","Tentativa de brute-force bloqueada pelo utilizador 'api_gateway'.","api_gateway"
"605","2026-07-13 18:48:54","INFO","AUTENTICACAO","Falha na palavra-passe pelo utilizador 'convidado_01'.","convidado_01"
"606","2026-07-13 18:48:54","ATENCAO","AUTENTICACAO","Sessão expirada pelo utilizador 'admin'.","admin"
"607","2026-07-13 18:48:54","INFO","AUTENTICACAO","Sessão expirada pelo utilizador 'ana_silva'.","ana_silva"
"608","2026-07-13 18:48:54","ATENCAO","AUTENTICACAO","Login efetuado com sucesso pelo utilizador 'api_gateway'.","api_gateway"
"609","2026-07-13 18:48:54","INFO","AUTENTICACAO","Sessão expirada pelo utilizador 'ana_silva'.","ana_silva"
"610","2026-07-13 18:48:54","INFO","AUTENTICACAO","Tentativa de brute-force bloqueada pelo utilizador 'gestor_seguranca'.","gestor_seguranca"
"611","2026-07-13 18:48:54","INFO","AUTENTICACAO","Falha na palavra-passe pelo utilizador 'admin'.","admin"
"612","2026-07-13 18:48:54","INFO","AUTENTICACAO","Falha na palavra-passe pelo utilizador 'nuno_gomes'.","nuno_gomes"
"613","2026-07-13 18:48:54","CRITICO","AUTENTICACAO","Sessão expirada pelo utilizador 'ana_silva'.","ana_silva"
"614","2026-07-13 18:48:54","INFO","AUTENTICACAO","Falha na palavra-passe pelo utilizador 'admin'.","admin"
"615","2026-07-13 18:48:54","INFO","AUTENTICACAO","Falha na palavra-passe pelo utilizador 'api_gateway'.","api_gateway"
"616","2026-07-13 18:48:54","ATENCAO","AUTENTICACAO","Falha na palavra-passe pelo utilizador 'convidado_01'.","convidado_01"
"617","2026-07-13 18:48:54","INFO","AUTENTICACAO","Falha na palavra-passe pelo utilizador 'gestor_seguranca'.","gestor_seguranca"
"618","2026-07-13 18:48:54","CRITICO","AUTENTICACAO","Tentativa de brute-force bloqueada pelo utilizador 'nuno_gomes'.","nuno_gomes"
"619","2026-07-13 18:48:54","INFO","AUTENTICACAO","Sessão expirada pelo utilizador 'ana_silva'.","ana_silva"
"620","2026-07-13 18:48:54","INFO","AUTENTICACAO","Sessão expirada pelo utilizador 'mauri'.","mauri"
"621","2026-07-13 18:48:54","ATENCAO","AUTENTICACAO","Login efetuado com sucesso pelo utilizador 'convidado_01'.","convidado_01"
"622","2026-07-13 18:48:54","INFO","AUTENTICACAO","Falha na palavra-passe pelo utilizador 'convidado_01'.","convidado_01"
"623","2026-07-13 18:48:54","INFO","AUTENTICACAO","Tentativa de brute-force bloqueada pelo utilizador 'gestor_seguranca'.","gestor_seguranca"
"624","2026-07-13 18:48:54","INFO","AUTENTICACAO","Tentativa de brute-force bloqueada pelo utilizador 'nuno_gomes'.","nuno_gomes"
"625","2026-07-13 18:48:54","ATENCAO","AUTENTICACAO","Falha na palavra-passe pelo utilizador 'convidado_01'.","convidado_01"
"626","2026-07-13 18:48:54","INFO","AUTENTICACAO","Sessão expirada pelo utilizador 'convidado_01'.","convidado_01"
"627","2026-07-13 18:48:54","INFO","AUTENTICACAO","Login efetuado com sucesso pelo utilizador 'gestor_seguranca'.","gestor_seguranca"
"628","2026-07-13 18:48:54","ATENCAO","AUTENTICACAO","Tentativa de brute-force bloqueada pelo utilizador 'mauri'.","mauri"
"629","2026-07-13 18:48:54","INFO","AUTENTICACAO","Login efetuado com sucesso pelo utilizador 'nuno_gomes'.","nuno_gomes"
"630","2026-07-13 18:48:54","INFO","AUTENTICACAO","Tentativa de brute-force bloqueada pelo utilizador 'mauri'.","mauri"
"631","2026-07-13 18:48:54","INFO","AUTENTICACAO","Sessão expirada pelo utilizador 'admin'.","admin"
"632","2026-07-13 18:48:54","ATENCAO","AUTENTICACAO","Tentativa de brute-force bloqueada pelo utilizador 'api_gateway'.","api_gateway"
"633","2026-07-13 18:48:54","INFO","AUTENTICACAO","Tentativa de brute-force bloqueada pelo utilizador 'mauri'.","mauri"
"634","2026-07-13 18:48:54","INFO","AUTENTICACAO","Tentativa de brute-force bloqueada pelo utilizador 'gestor_seguranca'.","gestor_seguranca"
"635","2026-07-13 18:48:54","INFO","AUTENTICACAO","Falha na palavra-passe pelo utilizador 'admin'.","admin"
"636","2026-07-13 18:48:54","INFO","AUTENTICACAO","Sessão expirada pelo utilizador 'admin'.","admin"
"637","2026-07-13 18:48:54","ATENCAO","AUTENTICACAO","Sessão expirada pelo utilizador 'convidado_01'.","convidado_01"
"638","2026-07-13 18:48:54","ATENCAO","AUTENTICACAO","Tentativa de brute-force bloqueada pelo utilizador 'convidado_01'.","convidado_01"
"639","2026-07-13 18:48:54","CRITICO","AUTENTICACAO","Tentativa de brute-force bloqueada pelo utilizador 'api_gateway'.","api_gateway"
"640","2026-07-13 18:48:54","INFO","AUTENTICACAO","Sessão expirada pelo utilizador 'gestor_seguranca'.","gestor_seguranca"
"641","2026-07-13 18:48:54","ATENCAO","AUTENTICACAO","Login efetuado com sucesso pelo utilizador 'gestor_seguranca'.","gestor_seguranca"
"642","2026-07-13 18:48:54","INFO","AUTENTICACAO","Tentativa de brute-force bloqueada pelo utilizador 'gestor_seguranca'.","gestor_seguranca"
"643","2026-07-13 18:48:54","ATENCAO","AUTENTICACAO","Login efetuado com sucesso pelo utilizador 'nuno_gomes'.","nuno_gomes"
"644","2026-07-13 18:48:54","INFO","AUTENTICACAO","Tentativa de brute-force bloqueada pelo utilizador 'ana_silva'.","ana_silva"
"645","2026-07-13 18:48:54","ATENCAO","AUTENTICACAO","Sessão expirada pelo utilizador 'ana_silva'.","ana_silva"
"646","2026-07-13 18:48:54","ATENCAO","AUTENTICACAO","Sessão expirada pelo utilizador 'mauri'.","mauri"
"647","2026-07-13 18:48:54","ATENCAO","AUTENTICACAO","Login efetuado com sucesso pelo utilizador 'ana_silva'.","ana_silva"
"648","2026-07-13 18:48:54","INFO","AUTENTICACAO","Tentativa de brute-force bloqueada pelo utilizador 'admin'.","admin"
"649","2026-07-13 18:48:54","INFO","AUTENTICACAO","Login efetuado com sucesso pelo utilizador 'mauri'.","mauri"
"650","2026-07-13 18:48:54","ATENCAO","AUTENTICACAO","Login efetuado com sucesso pelo utilizador 'gestor_seguranca'.","gestor_seguranca"
"651","2026-07-13 18:48:54","INFO","AUTENTICACAO","Sessão expirada pelo utilizador 'mauri'.","mauri"
"652","2026-07-13 18:48:54","CRITICO","AUTENTICACAO","Sessão expirada pelo utilizador 'mauri'.","mauri"
"653","2026-07-13 18:48:54","CRITICO","AUTENTICACAO","Tentativa de brute-force bloqueada pelo utilizador 'api_gateway'.","api_gateway"
"654","2026-07-13 18:48:54","CRITICO","AUTENTICACAO","Sessão expirada pelo utilizador 'mauri'.","mauri"
"655","2026-07-13 18:48:54","INFO","AUTENTICACAO","Login efetuado com sucesso pelo utilizador 'convidado_01'.","convidado_01"
"656","2026-07-13 18:48:54","INFO","AUTENTICACAO","Login efetuado com sucesso pelo utilizador 'ana_silva'.","ana_silva"
"657","2026-07-13 18:48:54","INFO","AUTENTICACAO","Sessão expirada pelo utilizador 'mauri'.","mauri"
"658","2026-07-13 18:48:54","INFO","AUTENTICACAO","Sessão expirada pelo utilizador 'gestor_seguranca'.","gestor_seguranca"
"659","2026-07-13 18:48:54","INFO","AUTENTICACAO","Falha na palavra-passe pelo utilizador 'gestor_seguranca'.","gestor_seguranca"
"660","2026-07-13 18:48:54","INFO","AUTENTICACAO","Sessão expirada pelo utilizador 'api_gateway'.","api_gateway"
"661","2026-07-13 18:48:54","ATENCAO","AUTENTICACAO","Login efetuado com sucesso pelo utilizador 'ana_silva'.","ana_silva"
"662","2026-07-13 18:48:54","CRITICO","AUTENTICACAO","Sessão expirada pelo utilizador 'convidado_01'.","convidado_01"
"663","2026-07-13 18:48:54","CRITICO","AUTENTICACAO","Sessão expirada pelo utilizador 'mauri'.","mauri"
"664","2026-07-13 18:48:54","INFO","AUTENTICACAO","Login efetuado com sucesso pelo utilizador 'gestor_seguranca'.","gestor_seguranca"
"665","2026-07-13 18:48:54","INFO","AUTENTICACAO","Login efetuado com sucesso pelo utilizador 'gestor_seguranca'.","gestor_seguranca"
"666","2026-07-13 18:48:54","ATENCAO","AUTENTICACAO","Tentativa de brute-force bloqueada pelo utilizador 'convidado_01'.","convidado_01"
"667","2026-07-13 18:48:54","ATENCAO","AUTENTICACAO","Falha na palavra-passe pelo utilizador 'nuno_gomes'.","nuno_gomes"
"668","2026-07-13 18:48:54","CRITICO","AUTENTICACAO","Login efetuado com sucesso pelo utilizador 'api_gateway'.","api_gateway"
"669","2026-07-13 18:48:54","CRITICO","AUTENTICACAO","Falha na palavra-passe pelo utilizador 'ana_silva'.","ana_silva"
"670","2026-07-13 18:48:54","ATENCAO","AUTENTICACAO","Falha na palavra-passe pelo utilizador 'nuno_gomes'.","nuno_gomes"
"671","2026-07-13 18:48:54","INFO","AUTENTICACAO","Falha na palavra-passe pelo utilizador 'convidado_01'.","convidado_01"
"672","2026-07-13 18:48:54","INFO","AUTENTICACAO","Tentativa de brute-force bloqueada pelo utilizador 'convidado_01'.","convidado_01"
"673","2026-07-13 18:48:54","ATENCAO","AUTENTICACAO","Sessão expirada pelo utilizador 'api_gateway'.","api_gateway"
"674","2026-07-13 18:48:54","INFO","AUTENTICACAO","Sessão expirada pelo utilizador 'convidado_01'.","convidado_01"
"675","2026-07-13 18:48:54","INFO","AUTENTICACAO","Login efetuado com sucesso pelo utilizador 'admin'.","admin"
"676","2026-07-13 18:48:54","ATENCAO","AUTENTICACAO","Login efetuado com sucesso pelo utilizador 'api_gateway'.","api_gateway"
"677","2026-07-13 18:48:54","CRITICO","AUTENTICACAO","Tentativa de brute-force bloqueada pelo utilizador 'nuno_gomes'.","nuno_gomes"
"678","2026-07-13 18:48:54","INFO","AUTENTICACAO","Login efetuado com sucesso pelo utilizador 'gestor_seguranca'.","gestor_seguranca"
"679","2026-07-13 18:48:54","INFO","AUTENTICACAO","Tentativa de brute-force bloqueada pelo utilizador 'nuno_gomes'.","nuno_gomes"
"680","2026-07-13 18:48:54","CRITICO","AUTENTICACAO","Falha na palavra-passe pelo utilizador 'mauri'.","mauri"
"681","2026-07-13 18:48:54","ATENCAO","AUTENTICACAO","Login efetuado com sucesso pelo utilizador 'gestor_seguranca'.","gestor_seguranca"
"682","2026-07-13 18:48:54","INFO","AUTENTICACAO","Login efetuado com sucesso pelo utilizador 'ana_silva'.","ana_silva"
"683","2026-07-13 18:48:54","INFO","AUTENTICACAO","Sessão expirada pelo utilizador 'gestor_seguranca'.","gestor_seguranca"
"684","2026-07-13 18:48:54","INFO","AUTENTICACAO","Falha na palavra-passe pelo utilizador 'convidado_01'.","convidado_01"
"685","2026-07-13 18:48:54","CRITICO","AUTENTICACAO","Login efetuado com sucesso pelo utilizador 'ana_silva'.","ana_silva"
"686","2026-07-13 18:48:54","INFO","AUTENTICACAO","Login efetuado com sucesso pelo utilizador 'convidado_01'.","convidado_01"
"687","2026-07-13 18:48:54","CRITICO","AUTENTICACAO","Sessão expirada pelo utilizador 'mauri'.","mauri"
"688","2026-07-13 18:48:54","INFO","AUTENTICACAO","Falha na palavra-passe pelo utilizador 'api_gateway'.","api_gateway"
"689","2026-07-13 18:48:54","INFO","AUTENTICACAO","Falha na palavra-passe pelo utilizador 'api_gateway'.","api_gateway"
"690","2026-07-13 18:48:54","INFO","AUTENTICACAO","Tentativa de brute-force bloqueada pelo utilizador 'mauri'.","mauri"
"691","2026-07-13 18:48:54","CRITICO","AUTENTICACAO","Tentativa de brute-force bloqueada pelo utilizador 'convidado_01'.","convidado_01"
"692","2026-07-13 18:48:54","ATENCAO","AUTENTICACAO","Falha na palavra-passe pelo utilizador 'mauri'.","mauri"
"693","2026-07-13 18:48:54","CRITICO","AUTENTICACAO","Login efetuado com sucesso pelo utilizador 'api_gateway'.","api_gateway"
"694","2026-07-13 18:48:54","CRITICO","AUTENTICACAO","Tentativa de brute-force bloqueada pelo utilizador 'api_gateway'.","api_gateway"
"695","2026-07-13 18:48:54","ATENCAO","AUTENTICACAO","Login efetuado com sucesso pelo utilizador 'convidado_01'.","convidado_01"
"696","2026-07-13 18:48:54","INFO","AUTENTICACAO","Falha na palavra-passe pelo utilizador 'admin'.","admin"
"697","2026-07-13 18:48:54","CRITICO","AUTENTICACAO","Falha na palavra-passe pelo utilizador 'gestor_seguranca'.","gestor_seguranca"
"698","2026-07-13 18:48:54","ATENCAO","AUTENTICACAO","Tentativa de brute-force bloqueada pelo utilizador 'nuno_gomes'.","nuno_gomes"
"699","2026-07-13 18:48:54","INFO","AUTENTICACAO","Login efetuado com sucesso pelo utilizador 'convidado_01'.","convidado_01"
"700","2026-07-13 18:48:54","INFO","AUTENTICACAO","Sessão expirada pelo utilizador 'convidado_01'.","convidado_01"
"701","2026-07-13 18:48:54","INFO","AUTENTICACAO","Tentativa de brute-force bloqueada pelo utilizador 'admin'.","admin"
"702","2026-07-13 18:48:54","INFO","AUTENTICACAO","Login efetuado com sucesso pelo utilizador 'mauri'.","mauri"
"703","2026-07-13 18:48:54","CRITICO","AUTENTICACAO","Login efetuado com sucesso pelo utilizador 'ana_silva'.","ana_silva"
"704","2026-07-13 18:48:54","INFO","AUTENTICACAO","Falha na palavra-passe pelo utilizador 'gestor_seguranca'.","gestor_seguranca"
"705","2026-07-13 18:48:54","INFO","AUTENTICACAO","Sessão expirada pelo utilizador 'convidado_01'.","convidado_01"
"706","2026-07-13 18:48:54","INFO","AUTENTICACAO","Falha na palavra-passe pelo utilizador 'nuno_gomes'.","nuno_gomes"
"707","2026-07-13 18:48:54","ATENCAO","AUTENTICACAO","Tentativa de brute-force bloqueada pelo utilizador 'gestor_seguranca'.","gestor_seguranca"
"708","2026-07-13 18:48:54","INFO","AUTENTICACAO","Falha na palavra-passe pelo utilizador 'convidado_01'.","convidado_01"
"709","2026-07-13 18:48:54","INFO","AUTENTICACAO","Sessão expirada pelo utilizador 'ana_silva'.","ana_silva"
"710","2026-07-13 18:48:54","INFO","AUTENTICACAO","Tentativa de brute-force bloqueada pelo utilizador 'convidado_01'.","convidado_01"
"711","2026-07-13 18:48:54","INFO","AUTENTICACAO","Login efetuado com sucesso pelo utilizador 'ana_silva'.","ana_silva"
"712","2026-07-13 18:48:54","INFO","AUTENTICACAO","Login efetuado com sucesso pelo utilizador 'api_gateway'.","api_gateway"
"713","2026-07-13 18:48:54","ATENCAO","AUTENTICACAO","Falha na palavra-passe pelo utilizador 'api_gateway'.","api_gateway"
"714","2026-07-13 18:48:54","INFO","AUTENTICACAO","Login efetuado com sucesso pelo utilizador 'convidado_01'.","convidado_01"
"715","2026-07-13 18:48:54","ATENCAO","AUTENTICACAO","Login efetuado com sucesso pelo utilizador 'api_gateway'.","api_gateway"
"716","2026-07-13 18:48:54","INFO","AUTENTICACAO","Login efetuado com sucesso pelo utilizador 'mauri'.","mauri"
"717","2026-07-13 18:48:54","INFO","AUTENTICACAO","Sessão expirada pelo utilizador 'nuno_gomes'.","nuno_gomes"
"718","2026-07-13 18:48:54","CRITICO","AUTENTICACAO","Login efetuado com sucesso pelo utilizador 'admin'.","admin"
"719","2026-07-13 18:48:54","INFO","AUTENTICACAO","Sessão expirada pelo utilizador 'gestor_seguranca'.","gestor_seguranca"
"720","2026-07-13 18:48:54","INFO","AUTENTICACAO","Login efetuado com sucesso pelo utilizador 'nuno_gomes'.","nuno_gomes"
"721","2026-07-13 18:48:54","INFO","AUTENTICACAO","Falha na palavra-passe pelo utilizador 'nuno_gomes'.","nuno_gomes"
"722","2026-07-13 18:48:54","INFO","AUTENTICACAO","Tentativa de brute-force bloqueada pelo utilizador 'api_gateway'.","api_gateway"
"723","2026-07-13 18:48:54","INFO","AUTENTICACAO","Falha na palavra-passe pelo utilizador 'ana_silva'.","ana_silva"
"724","2026-07-13 18:48:54","INFO","AUTENTICACAO","Login efetuado com sucesso pelo utilizador 'admin'.","admin"
"725","2026-07-13 18:48:54","ATENCAO","AUTENTICACAO","Falha na palavra-passe pelo utilizador 'mauri'.","mauri"
"726","2026-07-13 18:48:54","INFO","AUTENTICACAO","Tentativa de brute-force bloqueada pelo utilizador 'mauri'.","mauri"
"727","2026-07-13 18:48:54","CRITICO","AUTENTICACAO","Sessão expirada pelo utilizador 'ana_silva'.","ana_silva"
"728","2026-07-13 18:48:54","ATENCAO","AUTENTICACAO","Login efetuado com sucesso pelo utilizador 'gestor_seguranca'.","gestor_seguranca"
"729","2026-07-13 18:48:54","CRITICO","AUTENTICACAO","Falha na palavra-passe pelo utilizador 'admin'.","admin"
"730","2026-07-13 18:48:54","INFO","AUTENTICACAO","Tentativa de brute-force bloqueada pelo utilizador 'api_gateway'.","api_gateway"
"731","2026-07-13 18:48:54","INFO","AUTENTICACAO","Sessão expirada pelo utilizador 'ana_silva'.","ana_silva"
"732","2026-07-13 18:48:54","ATENCAO","AUTENTICACAO","Tentativa de brute-force bloqueada pelo utilizador 'api_gateway'.","api_gateway"
"733","2026-07-13 18:48:54","INFO","AUTENTICACAO","Falha na palavra-passe pelo utilizador 'api_gateway'.","api_gateway"
"734","2026-07-13 18:48:54","ATENCAO","AUTENTICACAO","Tentativa de brute-force bloqueada pelo utilizador 'ana_silva'.","ana_silva"
"735","2026-07-13 18:48:54","INFO","AUTENTICACAO","Falha na palavra-passe pelo utilizador 'nuno_gomes'.","nuno_gomes"
"736","2026-07-13 18:48:54","INFO","AUTENTICACAO","Login efetuado com sucesso pelo utilizador 'convidado_01'.","convidado_01"
"737","2026-07-13 18:48:54","INFO","AUTENTICACAO","Falha na palavra-passe pelo utilizador 'nuno_gomes'.","nuno_gomes"
"738","2026-07-13 18:48:54","INFO","AUTENTICACAO","Tentativa de brute-force bloqueada pelo utilizador 'convidado_01'.","convidado_01"
"739","2026-07-13 18:48:54","INFO","AUTENTICACAO","Sessão expirada pelo utilizador 'convidado_01'.","convidado_01"
"740","2026-07-13 18:48:54","CRITICO","AUTENTICACAO","Falha na palavra-passe pelo utilizador 'nuno_gomes'.","nuno_gomes"
"741","2026-07-13 18:48:54","CRITICO","AUTENTICACAO","Tentativa de brute-force bloqueada pelo utilizador 'mauri'.","mauri"
"742","2026-07-13 18:48:54","INFO","AUTENTICACAO","Sessão expirada pelo utilizador 'admin'.","admin"
"743","2026-07-13 18:48:54","INFO","AUTENTICACAO","Login efetuado com sucesso pelo utilizador 'ana_silva'.","ana_silva"
"744","2026-07-13 18:48:54","ATENCAO","AUTENTICACAO","Falha na palavra-passe pelo utilizador 'ana_silva'.","ana_silva"
"745","2026-07-13 18:48:54","ATENCAO","AUTENTICACAO","Sessão expirada pelo utilizador 'mauri'.","mauri"
"746","2026-07-13 18:48:54","INFO","AUTENTICACAO","Login efetuado com sucesso pelo utilizador 'convidado_01'.","convidado_01"
"747","2026-07-13 18:48:54","INFO","AUTENTICACAO","Sessão expirada pelo utilizador 'admin'.","admin"
"748","2026-07-13 18:48:54","ATENCAO","AUTENTICACAO","Login efetuado com sucesso pelo utilizador 'api_gateway'.","api_gateway"
"749","2026-07-13 18:48:54","INFO","AUTENTICACAO","Tentativa de brute-force bloqueada pelo utilizador 'mauri'.","mauri"
"750","2026-07-13 18:48:54","CRITICO","AUTENTICACAO","Sessão expirada pelo utilizador 'convidado_01'.","convidado_01"
"751","2026-07-13 18:48:54","INFO","AUTENTICACAO","Tentativa de brute-force bloqueada pelo utilizador 'api_gateway'.","api_gateway"
"752","2026-07-13 18:48:54","CRITICO","AUTENTICACAO","Tentativa de brute-force bloqueada pelo utilizador 'mauri'.","mauri"
"753","2026-07-13 18:48:54","INFO","AUTENTICACAO","Sessão expirada pelo utilizador 'ana_silva'.","ana_silva"
"754","2026-07-13 18:48:54","CRITICO","AUTENTICACAO","Sessão expirada pelo utilizador 'convidado_01'.","convidado_01"
"755","2026-07-13 18:48:54","INFO","AUTENTICACAO","Sessão expirada pelo utilizador 'ana_silva'.","ana_silva"
"756","2026-07-13 18:48:54","INFO","AUTENTICACAO","Login efetuado com sucesso pelo utilizador 'convidado_01'.","convidado_01"
"757","2026-07-13 18:48:54","ATENCAO","AUTENTICACAO","Sessão expirada pelo utilizador 'convidado_01'.","convidado_01"
"758","2026-07-13 18:48:54","INFO","AUTENTICACAO","Sessão expirada pelo utilizador 'mauri'.","mauri"
"759","2026-07-13 18:48:54","ATENCAO","AUTENTICACAO","Tentativa de brute-force bloqueada pelo utilizador 'ana_silva'.","ana_silva"
"760","2026-07-13 18:48:54","INFO","AUTENTICACAO","Login efetuado com sucesso pelo utilizador 'gestor_seguranca'.","gestor_seguranca"
"761","2026-07-13 18:48:54","INFO","AUTENTICACAO","Falha na palavra-passe pelo utilizador 'nuno_gomes'.","nuno_gomes"
"762","2026-07-13 18:48:54","INFO","AUTENTICACAO","Login efetuado com sucesso pelo utilizador 'admin'.","admin"
"763","2026-07-13 18:48:54","ATENCAO","AUTENTICACAO","Falha na palavra-passe pelo utilizador 'admin'.","admin"
"764","2026-07-13 18:48:54","INFO","AUTENTICACAO","Falha na palavra-passe pelo utilizador 'ana_silva'.","ana_silva"
"765","2026-07-13 18:48:54","INFO","AUTENTICACAO","Sessão expirada pelo utilizador 'admin'.","admin"
"766","2026-07-13 18:48:54","CRITICO","AUTENTICACAO","Login efetuado com sucesso pelo utilizador 'admin'.","admin"
"767","2026-07-13 18:48:54","INFO","AUTENTICACAO","Falha na palavra-passe pelo utilizador 'convidado_01'.","convidado_01"
"768","2026-07-13 18:48:54","CRITICO","AUTENTICACAO","Sessão expirada pelo utilizador 'gestor_seguranca'.","gestor_seguranca"
"769","2026-07-13 18:48:54","ATENCAO","AUTENTICACAO","Falha na palavra-passe pelo utilizador 'nuno_gomes'.","nuno_gomes"
"770","2026-07-13 18:48:54","INFO","AUTENTICACAO","Sessão expirada pelo utilizador 'admin'.","admin"
"771","2026-07-13 18:48:54","CRITICO","AUTENTICACAO","Sessão expirada pelo utilizador 'mauri'.","mauri"
"772","2026-07-13 18:48:54","ATENCAO","AUTENTICACAO","Falha na palavra-passe pelo utilizador 'nuno_gomes'.","nuno_gomes"
"773","2026-07-13 18:48:54","CRITICO","AUTENTICACAO","Falha na palavra-passe pelo utilizador 'nuno_gomes'.","nuno_gomes"
"774","2026-07-13 18:48:54","CRITICO","AUTENTICACAO","Sessão expirada pelo utilizador 'ana_silva'.","ana_silva"
"775","2026-07-13 18:48:54","INFO","AUTENTICACAO","Tentativa de brute-force bloqueada pelo utilizador 'mauri'.","mauri"
"776","2026-07-13 18:48:54","INFO","AUTENTICACAO","Sessão expirada pelo utilizador 'admin'.","admin"
"777","2026-07-13 18:48:54","ATENCAO","AUTENTICACAO","Login efetuado com sucesso pelo utilizador 'convidado_01'.","convidado_01"
"778","2026-07-13 18:48:54","INFO","AUTENTICACAO","Tentativa de brute-force bloqueada pelo utilizador 'gestor_seguranca'.","gestor_seguranca"
"779","2026-07-13 18:48:54","CRITICO","AUTENTICACAO","Login efetuado com sucesso pelo utilizador 'convidado_01'.","convidado_01"
"780","2026-07-13 18:48:54","ATENCAO","AUTENTICACAO","Sessão expirada pelo utilizador 'gestor_seguranca'.","gestor_seguranca"
"781","2026-07-13 18:48:54","INFO","AUTENTICACAO","Sessão expirada pelo utilizador 'ana_silva'.","ana_silva"
"782","2026-07-13 18:48:54","CRITICO","AUTENTICACAO","Falha na palavra-passe pelo utilizador 'admin'.","admin"
"783","2026-07-13 18:48:54","INFO","AUTENTICACAO","Tentativa de brute-force bloqueada pelo utilizador 'convidado_01'.","convidado_01"
"784","2026-07-13 18:48:54","CRITICO","AUTENTICACAO","Falha na palavra-passe pelo utilizador 'nuno_gomes'.","nuno_gomes"
"785","2026-07-13 18:48:54","INFO","AUTENTICACAO","Sessão expirada pelo utilizador 'ana_silva'.","ana_silva"
"786","2026-07-13 18:48:54","ATENCAO","AUTENTICACAO","Login efetuado com sucesso pelo utilizador 'api_gateway'.","api_gateway"
"787","2026-07-13 18:48:54","ATENCAO","AUTENTICACAO","Tentativa de brute-force bloqueada pelo utilizador 'gestor_seguranca'.","gestor_seguranca"
"788","2026-07-13 18:48:54","CRITICO","AUTENTICACAO","Sessão expirada pelo utilizador 'ana_silva'.","ana_silva"
"789","2026-07-13 18:48:54","INFO","AUTENTICACAO","Falha na palavra-passe pelo utilizador 'ana_silva'.","ana_silva"
"790","2026-07-13 18:48:54","INFO","AUTENTICACAO","Tentativa de brute-force bloqueada pelo utilizador 'nuno_gomes'.","nuno_gomes"
"791","2026-07-13 18:48:54","INFO","AUTENTICACAO","Tentativa de brute-force bloqueada pelo utilizador 'gestor_seguranca'.","gestor_seguranca"
"792","2026-07-13 18:48:54","INFO","AUTENTICACAO","Login efetuado com sucesso pelo utilizador 'convidado_01'.","convidado_01"
"793","2026-07-13 18:48:54","INFO","AUTENTICACAO","Login efetuado com sucesso pelo utilizador 'gestor_seguranca'.","gestor_seguranca"
"794","2026-07-13 18:48:54","CRITICO","AUTENTICACAO","Falha na palavra-passe pelo utilizador 'ana_silva'.","ana_silva"
"795","2026-07-13 18:48:54","INFO","AUTENTICACAO","Tentativa de brute-force bloqueada pelo utilizador 'gestor_seguranca'.","gestor_seguranca"
"796","2026-07-13 18:48:54","CRITICO","AUTENTICACAO","Login efetuado com sucesso pelo utilizador 'mauri'.","mauri"
"797","2026-07-13 18:48:54","INFO","AUTENTICACAO","Sessão expirada pelo utilizador 'gestor_seguranca'.","gestor_seguranca"
"798","2026-07-13 18:48:54","INFO","AUTENTICACAO","Falha na palavra-passe pelo utilizador 'mauri'.","mauri"
"799","2026-07-13 18:48:54","ATENCAO","AUTENTICACAO","Tentativa de brute-force bloqueada pelo utilizador 'gestor_seguranca'.","gestor_seguranca"
"800","2026-07-13 18:48:54","INFO","AUTENTICACAO","Sessão expirada pelo utilizador 'gestor_seguranca'.","gestor_seguranca"
"801","2026-07-13 18:48:54","INFO","AUTENTICACAO","Tentativa de brute-force bloqueada pelo utilizador 'nuno_gomes'.","nuno_gomes"
"802","2026-07-13 18:48:54","INFO","AUTENTICACAO","Tentativa de brute-force bloqueada pelo utilizador 'gestor_seguranca'.","gestor_seguranca"
"803","2026-07-13 18:48:54","INFO","AUTENTICACAO","Tentativa de brute-force bloqueada pelo utilizador 'nuno_gomes'.","nuno_gomes"
"804","2026-07-13 18:48:54","INFO","AUTENTICACAO","Tentativa de brute-force bloqueada pelo utilizador 'gestor_seguranca'.","gestor_seguranca"
"805","2026-07-13 18:48:54","CRITICO","AUTENTICACAO","Falha na palavra-passe pelo utilizador 'api_gateway'.","api_gateway"
"806","2026-07-13 18:48:54","INFO","AUTENTICACAO","Login efetuado com sucesso pelo utilizador 'admin'.","admin"
"807","2026-07-13 18:48:54","ATENCAO","AUTENTICACAO","Login efetuado com sucesso pelo utilizador 'api_gateway'.","api_gateway"
"808","2026-07-13 18:48:54","ATENCAO","AUTENTICACAO","Tentativa de brute-force bloqueada pelo utilizador 'gestor_seguranca'.","gestor_seguranca"
"809","2026-07-13 18:48:54","INFO","AUTENTICACAO","Sessão expirada pelo utilizador 'mauri'.","mauri"
"810","2026-07-13 18:48:54","INFO","AUTENTICACAO","Login efetuado com sucesso pelo utilizador 'api_gateway'.","api_gateway"
"811","2026-07-13 18:48:54","CRITICO","AUTENTICACAO","Login efetuado com sucesso pelo utilizador 'gestor_seguranca'.","gestor_seguranca"
"812","2026-07-13 18:48:54","INFO","AUTENTICACAO","Sessão expirada pelo utilizador 'admin'.","admin"
"813","2026-07-13 18:48:54","INFO","AUTENTICACAO","Tentativa de brute-force bloqueada pelo utilizador 'admin'.","admin"
"814","2026-07-13 18:48:54","INFO","AUTENTICACAO","Sessão expirada pelo utilizador 'ana_silva'.","ana_silva"
"815","2026-07-13 18:48:54","INFO","AUTENTICACAO","Tentativa de brute-force bloqueada pelo utilizador 'gestor_seguranca'.","gestor_seguranca"
"816","2026-07-13 18:48:54","INFO","AUTENTICACAO","Falha na palavra-passe pelo utilizador 'convidado_01'.","convidado_01"
"817","2026-07-13 18:48:54","ATENCAO","AUTENTICACAO","Falha na palavra-passe pelo utilizador 'mauri'.","mauri"
"818","2026-07-13 18:48:54","ATENCAO","AUTENTICACAO","Tentativa de brute-force bloqueada pelo utilizador 'api_gateway'.","api_gateway"
"819","2026-07-13 18:48:54","INFO","AUTENTICACAO","Login efetuado com sucesso pelo utilizador 'gestor_seguranca'.","gestor_seguranca"
"820","2026-07-13 18:48:54","CRITICO","AUTENTICACAO","Sessão expirada pelo utilizador 'admin'.","admin"
"821","2026-07-13 18:48:54","INFO","AUTENTICACAO","Tentativa de brute-force bloqueada pelo utilizador 'ana_silva'.","ana_silva"
"822","2026-07-13 18:48:54","INFO","AUTENTICACAO","Sessão expirada pelo utilizador 'ana_silva'.","ana_silva"
"823","2026-07-13 18:48:54","CRITICO","AUTENTICACAO","Sessão expirada pelo utilizador 'ana_silva'.","ana_silva"
"824","2026-07-13 18:48:54","ATENCAO","AUTENTICACAO","Tentativa de brute-force bloqueada pelo utilizador 'api_gateway'.","api_gateway"
"825","2026-07-13 18:48:54","CRITICO","AUTENTICACAO","Sessão expirada pelo utilizador 'api_gateway'.","api_gateway"
"826","2026-07-13 18:48:54","INFO","AUTENTICACAO","Sessão expirada pelo utilizador 'admin'.","admin"
"827","2026-07-13 18:48:54","INFO","AUTENTICACAO","Falha na palavra-passe pelo utilizador 'convidado_01'.","convidado_01"
"828","2026-07-13 18:48:54","CRITICO","AUTENTICACAO","Tentativa de brute-force bloqueada pelo utilizador 'ana_silva'.","ana_silva"
"829","2026-07-13 18:48:54","CRITICO","AUTENTICACAO","Falha na palavra-passe pelo utilizador 'ana_silva'.","ana_silva"
"830","2026-07-13 18:48:54","CRITICO","AUTENTICACAO","Sessão expirada pelo utilizador 'ana_silva'.","ana_silva"
"831","2026-07-13 18:48:54","CRITICO","AUTENTICACAO","Login efetuado com sucesso pelo utilizador 'ana_silva'.","ana_silva"
"832","2026-07-13 18:48:54","CRITICO","AUTENTICACAO","Falha na palavra-passe pelo utilizador 'mauri'.","mauri"
"833","2026-07-13 18:48:54","INFO","AUTENTICACAO","Tentativa de brute-force bloqueada pelo utilizador 'gestor_seguranca'.","gestor_seguranca"
"834","2026-07-13 18:48:54","INFO","AUTENTICACAO","Sessão expirada pelo utilizador 'nuno_gomes'.","nuno_gomes"
"835","2026-07-13 18:48:54","CRITICO","AUTENTICACAO","Login efetuado com sucesso pelo utilizador 'api_gateway'.","api_gateway"
"836","2026-07-13 18:48:54","INFO","AUTENTICACAO","Login efetuado com sucesso pelo utilizador 'admin'.","admin"
"837","2026-07-13 18:48:54","INFO","AUTENTICACAO","Falha na palavra-passe pelo utilizador 'mauri'.","mauri"
"838","2026-07-13 18:48:54","ATENCAO","AUTENTICACAO","Tentativa de brute-force bloqueada pelo utilizador 'admin'.","admin"
"839","2026-07-13 18:48:54","INFO","AUTENTICACAO","Login efetuado com sucesso pelo utilizador 'nuno_gomes'.","nuno_gomes"
"840","2026-07-13 18:48:54","ATENCAO","AUTENTICACAO","Login efetuado com sucesso pelo utilizador 'mauri'.","mauri"
"841","2026-07-13 18:48:54","INFO","AUTENTICACAO","Sessão expirada pelo utilizador 'api_gateway'.","api_gateway"
"842","2026-07-13 18:48:54","INFO","AUTENTICACAO","Falha na palavra-passe pelo utilizador 'mauri'.","mauri"
"843","2026-07-13 18:48:54","ATENCAO","AUTENTICACAO","Tentativa de brute-force bloqueada pelo utilizador 'admin'.","admin"
"844","2026-07-13 18:48:54","CRITICO","AUTENTICACAO","Login efetuado com sucesso pelo utilizador 'mauri'.","mauri"
"845","2026-07-13 18:48:54","ATENCAO","AUTENTICACAO","Falha na palavra-passe pelo utilizador 'gestor_seguranca'.","gestor_seguranca"
"846","2026-07-13 18:48:54","ATENCAO","AUTENTICACAO","Sessão expirada pelo utilizador 'gestor_seguranca'.","gestor_seguranca"
"847","2026-07-13 18:48:54","INFO","AUTENTICACAO","Login efetuado com sucesso pelo utilizador 'mauri'.","mauri"
"848","2026-07-13 18:48:54","ATENCAO","AUTENTICACAO","Tentativa de brute-force bloqueada pelo utilizador 'admin'.","admin"
"849","2026-07-13 18:48:54","CRITICO","AUTENTICACAO","Sessão expirada pelo utilizador 'nuno_gomes'.","nuno_gomes"
"850","2026-07-13 18:48:54","INFO","AUTENTICACAO","Tentativa de brute-force bloqueada pelo utilizador 'api_gateway'.","api_gateway"
"851","2026-07-13 18:48:54","ATENCAO","AUTENTICACAO","Tentativa de brute-force bloqueada pelo utilizador 'gestor_seguranca'.","gestor_seguranca"
"852","2026-07-13 18:48:54","INFO","AUTENTICACAO","Falha na palavra-passe pelo utilizador 'gestor_seguranca'.","gestor_seguranca"
"853","2026-07-13 18:48:54","INFO","AUTENTICACAO","Sessão expirada pelo utilizador 'api_gateway'.","api_gateway"
"854","2026-07-13 18:48:54","INFO","AUTENTICACAO","Falha na palavra-passe pelo utilizador 'admin'.","admin"
"855","2026-07-13 18:48:54","INFO","AUTENTICACAO","Falha na palavra-passe pelo utilizador 'admin'.","admin"
"856","2026-07-13 18:48:54","INFO","AUTENTICACAO","Tentativa de brute-force bloqueada pelo utilizador 'mauri'.","mauri"
"857","2026-07-13 18:48:54","ATENCAO","AUTENTICACAO","Login efetuado com sucesso pelo utilizador 'admin'.","admin"
"858","2026-07-13 18:48:54","INFO","AUTENTICACAO","Sessão expirada pelo utilizador 'gestor_seguranca'.","gestor_seguranca"
"859","2026-07-13 18:48:54","INFO","AUTENTICACAO","Falha na palavra-passe pelo utilizador 'ana_silva'.","ana_silva"
"860","2026-07-13 18:48:54","CRITICO","AUTENTICACAO","Sessão expirada pelo utilizador 'mauri'.","mauri"
"861","2026-07-13 18:48:54","INFO","AUTENTICACAO","Sessão expirada pelo utilizador 'nuno_gomes'.","nuno_gomes"
"862","2026-07-13 18:48:54","INFO","AUTENTICACAO","Sessão expirada pelo utilizador 'nuno_gomes'.","nuno_gomes"
"863","2026-07-13 18:48:54","INFO","AUTENTICACAO","Tentativa de brute-force bloqueada pelo utilizador 'gestor_seguranca'.","gestor_seguranca"
"864","2026-07-13 18:48:54","ATENCAO","AUTENTICACAO","Tentativa de brute-force bloqueada pelo utilizador 'mauri'.","mauri"
"865","2026-07-13 18:48:54","INFO","AUTENTICACAO","Falha na palavra-passe pelo utilizador 'ana_silva'.","ana_silva"
"866","2026-07-13 18:48:54","INFO","AUTENTICACAO","Login efetuado com sucesso pelo utilizador 'api_gateway'.","api_gateway"
"867","2026-07-13 18:48:54","INFO","AUTENTICACAO","Falha na palavra-passe pelo utilizador 'ana_silva'.","ana_silva"
"868","2026-07-13 18:48:54","INFO","AUTENTICACAO","Login efetuado com sucesso pelo utilizador 'mauri'.","mauri"
"869","2026-07-13 18:48:54","INFO","AUTENTICACAO","Falha na palavra-passe pelo utilizador 'mauri'.","mauri"
"870","2026-07-13 18:48:54","ATENCAO","AUTENTICACAO","Falha na palavra-passe pelo utilizador 'gestor_seguranca'.","gestor_seguranca"
"871","2026-07-13 18:48:54","INFO","AUTENTICACAO","Tentativa de brute-force bloqueada pelo utilizador 'convidado_01'.","convidado_01"
"872","2026-07-13 18:48:54","CRITICO","AUTENTICACAO","Login efetuado com sucesso pelo utilizador 'convidado_01'.","convidado_01"
"873","2026-07-13 18:48:54","ATENCAO","AUTENTICACAO","Falha na palavra-passe pelo utilizador 'convidado_01'.","convidado_01"
"874","2026-07-13 18:48:54","CRITICO","AUTENTICACAO","Tentativa de brute-force bloqueada pelo utilizador 'api_gateway'.","api_gateway"
"875","2026-07-13 18:48:54","ATENCAO","AUTENTICACAO","Tentativa de brute-force bloqueada pelo utilizador 'convidado_01'.","convidado_01"
"876","2026-07-13 18:48:54","ATENCAO","AUTENTICACAO","Falha na palavra-passe pelo utilizador 'gestor_seguranca'.","gestor_seguranca"
"877","2026-07-13 18:48:54","ATENCAO","AUTENTICACAO","Sessão expirada pelo utilizador 'admin'.","admin"
"878","2026-07-13 18:48:54","CRITICO","AUTENTICACAO","Tentativa de brute-force bloqueada pelo utilizador 'mauri'.","mauri"
"879","2026-07-13 18:48:54","INFO","AUTENTICACAO","Login efetuado com sucesso pelo utilizador 'ana_silva'.","ana_silva"
"880","2026-07-13 18:48:54","ATENCAO","AUTENTICACAO","Falha na palavra-passe pelo utilizador 'api_gateway'.","api_gateway"
"881","2026-07-13 18:48:54","CRITICO","AUTENTICACAO","Falha na palavra-passe pelo utilizador 'api_gateway'.","api_gateway"
"882","2026-07-13 18:48:54","INFO","AUTENTICACAO","Login efetuado com sucesso pelo utilizador 'ana_silva'.","ana_silva"
"883","2026-07-13 18:48:54","INFO","AUTENTICACAO","Sessão expirada pelo utilizador 'nuno_gomes'.","nuno_gomes"
"884","2026-07-13 18:48:54","INFO","AUTENTICACAO","Falha na palavra-passe pelo utilizador 'gestor_seguranca'.","gestor_seguranca"
"885","2026-07-13 18:48:54","INFO","AUTENTICACAO","Login efetuado com sucesso pelo utilizador 'nuno_gomes'.","nuno_gomes"
"886","2026-07-13 18:48:54","ATENCAO","AUTENTICACAO","Login efetuado com sucesso pelo utilizador 'ana_silva'.","ana_silva"
"887","2026-07-13 18:48:54","INFO","AUTENTICACAO","Sessão expirada pelo utilizador 'convidado_01'.","convidado_01"
"888","2026-07-13 18:48:54","INFO","AUTENTICACAO","Login efetuado com sucesso pelo utilizador 'api_gateway'.","api_gateway"
"889","2026-07-13 18:48:54","ATENCAO","AUTENTICACAO","Falha na palavra-passe pelo utilizador 'admin'.","admin"
"890","2026-07-13 18:48:54","ATENCAO","AUTENTICACAO","Sessão expirada pelo utilizador 'convidado_01'.","convidado_01"
"891","2026-07-13 18:48:54","INFO","AUTENTICACAO","Falha na palavra-passe pelo utilizador 'admin'.","admin"
"892","2026-07-13 18:48:54","INFO","AUTENTICACAO","Tentativa de brute-force bloqueada pelo utilizador 'gestor_seguranca'.","gestor_seguranca"
"893","2026-07-13 18:48:54","CRITICO","AUTENTICACAO","Login efetuado com sucesso pelo utilizador 'gestor_seguranca'.","gestor_seguranca"
"894","2026-07-13 18:48:54","INFO","AUTENTICACAO","Tentativa de brute-force bloqueada pelo utilizador 'admin'.","admin"
"895","2026-07-13 18:48:54","INFO","AUTENTICACAO","Falha na palavra-passe pelo utilizador 'mauri'.","mauri"
"896","2026-07-13 18:48:54","CRITICO","AUTENTICACAO","Falha na palavra-passe pelo utilizador 'convidado_01'.","convidado_01"
"897","2026-07-13 18:48:54","INFO","AUTENTICACAO","Tentativa de brute-force bloqueada pelo utilizador 'nuno_gomes'.","nuno_gomes"
"898","2026-07-13 18:48:54","INFO","AUTENTICACAO","Login efetuado com sucesso pelo utilizador 'admin'.","admin"
"899","2026-07-13 18:48:54","ATENCAO","AUTENTICACAO","Tentativa de brute-force bloqueada pelo utilizador 'ana_silva'.","ana_silva"
"900","2026-07-13 18:48:54","INFO","AUTENTICACAO","Sessão expirada pelo utilizador 'gestor_seguranca'.","gestor_seguranca"
"901","2026-07-13 18:48:54","ATENCAO","AUTENTICACAO","Sessão expirada pelo utilizador 'nuno_gomes'.","nuno_gomes"
"902","2026-07-13 18:48:54","CRITICO","AUTENTICACAO","Login efetuado com sucesso pelo utilizador 'ana_silva'.","ana_silva"
"903","2026-07-13 18:48:54","INFO","AUTENTICACAO","Sessão expirada pelo utilizador 'convidado_01'.","convidado_01"
"904","2026-07-13 18:48:54","INFO","AUTENTICACAO","Sessão expirada pelo utilizador 'ana_silva'.","ana_silva"
"905","2026-07-13 18:48:54","INFO","AUTENTICACAO","Falha na palavra-passe pelo utilizador 'admin'.","admin"
"906","2026-07-13 18:48:54","INFO","AUTENTICACAO","Login efetuado com sucesso pelo utilizador 'gestor_seguranca'.","gestor_seguranca"
"907","2026-07-13 18:48:54","INFO","AUTENTICACAO","Sessão expirada pelo utilizador 'nuno_gomes'.","nuno_gomes"
"908","2026-07-13 18:48:54","INFO","AUTENTICACAO","Falha na palavra-passe pelo utilizador 'api_gateway'.","api_gateway"
"909","2026-07-13 18:48:54","CRITICO","AUTENTICACAO","Falha na palavra-passe pelo utilizador 'admin'.","admin"
"910","2026-07-13 18:48:54","INFO","AUTENTICACAO","Falha na palavra-passe pelo utilizador 'ana_silva'.","ana_silva"
"911","2026-07-13 18:48:54","INFO","AUTENTICACAO","Tentativa de brute-force bloqueada pelo utilizador 'mauri'.","mauri"
"912","2026-07-13 18:48:54","INFO","AUTENTICACAO","Login efetuado com sucesso pelo utilizador 'api_gateway'.","api_gateway"
"913","2026-07-13 18:48:54","INFO","AUTENTICACAO","Login efetuado com sucesso pelo utilizador 'ana_silva'.","ana_silva"
"914","2026-07-13 18:48:54","INFO","AUTENTICACAO","Login efetuado com sucesso pelo utilizador 'api_gateway'.","api_gateway"
"915","2026-07-13 18:48:54","ATENCAO","AUTENTICACAO","Falha na palavra-passe pelo utilizador 'api_gateway'.","api_gateway"
"916","2026-07-13 18:48:54","INFO","AUTENTICACAO","Falha na palavra-passe pelo utilizador 'gestor_seguranca'.","gestor_seguranca"
"917","2026-07-13 18:48:54","ATENCAO","AUTENTICACAO","Falha na palavra-passe pelo utilizador 'admin'.","admin"
"918","2026-07-13 18:48:54","INFO","AUTENTICACAO","Tentativa de brute-force bloqueada pelo utilizador 'convidado_01'.","convidado_01"
"919","2026-07-13 18:48:54","ATENCAO","AUTENTICACAO","Tentativa de brute-force bloqueada pelo utilizador 'convidado_01'.","convidado_01"
"920","2026-07-13 18:48:54","INFO","AUTENTICACAO","Login efetuado com sucesso pelo utilizador 'convidado_01'.","convidado_01"
"921","2026-07-13 18:48:54","ATENCAO","AUTENTICACAO","Tentativa de brute-force bloqueada pelo utilizador 'api_gateway'.","api_gateway"
"922","2026-07-13 18:48:54","ATENCAO","AUTENTICACAO","Sessão expirada pelo utilizador 'admin'.","admin"
"923","2026-07-13 18:48:54","CRITICO","AUTENTICACAO","Sessão expirada pelo utilizador 'nuno_gomes'.","nuno_gomes"
"924","2026-07-13 18:48:54","INFO","AUTENTICACAO","Sessão expirada pelo utilizador 'ana_silva'.","ana_silva"
"925","2026-07-13 18:48:54","INFO","AUTENTICACAO","Tentativa de brute-force bloqueada pelo utilizador 'api_gateway'.","api_gateway"
"926","2026-07-13 18:48:54","INFO","AUTENTICACAO","Tentativa de brute-force bloqueada pelo utilizador 'convidado_01'.","convidado_01"
"927","2026-07-13 18:48:54","INFO","AUTENTICACAO","Tentativa de brute-force bloqueada pelo utilizador 'ana_silva'.","ana_silva"
"928","2026-07-13 18:48:54","INFO","AUTENTICACAO","Sessão expirada pelo utilizador 'gestor_seguranca'.","gestor_seguranca"
"929","2026-07-13 18:48:54","CRITICO","AUTENTICACAO","Sessão expirada pelo utilizador 'convidado_01'.","convidado_01"
"930","2026-07-13 18:48:54","INFO","AUTENTICACAO","Falha na palavra-passe pelo utilizador 'mauri'.","mauri"
"931","2026-07-13 18:48:54","INFO","AUTENTICACAO","Falha na palavra-passe pelo utilizador 'ana_silva'.","ana_silva"
"932","2026-07-13 18:48:54","INFO","AUTENTICACAO","Sessão expirada pelo utilizador 'convidado_01'.","convidado_01"
"933","2026-07-13 18:48:54","INFO","AUTENTICACAO","Sessão expirada pelo utilizador 'admin'.","admin"
"934","2026-07-13 18:48:54","INFO","AUTENTICACAO","Sessão expirada pelo utilizador 'admin'.","admin"
"935","2026-07-13 18:48:54","INFO","AUTENTICACAO","Sessão expirada pelo utilizador 'ana_silva'.","ana_silva"
"936","2026-07-13 18:48:54","INFO","AUTENTICACAO","Tentativa de brute-force bloqueada pelo utilizador 'admin'.","admin"
"937","2026-07-13 18:48:54","INFO","AUTENTICACAO","Login efetuado com sucesso pelo utilizador 'mauri'.","mauri"
"938","2026-07-13 18:48:54","INFO","AUTENTICACAO","Tentativa de brute-force bloqueada pelo utilizador 'gestor_seguranca'.","gestor_seguranca"
"939","2026-07-13 18:48:54","INFO","AUTENTICACAO","Login efetuado com sucesso pelo utilizador 'gestor_seguranca'.","gestor_seguranca"
"940","2026-07-13 18:48:54","INFO","AUTENTICACAO","Falha na palavra-passe pelo utilizador 'mauri'.","mauri"
"941","2026-07-13 18:48:54","INFO","AUTENTICACAO","Sessão expirada pelo utilizador 'admin'.","admin"
"942","2026-07-13 18:48:54","ATENCAO","AUTENTICACAO","Falha na palavra-passe pelo utilizador 'ana_silva'.","ana_silva"
"943","2026-07-13 18:48:54","INFO","AUTENTICACAO","Login efetuado com sucesso pelo utilizador 'nuno_gomes'.","nuno_gomes"
"944","2026-07-13 18:48:54","ATENCAO","AUTENTICACAO","Login efetuado com sucesso pelo utilizador 'api_gateway'.","api_gateway"
"945","2026-07-13 18:48:54","INFO","AUTENTICACAO","Sessão expirada pelo utilizador 'api_gateway'.","api_gateway"
"946","2026-07-13 18:48:54","ATENCAO","AUTENTICACAO","Sessão expirada pelo utilizador 'gestor_seguranca'.","gestor_seguranca"
"947","2026-07-13 18:48:54","INFO","AUTENTICACAO","Falha na palavra-passe pelo utilizador 'mauri'.","mauri"
"948","2026-07-13 18:48:54","INFO","AUTENTICACAO","Falha na palavra-passe pelo utilizador 'ana_silva'.","ana_silva"
"949","2026-07-13 18:48:54","CRITICO","AUTENTICACAO","Sessão expirada pelo utilizador 'admin'.","admin"
"950","2026-07-13 18:48:54","INFO","AUTENTICACAO","Tentativa de brute-force bloqueada pelo utilizador 'convidado_01'.","convidado_01"
"951","2026-07-13 18:48:54","INFO","AUTENTICACAO","Login efetuado com sucesso pelo utilizador 'mauri'.","mauri"
"952","2026-07-13 18:48:54","CRITICO","AUTENTICACAO","Sessão expirada pelo utilizador 'convidado_01'.","convidado_01"
"953","2026-07-13 18:48:54","INFO","AUTENTICACAO","Login efetuado com sucesso pelo utilizador 'convidado_01'.","convidado_01"
"954","2026-07-13 18:48:54","ATENCAO","AUTENTICACAO","Falha na palavra-passe pelo utilizador 'admin'.","admin"
"955","2026-07-13 18:48:54","CRITICO","AUTENTICACAO","Login efetuado com sucesso pelo utilizador 'nuno_gomes'.","nuno_gomes"
"956","2026-07-13 18:48:54","INFO","AUTENTICACAO","Login efetuado com sucesso pelo utilizador 'ana_silva'.","ana_silva"
"957","2026-07-13 18:48:54","INFO","AUTENTICACAO","Falha na palavra-passe pelo utilizador 'api_gateway'.","api_gateway"
"958","2026-07-13 18:48:54","INFO","AUTENTICACAO","Falha na palavra-passe pelo utilizador 'gestor_seguranca'.","gestor_seguranca"
"959","2026-07-13 18:48:54","INFO","AUTENTICACAO","Sessão expirada pelo utilizador 'nuno_gomes'.","nuno_gomes"
"960","2026-07-13 18:48:54","INFO","AUTENTICACAO","Sessão expirada pelo utilizador 'convidado_01'.","convidado_01"
"961","2026-07-13 18:48:54","INFO","AUTENTICACAO","Tentativa de brute-force bloqueada pelo utilizador 'nuno_gomes'.","nuno_gomes"
"962","2026-07-13 18:48:54","CRITICO","AUTENTICACAO","Login efetuado com sucesso pelo utilizador 'convidado_01'.","convidado_01"
"963","2026-07-13 18:48:54","ATENCAO","AUTENTICACAO","Falha na palavra-passe pelo utilizador 'gestor_seguranca'.","gestor_seguranca"
"964","2026-07-13 18:48:54","INFO","AUTENTICACAO","Tentativa de brute-force bloqueada pelo utilizador 'ana_silva'.","ana_silva"
"965","2026-07-13 18:48:54","INFO","AUTENTICACAO","Tentativa de brute-force bloqueada pelo utilizador 'api_gateway'.","api_gateway"
"966","2026-07-13 18:48:54","ATENCAO","AUTENTICACAO","Sessão expirada pelo utilizador 'admin'.","admin"
"967","2026-07-13 18:48:54","INFO","AUTENTICACAO","Sessão expirada pelo utilizador 'admin'.","admin"
"968","2026-07-13 18:48:54","ATENCAO","AUTENTICACAO","Falha na palavra-passe pelo utilizador 'convidado_01'.","convidado_01"
"969","2026-07-13 18:48:54","INFO","AUTENTICACAO","Login efetuado com sucesso pelo utilizador 'admin'.","admin"
"970","2026-07-13 18:48:54","INFO","AUTENTICACAO","Falha na palavra-passe pelo utilizador 'admin'.","admin"
"971","2026-07-13 18:48:54","INFO","AUTENTICACAO","Login efetuado com sucesso pelo utilizador 'mauri'.","mauri"
"972","2026-07-13 18:48:54","ATENCAO","AUTENTICACAO","Sessão expirada pelo utilizador 'api_gateway'.","api_gateway"
"973","2026-07-13 18:48:54","INFO","AUTENTICACAO","Tentativa de brute-force bloqueada pelo utilizador 'gestor_seguranca'.","gestor_seguranca"
"974","2026-07-13 18:48:54","ATENCAO","AUTENTICACAO","Tentativa de brute-force bloqueada pelo utilizador 'nuno_gomes'.","nuno_gomes"
"975","2026-07-13 18:48:54","ATENCAO","AUTENTICACAO","Sessão expirada pelo utilizador 'admin'.","admin"
"976","2026-07-13 18:48:54","INFO","AUTENTICACAO","Login efetuado com sucesso pelo utilizador 'convidado_01'.","convidado_01"
"977","2026-07-13 18:48:54","ATENCAO","AUTENTICACAO","Tentativa de brute-force bloqueada pelo utilizador 'mauri'.","mauri"
"978","2026-07-13 18:48:54","INFO","AUTENTICACAO","Sessão expirada pelo utilizador 'mauri'.","mauri"
"979","2026-07-13 18:48:54","INFO","AUTENTICACAO","Login efetuado com sucesso pelo utilizador 'api_gateway'.","api_gateway"
"980","2026-07-13 18:48:54","INFO","AUTENTICACAO","Login efetuado com sucesso pelo utilizador 'admin'.","admin"
"981","2026-07-13 18:48:54","INFO","AUTENTICACAO","Tentativa de brute-force bloqueada pelo utilizador 'ana_silva'.","ana_silva"
"982","2026-07-13 18:48:54","ATENCAO","AUTENTICACAO","Falha na palavra-passe pelo utilizador 'convidado_01'.","convidado_01"
"983","2026-07-13 18:48:54","INFO","AUTENTICACAO","Falha na palavra-passe pelo utilizador 'admin'.","admin"
"984","2026-07-13 18:48:54","INFO","AUTENTICACAO","Tentativa de brute-force bloqueada pelo utilizador 'api_gateway'.","api_gateway"
"985","2026-07-13 18:48:54","INFO","AUTENTICACAO","Login efetuado com sucesso pelo utilizador 'admin'.","admin"
"986","2026-07-13 18:48:54","INFO","AUTENTICACAO","Sessão expirada pelo utilizador 'ana_silva'.","ana_silva"
"987","2026-07-13 18:48:54","INFO","AUTENTICACAO","Tentativa de brute-force bloqueada pelo utilizador 'mauri'.","mauri"
"988","2026-07-13 18:48:54","ATENCAO","AUTENTICACAO","Sessão expirada pelo utilizador 'admin'.","admin"
"989","2026-07-13 18:48:54","INFO","AUTENTICACAO","Tentativa de brute-force bloqueada pelo utilizador 'mauri'.","mauri"
"990","2026-07-13 18:48:54","INFO","AUTENTICACAO","Sessão expirada pelo utilizador 'gestor_seguranca'.","gestor_seguranca"
"991","2026-07-13 18:48:54","ATENCAO","AUTENTICACAO","Login efetuado com sucesso pelo utilizador 'convidado_01'.","convidado_01"
"992","2026-07-13 18:48:54","INFO","AUTENTICACAO","Falha na palavra-passe pelo utilizador 'admin'.","admin"
"993","2026-07-13 18:48:54","INFO","AUTENTICACAO","Falha na palavra-passe pelo utilizador 'api_gateway'.","api_gateway"
"994","2026-07-13 18:48:54","ATENCAO","AUTENTICACAO","Login efetuado com sucesso pelo utilizador 'mauri'.","mauri"
"995","2026-07-13 18:48:54","INFO","AUTENTICACAO","Tentativa de brute-force bloqueada pelo utilizador 'ana_silva'.","ana_silva"
"996","2026-07-13 18:48:54","INFO","AUTENTICACAO","Tentativa de brute-force bloqueada pelo utilizador 'admin'.","admin"
"997","2026-07-13 18:48:54","INFO","AUTENTICACAO","Sessão expirada pelo utilizador 'gestor_seguranca'.","gestor_seguranca"
"998","2026-07-13 18:48:54","INFO","AUTENTICACAO","Sessão expirada pelo utilizador 'ana_silva'.","ana_silva"
"999","2026-07-13 18:48:54","INFO","AUTENTICACAO","Sessão expirada pelo utilizador 'nuno_gomes'.","nuno_gomes"
"1000","2026-07-13 18:48:54","ATENCAO","AUTENTICACAO","Sessão expirada pelo utilizador 'api_gateway'.","api_gateway"
"1001","2026-07-13 18:48:54","INFO","AUTENTICACAO","Tentativa de brute-force bloqueada pelo utilizador 'ana_silva'.","ana_silva"
"1002","2026-07-13 18:48:54","CRITICO","AUTENTICACAO","Falha na palavra-passe pelo utilizador 'mauri'.","mauri"
"1003","2026-07-13 18:48:54","INFO","AUTENTICACAO","Falha na palavra-passe pelo utilizador 'convidado_01'.","convidado_01"
"1004","2026-07-13 18:48:54","INFO","AUTENTICACAO","Falha na palavra-passe pelo utilizador 'convidado_01'.","convidado_01"
"1005","2026-07-13 18:48:54","INFO","AUTENTICACAO","Tentativa de brute-force bloqueada pelo utilizador 'admin'.","admin"
"1006","2026-07-13 18:48:54","ATENCAO","AUTENTICACAO","Falha na palavra-passe pelo utilizador 'gestor_seguranca'.","gestor_seguranca"
"1007","2026-07-13 18:48:54","INFO","AUTENTICACAO","Login efetuado com sucesso pelo utilizador 'convidado_01'.","convidado_01"
"1008","2026-07-13 18:48:54","INFO","AUTENTICACAO","Tentativa de brute-force bloqueada pelo utilizador 'nuno_gomes'.","nuno_gomes"
"1009","2026-07-13 18:48:54","INFO","AUTENTICACAO","Login efetuado com sucesso pelo utilizador 'nuno_gomes'.","nuno_gomes"
"1010","2026-07-13 18:48:54","INFO","AUTENTICACAO","Login efetuado com sucesso pelo utilizador 'convidado_01'.","convidado_01"
"1011","2026-07-13 18:48:54","CRITICO","AUTENTICACAO","Sessão expirada pelo utilizador 'api_gateway'.","api_gateway"
"1012","2026-07-13 18:48:54","ATENCAO","AUTENTICACAO","Tentativa de brute-force bloqueada pelo utilizador 'nuno_gomes'.","nuno_gomes"
"1013","2026-07-13 18:48:54","INFO","AUTENTICACAO","Sessão expirada pelo utilizador 'admin'.","admin"
"1014","2026-07-13 18:48:54","INFO","AUTENTICACAO","Tentativa de brute-force bloqueada pelo utilizador 'api_gateway'.","api_gateway"
"1015","2026-07-13 18:48:54","INFO","AUTENTICACAO","Falha na palavra-passe pelo utilizador 'nuno_gomes'.","nuno_gomes"
"1016","2026-07-13 18:48:54","INFO","AUTENTICACAO","Sessão expirada pelo utilizador 'ana_silva'.","ana_silva"
"1017","2026-07-13 18:48:54","INFO","AUTENTICACAO","Falha na palavra-passe pelo utilizador 'convidado_01'.","convidado_01"
"1018","2026-07-13 18:48:54","ATENCAO","AUTENTICACAO","Falha na palavra-passe pelo utilizador 'admin'.","admin"
"1019","2026-07-13 18:48:54","ATENCAO","AUTENTICACAO","Falha na palavra-passe pelo utilizador 'admin'.","admin"
"1020","2026-07-13 18:48:54","CRITICO","AUTENTICACAO","Login efetuado com sucesso pelo utilizador 'api_gateway'.","api_gateway"
"1021","2026-07-13 18:48:54","INFO","AUTENTICACAO","Login efetuado com sucesso pelo utilizador 'api_gateway'.","api_gateway"
"1022","2026-07-13 18:48:54","INFO","AUTENTICACAO","Tentativa de brute-force bloqueada pelo utilizador 'nuno_gomes'.","nuno_gomes"
"1023","2026-07-13 18:48:54","INFO","AUTENTICACAO","Falha na palavra-passe pelo utilizador 'admin'.","admin"
"1024","2026-07-13 18:48:54","INFO","AUTENTICACAO","Login efetuado com sucesso pelo utilizador 'convidado_01'.","convidado_01"
"1025","2026-07-13 18:48:54","INFO","AUTENTICACAO","Sessão expirada pelo utilizador 'api_gateway'.","api_gateway"
"1026","2026-07-13 18:48:54","CRITICO","AUTENTICACAO","Tentativa de brute-force bloqueada pelo utilizador 'admin'.","admin"
"1027","2026-07-13 18:48:54","INFO","AUTENTICACAO","Sessão expirada pelo utilizador 'convidado_01'.","convidado_01"
"1028","2026-07-13 18:48:54","INFO","AUTENTICACAO","Falha na palavra-passe pelo utilizador 'nuno_gomes'.","nuno_gomes"
"1029","2026-07-13 18:48:54","INFO","AUTENTICACAO","Tentativa de brute-force bloqueada pelo utilizador 'nuno_gomes'.","nuno_gomes"
"1030","2026-07-13 18:48:54","CRITICO","AUTENTICACAO","Sessão expirada pelo utilizador 'admin'.","admin"
"1031","2026-07-13 18:48:54","INFO","AUTENTICACAO","Falha na palavra-passe pelo utilizador 'api_gateway'.","api_gateway"
"1032","2026-07-13 18:48:54","INFO","AUTENTICACAO","Sessão expirada pelo utilizador 'api_gateway'.","api_gateway"
"1033","2026-07-13 18:48:54","INFO","AUTENTICACAO","Falha na palavra-passe pelo utilizador 'mauri'.","mauri"
"1034","2026-07-13 18:48:54","CRITICO","AUTENTICACAO","Login efetuado com sucesso pelo utilizador 'gestor_seguranca'.","gestor_seguranca"
"1035","2026-07-13 18:48:54","ATENCAO","AUTENTICACAO","Falha na palavra-passe pelo utilizador 'ana_silva'.","ana_silva"
"1036","2026-07-13 18:48:54","INFO","AUTENTICACAO","Tentativa de brute-force bloqueada pelo utilizador 'mauri'.","mauri"
"1037","2026-07-13 18:48:54","INFO","AUTENTICACAO","Tentativa de brute-force bloqueada pelo utilizador 'nuno_gomes'.","nuno_gomes"
"1038","2026-07-13 18:48:54","INFO","AUTENTICACAO","Sessão expirada pelo utilizador 'api_gateway'.","api_gateway"
"1039","2026-07-13 18:48:54","INFO","AUTENTICACAO","Tentativa de brute-force bloqueada pelo utilizador 'api_gateway'.","api_gateway"
"1040","2026-07-13 18:48:54","ATENCAO","AUTENTICACAO","Sessão expirada pelo utilizador 'convidado_01'.","convidado_01"
"1041","2026-07-13 18:48:54","INFO","AUTENTICACAO","Sessão expirada pelo utilizador 'admin'.","admin"
"1042","2026-07-13 18:48:54","INFO","AUTENTICACAO","Sessão expirada pelo utilizador 'convidado_01'.","convidado_01"
"1043","2026-07-13 18:48:54","INFO","AUTENTICACAO","Tentativa de brute-force bloqueada pelo utilizador 'admin'.","admin"
"1044","2026-07-13 18:48:54","ATENCAO","AUTENTICACAO","Tentativa de brute-force bloqueada pelo utilizador 'convidado_01'.","convidado_01"
"1045","2026-07-13 18:48:54","CRITICO","AUTENTICACAO","Sessão expirada pelo utilizador 'convidado_01'.","convidado_01"
"1046","2026-07-13 18:48:54","INFO","AUTENTICACAO","Sessão expirada pelo utilizador 'gestor_seguranca'.","gestor_seguranca"
"1047","2026-07-13 18:48:54","INFO","AUTENTICACAO","Tentativa de brute-force bloqueada pelo utilizador 'convidado_01'.","convidado_01"
"1048","2026-07-13 18:48:54","INFO","AUTENTICACAO","Sessão expirada pelo utilizador 'convidado_01'.","convidado_01"
"1049","2026-07-13 18:48:54","INFO","AUTENTICACAO","Sessão expirada pelo utilizador 'admin'.","admin"
"1050","2026-07-13 18:48:54","INFO","AUTENTICACAO","Tentativa de brute-force bloqueada pelo utilizador 'admin'.","admin"
"1051","2026-07-13 18:48:54","ATENCAO","AUTENTICACAO","Falha na palavra-passe pelo utilizador 'ana_silva'.","ana_silva"
"1052","2026-07-13 18:48:54","INFO","AUTENTICACAO","Tentativa de brute-force bloqueada pelo utilizador 'nuno_gomes'.","nuno_gomes"
"1053","2026-07-13 18:48:54","ATENCAO","AUTENTICACAO","Sessão expirada pelo utilizador 'nuno_gomes'.","nuno_gomes"
"1054","2026-07-13 18:48:54","INFO","AUTENTICACAO","Falha na palavra-passe pelo utilizador 'ana_silva'.","ana_silva"
"1055","2026-07-13 18:48:54","ATENCAO","AUTENTICACAO","Sessão expirada pelo utilizador 'convidado_01'.","convidado_01"
"1056","2026-07-13 18:48:54","INFO","AUTENTICACAO","Login efetuado com sucesso pelo utilizador 'ana_silva'.","ana_silva"
"1057","2026-07-13 18:48:54","ATENCAO","AUTENTICACAO","Tentativa de brute-force bloqueada pelo utilizador 'admin'.","admin"
"1058","2026-07-13 18:48:54","INFO","AUTENTICACAO","Falha na palavra-passe pelo utilizador 'admin'.","admin"
"1059","2026-07-13 18:48:54","CRITICO","AUTENTICACAO","Login efetuado com sucesso pelo utilizador 'nuno_gomes'.","nuno_gomes"
"1060","2026-07-13 18:48:54","ATENCAO","AUTENTICACAO","Falha na palavra-passe pelo utilizador 'ana_silva'.","ana_silva"
"1061","2026-07-13 18:48:54","INFO","AUTENTICACAO","Tentativa de brute-force bloqueada pelo utilizador 'admin'.","admin"
"1062","2026-07-13 18:48:54","CRITICO","AUTENTICACAO","Login efetuado com sucesso pelo utilizador 'mauri'.","mauri"
"1063","2026-07-13 18:48:54","CRITICO","AUTENTICACAO","Login efetuado com sucesso pelo utilizador 'mauri'.","mauri"
"1064","2026-07-13 18:48:54","INFO","AUTENTICACAO","Login efetuado com sucesso pelo utilizador 'admin'.","admin"
"1065","2026-07-13 18:48:54","INFO","AUTENTICACAO","Tentativa de brute-force bloqueada pelo utilizador 'ana_silva'.","ana_silva"
"1066","2026-07-13 18:48:54","INFO","AUTENTICACAO","Falha na palavra-passe pelo utilizador 'api_gateway'.","api_gateway"
"1067","2026-07-13 18:48:54","INFO","AUTENTICACAO","Tentativa de brute-force bloqueada pelo utilizador 'api_gateway'.","api_gateway"
"1068","2026-07-13 18:48:54","INFO","AUTENTICACAO","Falha na palavra-passe pelo utilizador 'ana_silva'.","ana_silva"
"1069","2026-07-13 18:48:54","CRITICO","AUTENTICACAO","Login efetuado com sucesso pelo utilizador 'nuno_gomes'.","nuno_gomes"
"1070","2026-07-13 18:48:54","INFO","AUTENTICACAO","Falha na palavra-passe pelo utilizador 'mauri'.","mauri"
"1071","2026-07-13 18:48:54","CRITICO","AUTENTICACAO","Tentativa de brute-force bloqueada pelo utilizador 'gestor_seguranca'.","gestor_seguranca"
"1072","2026-07-13 18:48:54","INFO","AUTENTICACAO","Tentativa de brute-force bloqueada pelo utilizador 'ana_silva'.","ana_silva"
"1073","2026-07-13 18:48:54","CRITICO","AUTENTICACAO","Tentativa de brute-force bloqueada pelo utilizador 'gestor_seguranca'.","gestor_seguranca"
"1074","2026-07-13 18:48:54","INFO","AUTENTICACAO","Sessão expirada pelo utilizador 'convidado_01'.","convidado_01"
"1075","2026-07-13 18:48:54","ATENCAO","AUTENTICACAO","Login efetuado com sucesso pelo utilizador 'admin'.","admin"
"1076","2026-07-13 18:48:54","INFO","AUTENTICACAO","Login efetuado com sucesso pelo utilizador 'convidado_01'.","convidado_01"
"1077","2026-07-13 18:48:54","INFO","AUTENTICACAO","Falha na palavra-passe pelo utilizador 'api_gateway'.","api_gateway"
"1078","2026-07-13 18:48:54","ATENCAO","AUTENTICACAO","Tentativa de brute-force bloqueada pelo utilizador 'api_gateway'.","api_gateway"
"1079","2026-07-13 18:48:54","INFO","AUTENTICACAO","Tentativa de brute-force bloqueada pelo utilizador 'admin'.","admin"
"1080","2026-07-13 18:48:54","INFO","AUTENTICACAO","Login efetuado com sucesso pelo utilizador 'api_gateway'.","api_gateway"
"1081","2026-07-13 18:48:54","CRITICO","AUTENTICACAO","Login efetuado com sucesso pelo utilizador 'mauri'.","mauri"
"1082","2026-07-13 18:48:54","INFO","AUTENTICACAO","Tentativa de brute-force bloqueada pelo utilizador 'api_gateway'.","api_gateway"
"1083","2026-07-13 18:48:54","INFO","AUTENTICACAO","Tentativa de brute-force bloqueada pelo utilizador 'api_gateway'.","api_gateway"
"1084","2026-07-13 18:48:54","INFO","AUTENTICACAO","Falha na palavra-passe pelo utilizador 'admin'.","admin"
"1085","2026-07-13 18:48:54","INFO","AUTENTICACAO","Login efetuado com sucesso pelo utilizador 'ana_silva'.","ana_silva"
"1086","2026-07-13 18:48:54","INFO","AUTENTICACAO","Falha na palavra-passe pelo utilizador 'nuno_gomes'.","nuno_gomes"
"1087","2026-07-13 18:48:54","INFO","AUTENTICACAO","Falha na palavra-passe pelo utilizador 'convidado_01'.","convidado_01"
"1088","2026-07-13 18:48:54","INFO","AUTENTICACAO","Tentativa de brute-force bloqueada pelo utilizador 'nuno_gomes'.","nuno_gomes"
"1089","2026-07-13 18:48:54","CRITICO","AUTENTICACAO","Tentativa de brute-force bloqueada pelo utilizador 'mauri'.","mauri"
"1090","2026-07-13 18:48:54","INFO","AUTENTICACAO","Falha na palavra-passe pelo utilizador 'gestor_seguranca'.","gestor_seguranca"
"1091","2026-07-13 18:48:54","INFO","AUTENTICACAO","Login efetuado com sucesso pelo utilizador 'mauri'.","mauri"
"1092","2026-07-13 18:48:54","ATENCAO","AUTENTICACAO","Login efetuado com sucesso pelo utilizador 'nuno_gomes'.","nuno_gomes"
"1093","2026-07-13 18:48:54","ATENCAO","AUTENTICACAO","Login efetuado com sucesso pelo utilizador 'mauri'.","mauri"
"1094","2026-07-13 18:48:54","INFO","AUTENTICACAO","Falha na palavra-passe pelo utilizador 'nuno_gomes'.","nuno_gomes"
"1095","2026-07-13 18:48:54","CRITICO","AUTENTICACAO","Tentativa de brute-force bloqueada pelo utilizador 'api_gateway'.","api_gateway"
"1096","2026-07-13 18:48:54","INFO","AUTENTICACAO","Sessão expirada pelo utilizador 'nuno_gomes'.","nuno_gomes"
"1097","2026-07-13 18:48:54","CRITICO","AUTENTICACAO","Falha na palavra-passe pelo utilizador 'api_gateway'.","api_gateway"
"1098","2026-07-13 18:48:54","ATENCAO","AUTENTICACAO","Falha na palavra-passe pelo utilizador 'gestor_seguranca'.","gestor_seguranca"
"1099","2026-07-13 18:48:54","INFO","AUTENTICACAO","Tentativa de brute-force bloqueada pelo utilizador 'ana_silva'.","ana_silva"
"1100","2026-07-13 18:48:54","CRITICO","AUTENTICACAO","Sessão expirada pelo utilizador 'mauri'.","mauri"
"1101","2026-07-13 18:48:54","INFO","AUTENTICACAO","Falha na palavra-passe pelo utilizador 'api_gateway'.","api_gateway"
"1102","2026-07-13 18:48:54","ATENCAO","AUTENTICACAO","Sessão expirada pelo utilizador 'nuno_gomes'.","nuno_gomes"
"1103","2026-07-13 18:48:54","ATENCAO","AUTENTICACAO","Falha na palavra-passe pelo utilizador 'convidado_01'.","convidado_01"
"1104","2026-07-13 18:48:54","ATENCAO","AUTENTICACAO","Falha na palavra-passe pelo utilizador 'api_gateway'.","api_gateway"
"1105","2026-07-13 18:48:54","ATENCAO","AUTENTICACAO","Falha na palavra-passe pelo utilizador 'mauri'.","mauri"
"1106","2026-07-13 18:48:54","INFO","AUTENTICACAO","Falha na palavra-passe pelo utilizador 'admin'.","admin"
"1107","2026-07-13 18:48:54","ATENCAO","AUTENTICACAO","Login efetuado com sucesso pelo utilizador 'nuno_gomes'.","nuno_gomes"
"1108","2026-07-13 18:48:54","CRITICO","AUTENTICACAO","Tentativa de brute-force bloqueada pelo utilizador 'api_gateway'.","api_gateway"
"1109","2026-07-13 18:48:54","ATENCAO","AUTENTICACAO","Sessão expirada pelo utilizador 'ana_silva'.","ana_silva"
"1110","2026-07-13 18:48:54","CRITICO","AUTENTICACAO","Login efetuado com sucesso pelo utilizador 'api_gateway'.","api_gateway"
"1111","2026-07-13 18:48:54","INFO","AUTENTICACAO","Login efetuado com sucesso pelo utilizador 'ana_silva'.","ana_silva"
"1112","2026-07-13 18:48:54","ATENCAO","AUTENTICACAO","Falha na palavra-passe pelo utilizador 'api_gateway'.","api_gateway"
"1113","2026-07-13 18:48:54","ATENCAO","AUTENTICACAO","Sessão expirada pelo utilizador 'nuno_gomes'.","nuno_gomes"
"1114","2026-07-13 18:48:54","INFO","AUTENTICACAO","Tentativa de brute-force bloqueada pelo utilizador 'api_gateway'.","api_gateway"
"1115","2026-07-13 18:48:54","INFO","AUTENTICACAO","Tentativa de brute-force bloqueada pelo utilizador 'api_gateway'.","api_gateway"
"1116","2026-07-13 18:48:54","CRITICO","AUTENTICACAO","Falha na palavra-passe pelo utilizador 'api_gateway'.","api_gateway"
"1117","2026-07-13 18:48:54","INFO","AUTENTICACAO","Falha na palavra-passe pelo utilizador 'nuno_gomes'.","nuno_gomes"
"1118","2026-07-13 18:48:54","INFO","AUTENTICACAO","Login efetuado com sucesso pelo utilizador 'gestor_seguranca'.","gestor_seguranca"
"1119","2026-07-13 18:48:54","INFO","AUTENTICACAO","Sessão expirada pelo utilizador 'gestor_seguranca'.","gestor_seguranca"
"1120","2026-07-13 18:48:54","CRITICO","AUTENTICACAO","Sessão expirada pelo utilizador 'ana_silva'.","ana_silva"
"1121","2026-07-13 18:48:54","INFO","AUTENTICACAO","Sessão expirada pelo utilizador 'convidado_01'.","convidado_01"
"1122","2026-07-13 18:48:54","INFO","AUTENTICACAO","Falha na palavra-passe pelo utilizador 'ana_silva'.","ana_silva"
"1123","2026-07-13 18:48:54","INFO","AUTENTICACAO","Falha na palavra-passe pelo utilizador 'api_gateway'.","api_gateway"
"1124","2026-07-13 18:48:54","INFO","AUTENTICACAO","Falha na palavra-passe pelo utilizador 'convidado_01'.","convidado_01"
"1125","2026-07-13 18:48:54","INFO","AUTENTICACAO","Falha na palavra-passe pelo utilizador 'gestor_seguranca'.","gestor_seguranca"
"1126","2026-07-13 18:48:54","CRITICO","AUTENTICACAO","Sessão expirada pelo utilizador 'gestor_seguranca'.","gestor_seguranca"
"1127","2026-07-13 18:48:54","INFO","AUTENTICACAO","Falha na palavra-passe pelo utilizador 'admin'.","admin"
"1128","2026-07-13 18:48:54","ATENCAO","AUTENTICACAO","Falha na palavra-passe pelo utilizador 'nuno_gomes'.","nuno_gomes"
"1129","2026-07-13 18:48:54","INFO","AUTENTICACAO","Falha na palavra-passe pelo utilizador 'nuno_gomes'.","nuno_gomes"
"1130","2026-07-13 18:48:54","CRITICO","AUTENTICACAO","Sessão expirada pelo utilizador 'convidado_01'.","convidado_01"
"1131","2026-07-13 18:48:54","ATENCAO","AUTENTICACAO","Falha na palavra-passe pelo utilizador 'gestor_seguranca'.","gestor_seguranca"
"1132","2026-07-13 18:48:54","CRITICO","AUTENTICACAO","Falha na palavra-passe pelo utilizador 'api_gateway'.","api_gateway"
"1133","2026-07-13 18:48:54","ATENCAO","AUTENTICACAO","Tentativa de brute-force bloqueada pelo utilizador 'admin'.","admin"
"1134","2026-07-13 18:48:54","CRITICO","AUTENTICACAO","Falha na palavra-passe pelo utilizador 'api_gateway'.","api_gateway"
"1135","2026-07-13 18:48:54","INFO","AUTENTICACAO","Login efetuado com sucesso pelo utilizador 'convidado_01'.","convidado_01"
"1136","2026-07-13 18:48:54","CRITICO","AUTENTICACAO","Falha na palavra-passe pelo utilizador 'mauri'.","mauri"
"1137","2026-07-13 18:48:54","INFO","AUTENTICACAO","Login efetuado com sucesso pelo utilizador 'convidado_01'.","convidado_01"
"1138","2026-07-13 18:48:54","CRITICO","AUTENTICACAO","Falha na palavra-passe pelo utilizador 'api_gateway'.","api_gateway"
"1139","2026-07-13 18:48:54","CRITICO","AUTENTICACAO","Sessão expirada pelo utilizador 'admin'.","admin"
"1140","2026-07-13 18:48:54","INFO","AUTENTICACAO","Sessão expirada pelo utilizador 'nuno_gomes'.","nuno_gomes"
"1141","2026-07-13 18:48:54","INFO","AUTENTICACAO","Falha na palavra-passe pelo utilizador 'mauri'.","mauri"
"1142","2026-07-13 18:48:54","INFO","AUTENTICACAO","Falha na palavra-passe pelo utilizador 'admin'.","admin"
"1143","2026-07-13 18:48:54","INFO","AUTENTICACAO","Sessão expirada pelo utilizador 'mauri'.","mauri"
"1144","2026-07-13 18:48:54","INFO","AUTENTICACAO","Falha na palavra-passe pelo utilizador 'convidado_01'.","convidado_01"
"1145","2026-07-13 18:48:54","INFO","AUTENTICACAO","Tentativa de brute-force bloqueada pelo utilizador 'admin'.","admin"
"1146","2026-07-13 18:48:54","ATENCAO","AUTENTICACAO","Sessão expirada pelo utilizador 'gestor_seguranca'.","gestor_seguranca"
"1147","2026-07-13 18:48:54","ATENCAO","AUTENTICACAO","Login efetuado com sucesso pelo utilizador 'api_gateway'.","api_gateway"
"1148","2026-07-13 18:48:54","INFO","AUTENTICACAO","Falha na palavra-passe pelo utilizador 'ana_silva'.","ana_silva"
"1149","2026-07-13 18:48:54","INFO","AUTENTICACAO","Falha na palavra-passe pelo utilizador 'gestor_seguranca'.","gestor_seguranca"
"1150","2026-07-13 18:48:54","ATENCAO","AUTENTICACAO","Falha na palavra-passe pelo utilizador 'mauri'.","mauri"
"1151","2026-07-13 18:48:54","INFO","AUTENTICACAO","Login efetuado com sucesso pelo utilizador 'admin'.","admin"
"1152","2026-07-13 18:48:54","INFO","AUTENTICACAO","Tentativa de brute-force bloqueada pelo utilizador 'mauri'.","mauri"
"1153","2026-07-13 18:48:54","ATENCAO","AUTENTICACAO","Login efetuado com sucesso pelo utilizador 'admin'.","admin"
"1154","2026-07-13 18:48:54","ATENCAO","AUTENTICACAO","Tentativa de brute-force bloqueada pelo utilizador 'convidado_01'.","convidado_01"
"1155","2026-07-13 18:48:54","ATENCAO","AUTENTICACAO","Tentativa de brute-force bloqueada pelo utilizador 'mauri'.","mauri"
"1156","2026-07-13 18:48:54","INFO","AUTENTICACAO","Sessão expirada pelo utilizador 'mauri'.","mauri"
"1157","2026-07-13 18:48:54","INFO","AUTENTICACAO","Tentativa de brute-force bloqueada pelo utilizador 'nuno_gomes'.","nuno_gomes"
"1158","2026-07-13 18:48:54","INFO","AUTENTICACAO","Tentativa de brute-force bloqueada pelo utilizador 'gestor_seguranca'.","gestor_seguranca"
"1159","2026-07-13 18:48:54","INFO","AUTENTICACAO","Login efetuado com sucesso pelo utilizador 'gestor_seguranca'.","gestor_seguranca"
"1160","2026-07-13 18:48:54","INFO","AUTENTICACAO","Login efetuado com sucesso pelo utilizador 'mauri'.","mauri"
"1161","2026-07-13 18:48:54","INFO","AUTENTICACAO","Tentativa de brute-force bloqueada pelo utilizador 'mauri'.","mauri"
"1162","2026-07-13 18:48:54","ATENCAO","AUTENTICACAO","Sessão expirada pelo utilizador 'convidado_01'.","convidado_01"
"1163","2026-07-13 18:48:54","INFO","AUTENTICACAO","Falha na palavra-passe pelo utilizador 'gestor_seguranca'.","gestor_seguranca"
"1164","2026-07-13 18:48:54","INFO","AUTENTICACAO","Tentativa de brute-force bloqueada pelo utilizador 'admin'.","admin"
"1165","2026-07-13 18:48:54","CRITICO","AUTENTICACAO","Sessão expirada pelo utilizador 'nuno_gomes'.","nuno_gomes"
"1166","2026-07-13 18:48:54","ATENCAO","AUTENTICACAO","Falha na palavra-passe pelo utilizador 'nuno_gomes'.","nuno_gomes"
"1167","2026-07-13 18:48:54","INFO","AUTENTICACAO","Sessão expirada pelo utilizador 'api_gateway'.","api_gateway"
"1168","2026-07-13 18:48:54","CRITICO","AUTENTICACAO","Falha na palavra-passe pelo utilizador 'api_gateway'.","api_gateway"
"1169","2026-07-13 18:48:54","ATENCAO","AUTENTICACAO","Tentativa de brute-force bloqueada pelo utilizador 'gestor_seguranca'.","gestor_seguranca"
"1170","2026-07-13 18:48:54","CRITICO","AUTENTICACAO","Sessão expirada pelo utilizador 'convidado_01'.","convidado_01"
"1171","2026-07-13 18:48:54","CRITICO","AUTENTICACAO","Sessão expirada pelo utilizador 'ana_silva'.","ana_silva"
"1172","2026-07-13 18:48:54","INFO","AUTENTICACAO","Falha na palavra-passe pelo utilizador 'convidado_01'.","convidado_01"
"1173","2026-07-13 18:48:54","ATENCAO","AUTENTICACAO","Tentativa de brute-force bloqueada pelo utilizador 'nuno_gomes'.","nuno_gomes"
"1174","2026-07-13 18:48:54","CRITICO","AUTENTICACAO","Falha na palavra-passe pelo utilizador 'api_gateway'.","api_gateway"
"1175","2026-07-13 18:48:54","INFO","AUTENTICACAO","Sessão expirada pelo utilizador 'api_gateway'.","api_gateway"
"1176","2026-07-13 18:48:54","INFO","AUTENTICACAO","Sessão expirada pelo utilizador 'admin'.","admin"
"1177","2026-07-13 18:48:54","INFO","AUTENTICACAO","Sessão expirada pelo utilizador 'mauri'.","mauri"
"1178","2026-07-13 18:48:54","ATENCAO","AUTENTICACAO","Sessão expirada pelo utilizador 'ana_silva'.","ana_silva"
"1179","2026-07-13 18:48:54","INFO","AUTENTICACAO","Login efetuado com sucesso pelo utilizador 'mauri'.","mauri"
"1180","2026-07-13 18:48:54","INFO","AUTENTICACAO","Login efetuado com sucesso pelo utilizador 'api_gateway'.","api_gateway"
"1181","2026-07-13 18:48:54","INFO","AUTENTICACAO","Falha na palavra-passe pelo utilizador 'api_gateway'.","api_gateway"
"1182","2026-07-13 18:48:54","CRITICO","AUTENTICACAO","Tentativa de brute-force bloqueada pelo utilizador 'ana_silva'.","ana_silva"
"1183","2026-07-13 18:48:54","INFO","AUTENTICACAO","Falha na palavra-passe pelo utilizador 'convidado_01'.","convidado_01"
"1184","2026-07-13 18:48:54","INFO","AUTENTICACAO","Falha na palavra-passe pelo utilizador 'convidado_01'.","convidado_01"
"1185","2026-07-13 18:48:54","CRITICO","AUTENTICACAO","Login efetuado com sucesso pelo utilizador 'admin'.","admin"
"1186","2026-07-13 18:48:54","INFO","AUTENTICACAO","Sessão expirada pelo utilizador 'api_gateway'.","api_gateway"
"1187","2026-07-13 18:48:54","INFO","AUTENTICACAO","Tentativa de brute-force bloqueada pelo utilizador 'ana_silva'.","ana_silva"
"1188","2026-07-13 18:48:54","INFO","AUTENTICACAO","Sessão expirada pelo utilizador 'nuno_gomes'.","nuno_gomes"
"1189","2026-07-13 18:48:54","CRITICO","AUTENTICACAO","Sessão expirada pelo utilizador 'gestor_seguranca'.","gestor_seguranca"
"1190","2026-07-13 18:48:54","ATENCAO","AUTENTICACAO","Login efetuado com sucesso pelo utilizador 'mauri'.","mauri"
"1191","2026-07-13 18:48:54","CRITICO","AUTENTICACAO","Sessão expirada pelo utilizador 'ana_silva'.","ana_silva"
"1192","2026-07-13 18:48:54","INFO","AUTENTICACAO","Login efetuado com sucesso pelo utilizador 'mauri'.","mauri"
"1193","2026-07-13 18:48:54","INFO","AUTENTICACAO","Tentativa de brute-force bloqueada pelo utilizador 'ana_silva'.","ana_silva"
"1194","2026-07-13 18:48:54","INFO","AUTENTICACAO","Falha na palavra-passe pelo utilizador 'mauri'.","mauri"
"1195","2026-07-13 18:48:54","ATENCAO","AUTENTICACAO","Sessão expirada pelo utilizador 'mauri'.","mauri"
"1196","2026-07-13 18:48:54","CRITICO","AUTENTICACAO","Login efetuado com sucesso pelo utilizador 'nuno_gomes'.","nuno_gomes"
"1197","2026-07-13 18:48:54","INFO","AUTENTICACAO","Login efetuado com sucesso pelo utilizador 'gestor_seguranca'.","gestor_seguranca"
"1198","2026-07-13 18:48:54","ATENCAO","AUTENTICACAO","Tentativa de brute-force bloqueada pelo utilizador 'nuno_gomes'.","nuno_gomes"
"1199","2026-07-13 18:48:54","INFO","AUTENTICACAO","Falha na palavra-passe pelo utilizador 'ana_silva'.","ana_silva"
"1200","2026-07-13 18:48:54","INFO","AUTENTICACAO","Login efetuado com sucesso pelo utilizador 'gestor_seguranca'.","gestor_seguranca"
"1201","2026-07-13 18:48:54","INFO","AUTENTICACAO","Sessão expirada pelo utilizador 'api_gateway'.","api_gateway"
"1202","2026-07-13 18:48:54","INFO","AUTENTICACAO","Tentativa de brute-force bloqueada pelo utilizador 'gestor_seguranca'.","gestor_seguranca"
"1203","2026-07-13 18:48:54","INFO","AUTENTICACAO","Falha na palavra-passe pelo utilizador 'api_gateway'.","api_gateway"
"1204","2026-07-13 18:48:54","INFO","AUTENTICACAO","Sessão expirada pelo utilizador 'api_gateway'.","api_gateway"
"1205","2026-07-13 18:48:54","ATENCAO","AUTENTICACAO","Sessão expirada pelo utilizador 'gestor_seguranca'.","gestor_seguranca"
"1206","2026-07-13 18:48:54","INFO","AUTENTICACAO","Falha na palavra-passe pelo utilizador 'convidado_01'.","convidado_01"
"1207","2026-07-13 18:48:54","ATENCAO","AUTENTICACAO","Login efetuado com sucesso pelo utilizador 'convidado_01'.","convidado_01"
"1208","2026-07-13 18:48:54","ATENCAO","AUTENTICACAO","Tentativa de brute-force bloqueada pelo utilizador 'gestor_seguranca'.","gestor_seguranca"
"1209","2026-07-13 18:48:54","INFO","AUTENTICACAO","Tentativa de brute-force bloqueada pelo utilizador 'gestor_seguranca'.","gestor_seguranca"
"1210","2026-07-13 18:48:54","ATENCAO","AUTENTICACAO","Tentativa de brute-force bloqueada pelo utilizador 'gestor_seguranca'.","gestor_seguranca"
"1211","2026-07-13 18:48:54","ATENCAO","AUTENTICACAO","Login efetuado com sucesso pelo utilizador 'convidado_01'.","convidado_01"
"1212","2026-07-13 18:48:54","INFO","AUTENTICACAO","Sessão expirada pelo utilizador 'convidado_01'.","convidado_01"
"1213","2026-07-13 18:48:54","CRITICO","AUTENTICACAO","Login efetuado com sucesso pelo utilizador 'nuno_gomes'.","nuno_gomes"
"1214","2026-07-13 18:48:54","INFO","AUTENTICACAO","Falha na palavra-passe pelo utilizador 'convidado_01'.","convidado_01"
"1215","2026-07-13 18:48:54","INFO","AUTENTICACAO","Falha na palavra-passe pelo utilizador 'mauri'.","mauri"
"1216","2026-07-13 18:48:54","INFO","AUTENTICACAO","Tentativa de brute-force bloqueada pelo utilizador 'api_gateway'.","api_gateway"
"1217","2026-07-13 18:48:54","CRITICO","AUTENTICACAO","Tentativa de brute-force bloqueada pelo utilizador 'admin'.","admin"
"1218","2026-07-13 18:48:54","INFO","AUTENTICACAO","Login efetuado com sucesso pelo utilizador 'admin'.","admin"
"1219","2026-07-13 18:48:54","INFO","AUTENTICACAO","Falha na palavra-passe pelo utilizador 'mauri'.","mauri"
"1220","2026-07-13 18:48:54","INFO","AUTENTICACAO","Sessão expirada pelo utilizador 'mauri'.","mauri"
"1221","2026-07-13 18:48:54","ATENCAO","AUTENTICACAO","Falha na palavra-passe pelo utilizador 'api_gateway'.","api_gateway"
"1222","2026-07-13 18:48:54","CRITICO","AUTENTICACAO","Falha na palavra-passe pelo utilizador 'admin'.","admin"
"1223","2026-07-13 18:48:54","INFO","AUTENTICACAO","Sessão expirada pelo utilizador 'mauri'.","mauri"
"1224","2026-07-13 18:48:54","INFO","AUTENTICACAO","Sessão expirada pelo utilizador 'mauri'.","mauri"
"1225","2026-07-13 18:48:54","ATENCAO","AUTENTICACAO","Tentativa de brute-force bloqueada pelo utilizador 'gestor_seguranca'.","gestor_seguranca"
"1226","2026-07-13 18:48:54","CRITICO","AUTENTICACAO","Sessão expirada pelo utilizador 'mauri'.","mauri"
"1227","2026-07-13 18:48:54","INFO","AUTENTICACAO","Falha na palavra-passe pelo utilizador 'api_gateway'.","api_gateway"
"1228","2026-07-13 18:48:54","INFO","AUTENTICACAO","Falha na palavra-passe pelo utilizador 'convidado_01'.","convidado_01"
"1229","2026-07-13 18:48:54","ATENCAO","AUTENTICACAO","Login efetuado com sucesso pelo utilizador 'convidado_01'.","convidado_01"
"1230","2026-07-13 18:48:54","INFO","AUTENTICACAO","Falha na palavra-passe pelo utilizador 'convidado_01'.","convidado_01"
"1231","2026-07-13 18:48:54","CRITICO","AUTENTICACAO","Falha na palavra-passe pelo utilizador 'gestor_seguranca'.","gestor_seguranca"
"1232","2026-07-13 18:48:54","INFO","AUTENTICACAO","Sessão expirada pelo utilizador 'gestor_seguranca'.","gestor_seguranca"
"1233","2026-07-13 18:48:54","CRITICO","AUTENTICACAO","Sessão expirada pelo utilizador 'admin'.","admin"
"1234","2026-07-13 18:48:54","CRITICO","AUTENTICACAO","Sessão expirada pelo utilizador 'convidado_01'.","convidado_01"
"1235","2026-07-13 18:48:54","INFO","AUTENTICACAO","Falha na palavra-passe pelo utilizador 'admin'.","admin"
"1236","2026-07-13 18:48:54","ATENCAO","AUTENTICACAO","Sessão expirada pelo utilizador 'ana_silva'.","ana_silva"
"1237","2026-07-13 18:48:54","CRITICO","AUTENTICACAO","Sessão expirada pelo utilizador 'admin'.","admin"
"1238","2026-07-13 18:48:54","INFO","AUTENTICACAO","Sessão expirada pelo utilizador 'convidado_01'.","convidado_01"
"1239","2026-07-13 18:48:54","INFO","AUTENTICACAO","Login efetuado com sucesso pelo utilizador 'api_gateway'.","api_gateway"
"1240","2026-07-13 18:48:54","CRITICO","AUTENTICACAO","Tentativa de brute-force bloqueada pelo utilizador 'api_gateway'.","api_gateway"
"1241","2026-07-13 18:48:54","INFO","AUTENTICACAO","Login efetuado com sucesso pelo utilizador 'convidado_01'.","convidado_01"
"1242","2026-07-13 18:48:54","CRITICO","AUTENTICACAO","Tentativa de brute-force bloqueada pelo utilizador 'nuno_gomes'.","nuno_gomes"
"1243","2026-07-13 18:48:54","INFO","AUTENTICACAO","Falha na palavra-passe pelo utilizador 'ana_silva'.","ana_silva"
"1244","2026-07-13 18:48:54","CRITICO","AUTENTICACAO","Login efetuado com sucesso pelo utilizador 'gestor_seguranca'.","gestor_seguranca"
"1245","2026-07-13 18:48:54","CRITICO","AUTENTICACAO","Tentativa de brute-force bloqueada pelo utilizador 'nuno_gomes'.","nuno_gomes"
"1246","2026-07-13 18:48:54","CRITICO","AUTENTICACAO","Tentativa de brute-force bloqueada pelo utilizador 'ana_silva'.","ana_silva"
"1247","2026-07-13 18:48:54","ATENCAO","AUTENTICACAO","Sessão expirada pelo utilizador 'mauri'.","mauri"
"1248","2026-07-13 18:48:54","INFO","AUTENTICACAO","Login efetuado com sucesso pelo utilizador 'gestor_seguranca'.","gestor_seguranca"
"1249","2026-07-13 18:48:54","INFO","AUTENTICACAO","Tentativa de brute-force bloqueada pelo utilizador 'convidado_01'.","convidado_01"
"1250","2026-07-13 18:48:54","INFO","AUTENTICACAO","Sessão expirada pelo utilizador 'nuno_gomes'.","nuno_gomes"
"1251","2026-07-13 18:48:54","ATENCAO","AUTENTICACAO","Login efetuado com sucesso pelo utilizador 'gestor_seguranca'.","gestor_seguranca"
"1252","2026-07-13 18:48:54","INFO","AUTENTICACAO","Sessão expirada pelo utilizador 'gestor_seguranca'.","gestor_seguranca"
"1253","2026-07-13 18:48:54","INFO","AUTENTICACAO","Sessão expirada pelo utilizador 'admin'.","admin"
"1254","2026-07-13 18:48:54","ATENCAO","AUTENTICACAO","Falha na palavra-passe pelo utilizador 'gestor_seguranca'.","gestor_seguranca"
"1255","2026-07-13 18:48:54","INFO","AUTENTICACAO","Login efetuado com sucesso pelo utilizador 'mauri'.","mauri"
"1256","2026-07-13 18:48:54","ATENCAO","AUTENTICACAO","Falha na palavra-passe pelo utilizador 'convidado_01'.","convidado_01"
"1257","2026-07-13 18:48:54","INFO","AUTENTICACAO","Falha na palavra-passe pelo utilizador 'ana_silva'.","ana_silva"
"1258","2026-07-13 18:48:54","INFO","AUTENTICACAO","Tentativa de brute-force bloqueada pelo utilizador 'ana_silva'.","ana_silva"
"1259","2026-07-13 18:48:54","INFO","AUTENTICACAO","Falha na palavra-passe pelo utilizador 'ana_silva'.","ana_silva"
"1260","2026-07-13 18:48:54","INFO","AUTENTICACAO","Falha na palavra-passe pelo utilizador 'api_gateway'.","api_gateway"
"1261","2026-07-13 18:48:54","INFO","AUTENTICACAO","Falha na palavra-passe pelo utilizador 'nuno_gomes'.","nuno_gomes"
"1262","2026-07-13 18:48:54","INFO","AUTENTICACAO","Tentativa de brute-force bloqueada pelo utilizador 'gestor_seguranca'.","gestor_seguranca"
"1263","2026-07-13 18:48:54","ATENCAO","AUTENTICACAO","Falha na palavra-passe pelo utilizador 'api_gateway'.","api_gateway"
"1264","2026-07-13 18:48:54","INFO","AUTENTICACAO","Sessão expirada pelo utilizador 'nuno_gomes'.","nuno_gomes"
"1265","2026-07-13 18:48:54","INFO","AUTENTICACAO","Sessão expirada pelo utilizador 'mauri'.","mauri"
"1266","2026-07-13 18:48:54","CRITICO","AUTENTICACAO","Falha na palavra-passe pelo utilizador 'gestor_seguranca'.","gestor_seguranca"
"1267","2026-07-13 18:48:54","CRITICO","AUTENTICACAO","Tentativa de brute-force bloqueada pelo utilizador 'api_gateway'.","api_gateway"
"1268","2026-07-13 18:48:54","ATENCAO","AUTENTICACAO","Sessão expirada pelo utilizador 'ana_silva'.","ana_silva"
"1269","2026-07-13 18:48:54","INFO","AUTENTICACAO","Sessão expirada pelo utilizador 'nuno_gomes'.","nuno_gomes"
"1270","2026-07-13 18:48:54","INFO","AUTENTICACAO","Falha na palavra-passe pelo utilizador 'convidado_01'.","convidado_01"
"1271","2026-07-13 18:48:54","INFO","AUTENTICACAO","Sessão expirada pelo utilizador 'mauri'.","mauri"
"1272","2026-07-13 18:48:54","INFO","AUTENTICACAO","Login efetuado com sucesso pelo utilizador 'ana_silva'.","ana_silva"
"1273","2026-07-13 18:48:54","INFO","AUTENTICACAO","Login efetuado com sucesso pelo utilizador 'mauri'.","mauri"
"1274","2026-07-13 18:48:54","ATENCAO","AUTENTICACAO","Falha na palavra-passe pelo utilizador 'mauri'.","mauri"
"1275","2026-07-13 18:48:54","INFO","AUTENTICACAO","Tentativa de brute-force bloqueada pelo utilizador 'ana_silva'.","ana_silva"
"1276","2026-07-13 18:48:54","ATENCAO","AUTENTICACAO","Login efetuado com sucesso pelo utilizador 'gestor_seguranca'.","gestor_seguranca"
"1277","2026-07-13 18:48:54","INFO","AUTENTICACAO","Falha na palavra-passe pelo utilizador 'convidado_01'.","convidado_01"
"1278","2026-07-13 18:48:54","ATENCAO","AUTENTICACAO","Tentativa de brute-force bloqueada pelo utilizador 'nuno_gomes'.","nuno_gomes"
"1279","2026-07-13 18:48:54","ATENCAO","AUTENTICACAO","Login efetuado com sucesso pelo utilizador 'ana_silva'.","ana_silva"
"1280","2026-07-13 18:48:54","INFO","AUTENTICACAO","Tentativa de brute-force bloqueada pelo utilizador 'admin'.","admin"
"1281","2026-07-13 18:48:54","CRITICO","AUTENTICACAO","Login efetuado com sucesso pelo utilizador 'convidado_01'.","convidado_01"
"1282","2026-07-13 18:48:54","INFO","AUTENTICACAO","Falha na palavra-passe pelo utilizador 'gestor_seguranca'.","gestor_seguranca"
"1283","2026-07-13 18:48:54","INFO","AUTENTICACAO","Login efetuado com sucesso pelo utilizador 'nuno_gomes'.","nuno_gomes"
"1284","2026-07-13 18:48:54","INFO","AUTENTICACAO","Sessão expirada pelo utilizador 'admin'.","admin"
"1285","2026-07-13 18:48:54","INFO","AUTENTICACAO","Falha na palavra-passe pelo utilizador 'nuno_gomes'.","nuno_gomes"
"1286","2026-07-13 18:48:54","ATENCAO","AUTENTICACAO","Falha na palavra-passe pelo utilizador 'admin'.","admin"
"1287","2026-07-13 18:48:54","CRITICO","AUTENTICACAO","Sessão expirada pelo utilizador 'mauri'.","mauri"
"1288","2026-07-13 18:48:54","INFO","AUTENTICACAO","Sessão expirada pelo utilizador 'api_gateway'.","api_gateway"
"1289","2026-07-13 18:48:54","ATENCAO","AUTENTICACAO","Sessão expirada pelo utilizador 'api_gateway'.","api_gateway"
"1290","2026-07-13 18:48:54","CRITICO","AUTENTICACAO","Falha na palavra-passe pelo utilizador 'nuno_gomes'.","nuno_gomes"
"1291","2026-07-13 18:48:54","ATENCAO","AUTENTICACAO","Tentativa de brute-force bloqueada pelo utilizador 'mauri'.","mauri"
"1292","2026-07-13 18:48:54","CRITICO","AUTENTICACAO","Falha na palavra-passe pelo utilizador 'api_gateway'.","api_gateway"
"1293","2026-07-13 18:48:54","CRITICO","AUTENTICACAO","Login efetuado com sucesso pelo utilizador 'mauri'.","mauri"
"1294","2026-07-13 18:48:54","CRITICO","AUTENTICACAO","Falha na palavra-passe pelo utilizador 'admin'.","admin"
"1295","2026-07-13 18:48:54","INFO","AUTENTICACAO","Tentativa de brute-force bloqueada pelo utilizador 'gestor_seguranca'.","gestor_seguranca"
"1296","2026-07-13 18:48:54","ATENCAO","AUTENTICACAO","Login efetuado com sucesso pelo utilizador 'gestor_seguranca'.","gestor_seguranca"
"1297","2026-07-13 18:48:54","CRITICO","AUTENTICACAO","Sessão expirada pelo utilizador 'ana_silva'.","ana_silva"
"1298","2026-07-13 18:48:54","INFO","AUTENTICACAO","Falha na palavra-passe pelo utilizador 'mauri'.","mauri"
"1299","2026-07-13 18:48:54","INFO","AUTENTICACAO","Sessão expirada pelo utilizador 'nuno_gomes'.","nuno_gomes"
"1300","2026-07-13 18:48:54","ATENCAO","AUTENTICACAO","Falha na palavra-passe pelo utilizador 'convidado_01'.","convidado_01"
"1301","2026-07-13 18:48:54","INFO","AUTENTICACAO","Login efetuado com sucesso pelo utilizador 'admin'.","admin"
"1302","2026-07-13 18:48:54","INFO","AUTENTICACAO","Login efetuado com sucesso pelo utilizador 'gestor_seguranca'.","gestor_seguranca"
"1303","2026-07-13 18:48:54","INFO","AUTENTICACAO","Sessão expirada pelo utilizador 'ana_silva'.","ana_silva"
"1304","2026-07-13 18:48:54","INFO","AUTENTICACAO","Falha na palavra-passe pelo utilizador 'api_gateway'.","api_gateway"
"1305","2026-07-13 18:48:54","INFO","AUTENTICACAO","Tentativa de brute-force bloqueada pelo utilizador 'gestor_seguranca'.","gestor_seguranca"
"1306","2026-07-13 18:48:54","INFO","AUTENTICACAO","Falha na palavra-passe pelo utilizador 'convidado_01'.","convidado_01"
"1307","2026-07-13 18:48:54","INFO","AUTENTICACAO","Falha na palavra-passe pelo utilizador 'gestor_seguranca'.","gestor_seguranca"
"1308","2026-07-13 18:48:54","ATENCAO","AUTENTICACAO","Sessão expirada pelo utilizador 'convidado_01'.","convidado_01"
"1309","2026-07-13 18:48:54","INFO","AUTENTICACAO","Falha na palavra-passe pelo utilizador 'api_gateway'.","api_gateway"
"1310","2026-07-13 18:48:54","INFO","AUTENTICACAO","Falha na palavra-passe pelo utilizador 'convidado_01'.","convidado_01"
"1311","2026-07-13 18:48:54","INFO","AUTENTICACAO","Sessão expirada pelo utilizador 'admin'.","admin"
"1312","2026-07-13 18:48:54","INFO","AUTENTICACAO","Sessão expirada pelo utilizador 'nuno_gomes'.","nuno_gomes"
"1313","2026-07-13 18:48:54","INFO","AUTENTICACAO","Login efetuado com sucesso pelo utilizador 'api_gateway'.","api_gateway"
"1314","2026-07-13 18:48:54","INFO","AUTENTICACAO","Login efetuado com sucesso pelo utilizador 'ana_silva'.","ana_silva"
"1315","2026-07-13 18:48:54","INFO","AUTENTICACAO","Sessão expirada pelo utilizador 'nuno_gomes'.","nuno_gomes"
"1316","2026-07-13 18:48:54","INFO","AUTENTICACAO","Falha na palavra-passe pelo utilizador 'ana_silva'.","ana_silva"
"1317","2026-07-13 18:48:54","INFO","AUTENTICACAO","Falha na palavra-passe pelo utilizador 'admin'.","admin"
"1318","2026-07-13 18:48:54","CRITICO","AUTENTICACAO","Login efetuado com sucesso pelo utilizador 'gestor_seguranca'.","gestor_seguranca"
"1319","2026-07-13 18:48:54","INFO","AUTENTICACAO","Login efetuado com sucesso pelo utilizador 'mauri'.","mauri"
"1320","2026-07-13 18:48:54","CRITICO","AUTENTICACAO","Login efetuado com sucesso pelo utilizador 'gestor_seguranca'.","gestor_seguranca"
"1321","2026-07-13 18:48:54","INFO","AUTENTICACAO","Login efetuado com sucesso pelo utilizador 'nuno_gomes'.","nuno_gomes"
"1322","2026-07-13 18:48:54","INFO","AUTENTICACAO","Tentativa de brute-force bloqueada pelo utilizador 'api_gateway'.","api_gateway"
"1323","2026-07-13 18:48:54","INFO","AUTENTICACAO","Falha na palavra-passe pelo utilizador 'ana_silva'.","ana_silva"
"1324","2026-07-13 18:48:54","CRITICO","AUTENTICACAO","Login efetuado com sucesso pelo utilizador 'admin'.","admin"
"1325","2026-07-13 18:48:54","INFO","AUTENTICACAO","Tentativa de brute-force bloqueada pelo utilizador 'ana_silva'.","ana_silva"
"1326","2026-07-13 18:48:54","INFO","AUTENTICACAO","Falha na palavra-passe pelo utilizador 'mauri'.","mauri"
"1327","2026-07-13 18:48:54","ATENCAO","AUTENTICACAO","Tentativa de brute-force bloqueada pelo utilizador 'ana_silva'.","ana_silva"
"1328","2026-07-13 18:48:54","INFO","AUTENTICACAO","Sessão expirada pelo utilizador 'nuno_gomes'.","nuno_gomes"
"1329","2026-07-13 18:48:54","INFO","AUTENTICACAO","Sessão expirada pelo utilizador 'ana_silva'.","ana_silva"
"1330","2026-07-13 18:48:54","INFO","AUTENTICACAO","Login efetuado com sucesso pelo utilizador 'admin'.","admin"
"1331","2026-07-13 18:48:54","INFO","AUTENTICACAO","Tentativa de brute-force bloqueada pelo utilizador 'gestor_seguranca'.","gestor_seguranca"
"1332","2026-07-13 18:48:54","ATENCAO","AUTENTICACAO","Tentativa de brute-force bloqueada pelo utilizador 'gestor_seguranca'.","gestor_seguranca"
"1333","2026-07-13 18:48:54","CRITICO","AUTENTICACAO","Tentativa de brute-force bloqueada pelo utilizador 'api_gateway'.","api_gateway"
"1334","2026-07-13 18:48:54","INFO","AUTENTICACAO","Falha na palavra-passe pelo utilizador 'convidado_01'.","convidado_01"
"1335","2026-07-13 18:48:54","ATENCAO","AUTENTICACAO","Falha na palavra-passe pelo utilizador 'ana_silva'.","ana_silva"
"1336","2026-07-13 18:48:54","INFO","AUTENTICACAO","Sessão expirada pelo utilizador 'gestor_seguranca'.","gestor_seguranca"
"1337","2026-07-13 18:48:54","INFO","AUTENTICACAO","Sessão expirada pelo utilizador 'nuno_gomes'.","nuno_gomes"
"1338","2026-07-13 18:48:54","INFO","AUTENTICACAO","Falha na palavra-passe pelo utilizador 'api_gateway'.","api_gateway"
"1339","2026-07-13 18:48:54","CRITICO","AUTENTICACAO","Falha na palavra-passe pelo utilizador 'nuno_gomes'.","nuno_gomes"
"1340","2026-07-13 18:48:54","ATENCAO","AUTENTICACAO","Falha na palavra-passe pelo utilizador 'gestor_seguranca'.","gestor_seguranca"
"1341","2026-07-13 18:48:54","INFO","AUTENTICACAO","Login efetuado com sucesso pelo utilizador 'api_gateway'.","api_gateway"
"1342","2026-07-13 18:48:54","CRITICO","AUTENTICACAO","Login efetuado com sucesso pelo utilizador 'nuno_gomes'.","nuno_gomes"
"1343","2026-07-13 18:48:54","CRITICO","AUTENTICACAO","Tentativa de brute-force bloqueada pelo utilizador 'api_gateway'.","api_gateway"
"1344","2026-07-13 18:48:54","INFO","AUTENTICACAO","Sessão expirada pelo utilizador 'nuno_gomes'.","nuno_gomes"
"1345","2026-07-13 18:48:54","INFO","AUTENTICACAO","Falha na palavra-passe pelo utilizador 'nuno_gomes'.","nuno_gomes"
"1346","2026-07-13 18:48:54","INFO","AUTENTICACAO","Tentativa de brute-force bloqueada pelo utilizador 'convidado_01'.","convidado_01"
"1347","2026-07-13 18:48:54","INFO","AUTENTICACAO","Tentativa de brute-force bloqueada pelo utilizador 'gestor_seguranca'.","gestor_seguranca"
"1348","2026-07-13 18:48:54","INFO","AUTENTICACAO","Sessão expirada pelo utilizador 'nuno_gomes'.","nuno_gomes"
"1349","2026-07-13 18:48:54","INFO","AUTENTICACAO","Login efetuado com sucesso pelo utilizador 'mauri'.","mauri"
"1350","2026-07-13 18:48:54","INFO","AUTENTICACAO","Login efetuado com sucesso pelo utilizador 'gestor_seguranca'.","gestor_seguranca"
"1351","2026-07-13 18:48:54","ATENCAO","AUTENTICACAO","Tentativa de brute-force bloqueada pelo utilizador 'ana_silva'.","ana_silva"
"1352","2026-07-13 18:48:54","CRITICO","AUTENTICACAO","Sessão expirada pelo utilizador 'nuno_gomes'.","nuno_gomes"
"1353","2026-07-13 18:48:54","CRITICO","AUTENTICACAO","Sessão expirada pelo utilizador 'nuno_gomes'.","nuno_gomes"
"1354","2026-07-13 18:48:54","INFO","AUTENTICACAO","Login efetuado com sucesso pelo utilizador 'convidado_01'.","convidado_01"
"1355","2026-07-13 18:48:54","CRITICO","AUTENTICACAO","Login efetuado com sucesso pelo utilizador 'ana_silva'.","ana_silva"
"1356","2026-07-13 18:48:54","ATENCAO","AUTENTICACAO","Sessão expirada pelo utilizador 'convidado_01'.","convidado_01"
"1357","2026-07-13 18:48:54","INFO","AUTENTICACAO","Falha na palavra-passe pelo utilizador 'api_gateway'.","api_gateway"
"1358","2026-07-13 18:48:54","ATENCAO","AUTENTICACAO","Login efetuado com sucesso pelo utilizador 'api_gateway'.","api_gateway"
"1359","2026-07-13 18:48:54","CRITICO","AUTENTICACAO","Falha na palavra-passe pelo utilizador 'ana_silva'.","ana_silva"
"1360","2026-07-13 18:48:54","INFO","AUTENTICACAO","Tentativa de brute-force bloqueada pelo utilizador 'mauri'.","mauri"
"1361","2026-07-13 18:48:54","INFO","AUTENTICACAO","Login efetuado com sucesso pelo utilizador 'convidado_01'.","convidado_01"
"1362","2026-07-13 18:48:54","CRITICO","AUTENTICACAO","Sessão expirada pelo utilizador 'admin'.","admin"
"1363","2026-07-13 18:48:54","INFO","AUTENTICACAO","Tentativa de brute-force bloqueada pelo utilizador 'ana_silva'.","ana_silva"
"1364","2026-07-13 18:48:54","ATENCAO","AUTENTICACAO","Tentativa de brute-force bloqueada pelo utilizador 'ana_silva'.","ana_silva"
"1365","2026-07-13 18:48:54","INFO","AUTENTICACAO","Sessão expirada pelo utilizador 'ana_silva'.","ana_silva"
"1366","2026-07-13 18:48:54","INFO","AUTENTICACAO","Login efetuado com sucesso pelo utilizador 'admin'.","admin"
"1367","2026-07-13 18:48:54","INFO","AUTENTICACAO","Sessão expirada pelo utilizador 'nuno_gomes'.","nuno_gomes"
"1368","2026-07-13 18:48:54","INFO","AUTENTICACAO","Falha na palavra-passe pelo utilizador 'convidado_01'.","convidado_01"
"1369","2026-07-13 18:48:54","INFO","AUTENTICACAO","Tentativa de brute-force bloqueada pelo utilizador 'convidado_01'.","convidado_01"
"1370","2026-07-13 18:48:54","INFO","AUTENTICACAO","Falha na palavra-passe pelo utilizador 'ana_silva'.","ana_silva"
"1371","2026-07-13 18:48:54","INFO","AUTENTICACAO","Falha na palavra-passe pelo utilizador 'api_gateway'.","api_gateway"
"1372","2026-07-13 18:48:54","CRITICO","AUTENTICACAO","Falha na palavra-passe pelo utilizador 'mauri'.","mauri"
"1373","2026-07-13 18:48:54","INFO","AUTENTICACAO","Tentativa de brute-force bloqueada pelo utilizador 'convidado_01'.","convidado_01"
"1374","2026-07-13 18:48:54","INFO","AUTENTICACAO","Tentativa de brute-force bloqueada pelo utilizador 'mauri'.","mauri"
"1375","2026-07-13 18:48:54","INFO","AUTENTICACAO","Login efetuado com sucesso pelo utilizador 'ana_silva'.","ana_silva"
"1376","2026-07-13 18:48:54","CRITICO","AUTENTICACAO","Falha na palavra-passe pelo utilizador 'gestor_seguranca'.","gestor_seguranca"
"1377","2026-07-13 18:48:54","INFO","AUTENTICACAO","Sessão expirada pelo utilizador 'convidado_01'.","convidado_01"
"1378","2026-07-13 18:48:54","CRITICO","AUTENTICACAO","Login efetuado com sucesso pelo utilizador 'admin'.","admin"
"1379","2026-07-13 18:48:54","CRITICO","AUTENTICACAO","Falha na palavra-passe pelo utilizador 'nuno_gomes'.","nuno_gomes"
"1380","2026-07-13 18:48:54","INFO","AUTENTICACAO","Tentativa de brute-force bloqueada pelo utilizador 'mauri'.","mauri"
"1381","2026-07-13 18:48:54","INFO","AUTENTICACAO","Login efetuado com sucesso pelo utilizador 'gestor_seguranca'.","gestor_seguranca"
"1382","2026-07-13 18:48:54","INFO","AUTENTICACAO","Falha na palavra-passe pelo utilizador 'ana_silva'.","ana_silva"
"1383","2026-07-13 18:48:54","ATENCAO","AUTENTICACAO","Sessão expirada pelo utilizador 'nuno_gomes'.","nuno_gomes"
"1384","2026-07-13 18:48:54","INFO","AUTENTICACAO","Tentativa de brute-force bloqueada pelo utilizador 'api_gateway'.","api_gateway"
"1385","2026-07-13 18:48:54","INFO","AUTENTICACAO","Tentativa de brute-force bloqueada pelo utilizador 'api_gateway'.","api_gateway"
"1386","2026-07-13 18:48:54","INFO","AUTENTICACAO","Tentativa de brute-force bloqueada pelo utilizador 'admin'.","admin"
"1387","2026-07-13 18:48:54","INFO","AUTENTICACAO","Login efetuado com sucesso pelo utilizador 'ana_silva'.","ana_silva"
"1388","2026-07-13 18:48:54","INFO","AUTENTICACAO","Falha na palavra-passe pelo utilizador 'gestor_seguranca'.","gestor_seguranca"
"1389","2026-07-13 18:48:54","INFO","AUTENTICACAO","Login efetuado com sucesso pelo utilizador 'ana_silva'.","ana_silva"
"1390","2026-07-13 18:48:54","ATENCAO","AUTENTICACAO","Login efetuado com sucesso pelo utilizador 'gestor_seguranca'.","gestor_seguranca"
"1391","2026-07-13 18:48:54","CRITICO","AUTENTICACAO","Falha na palavra-passe pelo utilizador 'nuno_gomes'.","nuno_gomes"
"1392","2026-07-13 18:48:54","CRITICO","AUTENTICACAO","Login efetuado com sucesso pelo utilizador 'api_gateway'.","api_gateway"
"1393","2026-07-13 18:48:54","INFO","AUTENTICACAO","Tentativa de brute-force bloqueada pelo utilizador 'gestor_seguranca'.","gestor_seguranca"
"1394","2026-07-13 18:48:54","ATENCAO","AUTENTICACAO","Falha na palavra-passe pelo utilizador 'convidado_01'.","convidado_01"
"1395","2026-07-13 18:48:54","CRITICO","AUTENTICACAO","Tentativa de brute-force bloqueada pelo utilizador 'ana_silva'.","ana_silva"
"1396","2026-07-13 18:48:54","INFO","AUTENTICACAO","Sessão expirada pelo utilizador 'gestor_seguranca'.","gestor_seguranca"
"1397","2026-07-13 18:48:54","INFO","AUTENTICACAO","Sessão expirada pelo utilizador 'nuno_gomes'.","nuno_gomes"
"1398","2026-07-13 18:48:54","CRITICO","AUTENTICACAO","Falha na palavra-passe pelo utilizador 'ana_silva'.","ana_silva"
"1399","2026-07-13 18:48:54","CRITICO","AUTENTICACAO","Sessão expirada pelo utilizador 'convidado_01'.","convidado_01"
"1400","2026-07-13 18:48:54","INFO","AUTENTICACAO","Sessão expirada pelo utilizador 'mauri'.","mauri"
"1401","2026-07-13 18:48:54","INFO","AUTENTICACAO","Falha na palavra-passe pelo utilizador 'nuno_gomes'.","nuno_gomes"
"1402","2026-07-13 18:48:54","INFO","AUTENTICACAO","Login efetuado com sucesso pelo utilizador 'ana_silva'.","ana_silva"
"1403","2026-07-13 18:48:54","INFO","AUTENTICACAO","Sessão expirada pelo utilizador 'gestor_seguranca'.","gestor_seguranca"
"1404","2026-07-13 18:48:54","INFO","AUTENTICACAO","Falha na palavra-passe pelo utilizador 'api_gateway'.","api_gateway"
"1405","2026-07-13 18:48:54","INFO","AUTENTICACAO","Falha na palavra-passe pelo utilizador 'nuno_gomes'.","nuno_gomes"
"1406","2026-07-13 18:48:54","CRITICO","AUTENTICACAO","Login efetuado com sucesso pelo utilizador 'admin'.","admin"
"1407","2026-07-13 18:48:54","INFO","AUTENTICACAO","Login efetuado com sucesso pelo utilizador 'mauri'.","mauri"
"1408","2026-07-13 18:48:54","INFO","AUTENTICACAO","Falha na palavra-passe pelo utilizador 'admin'.","admin"
"1409","2026-07-13 18:48:54","ATENCAO","AUTENTICACAO","Falha na palavra-passe pelo utilizador 'api_gateway'.","api_gateway"
"1410","2026-07-13 18:48:54","CRITICO","AUTENTICACAO","Falha na palavra-passe pelo utilizador 'api_gateway'.","api_gateway"
"1411","2026-07-13 18:48:54","CRITICO","AUTENTICACAO","Sessão expirada pelo utilizador 'gestor_seguranca'.","gestor_seguranca"
"1412","2026-07-13 18:48:54","CRITICO","AUTENTICACAO","Login efetuado com sucesso pelo utilizador 'convidado_01'.","convidado_01"
"1413","2026-07-13 18:48:54","INFO","AUTENTICACAO","Login efetuado com sucesso pelo utilizador 'gestor_seguranca'.","gestor_seguranca"
"1414","2026-07-13 18:48:54","INFO","AUTENTICACAO","Falha na palavra-passe pelo utilizador 'ana_silva'.","ana_silva"
"1415","2026-07-13 18:48:54","INFO","AUTENTICACAO","Sessão expirada pelo utilizador 'nuno_gomes'.","nuno_gomes"
"1416","2026-07-13 18:48:54","INFO","AUTENTICACAO","Sessão expirada pelo utilizador 'admin'.","admin"
"1417","2026-07-13 18:48:54","CRITICO","AUTENTICACAO","Tentativa de brute-force bloqueada pelo utilizador 'admin'.","admin"
"1418","2026-07-13 18:48:54","INFO","AUTENTICACAO","Login efetuado com sucesso pelo utilizador 'ana_silva'.","ana_silva"
"1419","2026-07-13 18:48:54","INFO","AUTENTICACAO","Sessão expirada pelo utilizador 'ana_silva'.","ana_silva"
"1420","2026-07-13 18:48:54","INFO","AUTENTICACAO","Sessão expirada pelo utilizador 'admin'.","admin"
"1421","2026-07-13 18:48:54","INFO","AUTENTICACAO","Falha na palavra-passe pelo utilizador 'ana_silva'.","ana_silva"
"1422","2026-07-13 18:48:54","INFO","AUTENTICACAO","Sessão expirada pelo utilizador 'ana_silva'.","ana_silva"
"1423","2026-07-13 18:48:54","INFO","AUTENTICACAO","Falha na palavra-passe pelo utilizador 'api_gateway'.","api_gateway"
"1424","2026-07-13 18:48:54","ATENCAO","AUTENTICACAO","Login efetuado com sucesso pelo utilizador 'nuno_gomes'.","nuno_gomes"
"1425","2026-07-13 18:48:54","CRITICO","AUTENTICACAO","Sessão expirada pelo utilizador 'convidado_01'.","convidado_01"
"1426","2026-07-13 18:48:54","INFO","AUTENTICACAO","Sessão expirada pelo utilizador 'convidado_01'.","convidado_01"
"1427","2026-07-13 18:48:54","ATENCAO","AUTENTICACAO","Tentativa de brute-force bloqueada pelo utilizador 'nuno_gomes'.","nuno_gomes"
"1428","2026-07-13 18:48:54","CRITICO","AUTENTICACAO","Sessão expirada pelo utilizador 'gestor_seguranca'.","gestor_seguranca"
"1429","2026-07-13 18:48:54","CRITICO","AUTENTICACAO","Login efetuado com sucesso pelo utilizador 'admin'.","admin"
"1430","2026-07-13 18:48:54","INFO","AUTENTICACAO","Login efetuado com sucesso pelo utilizador 'nuno_gomes'.","nuno_gomes"
"1431","2026-07-13 18:48:54","INFO","AUTENTICACAO","Sessão expirada pelo utilizador 'admin'.","admin"
"1432","2026-07-13 18:48:54","INFO","AUTENTICACAO","Falha na palavra-passe pelo utilizador 'gestor_seguranca'.","gestor_seguranca"
"1433","2026-07-13 18:48:54","INFO","AUTENTICACAO","Login efetuado com sucesso pelo utilizador 'admin'.","admin"
"1434","2026-07-13 18:48:54","INFO","AUTENTICACAO","Login efetuado com sucesso pelo utilizador 'ana_silva'.","ana_silva"
"1435","2026-07-13 18:48:54","INFO","AUTENTICACAO","Tentativa de brute-force bloqueada pelo utilizador 'admin'.","admin"
"1436","2026-07-13 18:48:54","INFO","AUTENTICACAO","Tentativa de brute-force bloqueada pelo utilizador 'ana_silva'.","ana_silva"
"1437","2026-07-13 18:48:54","CRITICO","AUTENTICACAO","Falha na palavra-passe pelo utilizador 'admin'.","admin"
"1438","2026-07-13 18:48:54","INFO","AUTENTICACAO","Falha na palavra-passe pelo utilizador 'gestor_seguranca'.","gestor_seguranca"
"1439","2026-07-13 18:48:54","INFO","AUTENTICACAO","Falha na palavra-passe pelo utilizador 'gestor_seguranca'.","gestor_seguranca"
"1440","2026-07-13 18:48:54","INFO","AUTENTICACAO","Sessão expirada pelo utilizador 'admin'.","admin"
"1441","2026-07-13 18:48:54","CRITICO","AUTENTICACAO","Tentativa de brute-force bloqueada pelo utilizador 'convidado_01'.","convidado_01"
"1442","2026-07-13 18:48:54","INFO","AUTENTICACAO","Login efetuado com sucesso pelo utilizador 'admin'.","admin"
"1443","2026-07-13 18:48:54","INFO","AUTENTICACAO","Sessão expirada pelo utilizador 'ana_silva'.","ana_silva"
"1444","2026-07-13 18:48:54","INFO","AUTENTICACAO","Tentativa de brute-force bloqueada pelo utilizador 'gestor_seguranca'.","gestor_seguranca"
"1445","2026-07-13 18:48:54","ATENCAO","AUTENTICACAO","Login efetuado com sucesso pelo utilizador 'api_gateway'.","api_gateway"
"1446","2026-07-13 18:48:54","INFO","AUTENTICACAO","Tentativa de brute-force bloqueada pelo utilizador 'ana_silva'.","ana_silva"
"1447","2026-07-13 18:48:54","ATENCAO","AUTENTICACAO","Login efetuado com sucesso pelo utilizador 'nuno_gomes'.","nuno_gomes"
"1448","2026-07-13 18:48:54","INFO","AUTENTICACAO","Sessão expirada pelo utilizador 'mauri'.","mauri"
"1449","2026-07-13 18:48:54","ATENCAO","AUTENTICACAO","Login efetuado com sucesso pelo utilizador 'gestor_seguranca'.","gestor_seguranca"
"1450","2026-07-13 18:48:54","CRITICO","AUTENTICACAO","Falha na palavra-passe pelo utilizador 'convidado_01'.","convidado_01"
"1451","2026-07-13 18:48:54","ATENCAO","AUTENTICACAO","Falha na palavra-passe pelo utilizador 'api_gateway'.","api_gateway"
"1452","2026-07-13 18:48:54","INFO","AUTENTICACAO","Sessão expirada pelo utilizador 'convidado_01'.","convidado_01"
"1453","2026-07-13 18:48:54","ATENCAO","AUTENTICACAO","Sessão expirada pelo utilizador 'ana_silva'.","ana_silva"
"1454","2026-07-13 18:48:54","ATENCAO","AUTENTICACAO","Falha na palavra-passe pelo utilizador 'convidado_01'.","convidado_01"
"1455","2026-07-13 18:48:54","CRITICO","AUTENTICACAO","Login efetuado com sucesso pelo utilizador 'gestor_seguranca'.","gestor_seguranca"
"1456","2026-07-13 18:48:54","ATENCAO","AUTENTICACAO","Falha na palavra-passe pelo utilizador 'ana_silva'.","ana_silva"
"1457","2026-07-13 18:48:54","CRITICO","AUTENTICACAO","Login efetuado com sucesso pelo utilizador 'gestor_seguranca'.","gestor_seguranca"
"1458","2026-07-13 18:48:54","INFO","AUTENTICACAO","Login efetuado com sucesso pelo utilizador 'ana_silva'.","ana_silva"
"1459","2026-07-13 18:48:54","INFO","AUTENTICACAO","Login efetuado com sucesso pelo utilizador 'gestor_seguranca'.","gestor_seguranca"
"1460","2026-07-13 18:48:54","INFO","AUTENTICACAO","Login efetuado com sucesso pelo utilizador 'nuno_gomes'.","nuno_gomes"
"1461","2026-07-13 18:48:54","CRITICO","AUTENTICACAO","Login efetuado com sucesso pelo utilizador 'nuno_gomes'.","nuno_gomes"
"1462","2026-07-13 18:48:54","CRITICO","AUTENTICACAO","Tentativa de brute-force bloqueada pelo utilizador 'admin'.","admin"
"1463","2026-07-13 18:48:54","INFO","AUTENTICACAO","Falha na palavra-passe pelo utilizador 'gestor_seguranca'.","gestor_seguranca"
"1464","2026-07-13 18:48:54","INFO","AUTENTICACAO","Tentativa de brute-force bloqueada pelo utilizador 'gestor_seguranca'.","gestor_seguranca"
"1465","2026-07-13 18:48:54","CRITICO","AUTENTICACAO","Tentativa de brute-force bloqueada pelo utilizador 'api_gateway'.","api_gateway"
"1466","2026-07-13 18:48:54","INFO","AUTENTICACAO","Falha na palavra-passe pelo utilizador 'mauri'.","mauri"
"1467","2026-07-13 18:48:54","INFO","AUTENTICACAO","Sessão expirada pelo utilizador 'mauri'.","mauri"
"1468","2026-07-13 18:48:54","ATENCAO","AUTENTICACAO","Login efetuado com sucesso pelo utilizador 'admin'.","admin"
"1469","2026-07-13 18:48:54","CRITICO","AUTENTICACAO","Tentativa de brute-force bloqueada pelo utilizador 'admin'.","admin"
"1470","2026-07-13 18:48:54","INFO","AUTENTICACAO","Login efetuado com sucesso pelo utilizador 'admin'.","admin"
"1471","2026-07-13 18:48:54","CRITICO","AUTENTICACAO","Tentativa de brute-force bloqueada pelo utilizador 'api_gateway'.","api_gateway"
"1472","2026-07-13 18:48:54","CRITICO","AUTENTICACAO","Login efetuado com sucesso pelo utilizador 'convidado_01'.","convidado_01"
"1473","2026-07-13 18:48:54","INFO","AUTENTICACAO","Sessão expirada pelo utilizador 'convidado_01'.","convidado_01"
"1474","2026-07-13 18:48:54","INFO","AUTENTICACAO","Login efetuado com sucesso pelo utilizador 'nuno_gomes'.","nuno_gomes"
"1475","2026-07-13 18:48:54","INFO","AUTENTICACAO","Tentativa de brute-force bloqueada pelo utilizador 'admin'.","admin"
"1476","2026-07-13 18:48:54","INFO","AUTENTICACAO","Tentativa de brute-force bloqueada pelo utilizador 'gestor_seguranca'.","gestor_seguranca"
"1477","2026-07-13 18:48:54","ATENCAO","AUTENTICACAO","Sessão expirada pelo utilizador 'nuno_gomes'.","nuno_gomes"
"1478","2026-07-13 18:48:54","INFO","AUTENTICACAO","Tentativa de brute-force bloqueada pelo utilizador 'admin'.","admin"
"1479","2026-07-13 18:48:54","INFO","AUTENTICACAO","Tentativa de brute-force bloqueada pelo utilizador 'ana_silva'.","ana_silva"
"1480","2026-07-13 18:48:54","INFO","AUTENTICACAO","Falha na palavra-passe pelo utilizador 'nuno_gomes'.","nuno_gomes"
"1481","2026-07-13 18:48:54","ATENCAO","AUTENTICACAO","Tentativa de brute-force bloqueada pelo utilizador 'ana_silva'.","ana_silva"
"1482","2026-07-13 18:48:54","INFO","AUTENTICACAO","Sessão expirada pelo utilizador 'convidado_01'.","convidado_01"
"1483","2026-07-13 18:48:54","INFO","AUTENTICACAO","Login efetuado com sucesso pelo utilizador 'admin'.","admin"
"1484","2026-07-13 18:48:54","CRITICO","AUTENTICACAO","Falha na palavra-passe pelo utilizador 'api_gateway'.","api_gateway"
"1485","2026-07-13 18:48:54","CRITICO","AUTENTICACAO","Login efetuado com sucesso pelo utilizador 'ana_silva'.","ana_silva"
"1486","2026-07-13 18:48:54","ATENCAO","AUTENTICACAO","Login efetuado com sucesso pelo utilizador 'gestor_seguranca'.","gestor_seguranca"
"1487","2026-07-13 18:48:54","INFO","AUTENTICACAO","Sessão expirada pelo utilizador 'api_gateway'.","api_gateway"
"1488","2026-07-13 18:48:54","INFO","AUTENTICACAO","Falha na palavra-passe pelo utilizador 'ana_silva'.","ana_silva"
"1489","2026-07-13 18:48:54","INFO","AUTENTICACAO","Tentativa de brute-force bloqueada pelo utilizador 'ana_silva'.","ana_silva"
"1490","2026-07-13 18:48:54","INFO","AUTENTICACAO","Sessão expirada pelo utilizador 'admin'.","admin"
"1491","2026-07-13 18:48:54","CRITICO","AUTENTICACAO","Tentativa de brute-force bloqueada pelo utilizador 'convidado_01'.","convidado_01"
"1492","2026-07-13 18:48:54","INFO","AUTENTICACAO","Tentativa de brute-force bloqueada pelo utilizador 'mauri'.","mauri"
"1493","2026-07-13 18:48:54","CRITICO","AUTENTICACAO","Login efetuado com sucesso pelo utilizador 'nuno_gomes'.","nuno_gomes"
"1494","2026-07-13 18:48:54","ATENCAO","AUTENTICACAO","Tentativa de brute-force bloqueada pelo utilizador 'gestor_seguranca'.","gestor_seguranca"
"1495","2026-07-13 18:48:54","INFO","AUTENTICACAO","Tentativa de brute-force bloqueada pelo utilizador 'api_gateway'.","api_gateway"
"1496","2026-07-13 18:48:54","INFO","AUTENTICACAO","Tentativa de brute-force bloqueada pelo utilizador 'gestor_seguranca'.","gestor_seguranca"
"1497","2026-07-13 18:48:54","CRITICO","AUTENTICACAO","Sessão expirada pelo utilizador 'gestor_seguranca'.","gestor_seguranca"
"1498","2026-07-13 18:48:54","INFO","AUTENTICACAO","Sessão expirada pelo utilizador 'admin'.","admin"
"1499","2026-07-13 18:48:54","ATENCAO","AUTENTICACAO","Sessão expirada pelo utilizador 'mauri'.","mauri"
"1500","2026-07-13 18:48:54","INFO","AUTENTICACAO","Login efetuado com sucesso pelo utilizador 'admin'.","admin"
"1501","2026-07-13 18:48:54","INFO","AUTENTICACAO","Login efetuado com sucesso pelo utilizador 'nuno_gomes'.","nuno_gomes"
"1502","2026-07-13 18:48:54","CRITICO","AUTENTICACAO","Falha na palavra-passe pelo utilizador 'mauri'.","mauri"
"1503","2026-07-13 18:48:54","INFO","AUTENTICACAO","Falha na palavra-passe pelo utilizador 'ana_silva'.","ana_silva"
"1504","2026-07-13 18:48:54","INFO","AUTENTICACAO","Sessão expirada pelo utilizador 'convidado_01'.","convidado_01"
"1505","2026-07-13 18:48:54","CRITICO","AUTENTICACAO","Tentativa de brute-force bloqueada pelo utilizador 'mauri'.","mauri"
"1506","2026-07-13 18:48:54","INFO","AUTENTICACAO","Falha na palavra-passe pelo utilizador 'admin'.","admin"
"1507","2026-07-13 18:48:54","INFO","AUTENTICACAO","Login efetuado com sucesso pelo utilizador 'api_gateway'.","api_gateway"
"1508","2026-07-13 18:48:54","INFO","AUTENTICACAO","Login efetuado com sucesso pelo utilizador 'admin'.","admin"
"1509","2026-07-13 18:48:54","ATENCAO","AUTENTICACAO","Sessão expirada pelo utilizador 'mauri'.","mauri"
"1510","2026-07-13 18:48:54","INFO","AUTENTICACAO","Falha na palavra-passe pelo utilizador 'ana_silva'.","ana_silva"
"1511","2026-07-13 18:48:54","INFO","AUTENTICACAO","Tentativa de brute-force bloqueada pelo utilizador 'convidado_01'.","convidado_01"
"1512","2026-07-13 18:48:54","INFO","AUTENTICACAO","Sessão expirada pelo utilizador 'admin'.","admin"
"1513","2026-07-13 18:48:54","INFO","AUTENTICACAO","Sessão expirada pelo utilizador 'nuno_gomes'.","nuno_gomes"
"1514","2026-07-13 18:48:54","CRITICO","AUTENTICACAO","Login efetuado com sucesso pelo utilizador 'mauri'.","mauri"
"1515","2026-07-13 18:48:54","INFO","AUTENTICACAO","Tentativa de brute-force bloqueada pelo utilizador 'gestor_seguranca'.","gestor_seguranca"
"1516","2026-07-13 18:48:54","INFO","AUTENTICACAO","Tentativa de brute-force bloqueada pelo utilizador 'admin'.","admin"
"1517","2026-07-13 18:48:54","INFO","AUTENTICACAO","Tentativa de brute-force bloqueada pelo utilizador 'nuno_gomes'.","nuno_gomes"
"1518","2026-07-13 18:48:54","INFO","AUTENTICACAO","Falha na palavra-passe pelo utilizador 'admin'.","admin"
"1519","2026-07-13 18:48:54","INFO","AUTENTICACAO","Login efetuado com sucesso pelo utilizador 'nuno_gomes'.","nuno_gomes"
"1520","2026-07-13 18:48:54","INFO","AUTENTICACAO","Tentativa de brute-force bloqueada pelo utilizador 'mauri'.","mauri"
"1521","2026-07-13 18:48:54","CRITICO","AUTENTICACAO","Tentativa de brute-force bloqueada pelo utilizador 'admin'.","admin"
"1522","2026-07-13 18:48:54","CRITICO","AUTENTICACAO","Login efetuado com sucesso pelo utilizador 'api_gateway'.","api_gateway"
"1523","2026-07-13 18:48:54","CRITICO","AUTENTICACAO","Tentativa de brute-force bloqueada pelo utilizador 'api_gateway'.","api_gateway"
"1524","2026-07-13 18:48:54","ATENCAO","AUTENTICACAO","Sessão expirada pelo utilizador 'admin'.","admin"
"1525","2026-07-13 18:48:54","INFO","AUTENTICACAO","Falha na palavra-passe pelo utilizador 'nuno_gomes'.","nuno_gomes"
"1526","2026-07-13 18:48:54","INFO","AUTENTICACAO","Sessão expirada pelo utilizador 'convidado_01'.","convidado_01"
"1527","2026-07-13 18:48:54","CRITICO","AUTENTICACAO","Sessão expirada pelo utilizador 'ana_silva'.","ana_silva"
"1528","2026-07-13 18:48:54","INFO","AUTENTICACAO","Falha na palavra-passe pelo utilizador 'mauri'.","mauri"
"1529","2026-07-13 18:48:54","INFO","AUTENTICACAO","Sessão expirada pelo utilizador 'convidado_01'.","convidado_01"
"1530","2026-07-13 18:48:54","CRITICO","AUTENTICACAO","Sessão expirada pelo utilizador 'mauri'.","mauri"
"1531","2026-07-13 18:48:54","CRITICO","AUTENTICACAO","Falha na palavra-passe pelo utilizador 'api_gateway'.","api_gateway"
"1532","2026-07-13 18:48:54","INFO","AUTENTICACAO","Tentativa de brute-force bloqueada pelo utilizador 'gestor_seguranca'.","gestor_seguranca"
"1533","2026-07-13 18:48:54","INFO","AUTENTICACAO","Falha na palavra-passe pelo utilizador 'ana_silva'.","ana_silva"
"1534","2026-07-13 18:48:54","INFO","AUTENTICACAO","Sessão expirada pelo utilizador 'ana_silva'.","ana_silva"
"1535","2026-07-13 18:48:54","CRITICO","AUTENTICACAO","Tentativa de brute-force bloqueada pelo utilizador 'convidado_01'.","convidado_01"
"1536","2026-07-13 18:48:54","INFO","AUTENTICACAO","Falha na palavra-passe pelo utilizador 'gestor_seguranca'.","gestor_seguranca"
"1537","2026-07-13 18:48:54","INFO","AUTENTICACAO","Login efetuado com sucesso pelo utilizador 'convidado_01'.","convidado_01"
"1538","2026-07-13 18:48:54","ATENCAO","AUTENTICACAO","Tentativa de brute-force bloqueada pelo utilizador 'admin'.","admin"
"1539","2026-07-13 18:48:54","INFO","AUTENTICACAO","Login efetuado com sucesso pelo utilizador 'api_gateway'.","api_gateway"
"1540","2026-07-13 18:48:54","ATENCAO","AUTENTICACAO","Login efetuado com sucesso pelo utilizador 'nuno_gomes'.","nuno_gomes"
"1541","2026-07-13 18:48:54","INFO","AUTENTICACAO","Login efetuado com sucesso pelo utilizador 'ana_silva'.","ana_silva"
"1542","2026-07-13 18:48:54","INFO","AUTENTICACAO","Login efetuado com sucesso pelo utilizador 'mauri'.","mauri"
"1543","2026-07-13 18:48:54","INFO","AUTENTICACAO","Tentativa de brute-force bloqueada pelo utilizador 'gestor_seguranca'.","gestor_seguranca"
"1544","2026-07-13 18:48:54","ATENCAO","AUTENTICACAO","Falha na palavra-passe pelo utilizador 'ana_silva'.","ana_silva"
"1545","2026-07-13 18:48:54","INFO","AUTENTICACAO","Tentativa de brute-force bloqueada pelo utilizador 'api_gateway'.","api_gateway"
"1546","2026-07-13 18:48:54","INFO","AUTENTICACAO","Sessão expirada pelo utilizador 'ana_silva'.","ana_silva"
"1547","2026-07-13 18:48:54","CRITICO","AUTENTICACAO","Falha na palavra-passe pelo utilizador 'ana_silva'.","ana_silva"
"1548","2026-07-13 18:48:54","ATENCAO","AUTENTICACAO","Login efetuado com sucesso pelo utilizador 'ana_silva'.","ana_silva"
"1549","2026-07-13 18:48:54","INFO","AUTENTICACAO","Falha na palavra-passe pelo utilizador 'nuno_gomes'.","nuno_gomes"
"1550","2026-07-13 18:48:54","CRITICO","AUTENTICACAO","Tentativa de brute-force bloqueada pelo utilizador 'ana_silva'.","ana_silva"
"1551","2026-07-13 18:48:54","CRITICO","AUTENTICACAO","Sessão expirada pelo utilizador 'convidado_01'.","convidado_01"
"1552","2026-07-13 18:48:54","ATENCAO","AUTENTICACAO","Tentativa de brute-force bloqueada pelo utilizador 'ana_silva'.","ana_silva"
"1553","2026-07-13 18:48:54","CRITICO","AUTENTICACAO","Login efetuado com sucesso pelo utilizador 'ana_silva'.","ana_silva"
"1554","2026-07-13 18:48:54","CRITICO","AUTENTICACAO","Falha na palavra-passe pelo utilizador 'admin'.","admin"
"1555","2026-07-13 18:48:54","ATENCAO","AUTENTICACAO","Falha na palavra-passe pelo utilizador 'gestor_seguranca'.","gestor_seguranca"
"1556","2026-07-13 18:48:54","INFO","AUTENTICACAO","Login efetuado com sucesso pelo utilizador 'admin'.","admin"
"1557","2026-07-13 18:48:54","INFO","AUTENTICACAO","Falha na palavra-passe pelo utilizador 'ana_silva'.","ana_silva"
"1558","2026-07-13 18:48:54","INFO","AUTENTICACAO","Sessão expirada pelo utilizador 'ana_silva'.","ana_silva"
"1559","2026-07-13 18:48:54","INFO","AUTENTICACAO","Login efetuado com sucesso pelo utilizador 'convidado_01'.","convidado_01"
"1560","2026-07-13 18:48:54","INFO","AUTENTICACAO","Falha na palavra-passe pelo utilizador 'api_gateway'.","api_gateway"
"1561","2026-07-13 18:48:54","CRITICO","AUTENTICACAO","Falha na palavra-passe pelo utilizador 'mauri'.","mauri"
"1562","2026-07-13 18:48:54","INFO","AUTENTICACAO","Tentativa de brute-force bloqueada pelo utilizador 'mauri'.","mauri"
"1563","2026-07-13 18:48:54","ATENCAO","AUTENTICACAO","Tentativa de brute-force bloqueada pelo utilizador 'admin'.","admin"
"1564","2026-07-13 18:48:54","INFO","AUTENTICACAO","Login efetuado com sucesso pelo utilizador 'api_gateway'.","api_gateway"
"1565","2026-07-13 18:48:54","ATENCAO","AUTENTICACAO","Tentativa de brute-force bloqueada pelo utilizador 'convidado_01'.","convidado_01"
"1566","2026-07-13 18:48:54","ATENCAO","AUTENTICACAO","Tentativa de brute-force bloqueada pelo utilizador 'admin'.","admin"
"1567","2026-07-13 18:48:54","INFO","AUTENTICACAO","Tentativa de brute-force bloqueada pelo utilizador 'api_gateway'.","api_gateway"
"1568","2026-07-13 18:48:54","INFO","AUTENTICACAO","Sessão expirada pelo utilizador 'convidado_01'.","convidado_01"
"1569","2026-07-13 18:48:54","INFO","AUTENTICACAO","Sessão expirada pelo utilizador 'ana_silva'.","ana_silva"
"1570","2026-07-13 18:48:54","INFO","AUTENTICACAO","Tentativa de brute-force bloqueada pelo utilizador 'ana_silva'.","ana_silva"
"1571","2026-07-13 18:48:54","CRITICO","AUTENTICACAO","Sessão expirada pelo utilizador 'ana_silva'.","ana_silva"
"1572","2026-07-13 18:48:54","INFO","AUTENTICACAO","Login efetuado com sucesso pelo utilizador 'nuno_gomes'.","nuno_gomes"
"1573","2026-07-13 18:48:54","INFO","AUTENTICACAO","Falha na palavra-passe pelo utilizador 'nuno_gomes'.","nuno_gomes"
"1574","2026-07-13 18:48:54","INFO","AUTENTICACAO","Login efetuado com sucesso pelo utilizador 'admin'.","admin"
"1575","2026-07-13 18:48:54","INFO","AUTENTICACAO","Falha na palavra-passe pelo utilizador 'convidado_01'.","convidado_01"
"1576","2026-07-13 18:48:54","CRITICO","AUTENTICACAO","Tentativa de brute-force bloqueada pelo utilizador 'admin'.","admin"
"1577","2026-07-13 18:48:54","INFO","AUTENTICACAO","Falha na palavra-passe pelo utilizador 'gestor_seguranca'.","gestor_seguranca"
"1578","2026-07-13 18:48:54","CRITICO","AUTENTICACAO","Sessão expirada pelo utilizador 'convidado_01'.","convidado_01"
"1579","2026-07-13 18:48:54","INFO","AUTENTICACAO","Login efetuado com sucesso pelo utilizador 'ana_silva'.","ana_silva"
"1580","2026-07-13 18:48:54","INFO","AUTENTICACAO","Tentativa de brute-force bloqueada pelo utilizador 'convidado_01'.","convidado_01"
"1581","2026-07-13 18:48:54","INFO","AUTENTICACAO","Falha na palavra-passe pelo utilizador 'admin'.","admin"
"1582","2026-07-13 18:48:54","INFO","AUTENTICACAO","Tentativa de brute-force bloqueada pelo utilizador 'api_gateway'.","api_gateway"
"1583","2026-07-13 18:48:54","ATENCAO","AUTENTICACAO","Login efetuado com sucesso pelo utilizador 'api_gateway'.","api_gateway"
"1584","2026-07-13 18:48:54","INFO","AUTENTICACAO","Falha na palavra-passe pelo utilizador 'admin'.","admin"
"1585","2026-07-13 18:48:54","ATENCAO","AUTENTICACAO","Tentativa de brute-force bloqueada pelo utilizador 'nuno_gomes'.","nuno_gomes"
"1586","2026-07-13 18:48:54","ATENCAO","AUTENTICACAO","Falha na palavra-passe pelo utilizador 'mauri'.","mauri"
"1587","2026-07-13 18:48:54","INFO","AUTENTICACAO","Falha na palavra-passe pelo utilizador 'convidado_01'.","convidado_01"
"1588","2026-07-13 18:48:54","CRITICO","AUTENTICACAO","Tentativa de brute-force bloqueada pelo utilizador 'mauri'.","mauri"
"1589","2026-07-13 18:48:54","CRITICO","AUTENTICACAO","Sessão expirada pelo utilizador 'mauri'.","mauri"
"1590","2026-07-13 18:48:54","INFO","AUTENTICACAO","Falha na palavra-passe pelo utilizador 'admin'.","admin"
"1591","2026-07-13 18:48:54","ATENCAO","AUTENTICACAO","Login efetuado com sucesso pelo utilizador 'nuno_gomes'.","nuno_gomes"
"1592","2026-07-13 18:48:54","ATENCAO","AUTENTICACAO","Tentativa de brute-force bloqueada pelo utilizador 'gestor_seguranca'.","gestor_seguranca"
"1593","2026-07-13 18:48:54","INFO","AUTENTICACAO","Falha na palavra-passe pelo utilizador 'ana_silva'.","ana_silva"
"1594","2026-07-13 18:48:54","INFO","AUTENTICACAO","Sessão expirada pelo utilizador 'nuno_gomes'.","nuno_gomes"
"1595","2026-07-13 18:48:54","INFO","AUTENTICACAO","Falha na palavra-passe pelo utilizador 'convidado_01'.","convidado_01"
"1596","2026-07-13 18:48:54","CRITICO","AUTENTICACAO","Sessão expirada pelo utilizador 'nuno_gomes'.","nuno_gomes"
"1597","2026-07-13 18:48:54","CRITICO","AUTENTICACAO","Login efetuado com sucesso pelo utilizador 'mauri'.","mauri"
"1598","2026-07-13 18:48:54","INFO","AUTENTICACAO","Sessão expirada pelo utilizador 'mauri'.","mauri"
"1599","2026-07-13 18:48:54","INFO","AUTENTICACAO","Falha na palavra-passe pelo utilizador 'ana_silva'.","ana_silva"
"1600","2026-07-13 18:48:54","CRITICO","AUTENTICACAO","Tentativa de brute-force bloqueada pelo utilizador 'convidado_01'.","convidado_01"
"1601","2026-07-13 18:48:54","INFO","AUTENTICACAO","Sessão expirada pelo utilizador 'ana_silva'.","ana_silva"
"1602","2026-07-13 18:48:54","ATENCAO","AUTENTICACAO","Sessão expirada pelo utilizador 'gestor_seguranca'.","gestor_seguranca"
"1603","2026-07-13 18:48:54","INFO","AUTENTICACAO","Tentativa de brute-force bloqueada pelo utilizador 'ana_silva'.","ana_silva"
"1604","2026-07-13 18:48:54","INFO","AUTENTICACAO","Falha na palavra-passe pelo utilizador 'convidado_01'.","convidado_01"
"1605","2026-07-13 18:48:54","ATENCAO","AUTENTICACAO","Sessão expirada pelo utilizador 'gestor_seguranca'.","gestor_seguranca"
"1606","2026-07-13 18:48:54","CRITICO","AUTENTICACAO","Sessão expirada pelo utilizador 'api_gateway'.","api_gateway"
"1607","2026-07-13 18:48:54","INFO","AUTENTICACAO","Sessão expirada pelo utilizador 'mauri'.","mauri"
"1608","2026-07-13 18:48:54","INFO","AUTENTICACAO","Sessão expirada pelo utilizador 'nuno_gomes'.","nuno_gomes"
"1609","2026-07-13 18:48:54","ATENCAO","AUTENTICACAO","Sessão expirada pelo utilizador 'gestor_seguranca'.","gestor_seguranca"
"1610","2026-07-13 18:48:54","CRITICO","AUTENTICACAO","Tentativa de brute-force bloqueada pelo utilizador 'convidado_01'.","convidado_01"
"1611","2026-07-13 18:48:54","CRITICO","AUTENTICACAO","Falha na palavra-passe pelo utilizador 'convidado_01'.","convidado_01"
"1612","2026-07-13 18:48:54","INFO","AUTENTICACAO","Falha na palavra-passe pelo utilizador 'admin'.","admin"
"1613","2026-07-13 18:48:54","INFO","AUTENTICACAO","Tentativa de brute-force bloqueada pelo utilizador 'convidado_01'.","convidado_01"
"1614","2026-07-13 18:48:54","CRITICO","AUTENTICACAO","Sessão expirada pelo utilizador 'convidado_01'.","convidado_01"
"1615","2026-07-13 18:48:54","INFO","AUTENTICACAO","Login efetuado com sucesso pelo utilizador 'ana_silva'.","ana_silva"
"1616","2026-07-13 18:48:54","ATENCAO","AUTENTICACAO","Login efetuado com sucesso pelo utilizador 'gestor_seguranca'.","gestor_seguranca"
"1617","2026-07-13 18:48:54","ATENCAO","AUTENTICACAO","Falha na palavra-passe pelo utilizador 'api_gateway'.","api_gateway"
"1618","2026-07-13 18:48:54","INFO","AUTENTICACAO","Falha na palavra-passe pelo utilizador 'convidado_01'.","convidado_01"
"1619","2026-07-13 18:48:54","INFO","AUTENTICACAO","Tentativa de brute-force bloqueada pelo utilizador 'mauri'.","mauri"
"1620","2026-07-13 18:48:54","INFO","AUTENTICACAO","Tentativa de brute-force bloqueada pelo utilizador 'nuno_gomes'.","nuno_gomes"
"1621","2026-07-13 18:48:54","CRITICO","AUTENTICACAO","Sessão expirada pelo utilizador 'nuno_gomes'.","nuno_gomes"
"1622","2026-07-13 18:48:54","INFO","AUTENTICACAO","Sessão expirada pelo utilizador 'mauri'.","mauri"
"1623","2026-07-13 18:48:54","ATENCAO","AUTENTICACAO","Sessão expirada pelo utilizador 'gestor_seguranca'.","gestor_seguranca"
"1624","2026-07-13 18:48:54","INFO","AUTENTICACAO","Login efetuado com sucesso pelo utilizador 'ana_silva'.","ana_silva"
"1625","2026-07-13 18:48:54","INFO","AUTENTICACAO","Sessão expirada pelo utilizador 'nuno_gomes'.","nuno_gomes"
"1626","2026-07-13 18:48:54","INFO","AUTENTICACAO","Login efetuado com sucesso pelo utilizador 'api_gateway'.","api_gateway"
"1627","2026-07-13 18:48:54","INFO","AUTENTICACAO","Falha na palavra-passe pelo utilizador 'admin'.","admin"
"1628","2026-07-13 18:48:54","CRITICO","AUTENTICACAO","Login efetuado com sucesso pelo utilizador 'convidado_01'.","convidado_01"
"1629","2026-07-13 18:48:54","INFO","AUTENTICACAO","Falha na palavra-passe pelo utilizador 'convidado_01'.","convidado_01"
"1630","2026-07-13 18:48:54","ATENCAO","AUTENTICACAO","Tentativa de brute-force bloqueada pelo utilizador 'ana_silva'.","ana_silva"
"1631","2026-07-13 18:48:54","CRITICO","AUTENTICACAO","Falha na palavra-passe pelo utilizador 'gestor_seguranca'.","gestor_seguranca"
"1632","2026-07-13 18:48:54","INFO","AUTENTICACAO","Falha na palavra-passe pelo utilizador 'convidado_01'.","convidado_01"
"1633","2026-07-13 18:48:54","INFO","AUTENTICACAO","Tentativa de brute-force bloqueada pelo utilizador 'convidado_01'.","convidado_01"
"1634","2026-07-13 18:48:54","ATENCAO","AUTENTICACAO","Login efetuado com sucesso pelo utilizador 'gestor_seguranca'.","gestor_seguranca"
"1635","2026-07-13 18:48:54","CRITICO","AUTENTICACAO","Sessão expirada pelo utilizador 'gestor_seguranca'.","gestor_seguranca"
"1636","2026-07-13 18:48:54","CRITICO","AUTENTICACAO","Tentativa de brute-force bloqueada pelo utilizador 'admin'.","admin"
"1637","2026-07-13 18:48:54","ATENCAO","AUTENTICACAO","Sessão expirada pelo utilizador 'ana_silva'.","ana_silva"
"1638","2026-07-13 18:48:54","ATENCAO","AUTENTICACAO","Tentativa de brute-force bloqueada pelo utilizador 'api_gateway'.","api_gateway"
"1639","2026-07-13 18:48:54","ATENCAO","AUTENTICACAO","Falha na palavra-passe pelo utilizador 'mauri'.","mauri"
"1640","2026-07-13 18:48:54","INFO","AUTENTICACAO","Falha na palavra-passe pelo utilizador 'gestor_seguranca'.","gestor_seguranca"
"1641","2026-07-13 18:48:54","ATENCAO","AUTENTICACAO","Tentativa de brute-force bloqueada pelo utilizador 'convidado_01'.","convidado_01"
"1642","2026-07-13 18:48:54","INFO","AUTENTICACAO","Tentativa de brute-force bloqueada pelo utilizador 'mauri'.","mauri"
"1643","2026-07-13 18:48:54","INFO","AUTENTICACAO","Falha na palavra-passe pelo utilizador 'api_gateway'.","api_gateway"
"1644","2026-07-13 18:48:54","INFO","AUTENTICACAO","Login efetuado com sucesso pelo utilizador 'api_gateway'.","api_gateway"
"1645","2026-07-13 18:48:54","CRITICO","AUTENTICACAO","Sessão expirada pelo utilizador 'admin'.","admin"
"1646","2026-07-13 18:48:54","INFO","AUTENTICACAO","Login efetuado com sucesso pelo utilizador 'mauri'.","mauri"
"1647","2026-07-13 18:48:54","INFO","AUTENTICACAO","Falha na palavra-passe pelo utilizador 'mauri'.","mauri"
"1648","2026-07-13 18:48:54","INFO","AUTENTICACAO","Tentativa de brute-force bloqueada pelo utilizador 'ana_silva'.","ana_silva"
"1649","2026-07-13 18:48:54","INFO","AUTENTICACAO","Tentativa de brute-force bloqueada pelo utilizador 'convidado_01'.","convidado_01"
"1650","2026-07-13 18:48:54","CRITICO","AUTENTICACAO","Sessão expirada pelo utilizador 'convidado_01'.","convidado_01"
"1651","2026-07-13 18:48:54","ATENCAO","AUTENTICACAO","Sessão expirada pelo utilizador 'gestor_seguranca'.","gestor_seguranca"
"1652","2026-07-13 18:48:54","INFO","AUTENTICACAO","Falha na palavra-passe pelo utilizador 'admin'.","admin"
"1653","2026-07-13 18:48:54","INFO","AUTENTICACAO","Falha na palavra-passe pelo utilizador 'admin'.","admin"
"1654","2026-07-13 18:48:54","INFO","AUTENTICACAO","Tentativa de brute-force bloqueada pelo utilizador 'mauri'.","mauri"
"1655","2026-07-13 18:48:54","INFO","AUTENTICACAO","Login efetuado com sucesso pelo utilizador 'convidado_01'.","convidado_01"
"1656","2026-07-13 18:48:54","INFO","AUTENTICACAO","Falha na palavra-passe pelo utilizador 'gestor_seguranca'.","gestor_seguranca"
"1657","2026-07-13 18:48:54","ATENCAO","AUTENTICACAO","Tentativa de brute-force bloqueada pelo utilizador 'nuno_gomes'.","nuno_gomes"
"1658","2026-07-13 18:48:54","INFO","AUTENTICACAO","Login efetuado com sucesso pelo utilizador 'ana_silva'.","ana_silva"
"1659","2026-07-13 18:48:54","CRITICO","AUTENTICACAO","Falha na palavra-passe pelo utilizador 'convidado_01'.","convidado_01"
"1660","2026-07-13 18:48:54","INFO","AUTENTICACAO","Sessão expirada pelo utilizador 'admin'.","admin"
"1661","2026-07-13 18:48:54","INFO","AUTENTICACAO","Falha na palavra-passe pelo utilizador 'mauri'.","mauri"
"1662","2026-07-13 18:48:54","INFO","AUTENTICACAO","Sessão expirada pelo utilizador 'nuno_gomes'.","nuno_gomes"
"1663","2026-07-13 18:48:54","INFO","AUTENTICACAO","Falha na palavra-passe pelo utilizador 'api_gateway'.","api_gateway"
"1664","2026-07-13 18:48:54","INFO","AUTENTICACAO","Login efetuado com sucesso pelo utilizador 'convidado_01'.","convidado_01"
"1665","2026-07-13 18:48:54","INFO","AUTENTICACAO","Login efetuado com sucesso pelo utilizador 'admin'.","admin"
"1666","2026-07-13 18:48:54","INFO","AUTENTICACAO","Sessão expirada pelo utilizador 'api_gateway'.","api_gateway"
"1667","2026-07-13 18:48:54","CRITICO","AUTENTICACAO","Login efetuado com sucesso pelo utilizador 'api_gateway'.","api_gateway"
"1668","2026-07-13 18:48:54","INFO","AUTENTICACAO","Login efetuado com sucesso pelo utilizador 'ana_silva'.","ana_silva"
"1669","2026-07-13 18:48:54","INFO","AUTENTICACAO","Falha na palavra-passe pelo utilizador 'nuno_gomes'.","nuno_gomes"
"1670","2026-07-13 18:48:54","INFO","AUTENTICACAO","Falha na palavra-passe pelo utilizador 'convidado_01'.","convidado_01"
"1671","2026-07-13 18:48:54","INFO","AUTENTICACAO","Tentativa de brute-force bloqueada pelo utilizador 'nuno_gomes'.","nuno_gomes"
"1672","2026-07-13 18:48:54","CRITICO","AUTENTICACAO","Falha na palavra-passe pelo utilizador 'admin'.","admin"
"1673","2026-07-13 18:48:54","INFO","AUTENTICACAO","Sessão expirada pelo utilizador 'ana_silva'.","ana_silva"
"1674","2026-07-13 18:48:54","INFO","AUTENTICACAO","Tentativa de brute-force bloqueada pelo utilizador 'convidado_01'.","convidado_01"
"1675","2026-07-13 18:48:54","CRITICO","AUTENTICACAO","Login efetuado com sucesso pelo utilizador 'convidado_01'.","convidado_01"
"1676","2026-07-13 18:48:54","INFO","AUTENTICACAO","Login efetuado com sucesso pelo utilizador 'convidado_01'.","convidado_01"
"1677","2026-07-13 18:48:54","INFO","AUTENTICACAO","Tentativa de brute-force bloqueada pelo utilizador 'mauri'.","mauri"
"1678","2026-07-13 18:48:54","INFO","AUTENTICACAO","Login efetuado com sucesso pelo utilizador 'convidado_01'.","convidado_01"
"1679","2026-07-13 18:48:54","CRITICO","AUTENTICACAO","Tentativa de brute-force bloqueada pelo utilizador 'ana_silva'.","ana_silva"
"1680","2026-07-13 18:48:54","INFO","AUTENTICACAO","Sessão expirada pelo utilizador 'mauri'.","mauri"
"1681","2026-07-13 18:48:54","INFO","AUTENTICACAO","Falha na palavra-passe pelo utilizador 'convidado_01'.","convidado_01"
"1682","2026-07-13 18:48:54","INFO","AUTENTICACAO","Login efetuado com sucesso pelo utilizador 'convidado_01'.","convidado_01"
"1683","2026-07-13 18:48:54","ATENCAO","AUTENTICACAO","Tentativa de brute-force bloqueada pelo utilizador 'ana_silva'.","ana_silva"
"1684","2026-07-13 18:48:54","INFO","AUTENTICACAO","Falha na palavra-passe pelo utilizador 'gestor_seguranca'.","gestor_seguranca"
"1685","2026-07-13 18:48:54","INFO","AUTENTICACAO","Sessão expirada pelo utilizador 'ana_silva'.","ana_silva"
"1686","2026-07-13 18:48:54","ATENCAO","AUTENTICACAO","Falha na palavra-passe pelo utilizador 'ana_silva'.","ana_silva"
"1687","2026-07-13 18:48:54","ATENCAO","AUTENTICACAO","Falha na palavra-passe pelo utilizador 'api_gateway'.","api_gateway"
"1688","2026-07-13 18:48:54","INFO","AUTENTICACAO","Sessão expirada pelo utilizador 'admin'.","admin"
"1689","2026-07-13 18:48:54","INFO","AUTENTICACAO","Falha na palavra-passe pelo utilizador 'mauri'.","mauri"
"1690","2026-07-13 18:48:54","INFO","AUTENTICACAO","Falha na palavra-passe pelo utilizador 'ana_silva'.","ana_silva"
"1691","2026-07-13 18:48:54","CRITICO","AUTENTICACAO","Sessão expirada pelo utilizador 'admin'.","admin"
"1692","2026-07-13 18:48:54","ATENCAO","AUTENTICACAO","Sessão expirada pelo utilizador 'mauri'.","mauri"
"1693","2026-07-13 18:48:54","CRITICO","AUTENTICACAO","Tentativa de brute-force bloqueada pelo utilizador 'convidado_01'.","convidado_01"
"1694","2026-07-13 18:48:54","ATENCAO","AUTENTICACAO","Sessão expirada pelo utilizador 'admin'.","admin"
"1695","2026-07-13 18:48:54","INFO","AUTENTICACAO","Tentativa de brute-force bloqueada pelo utilizador 'mauri'.","mauri"
"1696","2026-07-13 18:48:54","CRITICO","AUTENTICACAO","Login efetuado com sucesso pelo utilizador 'api_gateway'.","api_gateway"
"1697","2026-07-13 18:48:54","ATENCAO","AUTENTICACAO","Sessão expirada pelo utilizador 'nuno_gomes'.","nuno_gomes"
"1698","2026-07-13 18:48:54","INFO","AUTENTICACAO","Sessão expirada pelo utilizador 'mauri'.","mauri"
"1699","2026-07-13 18:48:54","INFO","AUTENTICACAO","Falha na palavra-passe pelo utilizador 'gestor_seguranca'.","gestor_seguranca"
"1700","2026-07-13 18:48:54","ATENCAO","AUTENTICACAO","Falha na palavra-passe pelo utilizador 'admin'.","admin"
"1701","2026-07-13 18:48:54","INFO","AUTENTICACAO","Falha na palavra-passe pelo utilizador 'gestor_seguranca'.","gestor_seguranca"
"1702","2026-07-13 18:48:54","ATENCAO","AUTENTICACAO","Falha na palavra-passe pelo utilizador 'nuno_gomes'.","nuno_gomes"
"1703","2026-07-13 18:48:54","INFO","AUTENTICACAO","Falha na palavra-passe pelo utilizador 'api_gateway'.","api_gateway"
"1704","2026-07-13 18:48:54","INFO","AUTENTICACAO","Tentativa de brute-force bloqueada pelo utilizador 'admin'.","admin"
"1705","2026-07-13 18:48:54","ATENCAO","AUTENTICACAO","Login efetuado com sucesso pelo utilizador 'nuno_gomes'.","nuno_gomes"
"1706","2026-07-13 18:48:54","INFO","AUTENTICACAO","Falha na palavra-passe pelo utilizador 'mauri'.","mauri"
"1707","2026-07-13 18:48:54","INFO","AUTENTICACAO","Login efetuado com sucesso pelo utilizador 'admin'.","admin"
"1708","2026-07-13 18:48:54","INFO","AUTENTICACAO","Tentativa de brute-force bloqueada pelo utilizador 'nuno_gomes'.","nuno_gomes"
"1709","2026-07-13 18:48:54","CRITICO","AUTENTICACAO","Falha na palavra-passe pelo utilizador 'nuno_gomes'.","nuno_gomes"
"1710","2026-07-13 18:48:54","INFO","AUTENTICACAO","Sessão expirada pelo utilizador 'nuno_gomes'.","nuno_gomes"
"1711","2026-07-13 18:48:54","ATENCAO","AUTENTICACAO","Sessão expirada pelo utilizador 'ana_silva'.","ana_silva"
"1712","2026-07-13 18:48:54","CRITICO","AUTENTICACAO","Login efetuado com sucesso pelo utilizador 'ana_silva'.","ana_silva"
"1713","2026-07-13 18:48:54","ATENCAO","AUTENTICACAO","Login efetuado com sucesso pelo utilizador 'ana_silva'.","ana_silva"
"1714","2026-07-13 18:48:54","INFO","AUTENTICACAO","Login efetuado com sucesso pelo utilizador 'mauri'.","mauri"
"1715","2026-07-13 18:48:54","INFO","AUTENTICACAO","Login efetuado com sucesso pelo utilizador 'api_gateway'.","api_gateway"
"1716","2026-07-13 18:48:54","CRITICO","AUTENTICACAO","Login efetuado com sucesso pelo utilizador 'nuno_gomes'.","nuno_gomes"
"1717","2026-07-13 18:48:54","INFO","AUTENTICACAO","Login efetuado com sucesso pelo utilizador 'api_gateway'.","api_gateway"
"1718","2026-07-13 18:48:54","ATENCAO","AUTENTICACAO","Tentativa de brute-force bloqueada pelo utilizador 'gestor_seguranca'.","gestor_seguranca"
"1719","2026-07-13 18:48:54","INFO","AUTENTICACAO","Tentativa de brute-force bloqueada pelo utilizador 'convidado_01'.","convidado_01"
"1720","2026-07-13 18:48:54","CRITICO","AUTENTICACAO","Sessão expirada pelo utilizador 'admin'.","admin"
"1721","2026-07-13 18:48:54","ATENCAO","AUTENTICACAO","Login efetuado com sucesso pelo utilizador 'gestor_seguranca'.","gestor_seguranca"
"1722","2026-07-13 18:48:54","INFO","AUTENTICACAO","Sessão expirada pelo utilizador 'convidado_01'.","convidado_01"
"1723","2026-07-13 18:48:54","INFO","AUTENTICACAO","Tentativa de brute-force bloqueada pelo utilizador 'mauri'.","mauri"
"1724","2026-07-13 18:48:54","INFO","AUTENTICACAO","Tentativa de brute-force bloqueada pelo utilizador 'api_gateway'.","api_gateway"
"1725","2026-07-13 18:48:54","INFO","AUTENTICACAO","Sessão expirada pelo utilizador 'nuno_gomes'.","nuno_gomes"
"1726","2026-07-13 18:48:54","INFO","AUTENTICACAO","Login efetuado com sucesso pelo utilizador 'ana_silva'.","ana_silva"
"1727","2026-07-13 18:48:54","INFO","AUTENTICACAO","Login efetuado com sucesso pelo utilizador 'admin'.","admin"
"1728","2026-07-13 18:48:54","ATENCAO","AUTENTICACAO","Tentativa de brute-force bloqueada pelo utilizador 'admin'.","admin"
"1729","2026-07-13 18:48:54","ATENCAO","AUTENTICACAO","Tentativa de brute-force bloqueada pelo utilizador 'mauri'.","mauri"
"1730","2026-07-13 18:48:54","CRITICO","AUTENTICACAO","Falha na palavra-passe pelo utilizador 'nuno_gomes'.","nuno_gomes"
"1731","2026-07-13 18:48:54","INFO","AUTENTICACAO","Tentativa de brute-force bloqueada pelo utilizador 'gestor_seguranca'.","gestor_seguranca"
"1732","2026-07-13 18:48:54","INFO","AUTENTICACAO","Tentativa de brute-force bloqueada pelo utilizador 'convidado_01'.","convidado_01"
"1733","2026-07-13 18:48:54","INFO","AUTENTICACAO","Tentativa de brute-force bloqueada pelo utilizador 'convidado_01'.","convidado_01"
"1734","2026-07-13 18:48:54","INFO","AUTENTICACAO","Tentativa de brute-force bloqueada pelo utilizador 'mauri'.","mauri"
"1735","2026-07-13 18:48:54","INFO","AUTENTICACAO","Sessão expirada pelo utilizador 'api_gateway'.","api_gateway"
"1736","2026-07-13 18:48:54","INFO","AUTENTICACAO","Login efetuado com sucesso pelo utilizador 'ana_silva'.","ana_silva"
"1737","2026-07-13 18:48:54","CRITICO","AUTENTICACAO","Login efetuado com sucesso pelo utilizador 'api_gateway'.","api_gateway"
"1738","2026-07-13 18:48:54","ATENCAO","AUTENTICACAO","Tentativa de brute-force bloqueada pelo utilizador 'api_gateway'.","api_gateway"
"1739","2026-07-13 18:48:54","CRITICO","AUTENTICACAO","Falha na palavra-passe pelo utilizador 'api_gateway'.","api_gateway"
"1740","2026-07-13 18:48:54","INFO","AUTENTICACAO","Login efetuado com sucesso pelo utilizador 'convidado_01'.","convidado_01"
"1741","2026-07-13 18:48:54","INFO","AUTENTICACAO","Login efetuado com sucesso pelo utilizador 'convidado_01'.","convidado_01"
"1742","2026-07-13 18:48:54","INFO","AUTENTICACAO","Sessão expirada pelo utilizador 'api_gateway'.","api_gateway"
"1743","2026-07-13 18:48:54","INFO","AUTENTICACAO","Login efetuado com sucesso pelo utilizador 'api_gateway'.","api_gateway"
"1744","2026-07-13 18:48:54","ATENCAO","AUTENTICACAO","Sessão expirada pelo utilizador 'api_gateway'.","api_gateway"
"1745","2026-07-13 18:48:54","INFO","AUTENTICACAO","Tentativa de brute-force bloqueada pelo utilizador 'ana_silva'.","ana_silva"
"1746","2026-07-13 18:48:54","INFO","AUTENTICACAO","Login efetuado com sucesso pelo utilizador 'mauri'.","mauri"
"1747","2026-07-13 18:48:54","INFO","AUTENTICACAO","Sessão expirada pelo utilizador 'mauri'.","mauri"
"1748","2026-07-13 18:48:54","ATENCAO","AUTENTICACAO","Falha na palavra-passe pelo utilizador 'gestor_seguranca'.","gestor_seguranca"
"1749","2026-07-13 18:48:54","CRITICO","AUTENTICACAO","Tentativa de brute-force bloqueada pelo utilizador 'ana_silva'.","ana_silva"
"1750","2026-07-13 18:48:54","ATENCAO","AUTENTICACAO","Falha na palavra-passe pelo utilizador 'admin'.","admin"
"1751","2026-07-13 18:48:54","ATENCAO","AUTENTICACAO","Sessão expirada pelo utilizador 'gestor_seguranca'.","gestor_seguranca"
"1752","2026-07-13 18:48:54","INFO","AUTENTICACAO","Falha na palavra-passe pelo utilizador 'api_gateway'.","api_gateway"
"1753","2026-07-13 18:48:54","INFO","AUTENTICACAO","Login efetuado com sucesso pelo utilizador 'nuno_gomes'.","nuno_gomes"
"1754","2026-07-13 18:48:54","INFO","AUTENTICACAO","Falha na palavra-passe pelo utilizador 'ana_silva'.","ana_silva"
"1755","2026-07-13 18:48:54","INFO","AUTENTICACAO","Falha na palavra-passe pelo utilizador 'api_gateway'.","api_gateway"
"1756","2026-07-13 18:48:54","INFO","AUTENTICACAO","Tentativa de brute-force bloqueada pelo utilizador 'mauri'.","mauri"
"1757","2026-07-13 18:48:54","INFO","AUTENTICACAO","Sessão expirada pelo utilizador 'mauri'.","mauri"
"1758","2026-07-13 18:48:54","ATENCAO","AUTENTICACAO","Login efetuado com sucesso pelo utilizador 'mauri'.","mauri"
"1759","2026-07-13 18:48:54","INFO","AUTENTICACAO","Tentativa de brute-force bloqueada pelo utilizador 'nuno_gomes'.","nuno_gomes"
"1760","2026-07-13 18:48:54","INFO","AUTENTICACAO","Sessão expirada pelo utilizador 'convidado_01'.","convidado_01"
"1761","2026-07-13 18:48:54","INFO","AUTENTICACAO","Sessão expirada pelo utilizador 'admin'.","admin"
"1762","2026-07-13 18:48:54","CRITICO","AUTENTICACAO","Sessão expirada pelo utilizador 'ana_silva'.","ana_silva"
"1763","2026-07-13 18:48:54","CRITICO","AUTENTICACAO","Falha na palavra-passe pelo utilizador 'mauri'.","mauri"
"1764","2026-07-13 18:48:54","INFO","AUTENTICACAO","Login efetuado com sucesso pelo utilizador 'api_gateway'.","api_gateway"
"1765","2026-07-13 18:48:54","ATENCAO","AUTENTICACAO","Login efetuado com sucesso pelo utilizador 'nuno_gomes'.","nuno_gomes"
"1766","2026-07-13 18:48:54","INFO","AUTENTICACAO","Tentativa de brute-force bloqueada pelo utilizador 'admin'.","admin"
"1767","2026-07-13 18:48:54","INFO","AUTENTICACAO","Login efetuado com sucesso pelo utilizador 'ana_silva'.","ana_silva"
"1768","2026-07-13 18:48:54","ATENCAO","AUTENTICACAO","Login efetuado com sucesso pelo utilizador 'convidado_01'.","convidado_01"
"1769","2026-07-13 18:48:54","INFO","AUTENTICACAO","Sessão expirada pelo utilizador 'gestor_seguranca'.","gestor_seguranca"
"1770","2026-07-13 18:48:54","CRITICO","AUTENTICACAO","Tentativa de brute-force bloqueada pelo utilizador 'gestor_seguranca'.","gestor_seguranca"
"1771","2026-07-13 18:48:54","INFO","AUTENTICACAO","Sessão expirada pelo utilizador 'api_gateway'.","api_gateway"
"1772","2026-07-13 18:48:54","INFO","AUTENTICACAO","Sessão expirada pelo utilizador 'admin'.","admin"
"1773","2026-07-13 18:48:54","CRITICO","AUTENTICACAO","Login efetuado com sucesso pelo utilizador 'mauri'.","mauri"
"1774","2026-07-13 18:48:54","INFO","AUTENTICACAO","Tentativa de brute-force bloqueada pelo utilizador 'api_gateway'.","api_gateway"
"1775","2026-07-13 18:48:54","INFO","AUTENTICACAO","Login efetuado com sucesso pelo utilizador 'nuno_gomes'.","nuno_gomes"
"1776","2026-07-13 18:48:54","INFO","AUTENTICACAO","Sessão expirada pelo utilizador 'nuno_gomes'.","nuno_gomes"
"1777","2026-07-13 18:48:54","ATENCAO","AUTENTICACAO","Login efetuado com sucesso pelo utilizador 'mauri'.","mauri"
"1778","2026-07-13 18:48:54","INFO","AUTENTICACAO","Sessão expirada pelo utilizador 'ana_silva'.","ana_silva"
"1779","2026-07-13 18:48:54","ATENCAO","AUTENTICACAO","Falha na palavra-passe pelo utilizador 'gestor_seguranca'.","gestor_seguranca"
"1780","2026-07-13 18:48:54","CRITICO","AUTENTICACAO","Falha na palavra-passe pelo utilizador 'convidado_01'.","convidado_01"
"1781","2026-07-13 18:48:54","ATENCAO","AUTENTICACAO","Login efetuado com sucesso pelo utilizador 'nuno_gomes'.","nuno_gomes"
"1782","2026-07-13 18:48:54","INFO","AUTENTICACAO","Falha na palavra-passe pelo utilizador 'admin'.","admin"
"1783","2026-07-13 18:48:54","INFO","AUTENTICACAO","Falha na palavra-passe pelo utilizador 'gestor_seguranca'.","gestor_seguranca"
"1784","2026-07-13 18:48:54","INFO","AUTENTICACAO","Sessão expirada pelo utilizador 'api_gateway'.","api_gateway"
"1785","2026-07-13 18:48:54","CRITICO","AUTENTICACAO","Sessão expirada pelo utilizador 'convidado_01'.","convidado_01"
"1786","2026-07-13 18:48:54","INFO","AUTENTICACAO","Falha na palavra-passe pelo utilizador 'gestor_seguranca'.","gestor_seguranca"
"1787","2026-07-13 18:48:54","INFO","AUTENTICACAO","Tentativa de brute-force bloqueada pelo utilizador 'mauri'.","mauri"
"1788","2026-07-13 18:48:54","CRITICO","AUTENTICACAO","Sessão expirada pelo utilizador 'convidado_01'.","convidado_01"
"1789","2026-07-13 18:48:54","INFO","AUTENTICACAO","Falha na palavra-passe pelo utilizador 'admin'.","admin"
"1790","2026-07-13 18:48:54","ATENCAO","AUTENTICACAO","Sessão expirada pelo utilizador 'ana_silva'.","ana_silva"
"1791","2026-07-13 18:48:54","INFO","AUTENTICACAO","Tentativa de brute-force bloqueada pelo utilizador 'gestor_seguranca'.","gestor_seguranca"
"1792","2026-07-13 18:48:54","CRITICO","AUTENTICACAO","Sessão expirada pelo utilizador 'convidado_01'.","convidado_01"
"1793","2026-07-13 18:48:54","CRITICO","AUTENTICACAO","Login efetuado com sucesso pelo utilizador 'mauri'.","mauri"
"1794","2026-07-13 18:48:54","INFO","AUTENTICACAO","Tentativa de brute-force bloqueada pelo utilizador 'nuno_gomes'.","nuno_gomes"
"1795","2026-07-13 18:48:54","ATENCAO","AUTENTICACAO","Tentativa de brute-force bloqueada pelo utilizador 'api_gateway'.","api_gateway"
"1796","2026-07-13 18:48:54","INFO","AUTENTICACAO","Login efetuado com sucesso pelo utilizador 'api_gateway'.","api_gateway"
"1797","2026-07-13 18:48:54","INFO","AUTENTICACAO","Sessão expirada pelo utilizador 'api_gateway'.","api_gateway"
"1798","2026-07-13 18:48:54","INFO","AUTENTICACAO","Tentativa de brute-force bloqueada pelo utilizador 'admin'.","admin"
"1799","2026-07-13 18:48:54","INFO","AUTENTICACAO","Tentativa de brute-force bloqueada pelo utilizador 'nuno_gomes'.","nuno_gomes"
"1800","2026-07-13 18:48:54","INFO","AUTENTICACAO","Sessão expirada pelo utilizador 'nuno_gomes'.","nuno_gomes"
"1801","2026-07-13 18:48:54","CRITICO","AUTENTICACAO","Sessão expirada pelo utilizador 'ana_silva'.","ana_silva"
"1802","2026-07-13 18:48:54","INFO","AUTENTICACAO","Sessão expirada pelo utilizador 'convidado_01'.","convidado_01"
"1803","2026-07-13 18:48:54","INFO","AUTENTICACAO","Login efetuado com sucesso pelo utilizador 'nuno_gomes'.","nuno_gomes"
"1804","2026-07-13 18:48:54","INFO","AUTENTICACAO","Tentativa de brute-force bloqueada pelo utilizador 'convidado_01'.","convidado_01"
"1805","2026-07-13 18:48:54","INFO","AUTENTICACAO","Sessão expirada pelo utilizador 'admin'.","admin"
"1806","2026-07-13 18:48:54","INFO","AUTENTICACAO","Tentativa de brute-force bloqueada pelo utilizador 'convidado_01'.","convidado_01"
"1807","2026-07-13 18:48:54","INFO","AUTENTICACAO","Sessão expirada pelo utilizador 'convidado_01'.","convidado_01"
"1808","2026-07-13 18:48:54","INFO","AUTENTICACAO","Falha na palavra-passe pelo utilizador 'ana_silva'.","ana_silva"
"1809","2026-07-13 18:48:54","INFO","AUTENTICACAO","Falha na palavra-passe pelo utilizador 'nuno_gomes'.","nuno_gomes"
"1810","2026-07-13 18:48:54","INFO","AUTENTICACAO","Tentativa de brute-force bloqueada pelo utilizador 'nuno_gomes'.","nuno_gomes"
"1811","2026-07-13 18:48:54","ATENCAO","AUTENTICACAO","Login efetuado com sucesso pelo utilizador 'admin'.","admin"
"1812","2026-07-13 18:48:54","INFO","AUTENTICACAO","Login efetuado com sucesso pelo utilizador 'gestor_seguranca'.","gestor_seguranca"
"1813","2026-07-13 18:48:54","INFO","AUTENTICACAO","Falha na palavra-passe pelo utilizador 'mauri'.","mauri"
"1814","2026-07-13 18:48:54","INFO","AUTENTICACAO","Tentativa de brute-force bloqueada pelo utilizador 'api_gateway'.","api_gateway"
"1815","2026-07-13 18:48:54","INFO","AUTENTICACAO","Falha na palavra-passe pelo utilizador 'nuno_gomes'.","nuno_gomes"
"1816","2026-07-13 18:48:54","CRITICO","AUTENTICACAO","Login efetuado com sucesso pelo utilizador 'ana_silva'.","ana_silva"
"1817","2026-07-13 18:48:54","INFO","AUTENTICACAO","Falha na palavra-passe pelo utilizador 'nuno_gomes'.","nuno_gomes"
"1818","2026-07-13 18:48:54","ATENCAO","AUTENTICACAO","Sessão expirada pelo utilizador 'convidado_01'.","convidado_01"
"1819","2026-07-13 18:48:54","CRITICO","AUTENTICACAO","Sessão expirada pelo utilizador 'admin'.","admin"
"1820","2026-07-13 18:48:54","INFO","AUTENTICACAO","Tentativa de brute-force bloqueada pelo utilizador 'nuno_gomes'.","nuno_gomes"
"1821","2026-07-13 18:48:54","ATENCAO","AUTENTICACAO","Login efetuado com sucesso pelo utilizador 'convidado_01'.","convidado_01"
"1822","2026-07-13 18:48:54","INFO","AUTENTICACAO","Sessão expirada pelo utilizador 'api_gateway'.","api_gateway"
"1823","2026-07-13 18:48:54","INFO","AUTENTICACAO","Tentativa de brute-force bloqueada pelo utilizador 'gestor_seguranca'.","gestor_seguranca"
"1824","2026-07-13 18:48:54","INFO","AUTENTICACAO","Falha na palavra-passe pelo utilizador 'admin'.","admin"
"1825","2026-07-13 18:48:54","CRITICO","AUTENTICACAO","Falha na palavra-passe pelo utilizador 'mauri'.","mauri"
"1826","2026-07-13 18:48:54","ATENCAO","AUTENTICACAO","Tentativa de brute-force bloqueada pelo utilizador 'ana_silva'.","ana_silva"
"1827","2026-07-13 18:48:54","CRITICO","AUTENTICACAO","Login efetuado com sucesso pelo utilizador 'convidado_01'.","convidado_01"
"1828","2026-07-13 18:48:54","INFO","AUTENTICACAO","Sessão expirada pelo utilizador 'gestor_seguranca'.","gestor_seguranca"
"1829","2026-07-13 18:48:54","INFO","AUTENTICACAO","Falha na palavra-passe pelo utilizador 'api_gateway'.","api_gateway"
"1830","2026-07-13 18:48:54","INFO","AUTENTICACAO","Sessão expirada pelo utilizador 'gestor_seguranca'.","gestor_seguranca"
"1831","2026-07-13 18:48:54","INFO","AUTENTICACAO","Login efetuado com sucesso pelo utilizador 'api_gateway'.","api_gateway"
"1832","2026-07-13 18:48:54","CRITICO","AUTENTICACAO","Login efetuado com sucesso pelo utilizador 'gestor_seguranca'.","gestor_seguranca"
"1833","2026-07-13 18:48:54","INFO","AUTENTICACAO","Sessão expirada pelo utilizador 'api_gateway'.","api_gateway"
"1834","2026-07-13 18:48:54","INFO","AUTENTICACAO","Falha na palavra-passe pelo utilizador 'ana_silva'.","ana_silva"
"1835","2026-07-13 18:48:54","ATENCAO","AUTENTICACAO","Sessão expirada pelo utilizador 'gestor_seguranca'.","gestor_seguranca"
"1836","2026-07-13 18:48:54","INFO","AUTENTICACAO","Falha na palavra-passe pelo utilizador 'mauri'.","mauri"
"1837","2026-07-13 18:48:54","INFO","AUTENTICACAO","Tentativa de brute-force bloqueada pelo utilizador 'mauri'.","mauri"
"1838","2026-07-13 18:48:54","INFO","AUTENTICACAO","Sessão expirada pelo utilizador 'ana_silva'.","ana_silva"
"1839","2026-07-13 18:48:54","CRITICO","AUTENTICACAO","Tentativa de brute-force bloqueada pelo utilizador 'api_gateway'.","api_gateway"
"1840","2026-07-13 18:48:54","CRITICO","AUTENTICACAO","Tentativa de brute-force bloqueada pelo utilizador 'mauri'.","mauri"
"1841","2026-07-13 18:48:54","ATENCAO","AUTENTICACAO","Sessão expirada pelo utilizador 'ana_silva'.","ana_silva"
"1842","2026-07-13 18:48:54","INFO","AUTENTICACAO","Tentativa de brute-force bloqueada pelo utilizador 'ana_silva'.","ana_silva"
"1843","2026-07-13 18:48:54","INFO","AUTENTICACAO","Login efetuado com sucesso pelo utilizador 'ana_silva'.","ana_silva"
"1844","2026-07-13 18:48:54","INFO","AUTENTICACAO","Falha na palavra-passe pelo utilizador 'ana_silva'.","ana_silva"
"1845","2026-07-13 18:48:54","CRITICO","AUTENTICACAO","Login efetuado com sucesso pelo utilizador 'convidado_01'.","convidado_01"
"1846","2026-07-13 18:48:54","CRITICO","AUTENTICACAO","Falha na palavra-passe pelo utilizador 'ana_silva'.","ana_silva"
"1847","2026-07-13 18:48:54","INFO","AUTENTICACAO","Falha na palavra-passe pelo utilizador 'admin'.","admin"
"1848","2026-07-13 18:48:54","CRITICO","AUTENTICACAO","Login efetuado com sucesso pelo utilizador 'gestor_seguranca'.","gestor_seguranca"
"1849","2026-07-13 18:48:54","ATENCAO","AUTENTICACAO","Login efetuado com sucesso pelo utilizador 'admin'.","admin"
"1850","2026-07-13 18:48:54","INFO","AUTENTICACAO","Sessão expirada pelo utilizador 'admin'.","admin"
"1851","2026-07-13 18:48:54","INFO","AUTENTICACAO","Tentativa de brute-force bloqueada pelo utilizador 'nuno_gomes'.","nuno_gomes"
"1852","2026-07-13 18:48:54","CRITICO","AUTENTICACAO","Login efetuado com sucesso pelo utilizador 'mauri'.","mauri"
"1853","2026-07-13 18:48:54","INFO","AUTENTICACAO","Tentativa de brute-force bloqueada pelo utilizador 'mauri'.","mauri"
"1854","2026-07-13 18:48:54","ATENCAO","AUTENTICACAO","Falha na palavra-passe pelo utilizador 'ana_silva'.","ana_silva"
"1855","2026-07-13 18:48:54","ATENCAO","AUTENTICACAO","Login efetuado com sucesso pelo utilizador 'convidado_01'.","convidado_01"
"1856","2026-07-13 18:48:54","CRITICO","AUTENTICACAO","Login efetuado com sucesso pelo utilizador 'convidado_01'.","convidado_01"
"1857","2026-07-13 18:48:54","INFO","AUTENTICACAO","Tentativa de brute-force bloqueada pelo utilizador 'api_gateway'.","api_gateway"
"1858","2026-07-13 18:48:54","INFO","AUTENTICACAO","Sessão expirada pelo utilizador 'gestor_seguranca'.","gestor_seguranca"
"1859","2026-07-13 18:48:54","INFO","AUTENTICACAO","Sessão expirada pelo utilizador 'convidado_01'.","convidado_01"
"1860","2026-07-13 18:48:54","CRITICO","AUTENTICACAO","Sessão expirada pelo utilizador 'api_gateway'.","api_gateway"
"1861","2026-07-13 18:48:54","CRITICO","AUTENTICACAO","Login efetuado com sucesso pelo utilizador 'api_gateway'.","api_gateway"
"1862","2026-07-13 18:48:54","CRITICO","AUTENTICACAO","Falha na palavra-passe pelo utilizador 'admin'.","admin"
"1863","2026-07-13 18:48:54","INFO","AUTENTICACAO","Tentativa de brute-force bloqueada pelo utilizador 'api_gateway'.","api_gateway"
"1864","2026-07-13 18:48:54","ATENCAO","AUTENTICACAO","Login efetuado com sucesso pelo utilizador 'api_gateway'.","api_gateway"
"1865","2026-07-13 18:48:54","ATENCAO","AUTENTICACAO","Tentativa de brute-force bloqueada pelo utilizador 'gestor_seguranca'.","gestor_seguranca"
"1866","2026-07-13 18:48:54","CRITICO","AUTENTICACAO","Tentativa de brute-force bloqueada pelo utilizador 'mauri'.","mauri"
"1867","2026-07-13 18:48:54","INFO","AUTENTICACAO","Login efetuado com sucesso pelo utilizador 'convidado_01'.","convidado_01"
"1868","2026-07-13 18:48:54","ATENCAO","AUTENTICACAO","Tentativa de brute-force bloqueada pelo utilizador 'convidado_01'.","convidado_01"
"1869","2026-07-13 18:48:54","CRITICO","AUTENTICACAO","Login efetuado com sucesso pelo utilizador 'convidado_01'.","convidado_01"
"1870","2026-07-13 18:48:54","INFO","AUTENTICACAO","Falha na palavra-passe pelo utilizador 'ana_silva'.","ana_silva"
"1871","2026-07-13 18:48:54","INFO","AUTENTICACAO","Login efetuado com sucesso pelo utilizador 'admin'.","admin"
"1872","2026-07-13 18:48:54","INFO","AUTENTICACAO","Tentativa de brute-force bloqueada pelo utilizador 'convidado_01'.","convidado_01"
"1873","2026-07-13 18:48:54","INFO","AUTENTICACAO","Login efetuado com sucesso pelo utilizador 'gestor_seguranca'.","gestor_seguranca"
"1874","2026-07-13 18:48:54","ATENCAO","AUTENTICACAO","Sessão expirada pelo utilizador 'gestor_seguranca'.","gestor_seguranca"
"1875","2026-07-13 18:48:54","CRITICO","AUTENTICACAO","Sessão expirada pelo utilizador 'ana_silva'.","ana_silva"
"1876","2026-07-13 18:48:54","ATENCAO","AUTENTICACAO","Sessão expirada pelo utilizador 'convidado_01'.","convidado_01"
"1877","2026-07-13 18:48:54","ATENCAO","AUTENTICACAO","Falha na palavra-passe pelo utilizador 'ana_silva'.","ana_silva"
"1878","2026-07-13 18:48:54","INFO","AUTENTICACAO","Falha na palavra-passe pelo utilizador 'admin'.","admin"
"1879","2026-07-13 18:48:54","INFO","AUTENTICACAO","Falha na palavra-passe pelo utilizador 'convidado_01'.","convidado_01"
"1880","2026-07-13 18:48:54","CRITICO","AUTENTICACAO","Sessão expirada pelo utilizador 'gestor_seguranca'.","gestor_seguranca"
"1881","2026-07-13 18:48:54","INFO","AUTENTICACAO","Tentativa de brute-force bloqueada pelo utilizador 'admin'.","admin"
"1882","2026-07-13 18:48:54","INFO","AUTENTICACAO","Sessão expirada pelo utilizador 'convidado_01'.","convidado_01"
"1883","2026-07-13 18:48:54","CRITICO","AUTENTICACAO","Login efetuado com sucesso pelo utilizador 'convidado_01'.","convidado_01"
"1884","2026-07-13 18:48:54","CRITICO","AUTENTICACAO","Login efetuado com sucesso pelo utilizador 'admin'.","admin"
"1885","2026-07-13 18:48:54","ATENCAO","AUTENTICACAO","Falha na palavra-passe pelo utilizador 'ana_silva'.","ana_silva"
"1886","2026-07-13 18:48:54","ATENCAO","AUTENTICACAO","Falha na palavra-passe pelo utilizador 'admin'.","admin"
"1887","2026-07-13 18:48:54","INFO","AUTENTICACAO","Login efetuado com sucesso pelo utilizador 'admin'.","admin"
"1888","2026-07-13 18:48:54","CRITICO","AUTENTICACAO","Sessão expirada pelo utilizador 'convidado_01'.","convidado_01"
"1889","2026-07-13 18:48:54","INFO","AUTENTICACAO","Sessão expirada pelo utilizador 'admin'.","admin"
"1890","2026-07-13 18:48:54","ATENCAO","AUTENTICACAO","Tentativa de brute-force bloqueada pelo utilizador 'api_gateway'.","api_gateway"
"1891","2026-07-13 18:48:54","INFO","AUTENTICACAO","Sessão expirada pelo utilizador 'mauri'.","mauri"
"1892","2026-07-13 18:48:54","INFO","AUTENTICACAO","Sessão expirada pelo utilizador 'api_gateway'.","api_gateway"
"1893","2026-07-13 18:48:54","INFO","AUTENTICACAO","Tentativa de brute-force bloqueada pelo utilizador 'nuno_gomes'.","nuno_gomes"
"1894","2026-07-13 18:48:54","INFO","AUTENTICACAO","Tentativa de brute-force bloqueada pelo utilizador 'mauri'.","mauri"
"1895","2026-07-13 18:48:54","INFO","AUTENTICACAO","Login efetuado com sucesso pelo utilizador 'convidado_01'.","convidado_01"
"1896","2026-07-13 18:48:54","CRITICO","AUTENTICACAO","Falha na palavra-passe pelo utilizador 'mauri'.","mauri"
"1897","2026-07-13 18:48:54","CRITICO","AUTENTICACAO","Sessão expirada pelo utilizador 'nuno_gomes'.","nuno_gomes"
"1898","2026-07-13 18:48:54","INFO","AUTENTICACAO","Falha na palavra-passe pelo utilizador 'mauri'.","mauri"
"1899","2026-07-13 18:48:54","INFO","AUTENTICACAO","Sessão expirada pelo utilizador 'convidado_01'.","convidado_01"
"1900","2026-07-13 18:48:54","INFO","AUTENTICACAO","Tentativa de brute-force bloqueada pelo utilizador 'mauri'.","mauri"
"1901","2026-07-13 18:48:54","INFO","AUTENTICACAO","Falha na palavra-passe pelo utilizador 'gestor_seguranca'.","gestor_seguranca"
"1902","2026-07-13 18:48:54","INFO","AUTENTICACAO","Login efetuado com sucesso pelo utilizador 'api_gateway'.","api_gateway"
"1903","2026-07-13 18:48:54","INFO","AUTENTICACAO","Tentativa de brute-force bloqueada pelo utilizador 'mauri'.","mauri"
"1904","2026-07-13 18:48:54","INFO","AUTENTICACAO","Login efetuado com sucesso pelo utilizador 'gestor_seguranca'.","gestor_seguranca"
"1905","2026-07-13 18:48:54","INFO","AUTENTICACAO","Falha na palavra-passe pelo utilizador 'admin'.","admin"
"1906","2026-07-13 18:48:54","INFO","AUTENTICACAO","Sessão expirada pelo utilizador 'gestor_seguranca'.","gestor_seguranca"
"1907","2026-07-13 18:48:54","INFO","AUTENTICACAO","Login efetuado com sucesso pelo utilizador 'mauri'.","mauri"
"1908","2026-07-13 18:48:54","ATENCAO","AUTENTICACAO","Falha na palavra-passe pelo utilizador 'nuno_gomes'.","nuno_gomes"
"1909","2026-07-13 18:48:54","ATENCAO","AUTENTICACAO","Tentativa de brute-force bloqueada pelo utilizador 'gestor_seguranca'.","gestor_seguranca"
"1910","2026-07-13 18:48:54","CRITICO","AUTENTICACAO","Tentativa de brute-force bloqueada pelo utilizador 'ana_silva'.","ana_silva"
"1911","2026-07-13 18:48:54","INFO","AUTENTICACAO","Login efetuado com sucesso pelo utilizador 'gestor_seguranca'.","gestor_seguranca"
"1912","2026-07-13 18:48:54","INFO","AUTENTICACAO","Falha na palavra-passe pelo utilizador 'admin'.","admin"
"1913","2026-07-13 18:48:54","CRITICO","AUTENTICACAO","Falha na palavra-passe pelo utilizador 'admin'.","admin"
"1914","2026-07-13 18:48:54","ATENCAO","AUTENTICACAO","Falha na palavra-passe pelo utilizador 'convidado_01'.","convidado_01"
"1915","2026-07-13 18:48:54","INFO","AUTENTICACAO","Sessão expirada pelo utilizador 'mauri'.","mauri"
"1916","2026-07-13 18:48:54","INFO","AUTENTICACAO","Sessão expirada pelo utilizador 'convidado_01'.","convidado_01"
"1917","2026-07-13 18:48:54","INFO","AUTENTICACAO","Sessão expirada pelo utilizador 'gestor_seguranca'.","gestor_seguranca"
"1918","2026-07-13 18:48:54","ATENCAO","AUTENTICACAO","Falha na palavra-passe pelo utilizador 'admin'.","admin"
"1919","2026-07-13 18:48:54","INFO","AUTENTICACAO","Sessão expirada pelo utilizador 'mauri'.","mauri"
"1920","2026-07-13 18:48:54","INFO","AUTENTICACAO","Tentativa de brute-force bloqueada pelo utilizador 'ana_silva'.","ana_silva"
"1921","2026-07-13 18:48:54","CRITICO","AUTENTICACAO","Login efetuado com sucesso pelo utilizador 'api_gateway'.","api_gateway"
"1922","2026-07-13 18:48:54","ATENCAO","AUTENTICACAO","Sessão expirada pelo utilizador 'nuno_gomes'.","nuno_gomes"
"1923","2026-07-13 18:48:54","INFO","AUTENTICACAO","Sessão expirada pelo utilizador 'gestor_seguranca'.","gestor_seguranca"
"1924","2026-07-13 18:48:54","INFO","AUTENTICACAO","Tentativa de brute-force bloqueada pelo utilizador 'ana_silva'.","ana_silva"
"1925","2026-07-13 18:48:54","INFO","AUTENTICACAO","Falha na palavra-passe pelo utilizador 'admin'.","admin"
"1926","2026-07-13 18:48:54","INFO","AUTENTICACAO","Login efetuado com sucesso pelo utilizador 'api_gateway'.","api_gateway"
"1927","2026-07-13 18:48:54","ATENCAO","AUTENTICACAO","Sessão expirada pelo utilizador 'nuno_gomes'.","nuno_gomes"
"1928","2026-07-13 18:48:54","INFO","AUTENTICACAO","Tentativa de brute-force bloqueada pelo utilizador 'api_gateway'.","api_gateway"
"1929","2026-07-13 18:48:54","INFO","AUTENTICACAO","Tentativa de brute-force bloqueada pelo utilizador 'gestor_seguranca'.","gestor_seguranca"
"1930","2026-07-13 18:48:54","ATENCAO","AUTENTICACAO","Tentativa de brute-force bloqueada pelo utilizador 'mauri'.","mauri"
"1931","2026-07-13 18:48:54","INFO","AUTENTICACAO","Falha na palavra-passe pelo utilizador 'mauri'.","mauri"
"1932","2026-07-13 18:48:54","INFO","AUTENTICACAO","Falha na palavra-passe pelo utilizador 'convidado_01'.","convidado_01"
"1933","2026-07-13 18:48:54","INFO","AUTENTICACAO","Falha na palavra-passe pelo utilizador 'mauri'.","mauri"
"1934","2026-07-13 18:48:54","ATENCAO","AUTENTICACAO","Tentativa de brute-force bloqueada pelo utilizador 'mauri'.","mauri"
"1935","2026-07-13 18:48:54","CRITICO","AUTENTICACAO","Login efetuado com sucesso pelo utilizador 'api_gateway'.","api_gateway"
"1936","2026-07-13 18:48:54","INFO","AUTENTICACAO","Sessão expirada pelo utilizador 'api_gateway'.","api_gateway"
"1937","2026-07-13 18:48:54","INFO","AUTENTICACAO","Login efetuado com sucesso pelo utilizador 'nuno_gomes'.","nuno_gomes"
"1938","2026-07-13 18:48:54","CRITICO","AUTENTICACAO","Sessão expirada pelo utilizador 'ana_silva'.","ana_silva"
"1939","2026-07-13 18:48:54","INFO","AUTENTICACAO","Login efetuado com sucesso pelo utilizador 'nuno_gomes'.","nuno_gomes"
"1940","2026-07-13 18:48:54","CRITICO","AUTENTICACAO","Falha na palavra-passe pelo utilizador 'api_gateway'.","api_gateway"
"1941","2026-07-13 18:48:54","ATENCAO","AUTENTICACAO","Login efetuado com sucesso pelo utilizador 'convidado_01'.","convidado_01"
"1942","2026-07-13 18:48:54","INFO","AUTENTICACAO","Tentativa de brute-force bloqueada pelo utilizador 'ana_silva'.","ana_silva"
"1943","2026-07-13 18:48:54","INFO","AUTENTICACAO","Sessão expirada pelo utilizador 'nuno_gomes'.","nuno_gomes"
"1944","2026-07-13 18:48:54","CRITICO","AUTENTICACAO","Login efetuado com sucesso pelo utilizador 'mauri'.","mauri"
"1945","2026-07-13 18:48:54","ATENCAO","AUTENTICACAO","Sessão expirada pelo utilizador 'gestor_seguranca'.","gestor_seguranca"
"1946","2026-07-13 18:48:54","INFO","AUTENTICACAO","Falha na palavra-passe pelo utilizador 'gestor_seguranca'.","gestor_seguranca"
"1947","2026-07-13 18:48:54","ATENCAO","AUTENTICACAO","Tentativa de brute-force bloqueada pelo utilizador 'nuno_gomes'.","nuno_gomes"
"1948","2026-07-13 18:48:54","INFO","AUTENTICACAO","Falha na palavra-passe pelo utilizador 'api_gateway'.","api_gateway"
"1949","2026-07-13 18:48:54","CRITICO","AUTENTICACAO","Falha na palavra-passe pelo utilizador 'mauri'.","mauri"
"1950","2026-07-13 18:48:54","INFO","AUTENTICACAO","Falha na palavra-passe pelo utilizador 'ana_silva'.","ana_silva"
"1951","2026-07-13 18:48:54","INFO","AUTENTICACAO","Login efetuado com sucesso pelo utilizador 'gestor_seguranca'.","gestor_seguranca"
"1952","2026-07-13 18:48:54","CRITICO","AUTENTICACAO","Falha na palavra-passe pelo utilizador 'nuno_gomes'.","nuno_gomes"
"1953","2026-07-13 18:48:54","INFO","AUTENTICACAO","Tentativa de brute-force bloqueada pelo utilizador 'gestor_seguranca'.","gestor_seguranca"
"1954","2026-07-13 18:48:54","CRITICO","AUTENTICACAO","Falha na palavra-passe pelo utilizador 'gestor_seguranca'.","gestor_seguranca"
"1955","2026-07-13 18:48:54","CRITICO","AUTENTICACAO","Falha na palavra-passe pelo utilizador 'mauri'.","mauri"
"1956","2026-07-13 18:48:54","ATENCAO","AUTENTICACAO","Sessão expirada pelo utilizador 'mauri'.","mauri"
"1957","2026-07-13 18:48:54","INFO","AUTENTICACAO","Tentativa de brute-force bloqueada pelo utilizador 'convidado_01'.","convidado_01"
"1958","2026-07-13 18:48:54","INFO","AUTENTICACAO","Tentativa de brute-force bloqueada pelo utilizador 'api_gateway'.","api_gateway"
"1959","2026-07-13 18:48:54","INFO","AUTENTICACAO","Tentativa de brute-force bloqueada pelo utilizador 'api_gateway'.","api_gateway"
"1960","2026-07-13 18:48:54","ATENCAO","AUTENTICACAO","Falha na palavra-passe pelo utilizador 'admin'.","admin"
"1961","2026-07-13 18:48:54","CRITICO","AUTENTICACAO","Falha na palavra-passe pelo utilizador 'gestor_seguranca'.","gestor_seguranca"
"1962","2026-07-13 18:48:54","INFO","AUTENTICACAO","Sessão expirada pelo utilizador 'admin'.","admin"
"1963","2026-07-13 18:48:54","INFO","AUTENTICACAO","Login efetuado com sucesso pelo utilizador 'mauri'.","mauri"
"1964","2026-07-13 18:48:54","CRITICO","AUTENTICACAO","Sessão expirada pelo utilizador 'admin'.","admin"
"1965","2026-07-13 18:48:54","INFO","AUTENTICACAO","Tentativa de brute-force bloqueada pelo utilizador 'nuno_gomes'.","nuno_gomes"
"1966","2026-07-13 18:48:54","INFO","AUTENTICACAO","Login efetuado com sucesso pelo utilizador 'mauri'.","mauri"
"1967","2026-07-13 18:48:54","INFO","AUTENTICACAO","Tentativa de brute-force bloqueada pelo utilizador 'admin'.","admin"
"1968","2026-07-13 18:48:54","INFO","AUTENTICACAO","Sessão expirada pelo utilizador 'nuno_gomes'.","nuno_gomes"
"1969","2026-07-13 18:48:54","CRITICO","AUTENTICACAO","Sessão expirada pelo utilizador 'convidado_01'.","convidado_01"
"1970","2026-07-13 18:48:54","INFO","AUTENTICACAO","Login efetuado com sucesso pelo utilizador 'admin'.","admin"
"1971","2026-07-13 18:48:54","ATENCAO","AUTENTICACAO","Falha na palavra-passe pelo utilizador 'api_gateway'.","api_gateway"
"1972","2026-07-13 18:48:54","INFO","AUTENTICACAO","Tentativa de brute-force bloqueada pelo utilizador 'mauri'.","mauri"
"1973","2026-07-13 18:48:54","INFO","AUTENTICACAO","Sessão expirada pelo utilizador 'ana_silva'.","ana_silva"
"1974","2026-07-13 18:48:54","CRITICO","AUTENTICACAO","Sessão expirada pelo utilizador 'nuno_gomes'.","nuno_gomes"
"1975","2026-07-13 18:48:54","CRITICO","AUTENTICACAO","Login efetuado com sucesso pelo utilizador 'nuno_gomes'.","nuno_gomes"
"1976","2026-07-13 18:48:54","INFO","AUTENTICACAO","Login efetuado com sucesso pelo utilizador 'api_gateway'.","api_gateway"
"1977","2026-07-13 18:48:54","ATENCAO","AUTENTICACAO","Tentativa de brute-force bloqueada pelo utilizador 'api_gateway'.","api_gateway"
"1978","2026-07-13 18:48:54","INFO","AUTENTICACAO","Tentativa de brute-force bloqueada pelo utilizador 'admin'.","admin"
"1979","2026-07-13 18:48:54","INFO","AUTENTICACAO","Sessão expirada pelo utilizador 'mauri'.","mauri"
"1980","2026-07-13 18:48:54","INFO","AUTENTICACAO","Falha na palavra-passe pelo utilizador 'admin'.","admin"
"1981","2026-07-13 18:48:54","INFO","AUTENTICACAO","Tentativa de brute-force bloqueada pelo utilizador 'ana_silva'.","ana_silva"
"1982","2026-07-13 18:48:54","ATENCAO","AUTENTICACAO","Sessão expirada pelo utilizador 'gestor_seguranca'.","gestor_seguranca"
"1983","2026-07-13 18:48:54","INFO","AUTENTICACAO","Sessão expirada pelo utilizador 'ana_silva'.","ana_silva"
"1984","2026-07-13 18:48:54","INFO","AUTENTICACAO","Falha na palavra-passe pelo utilizador 'admin'.","admin"
"1985","2026-07-13 18:48:54","INFO","AUTENTICACAO","Falha na palavra-passe pelo utilizador 'nuno_gomes'.","nuno_gomes"
"1986","2026-07-13 18:48:54","CRITICO","AUTENTICACAO","Tentativa de brute-force bloqueada pelo utilizador 'ana_silva'.","ana_silva"
"1987","2026-07-13 18:48:54","ATENCAO","AUTENTICACAO","Tentativa de brute-force bloqueada pelo utilizador 'ana_silva'.","ana_silva"
"1988","2026-07-13 18:48:54","INFO","AUTENTICACAO","Sessão expirada pelo utilizador 'admin'.","admin"
"1989","2026-07-13 18:48:54","INFO","AUTENTICACAO","Falha na palavra-passe pelo utilizador 'admin'.","admin"
"1990","2026-07-13 18:48:54","INFO","AUTENTICACAO","Sessão expirada pelo utilizador 'admin'.","admin"
"1991","2026-07-13 18:48:54","INFO","AUTENTICACAO","Login efetuado com sucesso pelo utilizador 'convidado_01'.","convidado_01"
"1992","2026-07-13 18:48:54","ATENCAO","AUTENTICACAO","Login efetuado com sucesso pelo utilizador 'api_gateway'.","api_gateway"
"1993","2026-07-13 18:48:54","INFO","AUTENTICACAO","Sessão expirada pelo utilizador 'ana_silva'.","ana_silva"
"1994","2026-07-13 18:48:54","INFO","AUTENTICACAO","Login efetuado com sucesso pelo utilizador 'ana_silva'.","ana_silva"
"1995","2026-07-13 18:48:54","CRITICO","AUTENTICACAO","Tentativa de brute-force bloqueada pelo utilizador 'convidado_01'.","convidado_01"
"1996","2026-07-13 18:48:54","INFO","AUTENTICACAO","Sessão expirada pelo utilizador 'gestor_seguranca'.","gestor_seguranca"
"1997","2026-07-13 18:48:54","INFO","AUTENTICACAO","Tentativa de brute-force bloqueada pelo utilizador 'api_gateway'.","api_gateway"
"1998","2026-07-13 18:48:54","ATENCAO","AUTENTICACAO","Sessão expirada pelo utilizador 'nuno_gomes'.","nuno_gomes"
"1999","2026-07-13 18:48:54","INFO","AUTENTICACAO","Tentativa de brute-force bloqueada pelo utilizador 'gestor_seguranca'.","gestor_seguranca"
"2000","2026-07-13 18:48:54","INFO","AUTENTICACAO","Falha na palavra-passe pelo utilizador 'nuno_gomes'.","nuno_gomes"
"2001","2026-07-13 18:48:54","INFO","AUTENTICACAO","Falha na palavra-passe pelo utilizador 'convidado_01'.","convidado_01"
"2002","2026-07-13 18:48:54","INFO","AUTENTICACAO","Sessão expirada pelo utilizador 'admin'.","admin"
"2003","2026-07-13 18:48:54","CRITICO","AUTENTICACAO","Sessão expirada pelo utilizador 'api_gateway'.","api_gateway"
"2004","2026-07-13 18:48:54","INFO","AUTENTICACAO","Sessão expirada pelo utilizador 'admin'.","admin"
"2005","2026-07-13 18:48:54","INFO","AUTENTICACAO","Sessão expirada pelo utilizador 'mauri'.","mauri"
"2006","2026-07-13 18:48:54","INFO","AUTENTICACAO","Tentativa de brute-force bloqueada pelo utilizador 'gestor_seguranca'.","gestor_seguranca"
"2007","2026-07-13 18:48:54","INFO","AUTENTICACAO","Falha na palavra-passe pelo utilizador 'gestor_seguranca'.","gestor_seguranca"
"2008","2026-07-13 18:48:54","INFO","AUTENTICACAO","Login efetuado com sucesso pelo utilizador 'admin'.","admin"
"2009","2026-07-13 18:48:54","INFO","AUTENTICACAO","Falha na palavra-passe pelo utilizador 'admin'.","admin"
"2010","2026-07-13 18:48:54","CRITICO","AUTENTICACAO","Sessão expirada pelo utilizador 'api_gateway'.","api_gateway"
"2011","2026-07-13 18:48:54","INFO","AUTENTICACAO","Login efetuado com sucesso pelo utilizador 'mauri'.","mauri"
"2012","2026-07-13 18:48:54","INFO","AUTENTICACAO","Tentativa de brute-force bloqueada pelo utilizador 'api_gateway'.","api_gateway"
"2013","2026-07-13 18:48:54","INFO","AUTENTICACAO","Falha na palavra-passe pelo utilizador 'ana_silva'.","ana_silva"
"2014","2026-07-13 18:48:54","ATENCAO","AUTENTICACAO","Login efetuado com sucesso pelo utilizador 'gestor_seguranca'.","gestor_seguranca"
"2015","2026-07-13 18:48:54","INFO","AUTENTICACAO","Tentativa de brute-force bloqueada pelo utilizador 'api_gateway'.","api_gateway"
"2016","2026-07-13 18:48:54","INFO","AUTENTICACAO","Login efetuado com sucesso pelo utilizador 'convidado_01'.","convidado_01"
"2017","2026-07-13 18:48:54","INFO","AUTENTICACAO","Falha na palavra-passe pelo utilizador 'mauri'.","mauri"
"2018","2026-07-13 18:48:54","INFO","AUTENTICACAO","Login efetuado com sucesso pelo utilizador 'ana_silva'.","ana_silva"
"2019","2026-07-13 18:48:54","INFO","AUTENTICACAO","Sessão expirada pelo utilizador 'api_gateway'.","api_gateway"
"2020","2026-07-13 18:48:54","ATENCAO","AUTENTICACAO","Tentativa de brute-force bloqueada pelo utilizador 'admin'.","admin"
"2021","2026-07-13 18:48:54","INFO","AUTENTICACAO","Tentativa de brute-force bloqueada pelo utilizador 'nuno_gomes'.","nuno_gomes"
"2022","2026-07-13 18:48:54","ATENCAO","AUTENTICACAO","Login efetuado com sucesso pelo utilizador 'nuno_gomes'.","nuno_gomes"
"2023","2026-07-13 18:48:54","INFO","AUTENTICACAO","Tentativa de brute-force bloqueada pelo utilizador 'gestor_seguranca'.","gestor_seguranca"
"2024","2026-07-13 18:48:54","INFO","AUTENTICACAO","Falha na palavra-passe pelo utilizador 'gestor_seguranca'.","gestor_seguranca"
"2025","2026-07-13 18:48:54","INFO","AUTENTICACAO","Falha na palavra-passe pelo utilizador 'gestor_seguranca'.","gestor_seguranca"
"2026","2026-07-13 18:48:54","INFO","AUTENTICACAO","Login efetuado com sucesso pelo utilizador 'gestor_seguranca'.","gestor_seguranca"
"2027","2026-07-13 18:48:54","INFO","AUTENTICACAO","Login efetuado com sucesso pelo utilizador 'convidado_01'.","convidado_01"
"2028","2026-07-13 18:48:54","CRITICO","AUTENTICACAO","Login efetuado com sucesso pelo utilizador 'mauri'.","mauri"
"2029","2026-07-13 18:48:54","INFO","AUTENTICACAO","Sessão expirada pelo utilizador 'convidado_01'.","convidado_01"
"2030","2026-07-13 18:48:54","INFO","AUTENTICACAO","Login efetuado com sucesso pelo utilizador 'ana_silva'.","ana_silva"
"2031","2026-07-13 18:48:54","INFO","AUTENTICACAO","Tentativa de brute-force bloqueada pelo utilizador 'ana_silva'.","ana_silva"
"2032","2026-07-13 18:48:54","CRITICO","AUTENTICACAO","Login efetuado com sucesso pelo utilizador 'ana_silva'.","ana_silva"
"2033","2026-07-13 18:48:54","INFO","AUTENTICACAO","Falha na palavra-passe pelo utilizador 'nuno_gomes'.","nuno_gomes"
"2034","2026-07-13 18:48:54","INFO","AUTENTICACAO","Login efetuado com sucesso pelo utilizador 'ana_silva'.","ana_silva"
"2035","2026-07-13 18:48:54","INFO","AUTENTICACAO","Tentativa de brute-force bloqueada pelo utilizador 'admin'.","admin"
"2036","2026-07-13 18:48:54","INFO","AUTENTICACAO","Falha na palavra-passe pelo utilizador 'admin'.","admin"
"2037","2026-07-13 18:48:54","INFO","AUTENTICACAO","Login efetuado com sucesso pelo utilizador 'admin'.","admin"
"2038","2026-07-13 18:48:54","ATENCAO","AUTENTICACAO","Login efetuado com sucesso pelo utilizador 'nuno_gomes'.","nuno_gomes"
"2039","2026-07-13 18:48:54","INFO","AUTENTICACAO","Tentativa de brute-force bloqueada pelo utilizador 'nuno_gomes'.","nuno_gomes"
"2040","2026-07-13 18:48:54","ATENCAO","AUTENTICACAO","Tentativa de brute-force bloqueada pelo utilizador 'ana_silva'.","ana_silva"
"2041","2026-07-13 18:48:54","INFO","AUTENTICACAO","Login efetuado com sucesso pelo utilizador 'gestor_seguranca'.","gestor_seguranca"
"2042","2026-07-13 18:48:54","ATENCAO","AUTENTICACAO","Sessão expirada pelo utilizador 'gestor_seguranca'.","gestor_seguranca"
"2043","2026-07-13 18:48:54","INFO","AUTENTICACAO","Tentativa de brute-force bloqueada pelo utilizador 'ana_silva'.","ana_silva"
"2044","2026-07-13 18:48:54","INFO","AUTENTICACAO","Sessão expirada pelo utilizador 'api_gateway'.","api_gateway"
"2045","2026-07-13 18:48:54","INFO","AUTENTICACAO","Falha na palavra-passe pelo utilizador 'gestor_seguranca'.","gestor_seguranca"
"2046","2026-07-13 18:48:54","CRITICO","AUTENTICACAO","Tentativa de brute-force bloqueada pelo utilizador 'ana_silva'.","ana_silva"
"2047","2026-07-13 18:48:54","INFO","AUTENTICACAO","Sessão expirada pelo utilizador 'ana_silva'.","ana_silva"
"2048","2026-07-13 18:48:54","CRITICO","AUTENTICACAO","Falha na palavra-passe pelo utilizador 'admin'.","admin"
"2049","2026-07-13 18:48:54","CRITICO","AUTENTICACAO","Falha na palavra-passe pelo utilizador 'convidado_01'.","convidado_01"
"2050","2026-07-13 18:48:54","INFO","AUTENTICACAO","Falha na palavra-passe pelo utilizador 'mauri'.","mauri"
"2051","2026-07-13 18:48:54","ATENCAO","AUTENTICACAO","Tentativa de brute-force bloqueada pelo utilizador 'nuno_gomes'.","nuno_gomes"
"2052","2026-07-13 18:48:54","CRITICO","AUTENTICACAO","Falha na palavra-passe pelo utilizador 'convidado_01'.","convidado_01"
"2053","2026-07-13 18:48:54","INFO","AUTENTICACAO","Tentativa de brute-force bloqueada pelo utilizador 'mauri'.","mauri"
"2054","2026-07-13 18:48:54","ATENCAO","AUTENTICACAO","Falha na palavra-passe pelo utilizador 'api_gateway'.","api_gateway"
"2055","2026-07-13 18:48:54","CRITICO","AUTENTICACAO","Sessão expirada pelo utilizador 'api_gateway'.","api_gateway"
"2056","2026-07-13 18:48:54","CRITICO","AUTENTICACAO","Tentativa de brute-force bloqueada pelo utilizador 'admin'.","admin"
"2057","2026-07-13 18:48:54","ATENCAO","AUTENTICACAO","Login efetuado com sucesso pelo utilizador 'api_gateway'.","api_gateway"
"2058","2026-07-13 18:48:54","CRITICO","AUTENTICACAO","Login efetuado com sucesso pelo utilizador 'mauri'.","mauri"
"2059","2026-07-13 18:48:54","CRITICO","AUTENTICACAO","Sessão expirada pelo utilizador 'admin'.","admin"
"2060","2026-07-13 18:48:54","INFO","AUTENTICACAO","Sessão expirada pelo utilizador 'ana_silva'.","ana_silva"
"2061","2026-07-13 18:48:54","ATENCAO","AUTENTICACAO","Falha na palavra-passe pelo utilizador 'admin'.","admin"
"2062","2026-07-13 18:48:54","INFO","AUTENTICACAO","Falha na palavra-passe pelo utilizador 'nuno_gomes'.","nuno_gomes"
"2063","2026-07-13 18:48:54","INFO","AUTENTICACAO","Login efetuado com sucesso pelo utilizador 'mauri'.","mauri"
"2064","2026-07-13 18:48:54","ATENCAO","AUTENTICACAO","Login efetuado com sucesso pelo utilizador 'convidado_01'.","convidado_01"
"2065","2026-07-13 18:48:54","CRITICO","AUTENTICACAO","Login efetuado com sucesso pelo utilizador 'gestor_seguranca'.","gestor_seguranca"
"2066","2026-07-13 18:48:54","ATENCAO","AUTENTICACAO","Falha na palavra-passe pelo utilizador 'ana_silva'.","ana_silva"
"2067","2026-07-13 18:48:54","INFO","AUTENTICACAO","Tentativa de brute-force bloqueada pelo utilizador 'ana_silva'.","ana_silva"
"2068","2026-07-13 18:48:54","ATENCAO","AUTENTICACAO","Falha na palavra-passe pelo utilizador 'ana_silva'.","ana_silva"
"2069","2026-07-13 18:48:54","INFO","AUTENTICACAO","Falha na palavra-passe pelo utilizador 'nuno_gomes'.","nuno_gomes"
"2070","2026-07-13 18:48:54","INFO","AUTENTICACAO","Login efetuado com sucesso pelo utilizador 'convidado_01'.","convidado_01"
"2071","2026-07-13 18:48:54","CRITICO","AUTENTICACAO","Sessão expirada pelo utilizador 'api_gateway'.","api_gateway"
"2072","2026-07-13 18:48:54","ATENCAO","AUTENTICACAO","Falha na palavra-passe pelo utilizador 'admin'.","admin"
"2073","2026-07-13 18:48:54","ATENCAO","AUTENTICACAO","Sessão expirada pelo utilizador 'gestor_seguranca'.","gestor_seguranca"
"2074","2026-07-13 18:48:54","INFO","AUTENTICACAO","Login efetuado com sucesso pelo utilizador 'mauri'.","mauri"
"2075","2026-07-13 18:48:54","INFO","AUTENTICACAO","Login efetuado com sucesso pelo utilizador 'gestor_seguranca'.","gestor_seguranca"
"2076","2026-07-13 18:48:54","ATENCAO","AUTENTICACAO","Tentativa de brute-force bloqueada pelo utilizador 'ana_silva'.","ana_silva"
"2077","2026-07-13 18:48:54","INFO","AUTENTICACAO","Falha na palavra-passe pelo utilizador 'ana_silva'.","ana_silva"
"2078","2026-07-13 18:48:54","INFO","AUTENTICACAO","Sessão expirada pelo utilizador 'ana_silva'.","ana_silva"
"2079","2026-07-13 18:48:54","INFO","AUTENTICACAO","Login efetuado com sucesso pelo utilizador 'api_gateway'.","api_gateway"
"2080","2026-07-13 18:48:54","INFO","AUTENTICACAO","Login efetuado com sucesso pelo utilizador 'nuno_gomes'.","nuno_gomes"
"2081","2026-07-13 18:48:54","INFO","AUTENTICACAO","Tentativa de brute-force bloqueada pelo utilizador 'nuno_gomes'.","nuno_gomes"
"2082","2026-07-13 18:48:54","CRITICO","AUTENTICACAO","Login efetuado com sucesso pelo utilizador 'mauri'.","mauri"
"2083","2026-07-13 18:48:54","ATENCAO","AUTENTICACAO","Login efetuado com sucesso pelo utilizador 'gestor_seguranca'.","gestor_seguranca"
"2084","2026-07-13 18:48:54","INFO","AUTENTICACAO","Falha na palavra-passe pelo utilizador 'mauri'.","mauri"
"2085","2026-07-13 18:48:54","ATENCAO","AUTENTICACAO","Tentativa de brute-force bloqueada pelo utilizador 'mauri'.","mauri"
"2086","2026-07-13 18:48:54","INFO","AUTENTICACAO","Falha na palavra-passe pelo utilizador 'admin'.","admin"
"2087","2026-07-13 18:48:54","ATENCAO","AUTENTICACAO","Falha na palavra-passe pelo utilizador 'admin'.","admin"
"2088","2026-07-13 18:48:54","INFO","AUTENTICACAO","Login efetuado com sucesso pelo utilizador 'ana_silva'.","ana_silva"
"2089","2026-07-13 18:48:54","CRITICO","AUTENTICACAO","Login efetuado com sucesso pelo utilizador 'gestor_seguranca'.","gestor_seguranca"
"2090","2026-07-13 18:48:54","CRITICO","AUTENTICACAO","Sessão expirada pelo utilizador 'nuno_gomes'.","nuno_gomes"
"2091","2026-07-13 18:48:54","INFO","AUTENTICACAO","Sessão expirada pelo utilizador 'admin'.","admin"
"2092","2026-07-13 18:48:54","INFO","AUTENTICACAO","Tentativa de brute-force bloqueada pelo utilizador 'admin'.","admin"
"2093","2026-07-13 18:48:54","INFO","AUTENTICACAO","Falha na palavra-passe pelo utilizador 'mauri'.","mauri"
"2094","2026-07-13 18:48:54","ATENCAO","AUTENTICACAO","Sessão expirada pelo utilizador 'api_gateway'.","api_gateway"
"2095","2026-07-13 18:48:54","ATENCAO","AUTENTICACAO","Tentativa de brute-force bloqueada pelo utilizador 'ana_silva'.","ana_silva"
"2096","2026-07-13 18:48:54","INFO","AUTENTICACAO","Login efetuado com sucesso pelo utilizador 'gestor_seguranca'.","gestor_seguranca"
"2097","2026-07-13 18:48:54","CRITICO","AUTENTICACAO","Sessão expirada pelo utilizador 'admin'.","admin"
"2098","2026-07-13 18:48:54","INFO","AUTENTICACAO","Falha na palavra-passe pelo utilizador 'nuno_gomes'.","nuno_gomes"
"2099","2026-07-13 18:48:54","INFO","AUTENTICACAO","Login efetuado com sucesso pelo utilizador 'api_gateway'.","api_gateway"
"2100","2026-07-13 18:48:54","INFO","AUTENTICACAO","Sessão expirada pelo utilizador 'api_gateway'.","api_gateway"
"2101","2026-07-13 18:48:54","ATENCAO","AUTENTICACAO","Login efetuado com sucesso pelo utilizador 'ana_silva'.","ana_silva"
"2102","2026-07-13 18:48:54","INFO","AUTENTICACAO","Falha na palavra-passe pelo utilizador 'convidado_01'.","convidado_01"
"2103","2026-07-13 18:48:54","ATENCAO","AUTENTICACAO","Login efetuado com sucesso pelo utilizador 'ana_silva'.","ana_silva"
"2104","2026-07-13 18:48:54","ATENCAO","AUTENTICACAO","Login efetuado com sucesso pelo utilizador 'admin'.","admin"
"2105","2026-07-13 18:48:54","INFO","AUTENTICACAO","Tentativa de brute-force bloqueada pelo utilizador 'api_gateway'.","api_gateway"
"2106","2026-07-13 18:48:54","INFO","AUTENTICACAO","Sessão expirada pelo utilizador 'nuno_gomes'.","nuno_gomes"
"2107","2026-07-13 18:48:54","ATENCAO","AUTENTICACAO","Tentativa de brute-force bloqueada pelo utilizador 'admin'.","admin"
"2108","2026-07-13 18:48:54","INFO","AUTENTICACAO","Falha na palavra-passe pelo utilizador 'gestor_seguranca'.","gestor_seguranca"
"2109","2026-07-13 18:48:54","ATENCAO","AUTENTICACAO","Falha na palavra-passe pelo utilizador 'nuno_gomes'.","nuno_gomes"
"2110","2026-07-13 18:48:54","ATENCAO","AUTENTICACAO","Sessão expirada pelo utilizador 'admin'.","admin"
"2111","2026-07-13 18:48:54","INFO","AUTENTICACAO","Sessão expirada pelo utilizador 'gestor_seguranca'.","gestor_seguranca"
"2112","2026-07-13 18:48:54","INFO","AUTENTICACAO","Sessão expirada pelo utilizador 'api_gateway'.","api_gateway"
"2113","2026-07-13 18:48:54","CRITICO","AUTENTICACAO","Tentativa de brute-force bloqueada pelo utilizador 'gestor_seguranca'.","gestor_seguranca"
"2114","2026-07-13 18:48:54","ATENCAO","AUTENTICACAO","Login efetuado com sucesso pelo utilizador 'nuno_gomes'.","nuno_gomes"
"2115","2026-07-13 18:48:54","CRITICO","AUTENTICACAO","Falha na palavra-passe pelo utilizador 'api_gateway'.","api_gateway"
"2116","2026-07-13 18:48:54","INFO","AUTENTICACAO","Login efetuado com sucesso pelo utilizador 'admin'.","admin"
"2117","2026-07-13 18:48:54","INFO","AUTENTICACAO","Login efetuado com sucesso pelo utilizador 'gestor_seguranca'.","gestor_seguranca"
"2118","2026-07-13 18:48:54","INFO","AUTENTICACAO","Login efetuado com sucesso pelo utilizador 'api_gateway'.","api_gateway"
"2119","2026-07-13 18:48:54","CRITICO","AUTENTICACAO","Login efetuado com sucesso pelo utilizador 'admin'.","admin"
"2120","2026-07-13 18:48:54","ATENCAO","AUTENTICACAO","Sessão expirada pelo utilizador 'mauri'.","mauri"
"2121","2026-07-13 18:48:54","INFO","AUTENTICACAO","Falha na palavra-passe pelo utilizador 'nuno_gomes'.","nuno_gomes"
"2122","2026-07-13 18:48:54","INFO","AUTENTICACAO","Sessão expirada pelo utilizador 'admin'.","admin"
"2123","2026-07-13 18:48:54","INFO","AUTENTICACAO","Falha na palavra-passe pelo utilizador 'convidado_01'.","convidado_01"
"2124","2026-07-13 18:48:54","INFO","AUTENTICACAO","Login efetuado com sucesso pelo utilizador 'nuno_gomes'.","nuno_gomes"
"2125","2026-07-13 18:48:54","CRITICO","AUTENTICACAO","Login efetuado com sucesso pelo utilizador 'convidado_01'.","convidado_01"
"2126","2026-07-13 18:48:54","INFO","AUTENTICACAO","Login efetuado com sucesso pelo utilizador 'admin'.","admin"
"2127","2026-07-13 18:48:54","ATENCAO","AUTENTICACAO","Sessão expirada pelo utilizador 'ana_silva'.","ana_silva"
"2128","2026-07-13 18:48:54","CRITICO","AUTENTICACAO","Tentativa de brute-force bloqueada pelo utilizador 'admin'.","admin"
"2129","2026-07-13 18:48:54","CRITICO","AUTENTICACAO","Tentativa de brute-force bloqueada pelo utilizador 'nuno_gomes'.","nuno_gomes"
"2130","2026-07-13 18:48:54","CRITICO","AUTENTICACAO","Sessão expirada pelo utilizador 'api_gateway'.","api_gateway"
"2131","2026-07-13 18:48:54","INFO","AUTENTICACAO","Sessão expirada pelo utilizador 'nuno_gomes'.","nuno_gomes"
"2132","2026-07-13 18:48:54","INFO","AUTENTICACAO","Login efetuado com sucesso pelo utilizador 'gestor_seguranca'.","gestor_seguranca"
"2133","2026-07-13 18:48:54","INFO","AUTENTICACAO","Login efetuado com sucesso pelo utilizador 'nuno_gomes'.","nuno_gomes"
"2134","2026-07-13 18:48:54","ATENCAO","AUTENTICACAO","Sessão expirada pelo utilizador 'api_gateway'.","api_gateway"
"2135","2026-07-13 18:48:54","INFO","AUTENTICACAO","Falha na palavra-passe pelo utilizador 'nuno_gomes'.","nuno_gomes"
"2136","2026-07-13 18:48:54","CRITICO","AUTENTICACAO","Sessão expirada pelo utilizador 'ana_silva'.","ana_silva"
"2137","2026-07-13 18:48:54","INFO","AUTENTICACAO","Falha na palavra-passe pelo utilizador 'admin'.","admin"
"2138","2026-07-13 18:48:54","ATENCAO","AUTENTICACAO","Sessão expirada pelo utilizador 'mauri'.","mauri"
"2139","2026-07-13 18:48:54","ATENCAO","AUTENTICACAO","Sessão expirada pelo utilizador 'ana_silva'.","ana_silva"
"2140","2026-07-13 18:48:54","INFO","AUTENTICACAO","Tentativa de brute-force bloqueada pelo utilizador 'convidado_01'.","convidado_01"
"2141","2026-07-13 18:48:54","ATENCAO","AUTENTICACAO","Login efetuado com sucesso pelo utilizador 'api_gateway'.","api_gateway"
"2142","2026-07-13 18:48:54","INFO","AUTENTICACAO","Sessão expirada pelo utilizador 'gestor_seguranca'.","gestor_seguranca"
"2143","2026-07-13 18:48:54","INFO","AUTENTICACAO","Falha na palavra-passe pelo utilizador 'nuno_gomes'.","nuno_gomes"
"2144","2026-07-13 18:48:54","ATENCAO","AUTENTICACAO","Login efetuado com sucesso pelo utilizador 'convidado_01'.","convidado_01"
"2145","2026-07-13 18:48:54","CRITICO","AUTENTICACAO","Falha na palavra-passe pelo utilizador 'nuno_gomes'.","nuno_gomes"
"2146","2026-07-13 18:48:54","INFO","AUTENTICACAO","Tentativa de brute-force bloqueada pelo utilizador 'api_gateway'.","api_gateway"
"2147","2026-07-13 18:48:54","CRITICO","AUTENTICACAO","Sessão expirada pelo utilizador 'convidado_01'.","convidado_01"
"2148","2026-07-13 18:48:54","INFO","AUTENTICACAO","Falha na palavra-passe pelo utilizador 'gestor_seguranca'.","gestor_seguranca"
"2149","2026-07-13 18:48:54","INFO","AUTENTICACAO","Login efetuado com sucesso pelo utilizador 'admin'.","admin"
"2150","2026-07-13 18:48:54","INFO","AUTENTICACAO","Tentativa de brute-force bloqueada pelo utilizador 'mauri'.","mauri"
"2151","2026-07-13 18:48:54","ATENCAO","AUTENTICACAO","Login efetuado com sucesso pelo utilizador 'nuno_gomes'.","nuno_gomes"
"2152","2026-07-13 18:48:54","INFO","AUTENTICACAO","Login efetuado com sucesso pelo utilizador 'gestor_seguranca'.","gestor_seguranca"
"2153","2026-07-13 18:48:54","ATENCAO","AUTENTICACAO","Falha na palavra-passe pelo utilizador 'api_gateway'.","api_gateway"
"2154","2026-07-13 18:48:54","CRITICO","AUTENTICACAO","Sessão expirada pelo utilizador 'admin'.","admin"
"2155","2026-07-13 18:48:54","INFO","AUTENTICACAO","Login efetuado com sucesso pelo utilizador 'nuno_gomes'.","nuno_gomes"
"2156","2026-07-13 18:48:54","INFO","AUTENTICACAO","Login efetuado com sucesso pelo utilizador 'nuno_gomes'.","nuno_gomes"
"2157","2026-07-13 18:48:54","INFO","AUTENTICACAO","Login efetuado com sucesso pelo utilizador 'api_gateway'.","api_gateway"
"2158","2026-07-13 18:48:54","ATENCAO","AUTENTICACAO","Falha na palavra-passe pelo utilizador 'gestor_seguranca'.","gestor_seguranca"
"2159","2026-07-13 18:48:54","CRITICO","AUTENTICACAO","Sessão expirada pelo utilizador 'nuno_gomes'.","nuno_gomes"
"2160","2026-07-13 18:48:54","CRITICO","AUTENTICACAO","Login efetuado com sucesso pelo utilizador 'ana_silva'.","ana_silva"
"2161","2026-07-13 18:48:54","CRITICO","AUTENTICACAO","Sessão expirada pelo utilizador 'nuno_gomes'.","nuno_gomes"
"2162","2026-07-13 18:48:54","CRITICO","AUTENTICACAO","Tentativa de brute-force bloqueada pelo utilizador 'api_gateway'.","api_gateway"
"2163","2026-07-13 18:48:54","INFO","AUTENTICACAO","Sessão expirada pelo utilizador 'api_gateway'.","api_gateway"
"2164","2026-07-13 18:48:54","ATENCAO","AUTENTICACAO","Tentativa de brute-force bloqueada pelo utilizador 'convidado_01'.","convidado_01"
"2165","2026-07-13 18:48:54","ATENCAO","AUTENTICACAO","Tentativa de brute-force bloqueada pelo utilizador 'nuno_gomes'.","nuno_gomes"
"2166","2026-07-13 18:48:54","INFO","AUTENTICACAO","Tentativa de brute-force bloqueada pelo utilizador 'mauri'.","mauri"
"2167","2026-07-13 18:48:54","CRITICO","AUTENTICACAO","Sessão expirada pelo utilizador 'ana_silva'.","ana_silva"
"2168","2026-07-13 18:48:54","INFO","AUTENTICACAO","Falha na palavra-passe pelo utilizador 'convidado_01'.","convidado_01"
"2169","2026-07-13 18:48:54","INFO","AUTENTICACAO","Sessão expirada pelo utilizador 'nuno_gomes'.","nuno_gomes"
"2170","2026-07-13 18:48:54","INFO","AUTENTICACAO","Login efetuado com sucesso pelo utilizador 'admin'.","admin"
"2171","2026-07-13 18:48:54","ATENCAO","AUTENTICACAO","Tentativa de brute-force bloqueada pelo utilizador 'gestor_seguranca'.","gestor_seguranca"
"2172","2026-07-13 18:48:54","INFO","AUTENTICACAO","Tentativa de brute-force bloqueada pelo utilizador 'convidado_01'.","convidado_01"
"2173","2026-07-13 18:48:54","INFO","AUTENTICACAO","Falha na palavra-passe pelo utilizador 'mauri'.","mauri"
"2174","2026-07-13 18:48:54","ATENCAO","AUTENTICACAO","Sessão expirada pelo utilizador 'ana_silva'.","ana_silva"
"2175","2026-07-13 18:48:54","INFO","AUTENTICACAO","Tentativa de brute-force bloqueada pelo utilizador 'admin'.","admin"
"2176","2026-07-13 18:48:54","INFO","AUTENTICACAO","Sessão expirada pelo utilizador 'admin'.","admin"
"2177","2026-07-13 18:48:54","ATENCAO","AUTENTICACAO","Login efetuado com sucesso pelo utilizador 'admin'.","admin"
"2178","2026-07-13 18:48:54","CRITICO","AUTENTICACAO","Falha na palavra-passe pelo utilizador 'mauri'.","mauri"
"2179","2026-07-13 18:48:54","CRITICO","AUTENTICACAO","Sessão expirada pelo utilizador 'api_gateway'.","api_gateway"
"2180","2026-07-13 18:48:54","INFO","AUTENTICACAO","Login efetuado com sucesso pelo utilizador 'api_gateway'.","api_gateway"
"2181","2026-07-13 18:48:54","CRITICO","AUTENTICACAO","Login efetuado com sucesso pelo utilizador 'gestor_seguranca'.","gestor_seguranca"
"2182","2026-07-13 18:48:54","INFO","AUTENTICACAO","Sessão expirada pelo utilizador 'mauri'.","mauri"
"2183","2026-07-13 18:48:54","CRITICO","AUTENTICACAO","Falha na palavra-passe pelo utilizador 'gestor_seguranca'.","gestor_seguranca"
"2184","2026-07-13 18:48:54","INFO","AUTENTICACAO","Tentativa de brute-force bloqueada pelo utilizador 'ana_silva'.","ana_silva"
"2185","2026-07-13 18:48:54","INFO","AUTENTICACAO","Login efetuado com sucesso pelo utilizador 'ana_silva'.","ana_silva"
"2186","2026-07-13 18:48:54","INFO","AUTENTICACAO","Login efetuado com sucesso pelo utilizador 'gestor_seguranca'.","gestor_seguranca"
"2187","2026-07-13 18:48:54","INFO","AUTENTICACAO","Sessão expirada pelo utilizador 'mauri'.","mauri"
"2188","2026-07-13 18:48:54","INFO","AUTENTICACAO","Tentativa de brute-force bloqueada pelo utilizador 'ana_silva'.","ana_silva"
"2189","2026-07-13 18:48:54","ATENCAO","AUTENTICACAO","Falha na palavra-passe pelo utilizador 'ana_silva'.","ana_silva"
"2190","2026-07-13 18:48:54","ATENCAO","AUTENTICACAO","Tentativa de brute-force bloqueada pelo utilizador 'api_gateway'.","api_gateway"
"2191","2026-07-13 18:48:54","INFO","AUTENTICACAO","Login efetuado com sucesso pelo utilizador 'mauri'.","mauri"
"2192","2026-07-13 18:48:54","CRITICO","AUTENTICACAO","Sessão expirada pelo utilizador 'gestor_seguranca'.","gestor_seguranca"
"2193","2026-07-13 18:48:54","CRITICO","AUTENTICACAO","Sessão expirada pelo utilizador 'gestor_seguranca'.","gestor_seguranca"
"2194","2026-07-13 18:48:54","INFO","AUTENTICACAO","Sessão expirada pelo utilizador 'api_gateway'.","api_gateway"
"2195","2026-07-13 18:48:54","INFO","AUTENTICACAO","Falha na palavra-passe pelo utilizador 'convidado_01'.","convidado_01"
"2196","2026-07-13 18:48:54","CRITICO","AUTENTICACAO","Login efetuado com sucesso pelo utilizador 'nuno_gomes'.","nuno_gomes"
"2197","2026-07-13 18:48:54","INFO","AUTENTICACAO","Falha na palavra-passe pelo utilizador 'gestor_seguranca'.","gestor_seguranca"
"2198","2026-07-13 18:48:54","INFO","AUTENTICACAO","Falha na palavra-passe pelo utilizador 'gestor_seguranca'.","gestor_seguranca"
"2199","2026-07-13 18:48:54","ATENCAO","AUTENTICACAO","Login efetuado com sucesso pelo utilizador 'convidado_01'.","convidado_01"
"2200","2026-07-13 18:48:54","INFO","AUTENTICACAO","Falha na palavra-passe pelo utilizador 'api_gateway'.","api_gateway"
"2201","2026-07-13 18:48:54","INFO","AUTENTICACAO","Login efetuado com sucesso pelo utilizador 'api_gateway'.","api_gateway"
"2202","2026-07-13 18:48:54","ATENCAO","AUTENTICACAO","Falha na palavra-passe pelo utilizador 'gestor_seguranca'.","gestor_seguranca"
"2203","2026-07-13 18:48:54","INFO","AUTENTICACAO","Tentativa de brute-force bloqueada pelo utilizador 'convidado_01'.","convidado_01"
"2204","2026-07-13 18:48:54","INFO","AUTENTICACAO","Login efetuado com sucesso pelo utilizador 'gestor_seguranca'.","gestor_seguranca"
"2205","2026-07-13 18:48:54","INFO","AUTENTICACAO","Tentativa de brute-force bloqueada pelo utilizador 'gestor_seguranca'.","gestor_seguranca"
"2206","2026-07-13 18:48:54","INFO","AUTENTICACAO","Sessão expirada pelo utilizador 'mauri'.","mauri"
"2207","2026-07-13 18:48:54","ATENCAO","AUTENTICACAO","Falha na palavra-passe pelo utilizador 'nuno_gomes'.","nuno_gomes"
"2208","2026-07-13 18:48:54","INFO","AUTENTICACAO","Sessão expirada pelo utilizador 'nuno_gomes'.","nuno_gomes"
"2209","2026-07-13 18:48:54","INFO","AUTENTICACAO","Tentativa de brute-force bloqueada pelo utilizador 'admin'.","admin"
"2210","2026-07-13 18:48:54","INFO","AUTENTICACAO","Sessão expirada pelo utilizador 'api_gateway'.","api_gateway"
"2211","2026-07-13 18:48:54","ATENCAO","AUTENTICACAO","Login efetuado com sucesso pelo utilizador 'mauri'.","mauri"
"2212","2026-07-13 18:48:54","INFO","AUTENTICACAO","Tentativa de brute-force bloqueada pelo utilizador 'mauri'.","mauri"
"2213","2026-07-13 18:48:54","INFO","AUTENTICACAO","Sessão expirada pelo utilizador 'mauri'.","mauri"
"2214","2026-07-13 18:48:54","CRITICO","AUTENTICACAO","Sessão expirada pelo utilizador 'nuno_gomes'.","nuno_gomes"
"2215","2026-07-13 18:48:54","INFO","AUTENTICACAO","Sessão expirada pelo utilizador 'mauri'.","mauri"
"2216","2026-07-13 18:48:54","CRITICO","AUTENTICACAO","Falha na palavra-passe pelo utilizador 'nuno_gomes'.","nuno_gomes"
"2217","2026-07-13 18:48:54","CRITICO","AUTENTICACAO","Tentativa de brute-force bloqueada pelo utilizador 'nuno_gomes'.","nuno_gomes"
"2218","2026-07-13 18:48:54","INFO","AUTENTICACAO","Sessão expirada pelo utilizador 'api_gateway'.","api_gateway"
"2219","2026-07-13 18:48:54","CRITICO","AUTENTICACAO","Login efetuado com sucesso pelo utilizador 'nuno_gomes'.","nuno_gomes"
"2220","2026-07-13 18:48:54","ATENCAO","AUTENTICACAO","Login efetuado com sucesso pelo utilizador 'api_gateway'.","api_gateway"
"2221","2026-07-13 18:48:54","INFO","AUTENTICACAO","Falha na palavra-passe pelo utilizador 'convidado_01'.","convidado_01"
"2222","2026-07-13 18:48:54","CRITICO","AUTENTICACAO","Falha na palavra-passe pelo utilizador 'mauri'.","mauri"
"2223","2026-07-13 18:48:54","INFO","AUTENTICACAO","Sessão expirada pelo utilizador 'api_gateway'.","api_gateway"
"2224","2026-07-13 18:48:54","CRITICO","AUTENTICACAO","Login efetuado com sucesso pelo utilizador 'mauri'.","mauri"
"2225","2026-07-13 18:48:54","INFO","AUTENTICACAO","Login efetuado com sucesso pelo utilizador 'api_gateway'.","api_gateway"
"2226","2026-07-13 18:48:54","INFO","AUTENTICACAO","Login efetuado com sucesso pelo utilizador 'mauri'.","mauri"
"2227","2026-07-13 18:48:54","CRITICO","AUTENTICACAO","Falha na palavra-passe pelo utilizador 'admin'.","admin"
"2228","2026-07-13 18:48:54","INFO","AUTENTICACAO","Login efetuado com sucesso pelo utilizador 'api_gateway'.","api_gateway"
"2229","2026-07-13 18:48:54","CRITICO","AUTENTICACAO","Login efetuado com sucesso pelo utilizador 'ana_silva'.","ana_silva"
"2230","2026-07-13 18:48:54","INFO","AUTENTICACAO","Tentativa de brute-force bloqueada pelo utilizador 'ana_silva'.","ana_silva"
"2231","2026-07-13 18:48:54","ATENCAO","AUTENTICACAO","Tentativa de brute-force bloqueada pelo utilizador 'admin'.","admin"
"2232","2026-07-13 18:48:54","CRITICO","AUTENTICACAO","Tentativa de brute-force bloqueada pelo utilizador 'convidado_01'.","convidado_01"
"2233","2026-07-13 18:48:54","INFO","AUTENTICACAO","Login efetuado com sucesso pelo utilizador 'admin'.","admin"
"2234","2026-07-13 18:48:54","ATENCAO","AUTENTICACAO","Falha na palavra-passe pelo utilizador 'gestor_seguranca'.","gestor_seguranca"
"2235","2026-07-13 18:48:54","CRITICO","AUTENTICACAO","Sessão expirada pelo utilizador 'gestor_seguranca'.","gestor_seguranca"
"2236","2026-07-13 18:48:54","INFO","AUTENTICACAO","Falha na palavra-passe pelo utilizador 'gestor_seguranca'.","gestor_seguranca"
"2237","2026-07-13 18:48:54","INFO","AUTENTICACAO","Login efetuado com sucesso pelo utilizador 'convidado_01'.","convidado_01"
"2238","2026-07-13 18:48:54","INFO","AUTENTICACAO","Login efetuado com sucesso pelo utilizador 'mauri'.","mauri"
"2239","2026-07-13 18:48:54","ATENCAO","AUTENTICACAO","Login efetuado com sucesso pelo utilizador 'admin'.","admin"
"2240","2026-07-13 18:48:54","CRITICO","AUTENTICACAO","Tentativa de brute-force bloqueada pelo utilizador 'api_gateway'.","api_gateway"
"2241","2026-07-13 18:48:54","INFO","AUTENTICACAO","Sessão expirada pelo utilizador 'mauri'.","mauri"
"2242","2026-07-13 18:48:54","CRITICO","AUTENTICACAO","Falha na palavra-passe pelo utilizador 'admin'.","admin"
"2243","2026-07-13 18:48:54","INFO","AUTENTICACAO","Tentativa de brute-force bloqueada pelo utilizador 'mauri'.","mauri"
"2244","2026-07-13 18:48:54","INFO","AUTENTICACAO","Tentativa de brute-force bloqueada pelo utilizador 'nuno_gomes'.","nuno_gomes"
"2245","2026-07-13 18:48:54","CRITICO","AUTENTICACAO","Tentativa de brute-force bloqueada pelo utilizador 'nuno_gomes'.","nuno_gomes"
"2246","2026-07-13 18:48:54","ATENCAO","AUTENTICACAO","Tentativa de brute-force bloqueada pelo utilizador 'gestor_seguranca'.","gestor_seguranca"
"2247","2026-07-13 18:48:54","INFO","AUTENTICACAO","Login efetuado com sucesso pelo utilizador 'api_gateway'.","api_gateway"
"2248","2026-07-13 18:48:54","INFO","AUTENTICACAO","Sessão expirada pelo utilizador 'admin'.","admin"
"2249","2026-07-13 18:48:54","INFO","AUTENTICACAO","Sessão expirada pelo utilizador 'admin'.","admin"
"2250","2026-07-13 18:48:54","INFO","AUTENTICACAO","Tentativa de brute-force bloqueada pelo utilizador 'nuno_gomes'.","nuno_gomes"
"2251","2026-07-13 18:48:54","INFO","AUTENTICACAO","Login efetuado com sucesso pelo utilizador 'ana_silva'.","ana_silva"
"2252","2026-07-13 18:48:54","CRITICO","AUTENTICACAO","Login efetuado com sucesso pelo utilizador 'nuno_gomes'.","nuno_gomes"
"2253","2026-07-13 18:48:54","INFO","AUTENTICACAO","Sessão expirada pelo utilizador 'mauri'.","mauri"
"2254","2026-07-13 18:48:54","INFO","AUTENTICACAO","Login efetuado com sucesso pelo utilizador 'nuno_gomes'.","nuno_gomes"
"2255","2026-07-13 18:48:54","INFO","AUTENTICACAO","Sessão expirada pelo utilizador 'gestor_seguranca'.","gestor_seguranca"
"2256","2026-07-13 18:48:54","INFO","AUTENTICACAO","Login efetuado com sucesso pelo utilizador 'mauri'.","mauri"
"2257","2026-07-13 18:48:54","ATENCAO","AUTENTICACAO","Login efetuado com sucesso pelo utilizador 'nuno_gomes'.","nuno_gomes"
"2258","2026-07-13 18:48:54","CRITICO","AUTENTICACAO","Falha na palavra-passe pelo utilizador 'convidado_01'.","convidado_01"
"2259","2026-07-13 18:48:54","CRITICO","AUTENTICACAO","Tentativa de brute-force bloqueada pelo utilizador 'ana_silva'.","ana_silva"
"2260","2026-07-13 18:48:54","INFO","AUTENTICACAO","Falha na palavra-passe pelo utilizador 'nuno_gomes'.","nuno_gomes"
"2261","2026-07-13 18:48:54","INFO","AUTENTICACAO","Tentativa de brute-force bloqueada pelo utilizador 'convidado_01'.","convidado_01"
"2262","2026-07-13 18:48:54","INFO","AUTENTICACAO","Tentativa de brute-force bloqueada pelo utilizador 'nuno_gomes'.","nuno_gomes"
"2263","2026-07-13 18:48:54","INFO","AUTENTICACAO","Login efetuado com sucesso pelo utilizador 'ana_silva'.","ana_silva"
"2264","2026-07-13 18:48:54","CRITICO","AUTENTICACAO","Tentativa de brute-force bloqueada pelo utilizador 'gestor_seguranca'.","gestor_seguranca"
"2265","2026-07-13 18:48:54","ATENCAO","AUTENTICACAO","Login efetuado com sucesso pelo utilizador 'api_gateway'.","api_gateway"
"2266","2026-07-13 18:48:54","ATENCAO","AUTENTICACAO","Falha na palavra-passe pelo utilizador 'api_gateway'.","api_gateway"
"2267","2026-07-13 18:48:54","CRITICO","AUTENTICACAO","Login efetuado com sucesso pelo utilizador 'gestor_seguranca'.","gestor_seguranca"
"2268","2026-07-13 18:48:54","CRITICO","AUTENTICACAO","Falha na palavra-passe pelo utilizador 'admin'.","admin"
"2269","2026-07-13 18:48:54","CRITICO","AUTENTICACAO","Falha na palavra-passe pelo utilizador 'ana_silva'.","ana_silva"
"2270","2026-07-13 18:48:54","ATENCAO","AUTENTICACAO","Falha na palavra-passe pelo utilizador 'mauri'.","mauri"
"2271","2026-07-13 18:48:54","INFO","AUTENTICACAO","Falha na palavra-passe pelo utilizador 'gestor_seguranca'.","gestor_seguranca"
"2272","2026-07-13 18:48:54","INFO","AUTENTICACAO","Login efetuado com sucesso pelo utilizador 'convidado_01'.","convidado_01"
"2273","2026-07-13 18:48:54","CRITICO","AUTENTICACAO","Sessão expirada pelo utilizador 'ana_silva'.","ana_silva"
"2274","2026-07-13 18:48:54","INFO","AUTENTICACAO","Falha na palavra-passe pelo utilizador 'convidado_01'.","convidado_01"
"2275","2026-07-13 18:48:54","INFO","AUTENTICACAO","Login efetuado com sucesso pelo utilizador 'nuno_gomes'.","nuno_gomes"
"2276","2026-07-13 18:48:54","ATENCAO","AUTENTICACAO","Tentativa de brute-force bloqueada pelo utilizador 'nuno_gomes'.","nuno_gomes"
"2277","2026-07-13 18:48:54","INFO","AUTENTICACAO","Falha na palavra-passe pelo utilizador 'ana_silva'.","ana_silva"
"2278","2026-07-13 18:48:54","ATENCAO","AUTENTICACAO","Tentativa de brute-force bloqueada pelo utilizador 'mauri'.","mauri"
"2279","2026-07-13 18:48:54","INFO","AUTENTICACAO","Login efetuado com sucesso pelo utilizador 'gestor_seguranca'.","gestor_seguranca"
"2280","2026-07-13 18:48:54","INFO","AUTENTICACAO","Sessão expirada pelo utilizador 'gestor_seguranca'.","gestor_seguranca"
"2281","2026-07-13 18:48:54","INFO","AUTENTICACAO","Sessão expirada pelo utilizador 'convidado_01'.","convidado_01"
"2282","2026-07-13 18:48:54","ATENCAO","AUTENTICACAO","Sessão expirada pelo utilizador 'ana_silva'.","ana_silva"
"2283","2026-07-13 18:48:54","INFO","AUTENTICACAO","Sessão expirada pelo utilizador 'ana_silva'.","ana_silva"
"2284","2026-07-13 18:48:54","CRITICO","AUTENTICACAO","Tentativa de brute-force bloqueada pelo utilizador 'nuno_gomes'.","nuno_gomes"
"2285","2026-07-13 18:48:54","ATENCAO","AUTENTICACAO","Falha na palavra-passe pelo utilizador 'mauri'.","mauri"
"2286","2026-07-13 18:48:54","ATENCAO","AUTENTICACAO","Tentativa de brute-force bloqueada pelo utilizador 'admin'.","admin"
"2287","2026-07-13 18:48:54","INFO","AUTENTICACAO","Tentativa de brute-force bloqueada pelo utilizador 'api_gateway'.","api_gateway"
"2288","2026-07-13 18:48:54","INFO","AUTENTICACAO","Login efetuado com sucesso pelo utilizador 'convidado_01'.","convidado_01"
"2289","2026-07-13 18:48:54","INFO","AUTENTICACAO","Sessão expirada pelo utilizador 'api_gateway'.","api_gateway"
"2290","2026-07-13 18:48:54","INFO","AUTENTICACAO","Falha na palavra-passe pelo utilizador 'convidado_01'.","convidado_01"
"2291","2026-07-13 18:48:54","INFO","AUTENTICACAO","Login efetuado com sucesso pelo utilizador 'convidado_01'.","convidado_01"
"2292","2026-07-13 18:48:54","CRITICO","AUTENTICACAO","Falha na palavra-passe pelo utilizador 'ana_silva'.","ana_silva"
"2293","2026-07-13 18:48:54","ATENCAO","AUTENTICACAO","Falha na palavra-passe pelo utilizador 'nuno_gomes'.","nuno_gomes"
"2294","2026-07-13 18:48:54","INFO","AUTENTICACAO","Login efetuado com sucesso pelo utilizador 'mauri'.","mauri"
"2295","2026-07-13 18:48:54","CRITICO","AUTENTICACAO","Falha na palavra-passe pelo utilizador 'convidado_01'.","convidado_01"
"2296","2026-07-13 18:48:54","INFO","AUTENTICACAO","Login efetuado com sucesso pelo utilizador 'nuno_gomes'.","nuno_gomes"
"2297","2026-07-13 18:48:54","INFO","AUTENTICACAO","Sessão expirada pelo utilizador 'ana_silva'.","ana_silva"
"2298","2026-07-13 18:48:54","INFO","AUTENTICACAO","Tentativa de brute-force bloqueada pelo utilizador 'convidado_01'.","convidado_01"
"2299","2026-07-13 18:48:54","INFO","AUTENTICACAO","Sessão expirada pelo utilizador 'mauri'.","mauri"
"2300","2026-07-13 18:48:54","ATENCAO","AUTENTICACAO","Sessão expirada pelo utilizador 'gestor_seguranca'.","gestor_seguranca"
"2301","2026-07-13 18:48:54","INFO","AUTENTICACAO","Tentativa de brute-force bloqueada pelo utilizador 'api_gateway'.","api_gateway"
"2302","2026-07-13 18:48:54","INFO","AUTENTICACAO","Login efetuado com sucesso pelo utilizador 'ana_silva'.","ana_silva"
"2303","2026-07-13 18:48:54","CRITICO","AUTENTICACAO","Sessão expirada pelo utilizador 'convidado_01'.","convidado_01"
"2304","2026-07-13 18:48:54","CRITICO","AUTENTICACAO","Tentativa de brute-force bloqueada pelo utilizador 'convidado_01'.","convidado_01"
"2305","2026-07-13 18:48:54","INFO","AUTENTICACAO","Falha na palavra-passe pelo utilizador 'admin'.","admin"
"2306","2026-07-13 18:48:54","CRITICO","AUTENTICACAO","Falha na palavra-passe pelo utilizador 'convidado_01'.","convidado_01"
"2307","2026-07-13 18:48:54","INFO","AUTENTICACAO","Sessão expirada pelo utilizador 'api_gateway'.","api_gateway"
"2308","2026-07-13 18:48:54","INFO","AUTENTICACAO","Tentativa de brute-force bloqueada pelo utilizador 'nuno_gomes'.","nuno_gomes"
"2309","2026-07-13 18:48:54","INFO","AUTENTICACAO","Sessão expirada pelo utilizador 'ana_silva'.","ana_silva"
"2310","2026-07-13 18:48:54","INFO","AUTENTICACAO","Sessão expirada pelo utilizador 'nuno_gomes'.","nuno_gomes"
"2311","2026-07-13 18:48:54","INFO","AUTENTICACAO","Falha na palavra-passe pelo utilizador 'api_gateway'.","api_gateway"
"2312","2026-07-13 18:48:54","ATENCAO","AUTENTICACAO","Tentativa de brute-force bloqueada pelo utilizador 'nuno_gomes'.","nuno_gomes"
"2313","2026-07-13 18:48:54","ATENCAO","AUTENTICACAO","Sessão expirada pelo utilizador 'convidado_01'.","convidado_01"
"2314","2026-07-13 18:48:54","INFO","AUTENTICACAO","Sessão expirada pelo utilizador 'mauri'.","mauri"
"2315","2026-07-13 18:48:54","INFO","AUTENTICACAO","Falha na palavra-passe pelo utilizador 'nuno_gomes'.","nuno_gomes"
"2316","2026-07-13 18:48:54","INFO","AUTENTICACAO","Falha na palavra-passe pelo utilizador 'mauri'.","mauri"
"2317","2026-07-13 18:48:54","INFO","AUTENTICACAO","Falha na palavra-passe pelo utilizador 'admin'.","admin"
"2318","2026-07-13 18:48:54","ATENCAO","AUTENTICACAO","Login efetuado com sucesso pelo utilizador 'nuno_gomes'.","nuno_gomes"
"2319","2026-07-13 18:48:54","ATENCAO","AUTENTICACAO","Tentativa de brute-force bloqueada pelo utilizador 'convidado_01'.","convidado_01"
"2320","2026-07-13 18:48:54","CRITICO","AUTENTICACAO","Falha na palavra-passe pelo utilizador 'admin'.","admin"
"2321","2026-07-13 18:48:54","CRITICO","AUTENTICACAO","Sessão expirada pelo utilizador 'gestor_seguranca'.","gestor_seguranca"
"2322","2026-07-13 18:48:54","INFO","AUTENTICACAO","Login efetuado com sucesso pelo utilizador 'admin'.","admin"
"2323","2026-07-13 18:48:54","ATENCAO","AUTENTICACAO","Login efetuado com sucesso pelo utilizador 'convidado_01'.","convidado_01"
"2324","2026-07-13 18:48:54","ATENCAO","AUTENTICACAO","Falha na palavra-passe pelo utilizador 'ana_silva'.","ana_silva"
"2325","2026-07-13 18:48:54","INFO","AUTENTICACAO","Login efetuado com sucesso pelo utilizador 'gestor_seguranca'.","gestor_seguranca"
"2326","2026-07-13 18:48:54","INFO","AUTENTICACAO","Login efetuado com sucesso pelo utilizador 'ana_silva'.","ana_silva"
"2327","2026-07-13 18:48:54","INFO","AUTENTICACAO","Login efetuado com sucesso pelo utilizador 'ana_silva'.","ana_silva"
"2328","2026-07-13 18:48:54","INFO","AUTENTICACAO","Sessão expirada pelo utilizador 'mauri'.","mauri"
"2329","2026-07-13 18:48:54","CRITICO","AUTENTICACAO","Tentativa de brute-force bloqueada pelo utilizador 'convidado_01'.","convidado_01"
"2330","2026-07-13 18:48:54","ATENCAO","AUTENTICACAO","Sessão expirada pelo utilizador 'gestor_seguranca'.","gestor_seguranca"
"2331","2026-07-13 18:48:54","INFO","AUTENTICACAO","Sessão expirada pelo utilizador 'ana_silva'.","ana_silva"
"2332","2026-07-13 18:48:54","INFO","AUTENTICACAO","Tentativa de brute-force bloqueada pelo utilizador 'ana_silva'.","ana_silva"
"2333","2026-07-13 18:48:54","ATENCAO","AUTENTICACAO","Login efetuado com sucesso pelo utilizador 'api_gateway'.","api_gateway"
"2334","2026-07-13 18:48:54","CRITICO","AUTENTICACAO","Sessão expirada pelo utilizador 'api_gateway'.","api_gateway"
"2335","2026-07-13 18:48:54","INFO","AUTENTICACAO","Login efetuado com sucesso pelo utilizador 'ana_silva'.","ana_silva"
"2336","2026-07-13 18:48:54","INFO","AUTENTICACAO","Sessão expirada pelo utilizador 'admin'.","admin"
"2337","2026-07-13 18:48:54","INFO","AUTENTICACAO","Tentativa de brute-force bloqueada pelo utilizador 'mauri'.","mauri"
"2338","2026-07-13 18:48:54","INFO","AUTENTICACAO","Sessão expirada pelo utilizador 'ana_silva'.","ana_silva"
"2339","2026-07-13 18:48:54","INFO","AUTENTICACAO","Tentativa de brute-force bloqueada pelo utilizador 'gestor_seguranca'.","gestor_seguranca"
"2340","2026-07-13 18:48:54","ATENCAO","AUTENTICACAO","Sessão expirada pelo utilizador 'convidado_01'.","convidado_01"
"2341","2026-07-13 18:48:54","INFO","AUTENTICACAO","Login efetuado com sucesso pelo utilizador 'admin'.","admin"
"2342","2026-07-13 18:48:54","ATENCAO","AUTENTICACAO","Tentativa de brute-force bloqueada pelo utilizador 'gestor_seguranca'.","gestor_seguranca"
"2343","2026-07-13 18:48:54","CRITICO","AUTENTICACAO","Tentativa de brute-force bloqueada pelo utilizador 'convidado_01'.","convidado_01"
"2344","2026-07-13 18:48:54","INFO","AUTENTICACAO","Login efetuado com sucesso pelo utilizador 'admin'.","admin"
"2345","2026-07-13 18:48:54","INFO","AUTENTICACAO","Sessão expirada pelo utilizador 'gestor_seguranca'.","gestor_seguranca"
"2346","2026-07-13 18:48:54","INFO","AUTENTICACAO","Sessão expirada pelo utilizador 'convidado_01'.","convidado_01"
"2347","2026-07-13 18:48:54","ATENCAO","AUTENTICACAO","Sessão expirada pelo utilizador 'gestor_seguranca'.","gestor_seguranca"
"2348","2026-07-13 18:48:54","INFO","AUTENTICACAO","Sessão expirada pelo utilizador 'api_gateway'.","api_gateway"
"2349","2026-07-13 18:48:54","CRITICO","AUTENTICACAO","Tentativa de brute-force bloqueada pelo utilizador 'convidado_01'.","convidado_01"
"2350","2026-07-13 18:48:54","ATENCAO","AUTENTICACAO","Tentativa de brute-force bloqueada pelo utilizador 'nuno_gomes'.","nuno_gomes"
"2351","2026-07-13 18:48:54","INFO","AUTENTICACAO","Falha na palavra-passe pelo utilizador 'mauri'.","mauri"
"2352","2026-07-13 18:48:54","INFO","AUTENTICACAO","Falha na palavra-passe pelo utilizador 'api_gateway'.","api_gateway"
"2353","2026-07-13 18:48:54","CRITICO","AUTENTICACAO","Login efetuado com sucesso pelo utilizador 'admin'.","admin"
"2354","2026-07-13 18:48:54","INFO","AUTENTICACAO","Login efetuado com sucesso pelo utilizador 'admin'.","admin"
"2355","2026-07-13 18:48:54","INFO","AUTENTICACAO","Tentativa de brute-force bloqueada pelo utilizador 'api_gateway'.","api_gateway"
"2356","2026-07-13 18:48:54","INFO","AUTENTICACAO","Login efetuado com sucesso pelo utilizador 'mauri'.","mauri"
"2357","2026-07-13 18:48:54","INFO","AUTENTICACAO","Tentativa de brute-force bloqueada pelo utilizador 'ana_silva'.","ana_silva"
"2358","2026-07-13 18:48:54","INFO","AUTENTICACAO","Sessão expirada pelo utilizador 'ana_silva'.","ana_silva"
"2359","2026-07-13 18:48:54","INFO","AUTENTICACAO","Falha na palavra-passe pelo utilizador 'admin'.","admin"
"2360","2026-07-13 18:48:54","INFO","AUTENTICACAO","Falha na palavra-passe pelo utilizador 'api_gateway'.","api_gateway"
"2361","2026-07-13 18:48:54","INFO","AUTENTICACAO","Sessão expirada pelo utilizador 'convidado_01'.","convidado_01"
"2362","2026-07-13 18:48:54","CRITICO","AUTENTICACAO","Login efetuado com sucesso pelo utilizador 'mauri'.","mauri"
"2363","2026-07-13 18:48:54","CRITICO","AUTENTICACAO","Tentativa de brute-force bloqueada pelo utilizador 'nuno_gomes'.","nuno_gomes"
"2364","2026-07-13 18:48:54","INFO","AUTENTICACAO","Tentativa de brute-force bloqueada pelo utilizador 'nuno_gomes'.","nuno_gomes"
"2365","2026-07-13 18:48:54","INFO","AUTENTICACAO","Login efetuado com sucesso pelo utilizador 'api_gateway'.","api_gateway"
"2366","2026-07-13 18:48:54","INFO","AUTENTICACAO","Sessão expirada pelo utilizador 'nuno_gomes'.","nuno_gomes"
"2367","2026-07-13 18:48:54","INFO","AUTENTICACAO","Tentativa de brute-force bloqueada pelo utilizador 'ana_silva'.","ana_silva"
"2368","2026-07-13 18:48:54","INFO","AUTENTICACAO","Login efetuado com sucesso pelo utilizador 'api_gateway'.","api_gateway"
"2369","2026-07-13 18:48:54","INFO","AUTENTICACAO","Login efetuado com sucesso pelo utilizador 'api_gateway'.","api_gateway"
"2370","2026-07-13 18:48:54","INFO","AUTENTICACAO","Login efetuado com sucesso pelo utilizador 'convidado_01'.","convidado_01"
"2371","2026-07-13 18:48:54","INFO","AUTENTICACAO","Login efetuado com sucesso pelo utilizador 'admin'.","admin"
"2372","2026-07-13 18:48:54","INFO","AUTENTICACAO","Sessão expirada pelo utilizador 'api_gateway'.","api_gateway"
"2373","2026-07-13 18:48:54","INFO","AUTENTICACAO","Tentativa de brute-force bloqueada pelo utilizador 'ana_silva'.","ana_silva"
"2374","2026-07-13 18:48:54","INFO","AUTENTICACAO","Login efetuado com sucesso pelo utilizador 'mauri'.","mauri"
"2375","2026-07-13 18:48:54","INFO","AUTENTICACAO","Falha na palavra-passe pelo utilizador 'ana_silva'.","ana_silva"
"2376","2026-07-13 18:48:54","INFO","AUTENTICACAO","Falha na palavra-passe pelo utilizador 'gestor_seguranca'.","gestor_seguranca"
"2377","2026-07-13 18:48:54","CRITICO","AUTENTICACAO","Tentativa de brute-force bloqueada pelo utilizador 'admin'.","admin"
"2378","2026-07-13 18:48:54","INFO","AUTENTICACAO","Tentativa de brute-force bloqueada pelo utilizador 'api_gateway'.","api_gateway"
"2379","2026-07-13 18:48:54","CRITICO","AUTENTICACAO","Tentativa de brute-force bloqueada pelo utilizador 'mauri'.","mauri"
"2380","2026-07-13 18:48:54","INFO","AUTENTICACAO","Falha na palavra-passe pelo utilizador 'convidado_01'.","convidado_01"
"2381","2026-07-13 18:48:54","ATENCAO","AUTENTICACAO","Sessão expirada pelo utilizador 'admin'.","admin"
"2382","2026-07-13 18:48:54","ATENCAO","AUTENTICACAO","Tentativa de brute-force bloqueada pelo utilizador 'ana_silva'.","ana_silva"
"2383","2026-07-13 18:48:54","INFO","AUTENTICACAO","Login efetuado com sucesso pelo utilizador 'mauri'.","mauri"
"2384","2026-07-13 18:48:54","INFO","AUTENTICACAO","Tentativa de brute-force bloqueada pelo utilizador 'mauri'.","mauri"
"2385","2026-07-13 18:48:54","INFO","AUTENTICACAO","Sessão expirada pelo utilizador 'ana_silva'.","ana_silva"
"2386","2026-07-13 18:48:54","INFO","AUTENTICACAO","Login efetuado com sucesso pelo utilizador 'gestor_seguranca'.","gestor_seguranca"
"2387","2026-07-13 18:48:54","INFO","AUTENTICACAO","Sessão expirada pelo utilizador 'api_gateway'.","api_gateway"
"2388","2026-07-13 18:48:54","INFO","AUTENTICACAO","Login efetuado com sucesso pelo utilizador 'convidado_01'.","convidado_01"
"2389","2026-07-13 18:48:54","INFO","AUTENTICACAO","Tentativa de brute-force bloqueada pelo utilizador 'gestor_seguranca'.","gestor_seguranca"
"2390","2026-07-13 18:48:54","INFO","AUTENTICACAO","Sessão expirada pelo utilizador 'api_gateway'.","api_gateway"
"2391","2026-07-13 18:48:54","INFO","AUTENTICACAO","Login efetuado com sucesso pelo utilizador 'api_gateway'.","api_gateway"
"2392","2026-07-13 18:48:54","CRITICO","AUTENTICACAO","Sessão expirada pelo utilizador 'gestor_seguranca'.","gestor_seguranca"
"2393","2026-07-13 18:48:54","ATENCAO","AUTENTICACAO","Login efetuado com sucesso pelo utilizador 'gestor_seguranca'.","gestor_seguranca"
"2394","2026-07-13 18:48:54","INFO","AUTENTICACAO","Login efetuado com sucesso pelo utilizador 'admin'.","admin"
"2395","2026-07-13 18:48:54","INFO","AUTENTICACAO","Tentativa de brute-force bloqueada pelo utilizador 'nuno_gomes'.","nuno_gomes"
"2396","2026-07-13 18:48:54","INFO","AUTENTICACAO","Sessão expirada pelo utilizador 'admin'.","admin"
"2397","2026-07-13 18:48:54","CRITICO","AUTENTICACAO","Tentativa de brute-force bloqueada pelo utilizador 'convidado_01'.","convidado_01"
"2398","2026-07-13 18:48:54","ATENCAO","AUTENTICACAO","Login efetuado com sucesso pelo utilizador 'convidado_01'.","convidado_01"
"2399","2026-07-13 18:48:54","INFO","AUTENTICACAO","Sessão expirada pelo utilizador 'convidado_01'.","convidado_01"
"2400","2026-07-13 18:48:54","ATENCAO","AUTENTICACAO","Login efetuado com sucesso pelo utilizador 'gestor_seguranca'.","gestor_seguranca"
"2401","2026-07-13 18:48:54","ATENCAO","AUTENTICACAO","Sessão expirada pelo utilizador 'nuno_gomes'.","nuno_gomes"
"2402","2026-07-13 18:48:54","ATENCAO","AUTENTICACAO","Tentativa de brute-force bloqueada pelo utilizador 'convidado_01'.","convidado_01"
"2403","2026-07-13 18:48:54","CRITICO","AUTENTICACAO","Sessão expirada pelo utilizador 'ana_silva'.","ana_silva"
"2404","2026-07-13 18:48:54","CRITICO","AUTENTICACAO","Tentativa de brute-force bloqueada pelo utilizador 'nuno_gomes'.","nuno_gomes"
"2405","2026-07-13 18:48:54","ATENCAO","AUTENTICACAO","Tentativa de brute-force bloqueada pelo utilizador 'api_gateway'.","api_gateway"
"2406","2026-07-13 18:48:54","INFO","AUTENTICACAO","Falha na palavra-passe pelo utilizador 'convidado_01'.","convidado_01"
"2407","2026-07-13 18:48:54","INFO","AUTENTICACAO","Tentativa de brute-force bloqueada pelo utilizador 'convidado_01'.","convidado_01"
"2408","2026-07-13 18:48:54","INFO","AUTENTICACAO","Falha na palavra-passe pelo utilizador 'ana_silva'.","ana_silva"
"2409","2026-07-13 18:48:54","CRITICO","AUTENTICACAO","Login efetuado com sucesso pelo utilizador 'ana_silva'.","ana_silva"
"2410","2026-07-13 18:48:54","ATENCAO","AUTENTICACAO","Falha na palavra-passe pelo utilizador 'convidado_01'.","convidado_01"
"2411","2026-07-13 18:48:54","INFO","AUTENTICACAO","Sessão expirada pelo utilizador 'ana_silva'.","ana_silva"
"2412","2026-07-13 18:48:54","INFO","AUTENTICACAO","Falha na palavra-passe pelo utilizador 'mauri'.","mauri"
"2413","2026-07-13 18:48:54","CRITICO","AUTENTICACAO","Tentativa de brute-force bloqueada pelo utilizador 'ana_silva'.","ana_silva"
"2414","2026-07-13 18:48:54","ATENCAO","AUTENTICACAO","Sessão expirada pelo utilizador 'api_gateway'.","api_gateway"
"2415","2026-07-13 18:48:54","CRITICO","AUTENTICACAO","Sessão expirada pelo utilizador 'admin'.","admin"
"2416","2026-07-13 18:48:54","CRITICO","AUTENTICACAO","Sessão expirada pelo utilizador 'admin'.","admin"
"2417","2026-07-13 18:48:54","INFO","AUTENTICACAO","Login efetuado com sucesso pelo utilizador 'gestor_seguranca'.","gestor_seguranca"
"2418","2026-07-13 18:48:54","ATENCAO","AUTENTICACAO","Login efetuado com sucesso pelo utilizador 'mauri'.","mauri"
"2419","2026-07-13 18:48:54","ATENCAO","AUTENTICACAO","Tentativa de brute-force bloqueada pelo utilizador 'gestor_seguranca'.","gestor_seguranca"
"2420","2026-07-13 18:48:54","INFO","AUTENTICACAO","Login efetuado com sucesso pelo utilizador 'nuno_gomes'.","nuno_gomes"
"2421","2026-07-13 18:48:54","CRITICO","AUTENTICACAO","Login efetuado com sucesso pelo utilizador 'nuno_gomes'.","nuno_gomes"
"2422","2026-07-13 18:48:54","INFO","AUTENTICACAO","Sessão expirada pelo utilizador 'nuno_gomes'.","nuno_gomes"
"2423","2026-07-13 18:48:54","INFO","AUTENTICACAO","Tentativa de brute-force bloqueada pelo utilizador 'convidado_01'.","convidado_01"
"2424","2026-07-13 18:48:54","CRITICO","AUTENTICACAO","Tentativa de brute-force bloqueada pelo utilizador 'nuno_gomes'.","nuno_gomes"
"2425","2026-07-13 18:48:54","ATENCAO","AUTENTICACAO","Falha na palavra-passe pelo utilizador 'gestor_seguranca'.","gestor_seguranca"
"2426","2026-07-13 18:48:54","INFO","AUTENTICACAO","Tentativa de brute-force bloqueada pelo utilizador 'api_gateway'.","api_gateway"
"2427","2026-07-13 18:48:54","INFO","AUTENTICACAO","Tentativa de brute-force bloqueada pelo utilizador 'mauri'.","mauri"
"2428","2026-07-13 18:48:54","INFO","AUTENTICACAO","Sessão expirada pelo utilizador 'api_gateway'.","api_gateway"
"2429","2026-07-13 18:48:54","INFO","AUTENTICACAO","Tentativa de brute-force bloqueada pelo utilizador 'convidado_01'.","convidado_01"
"2430","2026-07-13 18:48:54","CRITICO","AUTENTICACAO","Tentativa de brute-force bloqueada pelo utilizador 'api_gateway'.","api_gateway"
"2431","2026-07-13 18:48:54","INFO","AUTENTICACAO","Login efetuado com sucesso pelo utilizador 'mauri'.","mauri"
"2432","2026-07-13 18:48:54","INFO","AUTENTICACAO","Tentativa de brute-force bloqueada pelo utilizador 'api_gateway'.","api_gateway"
"2433","2026-07-13 18:48:54","INFO","AUTENTICACAO","Login efetuado com sucesso pelo utilizador 'convidado_01'.","convidado_01"
"2434","2026-07-13 18:48:54","INFO","AUTENTICACAO","Sessão expirada pelo utilizador 'api_gateway'.","api_gateway"
"2435","2026-07-13 18:48:54","INFO","AUTENTICACAO","Login efetuado com sucesso pelo utilizador 'convidado_01'.","convidado_01"
"2436","2026-07-13 18:48:54","ATENCAO","AUTENTICACAO","Login efetuado com sucesso pelo utilizador 'gestor_seguranca'.","gestor_seguranca"
"2437","2026-07-13 18:48:54","ATENCAO","AUTENTICACAO","Falha na palavra-passe pelo utilizador 'api_gateway'.","api_gateway"
"2438","2026-07-13 18:48:54","ATENCAO","AUTENTICACAO","Sessão expirada pelo utilizador 'admin'.","admin"
"2439","2026-07-13 18:48:54","INFO","AUTENTICACAO","Sessão expirada pelo utilizador 'nuno_gomes'.","nuno_gomes"
"2440","2026-07-13 18:48:54","ATENCAO","AUTENTICACAO","Sessão expirada pelo utilizador 'api_gateway'.","api_gateway"
"2441","2026-07-13 18:48:54","INFO","AUTENTICACAO","Sessão expirada pelo utilizador 'nuno_gomes'.","nuno_gomes"
"2442","2026-07-13 18:48:54","INFO","AUTENTICACAO","Login efetuado com sucesso pelo utilizador 'convidado_01'.","convidado_01"
"2443","2026-07-13 18:48:54","INFO","AUTENTICACAO","Falha na palavra-passe pelo utilizador 'convidado_01'.","convidado_01"
"2444","2026-07-13 18:48:54","ATENCAO","AUTENTICACAO","Login efetuado com sucesso pelo utilizador 'api_gateway'.","api_gateway"
"2445","2026-07-13 18:48:54","ATENCAO","AUTENTICACAO","Falha na palavra-passe pelo utilizador 'mauri'.","mauri"
"2446","2026-07-13 18:48:54","ATENCAO","AUTENTICACAO","Falha na palavra-passe pelo utilizador 'api_gateway'.","api_gateway"
"2447","2026-07-13 18:48:54","INFO","AUTENTICACAO","Tentativa de brute-force bloqueada pelo utilizador 'admin'.","admin"
"2448","2026-07-13 18:48:54","ATENCAO","AUTENTICACAO","Tentativa de brute-force bloqueada pelo utilizador 'convidado_01'.","convidado_01"
"2449","2026-07-13 18:48:54","CRITICO","AUTENTICACAO","Falha na palavra-passe pelo utilizador 'api_gateway'.","api_gateway"
"2450","2026-07-13 18:48:54","ATENCAO","AUTENTICACAO","Sessão expirada pelo utilizador 'mauri'.","mauri"
"2451","2026-07-13 18:48:54","ATENCAO","AUTENTICACAO","Falha na palavra-passe pelo utilizador 'mauri'.","mauri"
"2452","2026-07-13 18:48:54","INFO","AUTENTICACAO","Login efetuado com sucesso pelo utilizador 'ana_silva'.","ana_silva"
"2453","2026-07-13 18:48:54","ATENCAO","AUTENTICACAO","Tentativa de brute-force bloqueada pelo utilizador 'gestor_seguranca'.","gestor_seguranca"
"2454","2026-07-13 18:48:54","INFO","AUTENTICACAO","Tentativa de brute-force bloqueada pelo utilizador 'mauri'.","mauri"
"2455","2026-07-13 18:48:54","INFO","AUTENTICACAO","Login efetuado com sucesso pelo utilizador 'gestor_seguranca'.","gestor_seguranca"
"2456","2026-07-13 18:48:54","INFO","AUTENTICACAO","Sessão expirada pelo utilizador 'gestor_seguranca'.","gestor_seguranca"
"2457","2026-07-13 18:48:54","ATENCAO","AUTENTICACAO","Falha na palavra-passe pelo utilizador 'nuno_gomes'.","nuno_gomes"
"2458","2026-07-13 18:48:54","INFO","AUTENTICACAO","Tentativa de brute-force bloqueada pelo utilizador 'api_gateway'.","api_gateway"
"2459","2026-07-13 18:48:54","CRITICO","AUTENTICACAO","Login efetuado com sucesso pelo utilizador 'ana_silva'.","ana_silva"
"2460","2026-07-13 18:48:54","INFO","AUTENTICACAO","Sessão expirada pelo utilizador 'nuno_gomes'.","nuno_gomes"
"2461","2026-07-13 18:48:54","INFO","AUTENTICACAO","Falha na palavra-passe pelo utilizador 'mauri'.","mauri"
"2462","2026-07-13 18:48:54","INFO","AUTENTICACAO","Tentativa de brute-force bloqueada pelo utilizador 'gestor_seguranca'.","gestor_seguranca"
"2463","2026-07-13 18:48:54","INFO","AUTENTICACAO","Sessão expirada pelo utilizador 'api_gateway'.","api_gateway"
"2464","2026-07-13 18:48:54","INFO","AUTENTICACAO","Sessão expirada pelo utilizador 'mauri'.","mauri"
"2465","2026-07-13 18:48:54","CRITICO","AUTENTICACAO","Tentativa de brute-force bloqueada pelo utilizador 'gestor_seguranca'.","gestor_seguranca"
"2466","2026-07-13 18:48:54","INFO","AUTENTICACAO","Login efetuado com sucesso pelo utilizador 'mauri'.","mauri"
"2467","2026-07-13 18:48:54","ATENCAO","AUTENTICACAO","Tentativa de brute-force bloqueada pelo utilizador 'gestor_seguranca'.","gestor_seguranca"
"2468","2026-07-13 18:48:54","INFO","AUTENTICACAO","Falha na palavra-passe pelo utilizador 'convidado_01'.","convidado_01"
"2469","2026-07-13 18:48:54","INFO","AUTENTICACAO","Tentativa de brute-force bloqueada pelo utilizador 'gestor_seguranca'.","gestor_seguranca"
"2470","2026-07-13 18:48:54","ATENCAO","AUTENTICACAO","Falha na palavra-passe pelo utilizador 'admin'.","admin"
"2471","2026-07-13 18:48:54","CRITICO","AUTENTICACAO","Falha na palavra-passe pelo utilizador 'api_gateway'.","api_gateway"
"2472","2026-07-13 18:48:54","INFO","AUTENTICACAO","Login efetuado com sucesso pelo utilizador 'gestor_seguranca'.","gestor_seguranca"
"2473","2026-07-13 18:48:54","INFO","AUTENTICACAO","Tentativa de brute-force bloqueada pelo utilizador 'convidado_01'.","convidado_01"
"2474","2026-07-13 18:48:54","INFO","AUTENTICACAO","Login efetuado com sucesso pelo utilizador 'mauri'.","mauri"
"2475","2026-07-13 18:48:54","INFO","AUTENTICACAO","Tentativa de brute-force bloqueada pelo utilizador 'api_gateway'.","api_gateway"
"2476","2026-07-13 18:48:54","CRITICO","AUTENTICACAO","Sessão expirada pelo utilizador 'api_gateway'.","api_gateway"
"2477","2026-07-13 18:48:54","CRITICO","AUTENTICACAO","Falha na palavra-passe pelo utilizador 'ana_silva'.","ana_silva"
"2478","2026-07-13 18:48:54","INFO","AUTENTICACAO","Login efetuado com sucesso pelo utilizador 'convidado_01'.","convidado_01"
"2479","2026-07-13 18:48:54","INFO","AUTENTICACAO","Login efetuado com sucesso pelo utilizador 'mauri'.","mauri"
"2480","2026-07-13 18:48:54","CRITICO","AUTENTICACAO","Falha na palavra-passe pelo utilizador 'nuno_gomes'.","nuno_gomes"
"2481","2026-07-13 18:48:54","INFO","AUTENTICACAO","Login efetuado com sucesso pelo utilizador 'nuno_gomes'.","nuno_gomes"
"2482","2026-07-13 18:48:54","CRITICO","AUTENTICACAO","Tentativa de brute-force bloqueada pelo utilizador 'admin'.","admin"
"2483","2026-07-13 18:48:54","INFO","AUTENTICACAO","Falha na palavra-passe pelo utilizador 'ana_silva'.","ana_silva"
"2484","2026-07-13 18:48:54","INFO","AUTENTICACAO","Falha na palavra-passe pelo utilizador 'nuno_gomes'.","nuno_gomes"
"2485","2026-07-13 18:48:54","INFO","AUTENTICACAO","Login efetuado com sucesso pelo utilizador 'admin'.","admin"
"2486","2026-07-13 18:48:54","INFO","AUTENTICACAO","Sessão expirada pelo utilizador 'gestor_seguranca'.","gestor_seguranca"
"2487","2026-07-13 18:48:54","INFO","AUTENTICACAO","Falha na palavra-passe pelo utilizador 'nuno_gomes'.","nuno_gomes"
"2488","2026-07-13 18:48:54","ATENCAO","AUTENTICACAO","Login efetuado com sucesso pelo utilizador 'admin'.","admin"
"2489","2026-07-13 18:48:54","ATENCAO","AUTENTICACAO","Tentativa de brute-force bloqueada pelo utilizador 'admin'.","admin"
"2490","2026-07-13 18:48:54","INFO","AUTENTICACAO","Falha na palavra-passe pelo utilizador 'admin'.","admin"
"2491","2026-07-13 18:48:54","CRITICO","AUTENTICACAO","Falha na palavra-passe pelo utilizador 'convidado_01'.","convidado_01"
"2492","2026-07-13 18:48:54","INFO","AUTENTICACAO","Sessão expirada pelo utilizador 'api_gateway'.","api_gateway"
"2493","2026-07-13 18:48:54","INFO","AUTENTICACAO","Falha na palavra-passe pelo utilizador 'gestor_seguranca'.","gestor_seguranca"
"2494","2026-07-13 18:48:54","INFO","AUTENTICACAO","Tentativa de brute-force bloqueada pelo utilizador 'nuno_gomes'.","nuno_gomes"
"2495","2026-07-13 18:48:54","INFO","AUTENTICACAO","Login efetuado com sucesso pelo utilizador 'nuno_gomes'.","nuno_gomes"
"2496","2026-07-13 18:48:54","INFO","AUTENTICACAO","Login efetuado com sucesso pelo utilizador 'nuno_gomes'.","nuno_gomes"
"2497","2026-07-13 18:48:54","INFO","AUTENTICACAO","Tentativa de brute-force bloqueada pelo utilizador 'nuno_gomes'.","nuno_gomes"
"2498","2026-07-13 18:48:54","INFO","AUTENTICACAO","Tentativa de brute-force bloqueada pelo utilizador 'nuno_gomes'.","nuno_gomes"
"2499","2026-07-13 18:48:54","CRITICO","AUTENTICACAO","Falha na palavra-passe pelo utilizador 'mauri'.","mauri"
"2500","2026-07-13 18:48:54","INFO","AUTENTICACAO","Tentativa de brute-force bloqueada pelo utilizador 'mauri'.","mauri"
"2501","2026-07-13 18:48:54","INFO","AUTENTICACAO","Sessão expirada pelo utilizador 'mauri'.","mauri"
"2502","2026-07-13 18:48:54","CRITICO","AUTENTICACAO","Sessão expirada pelo utilizador 'mauri'.","mauri"
"2503","2026-07-13 18:48:54","INFO","AUTENTICACAO","Falha na palavra-passe pelo utilizador 'mauri'.","mauri"
"2504","2026-07-13 18:48:54","INFO","AUTENTICACAO","Sessão expirada pelo utilizador 'mauri'.","mauri"
"2505","2026-07-13 18:48:54","ATENCAO","AUTENTICACAO","Tentativa de brute-force bloqueada pelo utilizador 'mauri'.","mauri"
"2506","2026-07-13 18:48:54","INFO","AUTENTICACAO","Login efetuado com sucesso pelo utilizador 'mauri'.","mauri"
"2507","2026-07-13 18:48:54","INFO","AUTENTICACAO","Sessão expirada pelo utilizador 'mauri'.","mauri"
"2508","2026-07-13 18:48:54","CRITICO","AUTENTICACAO","Sessão expirada pelo utilizador 'mauri'.","mauri"
"2509","2026-07-13 18:48:54","INFO","AUTENTICACAO","Tentativa de brute-force bloqueada pelo utilizador 'mauri'.","mauri"
"2510","2026-07-13 18:48:54","INFO","AUTENTICACAO","Tentativa de brute-force bloqueada pelo utilizador 'mauri'.","mauri"
"2511","2026-07-13 18:48:54","CRITICO","AUTENTICACAO","Tentativa de brute-force bloqueada pelo utilizador 'mauri'.","mauri"
"2512","2026-07-13 18:48:54","INFO","AUTENTICACAO","Tentativa de brute-force bloqueada pelo utilizador 'mauri'.","mauri"
"2513","2026-07-13 18:48:54","CRITICO","AUTENTICACAO","Login efetuado com sucesso pelo utilizador 'mauri'.","mauri"
"2514","2026-07-13 18:48:54","INFO","AUTENTICACAO","Tentativa de brute-force bloqueada pelo utilizador 'mauri'.","mauri"
"2515","2026-07-13 18:48:54","CRITICO","AUTENTICACAO","Falha na palavra-passe pelo utilizador 'mauri'.","mauri"
"2516","2026-07-13 18:48:54","INFO","AUTENTICACAO","Login efetuado com sucesso pelo utilizador 'mauri'.","mauri"
"2517","2026-07-13 18:48:54","INFO","AUTENTICACAO","Tentativa de brute-force bloqueada pelo utilizador 'ana_silva'.","ana_silva"
"2518","2026-07-13 18:48:54","INFO","AUTENTICACAO","Falha na palavra-passe pelo utilizador 'ana_silva'.","ana_silva"
"2519","2026-07-13 18:48:54","INFO","AUTENTICACAO","Sessão expirada pelo utilizador 'ana_silva'.","ana_silva"
"2520","2026-07-13 18:48:54","INFO","AUTENTICACAO","Sessão expirada pelo utilizador 'gestor_seguranca'.","gestor_seguranca"
"2521","2026-07-13 18:48:54","INFO","AUTENTICACAO","Falha na palavra-passe pelo utilizador 'gestor_seguranca'.","gestor_seguranca"
"2522","2026-07-13 18:48:54","ATENCAO","AUTENTICACAO","Tentativa de brute-force bloqueada pelo utilizador 'gestor_seguranca'.","gestor_seguranca"
"2523","2026-07-13 18:48:54","INFO","AUTENTICACAO","Tentativa de brute-force bloqueada pelo utilizador 'gestor_seguranca'.","gestor_seguranca"
"2524","2026-07-13 18:48:54","ATENCAO","AUTENTICACAO","Falha na palavra-passe pelo utilizador 'gestor_seguranca'.","gestor_seguranca"
"2525","2026-07-13 18:48:54","CRITICO","AUTENTICACAO","Login efetuado com sucesso pelo utilizador 'gestor_seguranca'.","gestor_seguranca"
"2526","2026-07-13 18:48:54","CRITICO","AUTENTICACAO","Sessão expirada pelo utilizador 'gestor_seguranca'.","gestor_seguranca"
"2527","2026-07-13 18:48:54","ATENCAO","AUTENTICACAO","Sessão expirada pelo utilizador 'gestor_seguranca'.","gestor_seguranca"
"2528","2026-07-13 18:48:54","INFO","AUTENTICACAO","Login efetuado com sucesso pelo utilizador 'gestor_seguranca'.","gestor_seguranca"
"2529","2026-07-13 18:48:54","INFO","AUTENTICACAO","Falha na palavra-passe pelo utilizador 'gestor_seguranca'.","gestor_seguranca"
"2530","2026-07-13 18:48:54","ATENCAO","AUTENTICACAO","Login efetuado com sucesso pelo utilizador 'gestor_seguranca'.","gestor_seguranca"
"2531","2026-07-13 18:48:54","ATENCAO","AUTENTICACAO","Falha na palavra-passe pelo utilizador 'gestor_seguranca'.","gestor_seguranca"
"2532","2026-07-13 18:48:54","ATENCAO","AUTENTICACAO","Sessão expirada pelo utilizador 'gestor_seguranca'.","gestor_seguranca"
"2533","2026-07-13 18:48:54","CRITICO","AUTENTICACAO","Falha na palavra-passe pelo utilizador 'gestor_seguranca'.","gestor_seguranca"
"2534","2026-07-13 18:48:54","CRITICO","AUTENTICACAO","Login efetuado com sucesso pelo utilizador 'convidado_01'.","convidado_01"
"2535","2026-07-13 18:48:54","CRITICO","AUTENTICACAO","Falha na palavra-passe pelo utilizador 'convidado_01'.","convidado_01"
"2536","2026-07-13 18:48:54","ATENCAO","AUTENTICACAO","Falha na palavra-passe pelo utilizador 'convidado_01'.","convidado_01"
"2537","2026-07-13 18:48:54","CRITICO","AUTENTICACAO","Tentativa de brute-force bloqueada pelo utilizador 'convidado_01'.","convidado_01"
"2538","2026-07-13 18:48:54","INFO","AUTENTICACAO","Sessão expirada pelo utilizador 'convidado_01'.","convidado_01"
"2539","2026-07-13 18:48:54","INFO","AUTENTICACAO","Tentativa de brute-force bloqueada pelo utilizador 'convidado_01'.","convidado_01"
"2540","2026-07-13 18:48:54","ATENCAO","AUTENTICACAO","Login efetuado com sucesso pelo utilizador 'convidado_01'.","convidado_01"
"2541","2026-07-13 18:48:54","INFO","AUTENTICACAO","Falha na palavra-passe pelo utilizador 'admin'.","admin"
"2542","2026-07-13 18:48:54","INFO","AUTENTICACAO","Sessão expirada pelo utilizador 'admin'.","admin"
"2543","2026-07-13 18:48:54","ATENCAO","AUTENTICACAO","Falha na palavra-passe pelo utilizador 'admin'.","admin"
"2544","2026-07-13 18:48:54","INFO","AUTENTICACAO","Login efetuado com sucesso pelo utilizador 'admin'.","admin"
"2545","2026-07-13 18:48:54","CRITICO","AUTENTICACAO","Login efetuado com sucesso pelo utilizador 'admin'.","admin"
"2546","2026-07-13 18:48:54","INFO","AUTENTICACAO","Tentativa de brute-force bloqueada pelo utilizador 'api_gateway'.","api_gateway"
"2547","2026-07-13 18:48:54","CRITICO","AUTENTICACAO","Login efetuado com sucesso pelo utilizador 'api_gateway'.","api_gateway"
"2548","2026-07-13 18:48:54","INFO","AUTENTICACAO","Tentativa de brute-force bloqueada pelo utilizador 'api_gateway'.","api_gateway"
"2549","2026-07-13 18:48:54","ATENCAO","AUTENTICACAO","Tentativa de brute-force bloqueada pelo utilizador 'api_gateway'.","api_gateway"
"2550","2026-07-13 18:48:54","ATENCAO","AUTENTICACAO","Falha na palavra-passe pelo utilizador 'api_gateway'.","api_gateway"
"2551","2026-07-13 18:48:54","INFO","AUTENTICACAO","Tentativa de brute-force bloqueada pelo utilizador 'api_gateway'.","api_gateway"
"2552","2026-07-13 18:48:54","CRITICO","AUTENTICACAO","Falha na palavra-passe pelo utilizador 'api_gateway'.","api_gateway"
"2553","2026-07-13 18:48:54","INFO","AUTENTICACAO","Login efetuado com sucesso pelo utilizador 'api_gateway'.","api_gateway"
"2554","2026-07-13 18:48:54","INFO","AUTENTICACAO","Falha na palavra-passe pelo utilizador 'api_gateway'.","api_gateway"
"2555","2026-07-13 18:48:54","ATENCAO","AUTENTICACAO","Sessão expirada pelo utilizador 'api_gateway'.","api_gateway"
"2556","2026-07-13 18:48:54","ATENCAO","AUTENTICACAO","Utilizador 'ana_silva' desativado por inatividade prolongada.","ana_silva"
"2557","2026-07-13 18:48:54","INFO","AUTENTICACAO","Utilizador 'carlos_bento' desativado pelo administrador 'admin'.","carlos_bento"
"2558","2026-07-13 18:48:54","ATENCAO","AUTENTICACAO","Utilizador 'pedro_rocha' desativado após múltiplas falhas de palavra-passe.","pedro_rocha"
"2559","2026-07-13 18:48:54","ATENCAO","AUTENTICACAO","Utilizador 'luisa_gomes' desativado por política de segurança pendente.","luisa_gomes"
"2560","2026-07-13 18:48:54","ATENCAO","AUTENTICACAO","Utilizador 'sofia_martins' desativado temporariamente pela equipa de suporte.","sofia_martins"
"2561","2026-07-13 18:48:54","ATENCAO","AUTENTICACAO","Utilizador 'mariana_costa' desativado por falta de renovação de acessos.","mariana_costa"
"2562","2026-07-13 18:48:54","ATENCAO","AUTENTICACAO","Utilizador 'catarina_lopes' desativado por suspeita de acesso indevido.","catarina_lopes"
"2563","2026-07-13 18:48:54","ATENCAO","AUTENTICACAO","Utilizador 'beatriz_nunes' desativado automaticamente pelo sistema de auditoria.","beatriz_nunes"
"2564","2026-07-13 18:48:54","ATENCAO","AUTENTICACAO","Utilizador 'andre_cardoso' desativado por expiração de credenciais temporárias.","andre_cardoso"
"2565","2026-07-13 18:48:54","ATENCAO","AUTENTICACAO","Utilizador 'nuno_teixeira' desativado por conformidade com o plano de segurança.","nuno_teixeira"
"2566","2026-07-13 18:48:54","ATENCAO","AUTENTICACAO","Utilizador 'diogo_machado' desativado para investigação de integridade de conta.","diogo_machado"
"2567","2026-07-13 18:48:54","ATENCAO","AUTENTICACAO","Utilizador 'hugo_ferreira' desativado após expirar o período de carência.","hugo_ferreira"
"2568","2026-07-13 18:48:54","ATENCAO","AUTENTICACAO","Utilizador 'vitor_pereira' desativado manualmente pelo operador de turno.","vitor_pereira"
"2569","2026-07-13 18:48:54","ATENCAO","AUTENTICACAO","Utilizador 'bruno_carvalho' desativado preventivamente por alteração de funções.","bruno_carvalho"
"2570","2026-07-13 18:48:54","ATENCAO","AUTENTICACAO","Utilizador 'daniel_ribeiro' desativado devido a restrições de horários de acesso.","daniel_ribeiro"
"2571","2026-07-13 18:48:54","ATENCAO","AUTENTICACAO","Utilizador 'antonio_neves' desativado por bloqueio administrativo remoto.","antonio_neves"
"2572","2026-07-13 18:48:54","ATENCAO","AUTENTICACAO","Utilizador 'carla_peixoto' desativado por inatividade no portal de clientes.","carla_peixoto"
"2573","2026-07-13 18:48:54","ATENCAO","AUTENTICACAO","Utilizador 'andreia_melo' desativado automaticamente por falha na validação MFA.","andreia_melo"
"2574","2026-07-13 18:48:54","ATENCAO","AUTENTICACAO","Utilizador 'juliana_paiva' desativado por ordem do administrador de segurança.","juliana_paiva"
"2575","2026-07-13 18:48:54","ATENCAO","AUTENTICACAO","Utilizador 'patricia_basto' desativado temporariamente para manutenção de perfil.","patricia_basto"
"2576","2026-07-13 18:48:54","ATENCAO","AUTENTICACAO","Utilizador 'clara_bessa' desativado por suspeita de partilha de credenciais.","clara_bessa"
"2577","2026-07-13 18:48:54","ATENCAO","AUTENTICACAO","Utilizador 'monica_sanches' desativado por falta de assinatura digital válida.","monica_sanches"
"2578","2026-07-13 18:48:54","ATENCAO","AUTENTICACAO","Utilizador 'vania_guedes' desativado preventivamente por deteção de anomalias no IP.","vania_guedes"
"2579","2026-07-13 18:48:54","ATENCAO","AUTENTICACAO","Utilizador 'renato_seixas' desativado por não conformidade com as novas políticas de acessos.","renato_seixas"
"2580","2026-07-13 18:48:54","ATENCAO","AUTENTICACAO","Utilizador 'eduardo_pinto' desativado após bloqueio no módulo de segurança perimetral.","eduardo_pinto"
"2581","2026-07-13 18:48:54","ATENCAO","AUTENTICACAO","Utilizador 'samuel_antunes' desativado por ultrapassar o limite de sessões simultâneas.","samuel_antunes"
"2582","2026-07-13 18:48:54","ATENCAO","AUTENTICACAO","Utilizador 'helena_vaz' desativado devido a pendências na validação de e-mail.","helena_vaz"
"2583","2026-07-13 18:48:54","ATENCAO","AUTENTICACAO","Utilizador 'alice_bastos' desativado temporariamente pela equipa de Helpdesk.","alice_bastos"
"2584","2026-07-13 18:48:54","ATENCAO","AUTENTICACAO","Utilizador 'tatiana_rosa' desativado automaticamente por expiração de token API.","tatiana_rosa"
"2585","2026-07-13 18:48:54","ATENCAO","AUTENTICACAO","Utilizador 'orlando_faria' desativado por inatividade superior a 90 dias.","orlando_faria"
"2586","2026-07-13 18:48:54","ATENCAO","AUTENTICACAO","Utilizador 'igor_lopes' desativado devido a alterações nas permissões do grupo de utilizadores.","igor_lopes"
"2587","2026-07-13 18:48:54","ATENCAO","AUTENTICACAO","Utilizador 'leticia_mendes' desativado por expiração da palavra-passe padrão de primeiro acesso.","leticia_mendes"
"2588","2026-07-13 18:48:54","ATENCAO","AUTENTICACAO","Utilizador 'gisela_freitas' desativado preventivamente após alerta do SOC.","gisela_freitas"
"2589","2026-07-13 18:48:54","ATENCAO","AUTENTICACAO","Utilizador 'diana_rego' desativado por quebra de políticas de utilização interna.","diana_rego"
"2590","2026-07-13 18:48:54","ATENCAO","AUTENTICACAO","Utilizador 'isabel_soares' desativado por transição de departamento e perfil em aprovação.","isabel_soares"
"2591","2026-07-13 18:48:54","ATENCAO","AUTENTICACAO","Utilizador 'olivia_ortiz' desativado automaticamente por falta de atividade no trimestre.","olivia_ortiz"
"2592","2026-07-13 18:48:54","ATENCAO","AUTENTICACAO","Utilizador 'bruna_marques' desativado devido a bloqueio preventivo de segurança.","bruna_marques"
"2593","2026-07-13 18:48:54","ATENCAO","AUTENTICACAO","Utilizador 'andre_silveira' desativado após consecutivas rejeições de autenticação federada.","andre_silveira"
"2594","2026-07-13 18:48:54","ATENCAO","AUTENTICACAO","Utilizador 'mauro_santos' desativado pelo operador do sistema por manutenção programada.","mauro_santos"
"2595","2026-07-13 18:48:54","ATENCAO","AUTENTICACAO","Utilizador 'telmo_correia' desativado devido a expiração de contrato de prestação de serviços.","telmo_correia"
"2596","2026-07-13 18:48:54","ATENCAO","AUTENTICACAO","Utilizador 'valter_cardoso' desativado por inconformidade cadastral detetada pelo script de auditoria.","valter_cardoso"
"2597","2026-07-13 18:48:54","ATENCAO","AUTENTICACAO","Utilizador 'carla_peixoto' desativado por inatividade no portal de clientes.","carla_peixoto"
"2598","2026-07-13 18:48:54","ATENCAO","AUTENTICACAO","Utilizador 'andreia_melo' desativado automaticamente por falha na validação MFA.","andreia_melo"
"2599","2026-07-13 18:48:54","ATENCAO","AUTENTICACAO","Utilizador 'juliana_paiva' desativado por ordem do administrador de segurança.","juliana_paiva"
"2600","2026-07-13 18:48:54","ATENCAO","AUTENTICACAO","Utilizador 'patricia_basto' desativado temporariamente para manutenção de perfil.","patricia_basto"
"2601","2026-07-13 18:48:54","ATENCAO","AUTENTICACAO","Utilizador 'clara_bessa' desativado por suspeita de partilha de credenciais.","clara_bessa"
"2602","2026-07-13 18:48:54","ATENCAO","AUTENTICACAO","Utilizador 'monica_sanches' desativado por falta de assinatura digital válida.","monica_sanches"
"2603","2026-07-13 18:48:54","ATENCAO","AUTENTICACAO","Utilizador 'vania_guedes' desativado preventivamente por deteção de anomalias no IP.","vania_guedes"
"2604","2026-07-13 18:48:54","ATENCAO","AUTENTICACAO","Utilizador 'renato_seixas' desativado por não conformidade com as novas políticas de acessos.","renato_seixas"
"2605","2026-07-13 18:48:54","ATENCAO","AUTENTICACAO","Utilizador 'eduardo_pinto' desativado após bloqueio no módulo de segurança perimetral.","eduardo_pinto"
"2606","2026-07-13 18:48:54","ATENCAO","AUTENTICACAO","Utilizador 'samuel_antunes' desativado por ultrapassar o limite de sessões simultâneas.","samuel_antunes"
"2607","2026-07-13 18:48:54","ATENCAO","AUTENTICACAO","Utilizador 'helena_vaz' desativado devido a pendências na validação de e-mail.","helena_vaz"
"2608","2026-07-13 18:48:54","ATENCAO","AUTENTICACAO","Utilizador 'alice_bastos' desativado temporariamente pela equipa de Helpdesk.","alice_bastos"
"2609","2026-07-13 18:48:54","ATENCAO","AUTENTICACAO","Utilizador 'tatiana_rosa' desativado automaticamente por expiração de token API.","tatiana_rosa"
"2610","2026-07-13 18:48:54","ATENCAO","AUTENTICACAO","Utilizador 'orlando_faria' desativado por inatividade superior a 90 dias.","orlando_faria"
"2611","2026-07-13 18:48:54","ATENCAO","AUTENTICACAO","Utilizador 'igor_lopes' desativado devido a alterações nas permissões do grupo de utilizadores.","igor_lopes"
"2612","2026-07-13 18:48:54","ATENCAO","AUTENTICACAO","Utilizador 'leticia_mendes' desativado por expiração da palavra-passe padrão de primeiro acesso.","leticia_mendes"
"2613","2026-07-13 18:48:54","ATENCAO","AUTENTICACAO","Utilizador 'gisela_freitas' desativado preventivamente após alerta do SOC.","gisela_freitas"
"2614","2026-07-13 18:48:54","ATENCAO","AUTENTICACAO","Utilizador 'diana_rego' desativado por quebra de políticas de utilização interna.","diana_rego"
"2615","2026-07-13 18:48:54","ATENCAO","AUTENTICACAO","Utilizador 'isabel_soares' desativado por transição de departamento e perfil em aprovação.","isabel_soares"
"2616","2026-07-13 18:48:54","ATENCAO","AUTENTICACAO","Utilizador 'olivia_ortiz' desativado automaticamente por falta de atividade no trimestre.","olivia_ortiz"
"2617","2026-07-13 18:48:54","ATENCAO","AUTENTICACAO","Utilizador 'bruna_marques' desativado devido a bloqueio preventivo de segurança.","bruna_marques"
"2618","2026-07-13 18:48:54","ATENCAO","AUTENTICACAO","Utilizador 'andre_silveira' desativado após consecutivas rejeições de autenticação federada.","andre_silveira"
"2619","2026-07-13 18:48:54","ATENCAO","AUTENTICACAO","Utilizador 'mauro_santos' desativado pelo operador do sistema por manutenção programada.","mauro_santos"
"2620","2026-07-13 18:48:54","ATENCAO","AUTENTICACAO","Utilizador 'telmo_correia' desativado devido a expiração de contrato de prestação de serviços.","telmo_correia"
"2621","2026-07-13 18:48:54","ATENCAO","AUTENTICACAO","Utilizador 'valter_cardoso' desativado por inconformidade cadastral detetada pelo script de auditoria.","valter_cardoso"
"2622","2026-07-13 18:48:54","ATENCAO","AUTENTICACAO","Utilizador 'andreia_melo' desativado automaticamente por falha na validação MFA.","andreia_melo"
"2623","2026-07-13 18:48:54","ATENCAO","AUTENTICACAO","Utilizador 'juliana_paiva' desativado por ordem do administrador de segurança.","juliana_paiva"
"2624","2026-07-13 18:48:54","ATENCAO","AUTENTICACAO","Utilizador 'patricia_basto' desativado temporariamente para manutenção de perfil.","patricia_basto"
"2625","2026-07-13 18:48:54","ATENCAO","AUTENTICACAO","Utilizador 'clara_bessa' desativado por suspeita de partilha de credenciais.","clara_bessa"
"2626","2026-07-13 18:48:54","ATENCAO","AUTENTICACAO","Utilizador 'monica_sanches' desativado por falta de assinatura digital válida.","monica_sanches"
"2627","2026-07-13 18:48:54","ATENCAO","AUTENTICACAO","Utilizador 'vania_guedes' desativado preventivamente por deteção de anomalias no IP.","vania_guedes"
"2628","2026-07-13 18:48:54","ATENCAO","AUTENTICACAO","Utilizador 'renato_seixas' desativado por não conformidade com as novas políticas de acessos.","renato_seixas"
"2629","2026-07-13 18:48:54","ATENCAO","AUTENTICACAO","Utilizador 'eduardo_pinto' desativado após bloqueio no módulo de segurança perimetral.","eduardo_pinto"
"2630","2026-07-13 18:48:54","ATENCAO","AUTENTICACAO","Utilizador 'samuel_antunes' desativado por ultrapassar o limite de sessões simultâneas.","samuel_antunes"
"2631","2026-07-13 18:48:54","ATENCAO","AUTENTICACAO","Utilizador 'helena_vaz' desativado devido a pendências na validação de e-mail.","helena_vaz"
"2632","2026-07-13 18:48:54","ATENCAO","AUTENTICACAO","Utilizador 'alice_bastos' desativado temporariamente pela equipa de Helpdesk.","alice_bastos"
"2633","2026-07-13 18:48:54","ATENCAO","AUTENTICACAO","Utilizador 'tatiana_rosa' desativado automaticamente por expiração de token API.","tatiana_rosa"
"2634","2026-07-13 18:48:54","ATENCAO","AUTENTICACAO","Utilizador 'orlando_faria' desativado por inatividade superior a 90 dias.","orlando_faria"
"2635","2026-07-13 18:48:54","INFO","AUTENTICACAO","Utilizador 'miguel_ribeiro_78' ativado após redefinição bem-sucedida de credenciais expiradas.","miguel_ribeiro_78"
"2636","2026-07-13 18:48:54","INFO","AUTENTICACAO","Utilizador 'catarina_almeida_63' ativado após verificação de identidade e validação de documentos.","catarina_almeida_63"
"2637","2026-07-13 18:48:54","INFO","AUTENTICACAO","Utilizador 'catarina_almeida_19' ativado por ordem da equipa de supervisão de segurança corporativa.","catarina_almeida_19"
"2638","2026-07-13 18:48:54","INFO","AUTENTICACAO","Utilizador 'tiago_simoes_66' ativado após redefinição bem-sucedida de credenciais expiradas.","tiago_simoes_66"
"2639","2026-07-13 18:48:54","INFO","AUTENTICACAO","Utilizador 'nuno_teixeira_67' ativado reativação automática após fim do período de licença temporária.","nuno_teixeira_67"
"2640","2026-07-13 18:48:54","INFO","AUTENTICACAO","Utilizador 'helena_vaz_81' ativado após renovação do contrato de prestação de serviços externos.","helena_vaz_81"
"2641","2026-07-13 18:48:54","INFO","AUTENTICACAO","Utilizador 'nuno_teixeira_38' ativado após renovação do contrato de prestação de serviços externos.","nuno_teixeira_38"
"2642","2026-07-13 18:48:54","INFO","AUTENTICACAO","Utilizador 'antonio_silva_23' ativado por solicitação expressa do departamento de recursos humanos.","antonio_silva_23"
"2643","2026-07-13 18:48:54","INFO","AUTENTICACAO","Utilizador 'rui_marques_57' ativado por ordem da equipa de supervisão de segurança corporativa.","rui_marques_57"
"2644","2026-07-13 18:48:54","INFO","AUTENTICACAO","Utilizador 'luis_goncalves_63' ativado após verificação de identidade e validação de documentos.","luis_goncalves_63"
"2645","2026-07-13 18:48:54","INFO","AUTENTICACAO","Utilizador 'isabel_carvalho_81' ativado após conclusão do processo de onboarding e formação inicial.","isabel_carvalho_81"
"2646","2026-07-13 18:48:54","INFO","AUTENTICACAO","Utilizador 'claudia_soares_31' ativado após verificação de identidade e validação de documentos.","claudia_soares_31"
"2647","2026-07-13 18:48:54","INFO","AUTENTICACAO","Utilizador 'patricia_reis_61' ativado por solicitação expressa do departamento de recursos humanos.","patricia_reis_61"
"2648","2026-07-13 18:48:54","INFO","AUTENTICACAO","Utilizador 'carla_martins_61' ativado após verificação de identidade e validação de documentos.","carla_martins_61"
"2649","2026-07-13 18:48:54","INFO","AUTENTICACAO","Utilizador 'marta_pinto_14' ativado após redefinição bem-sucedida de credenciais expiradas.","marta_pinto_14"
"2650","2026-07-13 18:48:54","INFO","AUTENTICACAO","Utilizador 'marta_pinto_19' ativado após conclusão do processo de onboarding e formação inicial.","marta_pinto_19"
"2651","2026-07-13 18:48:54","INFO","AUTENTICACAO","Utilizador 'patricia_reis_38' ativado por ordem da equipa de supervisão de segurança corporativa.","patricia_reis_38"
"2652","2026-07-13 18:48:54","INFO","AUTENTICACAO","Utilizador 'bruno_fonseca_63' ativado reativação automática após fim do período de licença temporária.","bruno_fonseca_63"
"2653","2026-07-13 18:48:54","INFO","AUTENTICACAO","Utilizador 'marta_pinto_32' ativado após redefinição bem-sucedida de credenciais expiradas.","marta_pinto_32"
"2654","2026-07-13 18:48:54","INFO","AUTENTICACAO","Utilizador 'ricardo_antunes_69' ativado após verificação de identidade e validação de documentos.","ricardo_antunes_69"
"2655","2026-07-13 18:48:54","INFO","AUTENTICACAO","Utilizador 'goncalo_brito_86' ativado por solicitação expressa do departamento de recursos humanos.","goncalo_brito_86"
"2656","2026-07-13 18:48:54","INFO","AUTENTICACAO","Utilizador 'jose_oliveira_86' ativado por ordem da equipa de supervisão de segurança corporativa.","jose_oliveira_86"
"2657","2026-07-13 18:48:54","INFO","AUTENTICACAO","Utilizador 'sofia_lopes_62' ativado restauro de conta após auditoria de acessos de rotina.","sofia_lopes_62"
"2658","2026-07-13 18:48:54","INFO","AUTENTICACAO","Utilizador 'isabel_carvalho_11' ativado restauro de conta após auditoria de acessos de rotina.","isabel_carvalho_11"
"2659","2026-07-13 18:48:54","INFO","AUTENTICACAO","Utilizador 'joao_ferreira_56' ativado após conclusão do processo de onboarding e formação inicial.","joao_ferreira_56"
"2660","2026-07-13 18:48:54","INFO","AUTENTICACAO","Utilizador 'isabel_carvalho_12' ativado restauro de conta após auditoria de acessos de rotina.","isabel_carvalho_12"
"2661","2026-07-13 18:48:54","INFO","AUTENTICACAO","Utilizador 'nuno_teixeira_86' ativado reativação automática após fim do período de licença temporária.","nuno_teixeira_86"
"2662","2026-07-13 18:48:54","INFO","AUTENTICACAO","Utilizador 'nuno_teixeira_26' ativado por ordem da equipa de supervisão de segurança corporativa.","nuno_teixeira_26"
"2663","2026-07-13 18:48:54","INFO","AUTENTICACAO","Utilizador 'sofia_lopes_70' ativado por ordem da equipa de supervisão de segurança corporativa.","sofia_lopes_70"
"2664","2026-07-13 18:48:54","INFO","AUTENTICACAO","Utilizador 'ana_rodrigues_19' ativado após verificação de identidade e validação de documentos.","ana_rodrigues_19"
"2665","2026-07-13 18:48:54","INFO","AUTENTICACAO","Utilizador 'ana_rodrigues_94' ativado por ordem da equipa de supervisão de segurança corporativa.","ana_rodrigues_94"
"2666","2026-07-13 18:48:54","INFO","AUTENTICACAO","Utilizador 'helena_vaz_69' ativado restauro de conta após auditoria de acessos de rotina.","helena_vaz_69"
"2667","2026-07-13 18:48:54","INFO","AUTENTICACAO","Utilizador 'isabel_carvalho_64' ativado após verificação de identidade e validação de documentos.","isabel_carvalho_64"
"2668","2026-07-13 18:48:54","INFO","AUTENTICACAO","Utilizador 'helena_vaz_55' ativado reativação automática após fim do período de licença temporária.","helena_vaz_55"
"2669","2026-07-13 18:48:54","INFO","AUTENTICACAO","Utilizador 'manuel_sousa_19' ativado após conclusão do processo de onboarding e formação inicial.","manuel_sousa_19"
"2670","2026-07-13 18:48:54","INFO","AUTENTICACAO","Utilizador 'luis_goncalves_90' ativado reativação automática após fim do período de licença temporária.","luis_goncalves_90"
"2671","2026-07-13 18:48:54","INFO","AUTENTICACAO","Utilizador 'isabel_carvalho_82' ativado por ordem da equipa de supervisão de segurança corporativa.","isabel_carvalho_82"
"2672","2026-07-13 18:48:54","INFO","AUTENTICACAO","Utilizador 'ana_rodrigues_70' ativado após conclusão do processo de onboarding e formação inicial.","ana_rodrigues_70"
"2673","2026-07-13 18:48:54","INFO","AUTENTICACAO","Utilizador 'miguel_ribeiro_48' ativado restauro de conta após auditoria de acessos de rotina.","miguel_ribeiro_48"
"2674","2026-07-13 18:48:54","INFO","AUTENTICACAO","Utilizador 'carla_martins_17' ativado restauro de conta após auditoria de acessos de rotina.","carla_martins_17"
"2675","2026-07-13 18:48:54","INFO","AUTENTICACAO","Utilizador 'bruno_fonseca_26' ativado após verificação de identidade e validação de documentos.","bruno_fonseca_26"
"2676","2026-07-13 18:48:54","INFO","AUTENTICACAO","Utilizador 'jose_oliveira_16' ativado após redefinição bem-sucedida de credenciais expiradas.","jose_oliveira_16"
"2677","2026-07-13 18:48:54","INFO","AUTENTICACAO","Utilizador 'miguel_ribeiro_43' ativado por ordem da equipa de supervisão de segurança corporativa.","miguel_ribeiro_43"
"2678","2026-07-13 18:48:54","INFO","AUTENTICACAO","Utilizador 'marta_pinto_76' ativado após conclusão do processo de onboarding e formação inicial.","marta_pinto_76"
"2679","2026-07-13 18:48:54","INFO","AUTENTICACAO","Utilizador 'joao_ferreira_73' ativado após conclusão do processo de onboarding e formação inicial.","joao_ferreira_73"
"2680","2026-07-13 18:48:54","INFO","AUTENTICACAO","Utilizador 'maria_santos_41' ativado após conclusão do processo de onboarding e formação inicial.","maria_santos_41"
"2681","2026-07-13 18:48:54","INFO","AUTENTICACAO","Utilizador 'maria_santos_38' ativado após verificação de identidade e validação de documentos.","maria_santos_38"
"2682","2026-07-13 18:48:54","INFO","AUTENTICACAO","Utilizador 'pedro_costa_93' ativado após conclusão do processo de onboarding e formação inicial.","pedro_costa_93"
"2683","2026-07-13 18:48:54","INFO","AUTENTICACAO","Utilizador 'jose_oliveira_12' ativado reativação automática após fim do período de licença temporária.","jose_oliveira_12"
"2684","2026-07-13 18:48:54","INFO","AUTENTICACAO","Utilizador 'patricia_reis_58' ativado reativação automática após fim do período de licença temporária.","patricia_reis_58"
"2685","2026-07-13 18:48:54","ATENCAO","AUTENTICACAO","Utilizador 'carla_martins_40' desativado por não conformidade com as novas políticas de acessos e segurança.","carla_martins_40"
"2686","2026-07-13 18:48:54","ATENCAO","AUTENTICACAO","Utilizador 'tiago_simoes_61' desativado restrição preventiva por alteração geográfica suspeita de IP.","tiago_simoes_61"
"2687","2026-07-13 18:48:54","ATENCAO","AUTENTICACAO","Utilizador 'ana_rodrigues_14' desativado detetada inatividade prolongada superior a 90 dias consecutivos.","ana_rodrigues_14"
"2688","2026-07-13 18:48:54","ATENCAO","AUTENTICACAO","Utilizador 'susana_gomes_24' desativado após bloqueio automático no módulo de segurança perimetral.","susana_gomes_24"
"2689","2026-07-13 18:48:54","ATENCAO","AUTENTICACAO","Utilizador 'andreia_neves_75' desativado por ultrapassar o limite máximo de sessões simultâneas permitidas.","andreia_neves_75"
"2690","2026-07-13 18:48:54","ATENCAO","AUTENTICACAO","Utilizador 'tiago_simoes_79' desativado por não conformidade com as novas políticas de acessos e segurança.","tiago_simoes_79"
"2691","2026-07-13 18:48:54","ATENCAO","AUTENTICACAO","Utilizador 'pedro_costa_55' desativado por não conformidade com as novas políticas de acessos e segurança.","pedro_costa_55"
"2692","2026-07-13 18:48:54","ATENCAO","AUTENTICACAO","Utilizador 'rui_marques_26' desativado temporariamente suspenso devido a expiração periódica de credenciais.","rui_marques_26"
"2693","2026-07-13 18:48:54","ATENCAO","AUTENTICACAO","Utilizador 'patricia_reis_26' desativado suspeita de atividade anómala ou tentativa de acesso não autorizado.","patricia_reis_26"
"2694","2026-07-13 18:48:54","ATENCAO","AUTENTICACAO","Utilizador 'susana_gomes_60' desativado restrição preventiva por alteração geográfica suspeita de IP.","susana_gomes_60"
"2695","2026-07-13 18:48:54","ATENCAO","AUTENTICACAO","Utilizador 'bruno_fonseca_22' desativado temporariamente suspenso devido a expiração periódica de credenciais.","bruno_fonseca_22"
"2696","2026-07-13 18:48:54","ATENCAO","AUTENTICACAO","Utilizador 'maria_santos_18' desativado detetada inatividade prolongada superior a 90 dias consecutivos.","maria_santos_18"
"2697","2026-07-13 18:48:54","ATENCAO","AUTENTICACAO","Utilizador 'manuel_sousa_39' desativado suspeita de atividade anómala ou tentativa de acesso não autorizado.","manuel_sousa_39"
"2698","2026-07-13 18:48:54","ATENCAO","AUTENTICACAO","Utilizador 'helena_vaz_14' desativado por solicitação do administrador devido a processo de auditoria interna.","helena_vaz_14"
"2699","2026-07-13 18:48:54","ATENCAO","AUTENTICACAO","Utilizador 'jose_oliveira_31' desativado por solicitação do administrador devido a processo de auditoria interna.","jose_oliveira_31"
"2700","2026-07-13 18:48:54","ATENCAO","AUTENTICACAO","Utilizador 'andreia_neves_41' desativado temporariamente suspenso devido a expiração periódica de credenciais.","andreia_neves_41"
"2701","2026-07-13 18:48:54","ATENCAO","AUTENTICACAO","Utilizador 'diogo_sampaio_77' desativado suspeita de atividade anómala ou tentativa de acesso não autorizado.","diogo_sampaio_77"
"2702","2026-07-13 18:48:54","ATENCAO","AUTENTICACAO","Utilizador 'ricardo_antunes_65' desativado suspeita de atividade anómala ou tentativa de acesso não autorizado.","ricardo_antunes_65"
"2703","2026-07-13 18:48:54","ATENCAO","AUTENTICACAO","Utilizador 'claudia_soares_81' desativado por não conformidade com as novas políticas de acessos e segurança.","claudia_soares_81"
"2704","2026-07-13 18:48:54","ATENCAO","AUTENTICACAO","Utilizador 'pedro_costa_93' desativado suspeita de atividade anómala ou tentativa de acesso não autorizado.","pedro_costa_93"
"2705","2026-07-13 18:48:54","ATENCAO","AUTENTICACAO","Utilizador 'jose_oliveira_83' desativado por não conformidade com as novas políticas de acessos e segurança.","jose_oliveira_83"
"2706","2026-07-13 18:48:54","ATENCAO","AUTENTICACAO","Utilizador 'tiago_simoes_75' desativado por não conformidade com as novas políticas de acessos e segurança.","tiago_simoes_75"
"2707","2026-07-13 18:48:54","ATENCAO","AUTENTICACAO","Utilizador 'marta_pinto_73' desativado restrição preventiva por alteração geográfica suspeita de IP.","marta_pinto_73"
"2708","2026-07-13 18:48:54","ATENCAO","AUTENTICACAO","Utilizador 'maria_santos_27' desativado por solicitação do administrador devido a processo de auditoria interna.","maria_santos_27"
"2709","2026-07-13 18:48:54","ATENCAO","AUTENTICACAO","Utilizador 'helena_vaz_45' desativado detetada inatividade prolongada superior a 90 dias consecutivos.","helena_vaz_45"
"2710","2026-07-13 18:48:54","ATENCAO","AUTENTICACAO","Utilizador 'jose_oliveira_32' desativado por não conformidade com as novas políticas de acessos e segurança.","jose_oliveira_32"
"2711","2026-07-13 18:48:54","ATENCAO","AUTENTICACAO","Utilizador 'pedro_costa_83' desativado restrição preventiva por alteração geográfica suspeita de IP.","pedro_costa_83"
"2712","2026-07-13 18:48:54","ATENCAO","AUTENTICACAO","Utilizador 'jose_oliveira_92' desativado suspeita de atividade anómala ou tentativa de acesso não autorizado.","jose_oliveira_92"
"2713","2026-07-13 18:48:54","ATENCAO","AUTENTICACAO","Utilizador 'diogo_sampaio_15' desativado por ultrapassar o limite máximo de sessões simultâneas permitidas.","diogo_sampaio_15"
"2714","2026-07-13 18:48:54","ATENCAO","AUTENTICACAO","Utilizador 'ana_rodrigues_21' desativado por ultrapassar o limite máximo de sessões simultâneas permitidas.","ana_rodrigues_21"
"2715","2026-07-13 18:48:54","ATENCAO","AUTENTICACAO","Utilizador 'marta_pinto_21' desativado detetada inatividade prolongada superior a 90 dias consecutivos.","marta_pinto_21"
"2716","2026-07-13 18:48:54","ATENCAO","AUTENTICACAO","Utilizador 'jose_oliveira_72' desativado por solicitação do administrador devido a processo de auditoria interna.","jose_oliveira_72"
"2717","2026-07-13 18:48:54","ATENCAO","AUTENTICACAO","Utilizador 'vitor_mendes_66' desativado suspeita de atividade anómala ou tentativa de acesso não autorizado.","vitor_mendes_66"
"2718","2026-07-13 18:48:54","ATENCAO","AUTENTICACAO","Utilizador 'maria_santos_97' desativado detetada inatividade prolongada superior a 90 dias consecutivos.","maria_santos_97"
"2719","2026-07-13 18:48:54","ATENCAO","AUTENTICACAO","Utilizador 'bruno_fonseca_89' desativado restrição preventiva por alteração geográfica suspeita de IP.","bruno_fonseca_89"
"2720","2026-07-13 18:48:54","ATENCAO","AUTENTICACAO","Utilizador 'pedro_costa_46' desativado temporariamente suspenso devido a expiração periódica de credenciais.","pedro_costa_46"
"2721","2026-07-13 18:48:54","ATENCAO","AUTENTICACAO","Utilizador 'pedro_costa_34' desativado detetada inatividade prolongada superior a 90 dias consecutivos.","pedro_costa_34"
"2722","2026-07-13 18:48:54","ATENCAO","AUTENTICACAO","Utilizador 'paulo_basto_20' desativado por solicitação do administrador devido a processo de auditoria interna.","paulo_basto_20"
"2723","2026-07-13 18:48:54","ATENCAO","AUTENTICACAO","Utilizador 'miguel_ribeiro_98' desativado por não conformidade com as novas políticas de acessos e segurança.","miguel_ribeiro_98"
"2724","2026-07-13 18:48:54","ATENCAO","AUTENTICACAO","Utilizador 'claudia_soares_51' desativado temporariamente suspenso devido a expiração periódica de credenciais.","claudia_soares_51"
"2725","2026-07-13 18:48:54","ATENCAO","AUTENTICACAO","Utilizador 'pedro_costa_61' desativado suspeita de atividade anómala ou tentativa de acesso não autorizado.","pedro_costa_61"
"2726","2026-07-13 18:48:54","ATENCAO","AUTENTICACAO","Utilizador 'sofia_lopes_75' desativado suspeita de atividade anómala ou tentativa de acesso não autorizado.","sofia_lopes_75"
"2727","2026-07-13 18:48:54","ATENCAO","AUTENTICACAO","Utilizador 'claudia_soares_14' desativado temporariamente suspenso devido a expiração periódica de credenciais.","claudia_soares_14"
"2728","2026-07-13 18:48:54","ATENCAO","AUTENTICACAO","Utilizador 'manuel_sousa_49' desativado por ultrapassar o limite máximo de sessões simultâneas permitidas.","manuel_sousa_49"
"2729","2026-07-13 18:48:54","ATENCAO","AUTENTICACAO","Utilizador 'miguel_ribeiro_32' desativado por solicitação do administrador devido a processo de auditoria interna.","miguel_ribeiro_32"
"2730","2026-07-13 18:48:54","ATENCAO","AUTENTICACAO","Utilizador 'sofia_lopes_27' desativado temporariamente suspenso devido a expiração periódica de credenciais.","sofia_lopes_27"
"2731","2026-07-13 18:48:54","ATENCAO","AUTENTICACAO","Utilizador 'diogo_sampaio_46' desativado suspeita de atividade anómala ou tentativa de acesso não autorizado.","diogo_sampaio_46"
"2732","2026-07-13 18:48:54","ATENCAO","AUTENTICACAO","Utilizador 'ines_duarte_64' desativado temporariamente suspenso devido a expiração periódica de credenciais.","ines_duarte_64"
"2733","2026-07-13 18:48:54","ATENCAO","AUTENTICACAO","Utilizador 'marta_pinto_36' desativado por não conformidade com as novas políticas de acessos e segurança.","marta_pinto_36"
"2734","2026-07-13 18:48:54","ATENCAO","AUTENTICACAO","Utilizador 'rui_marques_65' desativado por não conformidade com as novas políticas de acessos e segurança.","rui_marques_65"
